Dataset,Strategy,Index,Text,TrueLabel,PredictedLabel,PredictedLabelText,Score
GERMEVAL,UNMASKED,0,"KonseqLiberal Ja, das Konzept kennst Du weder von Frau noch Mann",0,0,keine Hassrede,0.9328188300132751
GERMEVAL,UNMASKED,1,Dieser Volker Beck ist eine Gefahr für Deutschland! Gut das er nicht mehr im Bundestag sitzt. ....maischberger,1,0,keine Hassrede,0.5391210317611694
GERMEVAL,UNMASKED,2,"wie strunzdumm die Moderatorin der AktuelleStunde ist, erkennt man daran dass sie mit Enten spricht und sie selber wieder einmal an ihren fettigen Haaren WDR",1,1,Hassrede,0.67384934425354
GERMEVAL,UNMASKED,3,"Gestern waren wir in Vorarlberg und haben Michael Genners Buch ""Verleitung zum Aufstand"" vorgestellt!",0,0,keine Hassrede,0.8373558521270752
GERMEVAL,UNMASKED,4,KokoLores100 Dummheit hat einen Namen! SEEHOFER!!!!,1,0,keine Hassrede,0.8920608758926392
GERMEVAL,UNMASKED,5,Hab das ungute Gefühl das ich heute wieder gesperrt werde,0,1,Hassrede,0.536149263381958
GERMEVAL,UNMASKED,6,Die Botschaft von Weihnachten wird niemand zerstören können EKD Landesbischof Bedford-Strohm im ZDFspezial,0,0,keine Hassrede,0.9973726272583008
GERMEVAL,UNMASKED,7,KrahMax AfD hat schon teilweise schräge Vögel...doch das haben die anderen auch! |LBR| Aber sie hat ihre Chance verdient und nach 4jahren wird abgerechnet,0,0,keine Hassrede,0.9022970199584961
GERMEVAL,UNMASKED,8,so nun mach dich auch Frau Kraft SPD NRW die Taschen voll politisch war sie ja eine Niete,1,0,keine Hassrede,0.7332081198692322
GERMEVAL,UNMASKED,9,Verlierer50 Und Scheißt auf die verdammten Asyl Schmarotzer,1,0,keine Hassrede,0.8303732872009277
GERMEVAL,UNMASKED,10,thom2805 Kittypunk7 Hast Du Dich mit der Geschichte des Nahostkonflikts überhaupt mal beschäftigt? Du klingst nämlich nicht so.,0,0,keine Hassrede,0.8955793380737305
GERMEVAL,UNMASKED,11,"InfoTweepNL: pegida |LBR| mutti multikulti |LBR| stop eussr |LBR| stop |LBR| So sieht Zersetzung aus! OTHER OTHER Botschafter einbestellen,ausweisen,US-Truppen raus aus Deutschland! OTHER OTHER Wenn Islamkritiker zensiert werden und über muslimische Feiertage debattiert wird, weiß man, was die Zukunft bringt. OFFENSE ABUSE GermanyWatcher balleryna |LBR| Sehe mir auch jede Demo von Dresden und Leipzig an. Kann leider nicht selber hinfahren. OTHER OTHER musevg Und ich finde Ihre Schuldzuschreibung an die SPD 2013 arg mager"". Denn die Linke hat sich da wahrlich nicht koalitionsfähig präsentiert. Dass die SPD sich - weit überwiegend - nach radikal links abzugrenzen vermag, verbuche ich auf ihrer Haben-Seite.",0,0,keine Hassrede,0.7447829842567444
GERMEVAL,UNMASKED,12,dushanwegner AmadeuAntonio |LBR| Es wäre sehr sinnvoll die Aktionen und Verflechtungen der Linken Antifantenbrut zu prüfen und zu Dokumentieren,1,1,Hassrede,0.534514307975769
GERMEVAL,UNMASKED,13,MiataMuc Und weil ich gleichzeitig so süüüß bin,0,0,keine Hassrede,0.9259822964668274
GERMEVAL,UNMASKED,14,"drumheadberlin BILD Schreiben Sie wieder für - wie Sie so schön formulierten: ""die einfachen Menschen""? Schreiben Sie doch mal zum Thema Kanzler-U-Bahn - zum BER, die täglich gewartet wird!",0,0,keine Hassrede,0.96650230884552
GERMEVAL,UNMASKED,15,"Vier Wochen Theater hat genervt, vier Jahre wären schlimmer gewesen JamaikaAbbruch",0,1,Hassrede,0.6990506649017334
GERMEVAL,UNMASKED,16,"Westkurvenfan DietmarAmann1 Die_Gruenen cem_oezdemir Ich weiß ja Nicht, ob Deine Schwester eine minderjährige Töchter hat, auf die Du scharf bist.",1,1,Hassrede,0.7621110081672668
GERMEVAL,UNMASKED,17,sylbewerber PolizeiBerlin_E Kann es sein das ihre Schaukel als Kind zu nahe an der Wand gestanden hat??? Nur mal so als frage.,1,0,keine Hassrede,0.997835636138916
GERMEVAL,UNMASKED,18,Kann mir Rainer seine streams nicht geben und wie ist es bei euch?,0,0,keine Hassrede,0.932512104511261
GERMEVAL,UNMASKED,19,"mopo Netanyahu als durchgeknallter ""Führer"" &amp; Israel ""brutale Unterdrückung"" vorwerfen. Wie konnte das passieren? Wer ist verantwortlich?",0,1,Hassrede,0.728551983833313
GERMEVAL,UNMASKED,20,KoppOnline Die Türken dringen hier ein und wollen uns ihre Art zu |LBR| leben aufzwingen. Und beschimpfen unsere regierenden Weicheier |LBR| als Nazis.,1,1,Hassrede,0.998968780040741
GERMEVAL,UNMASKED,21,LawTroll LovingAwarenes_ Leider nicht. Soll ich in der Geschäftsstelle nachfragen?,0,0,keine Hassrede,0.9504262208938599
GERMEVAL,UNMASKED,22,viceyberg SM100d O dunjahayali ...was hast du dir nur dabei gedacht..?,0,0,keine Hassrede,0.6329393982887268
GERMEVAL,UNMASKED,23,"_John_Doe_2018 helmut_hedrich Obwohl, nimmt man ihre, also A. Merkels, ANTIDEUTSCHEn Antrengungen, als LEISTUNG, dann sind ihre Taten schon übermotiviert ! Sie schadet den DEUTSCHEN in mörderischen Eifer !!Und eine Witzfigur ist sie ohne Zweifel !",1,1,Hassrede,0.9291146397590637
GERMEVAL,UNMASKED,24,"Nicht die Grünen oder Linken sind gefährlich,die größten Verbrecher sind Sozialdemokraten!",1,0,keine Hassrede,0.8985950350761414
GERMEVAL,UNMASKED,25,"Das größte menschliche Gebet bittet nicht um den Sieg, sondern um Frieden. Dag Hammarskjöld",0,0,keine Hassrede,0.998869776725769
GERMEVAL,UNMASKED,26,"Moin, moin ""Für die Grünen geht es abwärts"" &gt; verstehe ich nicht, wo sie uns doch nun auch die Kosten für den ""Kohleausstieg"" aufbürden",0,0,keine Hassrede,0.8621136546134949
GERMEVAL,UNMASKED,27,"Ernst_1895 Typische Deutsche. Kehrwoche, Gutmensch, Kinderfeind (wenn sie keinen Bart haben)",1,0,keine Hassrede,0.9482524991035461
GERMEVAL,UNMASKED,28,Die Zahl arabischer Rekruten in der israelischen Armee steigt rasant. Die BBC hat eine Dokumentation über sie gedreht. Israel BBCArabic,0,0,keine Hassrede,0.8862203359603882
GERMEVAL,UNMASKED,29,Die gesellschaftlichen Bemühungen um die Integration von Migranten wurzeln in den im Grundgesetz normierten Grundwerten.,0,0,keine Hassrede,0.9964773058891296
GERMEVAL,UNMASKED,30,Ich beobachte in letzter Zeit auffäll. Aktivitäten an d. ehemal. Grenzübergangseinrichtungen in PL. Das hat sicher nichts mit Merkel zu tun,0,0,keine Hassrede,0.9876201152801514
GERMEVAL,UNMASKED,31,BrosiusRolf Grals_Hueter RegSprecher Das Heer ehemaliger Soldaten die im Kalten Krieg gekämpft haben. Ist jederzeit in der Lage diese Regierung zu stürzen.,0,1,Hassrede,0.6477057933807373
GERMEVAL,UNMASKED,32,"Kardinal Woelki bei der ekdsnyode in Bonn: ""Man muss daran festhalten, dass der gute Grund unserer Zukunft nicht Menschenwerk ist, sondern Gottes Gnade allein.""",0,0,keine Hassrede,0.7991068959236145
GERMEVAL,UNMASKED,33,"KueddeR uebermedien Ah, jetzt, ja. Danke! (Ich hatte nicht verstanden, was der Tweet bedeuten sollte.)",0,1,Hassrede,0.6320803761482239
GERMEVAL,UNMASKED,34,"SchafDas dornkobold Hat es die jemals gegeben, oder hat man das dem deutschen Volk nur vorgespielt!?",0,1,Hassrede,0.6473928689956665
GERMEVAL,UNMASKED,35,Tjark_Limmer Roth wird bleiben und Glaser niemals Vizepräsident.,0,0,keine Hassrede,0.779071569442749
GERMEVAL,UNMASKED,36,TheTravel0 focusonline Da Sie wie ich sehe Jude sind und weiß. Sollten Sie sich eher Gedanken machen über den zunehmenden Antisemitismus aus den Reihen des Islam. Dort spielt nicht einmal die Hautfarbe eine Rolle.,0,1,Hassrede,0.6102729439735413
GERMEVAL,UNMASKED,37,Unser Zorn gibt uns die Kraft zum Widerstand.,0,0,keine Hassrede,0.5242589116096497
GERMEVAL,UNMASKED,38,Junge_Freiheit krippmarie Und wer beliefert uns dann mit dem überteuerten Strom?,0,0,keine Hassrede,0.9288190603256226
GERMEVAL,UNMASKED,39,"MiataMuc Claudia_Mertes Woher will Claudia denn wissen, was ich auf Halbmast setze?",0,0,keine Hassrede,0.7363878488540649
GERMEVAL,UNMASKED,40,Bei einer Militäroperation im Bundesstaat Rakhaing (Myanmar) sind über 1.000 Häuser der ethnischen Minderheit Rohingya zerstört worden.,0,1,Hassrede,0.5164250135421753
GERMEVAL,UNMASKED,41,Frau Böttinger meine Meinung dazu ist sie sollten uns mit ihrem Pferdegebiss nicht weiter belästigen WDR,1,0,keine Hassrede,0.8081590533256531
GERMEVAL,UNMASKED,42,ritaka9 Hartes_Geld Alles steht schon in den Startlöchern ....der deutsche wird regelrecht entmannt und immer noch keine Gegenwehr.,0,1,Hassrede,0.5518980026245117
GERMEVAL,UNMASKED,43,focusonline Wenn ich das Wort schon höre Transgender,1,0,keine Hassrede,0.6912782788276672
GERMEVAL,UNMASKED,44,"SteinbachErika InesHenkler Aber es wird bestimmt jemanden geben, der jedes Gramm an ihr liebt",0,0,keine Hassrede,0.8817660808563232
GERMEVAL,UNMASKED,45,Hartes_Geld So hat es in Schweden auch begonnen. Mit Burka ist man auf jedenfall sicherer als in 90ies Outfit. Das waren noch Zeiten.,1,0,keine Hassrede,0.7451280355453491
GERMEVAL,UNMASKED,46,"Aufgehts100 Birdie51411736 MartinSchulz Dieses verlogene unechte Surfen auf dem von oben vorgegeben, vom Volk mit gerechtfertigtem Argwohn beäugten, Europawahn kotzt mich dermaßen ab. Ging mir schon vor drei Jahren so, als Merkel wie bescheuert damit begann",0,1,Hassrede,0.987637460231781
GERMEVAL,UNMASKED,47,Varg_I_Veum tagesschau Verlogene Doppelmoralistenheuchler |LBR| Der arme Hund |LBR| Hetze,1,1,Hassrede,0.9762610197067261
GERMEVAL,UNMASKED,48,kahrs JoshuaStrack Einen schönen Tag wünsche ich Dir Johannes!,0,0,keine Hassrede,0.9076840281486511
GERMEVAL,UNMASKED,49,Der Islam hat sich in den Sechzigern nicht integriert warum geht ihr davon aus dass er sich jetzt integrieren möchte? So dumm kann doch kein Mensch sein. |LBR| illner,1,0,keine Hassrede,0.903113842010498
GERMEVAL,UNMASKED,50,"olewahr MartinDomig Sag ihm, er ist ein Sexist und Nazi, wenn er Bob gut findet.",0,1,Hassrede,0.983318030834198
GERMEVAL,UNMASKED,51,Subotnik1 _anarkitty_ GBA_b_BGH Für welche Todesurteile - gegen die Mindeststards des UN-Zivilpaktes und im Rahmen eines systematischen Angriffs auf eine Bevölkerung - ist Obama persönlich verantwortlich?,0,1,Hassrede,0.9879315495491028
GERMEVAL,UNMASKED,52,Sakoelabo ThomasMichael71 Stimmt. Gibt es nivcht. Frauen schlafen für gewöhnlich nicht mit statusniederen Männern.,1,0,keine Hassrede,0.8351778984069824
GERMEVAL,UNMASKED,53,"sternde Eine Partei die die Schwulen Ehe forciert, schießt sich ein Eigentor, und ist da wo sie jetzt ist. Nicht Wählbar.",0,0,keine Hassrede,0.8235985040664673
GERMEVAL,UNMASKED,54,fidelisamica schau doch Pronos wenn du mehr Redeanteil von Frauen hören willst,1,0,keine Hassrede,0.9331220388412476
GERMEVAL,UNMASKED,55,"Sedona_gr ""Sammelklagen"" gibt es in Deutschland nicht und grundsätzlich können nur Betroffene einen Fall durch die Instanzen klagen. Das kann natürlich passieren &amp; solche Vorhaben würden (und wurden) von uns auch unterstützt!",0,0,keine Hassrede,0.9459055066108704
GERMEVAL,UNMASKED,56,"Aus aktuellem Anlass: |LBR| ""Steueroase"" = Ein böser Ort, an dem die Steuern niedriger sind als hier, und das geht ja wohl mal gar nicht!",0,1,Hassrede,0.6613584756851196
GERMEVAL,UNMASKED,57,Ich sage nochmal DANKE SCHWEIZ! Ihr seid die Freiheitskämpfer Europas!,0,0,keine Hassrede,0.9791845083236694
GERMEVAL,UNMASKED,58,Antrag Synodalvertretung an altkatholisch|e Synode: In der Finanzkommission sollen mindestens 3 Laien &amp; 1 Geistliche/r sein aksynode16,0,0,keine Hassrede,0.8751716613769531
GERMEVAL,UNMASKED,59,Unbequeme Wahrheit: |LBR| Sexuelle Belästigung ist ein aufgebauschtes Problem.,1,0,keine Hassrede,0.9569807052612305
GERMEVAL,UNMASKED,60,"Die AfD im Deutschen Bundestag polemisiert gegen eine angemessene finanzielle Entschädigung der Abgeordneten, gibt aber in ihrer Fraktion mehrere zehntausend Euro für Schnittchen und Mettigel aus. Bigotterie deluxe.",0,0,keine Hassrede,0.6359823346138
GERMEVAL,UNMASKED,61,Da fordern also die Türken Gerechtigkeit für die Türkei. In |LBR| Österreich. Wir haben Euch schon im 17. Jahrhundert davongejagt.,1,0,keine Hassrede,0.6654097437858582
GERMEVAL,UNMASKED,62,Ich bin entsetzt über den Anschlag in barcelona. Meine Gedanken sind bei den Opfern. Hass und Gewalt dürfen nicht siegen.,0,0,keine Hassrede,0.9014659523963928
GERMEVAL,UNMASKED,63,"InesHenkler brosel_werner Ich weiß, Männer haben dreierlei Maß - das übertriebene Maß, das Wunschmaß und die oft bittere Realität",0,0,keine Hassrede,0.9443486928939819
GERMEVAL,UNMASKED,64,mz_Wittenberg Und? Täter noch nicht ermittelt und hart bestraft?,0,0,keine Hassrede,0.7365086078643799
GERMEVAL,UNMASKED,65,SteinbachErika Das lassen die nicht zu....und wenn sie gegen ihren eigenen Willen festgehalten werden... |LBR| Es ist leicht nach einzureisen...aber raus?,0,0,keine Hassrede,0.8695317506790161
GERMEVAL,UNMASKED,66,"nrwmensch krippmarie CDU CSU spdde Die_Gruenen dieLinke fdp katholisch_de EKD Deutschland ein Irrenhaus....ich will nach Miami, ob mir wohl jemand ein Strandhaus schenkt..?",0,1,Hassrede,0.7447266578674316
GERMEVAL,UNMASKED,67,Spekulant1 SZ EveRoll entschuldigung. sie verstehen ja grad nicht mal ihre eigenen worte,0,0,keine Hassrede,0.9406582713127136
GERMEVAL,UNMASKED,68,ZeichenTaten mountainman1977 ThomasMichael71 Handel ist Win-Win |LBR| Sonst käme er nicht zustande.,0,0,keine Hassrede,0.9804425835609436
GERMEVAL,UNMASKED,69,SnarkySchnauzer MiriamOzen Asyl Industrie läuft. Man sollte mal fragen wieviel Geld er bekommen hat.,0,0,keine Hassrede,0.692061185836792
GERMEVAL,UNMASKED,70,"Widerlich, dieser Schmidt. Ohne Rücksicht auf die Bienen. Dieses |LBR| Stück Gewissenlosigkeit muss abgewählt und davongejagt werden.",1,1,Hassrede,0.9590085744857788
GERMEVAL,UNMASKED,71,"janboehm SpotifyDE Geht zu Spotify,das ist eure Einstellung angemessen!",0,0,keine Hassrede,0.9914557337760925
GERMEVAL,UNMASKED,72,S_Inez_Aust fröhlicher gruß aus der hauptstadt werteste,0,0,keine Hassrede,0.9878413081169128
GERMEVAL,UNMASKED,73,Wir müssen der schwarzen Fahne des IS den Wind und damit dem IS die Macht nehmen. Er darf uns und unsere Leben nicht länger beherrschen.,0,1,Hassrede,0.9842897653579712
GERMEVAL,UNMASKED,74,EU-Faschismus Scootergate Sämtliche deutsche MSM wieder mal beim Arschlecken des ukrainischen Putschregimes,1,1,Hassrede,0.9579066038131714
GERMEVAL,UNMASKED,75,AfD_Support Wieso ist so ein linker Anarchist noch auf freien Fuß.Einsperren und verschimmeln lassen,1,0,keine Hassrede,0.8667694926261902
GERMEVAL,UNMASKED,76,"WELTnews Remigration als Lösung für dieses Problem. |LBR| Keine moslems, keine starkpigmentierten = keine blödsinnsbehörde",1,0,keine Hassrede,0.9954696893692017
GERMEVAL,UNMASKED,77,DoraBromberger DuHugonotte Hauptsache was für die BILD gemacht!,0,0,keine Hassrede,0.9151381254196167
GERMEVAL,UNMASKED,78,"China_Welt_News Unterkunft, normales Essen und Trinken! Schluß! Sie sind keine Sozialtouristen auf unsere Kosten!",1,0,keine Hassrede,0.9951909184455872
GERMEVAL,UNMASKED,79,"RegSprecher So sieht Meinungsfreiheit in Deutschland aus, dank dieser Volksverräterin Merkel!! |LBR| Herzlichen Willkommen in der DDR 2.0! Es wird Zeit",1,0,keine Hassrede,0.5820326805114746
GERMEVAL,UNMASKED,80,Keine Überraschung: Auch Gedeon darf in der AfD bleiben.,0,0,keine Hassrede,0.9297127723693848
GERMEVAL,UNMASKED,81,"Das System kann uns Pack nennen,darauf bin ich stolz! |LBR| Besser als eine Hure dieses Systems zu sein!",1,0,keine Hassrede,0.9647161364555359
GERMEVAL,UNMASKED,82,"Patentingenieur Banalisieren bringt nichts. Bleiben sie geboten vernünftig. Wir stehen auf der Seite der Opfer, ich hoffe Sie auch.",0,0,keine Hassrede,0.9900279641151428
GERMEVAL,UNMASKED,83,JennyimWesten _StultaMundi Frau = weiblich |LBR| Mann = männlich,0,0,keine Hassrede,0.7839789390563965
GERMEVAL,UNMASKED,84,BonkeKolja Da sagen wir doch mal : herzlichen Glückwunsch!,0,0,keine Hassrede,0.9954023361206055
GERMEVAL,UNMASKED,85,"Unser Mitgefühl gilt der Familie des Opfers der schrecklichen Tat in Barmbek. Großer Respekt allen,die mutig Zivilcourage gezeigt haben (1)",0,0,keine Hassrede,0.9910739660263062
GERMEVAL,UNMASKED,86,"Ich war,bin und werde immer Nationaldemokrat sein!",0,0,keine Hassrede,0.9535660147666931
GERMEVAL,UNMASKED,87,GoeringEckardt Die_Gruenen Wie läuft das dann: Ehe nicht vollzogen? |LBR| Das galt doch bis jetzt? Dann wurde annulliert oder geschieden,0,0,keine Hassrede,0.7781561017036438
GERMEVAL,UNMASKED,88,GiorgioVienna Richtig! Danke für den Hinweis!,0,0,keine Hassrede,0.7189121842384338
GERMEVAL,UNMASKED,89,Was soll dass 220.000 Invasoren dürfen kommen + Familiennachzug u Hunderttausende die an der DE Grenze dass Wort Asyl stammeln können |LBR| AFD,1,0,keine Hassrede,0.5742933750152588
GERMEVAL,UNMASKED,90,"blacknarga300 Titania0001 Jala_varietas Ach, du findest das witzig, na wir werden sehen, „Wer zuletzt lacht“....",0,0,keine Hassrede,0.9335945844650269
GERMEVAL,UNMASKED,91,"stefanolix MiataMuc Immer dran denken, dass Islam Frieden bedeutet und der Rechtspopulismus die größte Gefahr ist.",1,0,keine Hassrede,0.9973635077476501
GERMEVAL,UNMASKED,92,m0rpheouz Hausfrau4ever Das ist so nicht richtig. Bei Schleimpilzen gibt es mehrere Geschlechter. Bis zu 13.,0,0,keine Hassrede,0.828281819820404
GERMEVAL,UNMASKED,93,"Also,keine Freunde hier,sondern Besatzer und Feinde!",0,1,Hassrede,0.6773861050605774
GERMEVAL,UNMASKED,94,Hartes_Geld DuHugonotte War doch nur ein „Polenböller“,0,0,keine Hassrede,0.9400579929351807
GERMEVAL,UNMASKED,95,"MonikaBergholz1 Maronen(Esskastanien) am besten schon gekochte, alles in Pfanne braten und ab durch den Mixer - mit getrockneten Steinpilzen auch sehr lecker.",0,0,keine Hassrede,0.874905526638031
GERMEVAL,UNMASKED,96,"maybritillner Was hat diese Partei an, sie haben keinen Regierungs Auftrag nicht verstanden. Hier wird sich einfach über das Votum der Wählerschaft hinweg gesetzt. Herr Schulz. Nächster Wahltag ist Zahltag.",0,0,keine Hassrede,0.9121308326721191
GERMEVAL,UNMASKED,97,"Hallo Freunde, muss mich doch mal melden, ich hoffe, Ihr seid alle gesund und munter. 5 Wochen in Polen, eine Wohltat für meine Seele.",0,0,keine Hassrede,0.8732693791389465
GERMEVAL,UNMASKED,98,"Dem Himmel sei Dank, vorerst ist die Vernichtung Deutschlands und der Genozid am DEUTSCHEN VOLK verhindert! Wer die Statements der CDU, der CSU und der Grünen mitbekommen hat, wie sie sich bei der STASI-Trulla bedanken, der weiß wie nahe wir am Untergang waren!",1,0,keine Hassrede,0.8519470691680908
GERMEVAL,UNMASKED,99,methusalix64 Die_Gruenen Was für ein gruseliges Bild....mir fehlen die Worte.. |LBR| Wenn aus Verlierern Sieger werden....dummes dummes Deutschland,0,1,Hassrede,0.8937885165214539
GERMEVAL,UNMASKED,100,focusonline Internet Gestapo von H.Maas und der Antonio Amadeus Stiftung. Bezahlt mit Steuer Gelder. Knecht von Google.,1,0,keine Hassrede,0.8806361556053162
GERMEVAL,UNMASKED,101,happyhaidrich3 bleidsamel ExilMengele Wenn Almans das Internet entdecken.immer wieder lustig,0,0,keine Hassrede,0.988311231136322
GERMEVAL,UNMASKED,102,Solidarität mit ďen Palästinensern! Tŕotzt dem Terror Zions!,1,0,keine Hassrede,0.995233416557312
GERMEVAL,UNMASKED,103,"FrlUrban Schauen wir mal, vielleicht kann sich die Gewinnerin in dem Fall ja etwas anderes aus dem besagten Shop aussuchen. :-)",0,0,keine Hassrede,0.9142730236053467
GERMEVAL,UNMASKED,104,"aschentonne Jaaaaaaaaaa, hmmmmmmmmmmm, schon 12 Stück über den Tag verteilt (8 habe ich noch)",0,0,keine Hassrede,0.6734269857406616
GERMEVAL,UNMASKED,105,engingalaxy sternde Der Papst würde auch den Arsch des Teufels küssen wenn es ihm nützt,1,0,keine Hassrede,0.8912382125854492
GERMEVAL,UNMASKED,106,Durch_LAUCH_t Ich verstehe seinen Tweet offenbar anders. Nämlich als Aufruf zu neuen Gesetzen.,0,0,keine Hassrede,0.959143877029419
GERMEVAL,UNMASKED,107,"aberth66 MatthiasMeisner 3. Antisemitismus unter Muslime ist ein großes Problem, was nicht ignoriert werden darf. Dieser Antisemitismus ist aber auch tief verwurzelt in der ganzen Nazibrut. Kommentare wie von Ihnen bestätigen mich in der Einschätzung, dass hier versucht wird, ein tiefes deutsches Problem",1,1,Hassrede,0.6773493885993958
GERMEVAL,UNMASKED,108,"patriarchator Die Hetze der Deutschen Lügenpresse, Medienpack und Politiker gegen Trump werden noch ein böses Ende haben für die Hetzer!!",1,1,Hassrede,0.751882016658783
GERMEVAL,UNMASKED,109,"IQ_Stimulator Sich Hintergrundwissen, anzueignen, wissenschaftlich zu arbeiten, und das anerzogene Denken zu hinterfragen wird überbewertet. Maischberger ist ein Gewinn für das durch und durch linke System",0,0,keine Hassrede,0.970549464225769
GERMEVAL,UNMASKED,110,"Claudia_Mertes ScottiRacer TobiasM_28 Tom174_ Die_Gruenen Wir wissen bereits jetzt, dass die Mehrheit der Migranten keine Syrer sind. Und wir wissen auch, dass in keinem Land in Europa oder der Türkei Krieg herrscht.",0,0,keine Hassrede,0.9720116257667542
GERMEVAL,UNMASKED,111,Wir brauchen ein deutsches FoxNews jurgenelsasser David_Bendels Dieter_Stein RogerKoeppel,0,1,Hassrede,0.6959179639816284
GERMEVAL,UNMASKED,112,"Patssai asidealex tagesthemen Lieben Dank für den guten Kommentar- Terror sollte genau das so ziemlich einzige bleiben,was nicht als subjektive ""Normalität"" benannt werden darf. Niemals. |LBR| Ich freue mich aufrichtig,dass Sie das alles unbeschadet überstanden haben.",0,0,keine Hassrede,0.8353068828582764
GERMEVAL,UNMASKED,113,"Wen immer die CSU heute als Seehofer-Nachfolger nominiert hätte - das Medienecho wäre negativ gewesen: zu tricky, zu lahm, zu lieb oder zu unbekannt. Bei Markus_Soeder haben es die Unions-Gegner freilich am einfachsten. Feindbild",0,0,keine Hassrede,0.5491892099380493
GERMEVAL,UNMASKED,114,Gebetsmühlenartige Aufrufe dem Terror nur zu trotzen sind Zeichen der Unfähigkeit dieser Politiker wirksam gegen diesen vorzugehen!,0,1,Hassrede,0.6214327812194824
GERMEVAL,UNMASKED,115,Tagesschau Ihr seit solche verlogenen Arschlöcher !!!,1,1,Hassrede,0.9731684923171997
GERMEVAL,UNMASKED,116,"connor_larkin kjempeslu Schon mitgekriegt, dass wir in einer repräsentativen Demokratie leben?",0,0,keine Hassrede,0.9402006268501282
GERMEVAL,UNMASKED,117,"FeePatzer Sowas nennt man Ermittlungsarbeit. Herausfinden, was geschehen ist. Unschuldsvermutung. Rechtsstaat. Ein Polizeirevier ist kein weibliche Klatschparty mit der besten Freundin.",1,0,keine Hassrede,0.9981130361557007
GERMEVAL,UNMASKED,118,"AlexNeuber Kreis_Weseler larsklingbeil Als Geschlecht noch kein Kriterium war, hatte die SPD mehr Erfolg beim Wähler.",0,1,Hassrede,0.6650547385215759
GERMEVAL,UNMASKED,119,"DrDavidBerger Einsammeln und ab nach Palästina,Demonstrierverbot für Ausländer.Was diese Moslems machen ist Landfriedensbruch.Ein Grund sie schnellstens abzuschieben!",1,1,Hassrede,0.9080012440681458
GERMEVAL,UNMASKED,120,SPIEGEL_Politik roland01962 Nazi Lügenpresse und Merkel Vasallen hetzen weiter gegen Trump!!,1,1,Hassrede,0.9673047065734863
GERMEVAL,UNMASKED,121,JensAusBochum Dann erzähl mal :-) /TN,0,0,keine Hassrede,0.9702520966529846
GERMEVAL,UNMASKED,122,Hartes_Geld Solch ein grünes Ergebnis hätte den deutschen so gut getan... |LBR| In regiert wer gewinnt...nur in dürfen Verlierer weiter regieren...!!,0,0,keine Hassrede,0.7000890374183655
GERMEVAL,UNMASKED,123,SJW_MadBunny machtjanix23 Steffmann45 troll_putin petpanther0 mastermikeg Norbinator2403 ennof_ AthinaMala NancyPeggyMandy info2099 lifetrend ThomasGBauer SchmiddieMaik charlie_silve NoHerrman willjrosenblatt feldenfrizz nasanasal _macmike ellibisathide MD_Franz Bitte Waffe nicht vergessen auf Daktys zu untersuchen - und Schmauchspuren - die fehlten bei Mundlos und Böhnhardt auch an den Händen.,0,0,keine Hassrede,0.7118675112724304
GERMEVAL,UNMASKED,124,Warum soll die natürliche Selektion in Afrika bekämpft werden? Zu |LBR| viele Menschen haben eben nicht genug zu essen. Geburtenkontrolle!,1,0,keine Hassrede,0.9207290410995483
GERMEVAL,UNMASKED,125,Mama_arbeitet annika_schach herr_unbekannnt Frauen sind repräsentiert. Durch von Frauen gewählte Abgeordnete. Das Geschlecht ist dabei völlig egal.,0,0,keine Hassrede,0.9414021372795105
GERMEVAL,UNMASKED,126,"Schmeisst doch endlich alle Islamisten und Grünen sowie Linke ,Raus aus Deutschland !!!! Schon ist ruhe !!!",1,1,Hassrede,0.8470796346664429
GERMEVAL,UNMASKED,127,"Für mich kann ich nur feststellen, d. vorhand. Politikermüll ist weit gefährlicher als Atommüll &gt; strahlende Gesichter in Aussicht d. MACHT",1,0,keine Hassrede,0.9589180946350098
GERMEVAL,UNMASKED,128,"die Partei ohne Rückrat SPD fällt wie zu erwarten gewesen ist doch um. Einfach nur ekelhaft, widerlich und demnächst unter 5%",1,0,keine Hassrede,0.9590206742286682
GERMEVAL,UNMASKED,129,"Ich freue mich riesig, dass ich in meinem Wahlkreis (297) mit großem Vorsprung wiedergewählt wurde! Mit Mehrheit in allen Gemeinden! Danke!",0,0,keine Hassrede,0.7489094138145447
GERMEVAL,UNMASKED,130,soskinderdorf Er wollte den Kindern eine Familie geben und keine Wohngruppen mit dauernd wechselnden Personal.,0,0,keine Hassrede,0.9755348563194275
GERMEVAL,UNMASKED,131,Grals_Hueter Und du glaubst wirklich das eine Krähe der anderen ein Auge aus hackt?,0,0,keine Hassrede,0.7499156594276428
GERMEVAL,UNMASKED,132,"Dr_Mauz aegidius DieterSteffmann JuedischeOnline Die Mär vom »unausweichlichen Dienst in Auschwitz« ist längst geschichtswissenschaftlich widerlegt worden. Außerdem meldete Groening sich FREIWILLIG zur SS &amp; unterstützte so ideologisch das deutsche NS-System! Er war genauso ein Teil des Holocaust, wie jeder andere Nazi auch!",0,1,Hassrede,0.63673996925354
GERMEVAL,UNMASKED,133,"AuswaertigesAmt IHRA_news Scheinheilige Heuchler !!! Ist es nicht das Auswärtige Amt, das viele Menschen als Menschen Dritter oder gar Vierter Klasse behandelt ?!?",1,1,Hassrede,0.8118591904640198
GERMEVAL,UNMASKED,134,"ZeichenTaten mountainman1977 ThomasMichael71 Das verarmte Proletariat in dem Städten... Dann erklär mal, warum die vom Land in die Städte wanderten. Und warum auch heute noch, vor allem in Entwicklungsländern, Menschen vom Land in die Städte ziehen.",0,0,keine Hassrede,0.5951536297798157
GERMEVAL,UNMASKED,135,"Merke: Die öffentlich getragene Kippa ist natürlich eine unnötige Provokation, das öffentlich getragene Kopftuch hingegen ein Zeichen von Vielfalt, das man notfalls einklagt. Antisemitismus in der salonfähigen Version.",0,0,keine Hassrede,0.9551392197608948
GERMEVAL,UNMASKED,136,KokoLores20 Ja die kleine Heike spurt...Natalia sagt was Sache ist..! |LBR| HeikoMaas,0,0,keine Hassrede,0.9346160292625427
GERMEVAL,UNMASKED,137,"anked RubenNeugebauer Oh,das stimmt. Dann ist das zuständige Sozialamt nen Versuch wert... Viel Glück!",0,0,keine Hassrede,0.7752255797386169
GERMEVAL,UNMASKED,138,"AfDimBundestag Alice_Weidel Wenn die AfD Alice_Weidel dieses nicht zu verhindern versteht, dafür wurden sie gewählt, dann ist bald Schluss mit AfD..!",0,1,Hassrede,0.6349611282348633
GERMEVAL,UNMASKED,139,"Ihr Japaner, nicht protestieren, Raketen, die über Eure Inseln fliegen, |LBR| abschießen. Bin ich verstanden worden? Sofort umsetzen.",0,0,keine Hassrede,0.970490574836731
GERMEVAL,UNMASKED,140,anna_IIna Deutsche Polizei? Ist wohl ein schreib Fehler. Der Brenner bildet die Grenze zwischen Italien und Österreich. Die Kontrolle ist dennoch lange überfällig.,0,0,keine Hassrede,0.9283338785171509
GERMEVAL,UNMASKED,141,emma_cocos Babsi58089 maybritillner ZDF HeikoMaas nicolabeerfdp cem_oezdemir WaltrautDunz heute Bei dem ist das reine Zeitverschwendung!!,0,0,keine Hassrede,0.7589542269706726
GERMEVAL,UNMASKED,142,"Polizeihunde in Deutschland bekommen jetzt eine Pension. Kinder hungern, Rentner müssen Flaschen sammeln.",0,0,keine Hassrede,0.8653067946434021
GERMEVAL,UNMASKED,143,1683 haben wir die türken vor wien davongejagt. heute sind die europäer |LBR| stärker.,0,0,keine Hassrede,0.8062252402305603
GERMEVAL,UNMASKED,144,"welt Wir wissen das Merkel, ihre Vasallen,die Lügenpresse und Medienpack die Verantwortung dafür tragen! Wer Merkel huldigt, bestellt den Tod!!",1,1,Hassrede,0.774678111076355
GERMEVAL,UNMASKED,145,DrDavidBerger Blind ist die Meck-Pomm Schlampe auch noch!,1,0,keine Hassrede,0.7144494652748108
GERMEVAL,UNMASKED,146,"Moin, moin, Merkel verneigt sich vor Kohl? Offensichtlich nur um die einst ""abgesägten"" Stuhlbeine aufzuheben und zu verstecken",0,0,keine Hassrede,0.9349769949913025
GERMEVAL,UNMASKED,147,"Jetzt wieder die typische AfD Hetze gepaart mit dreisten Lügen.... unmöglich, Linksfaschist Böhmermann",1,1,Hassrede,0.5317274928092957
GERMEVAL,UNMASKED,148,"rotula Hoppla, danke für den Hinweis! Wir haben das autodeformierte jetzt manuell korrigiert. /fxn",0,0,keine Hassrede,0.650842547416687
GERMEVAL,UNMASKED,149,Der Umgang zw. ausländ. und dt. Katholiken in unseren Gemeinden kann zu einem Motor für ein zukunftsweisendes Zusammenleben werden.,0,0,keine Hassrede,0.963466227054596
GERMEVAL,UNMASKED,150,Frankreich erlebte den grössten Exodus seit WW2. Juden flüchten aus Europa. Nicht vor Rechten. |LBR| Vor Islamisten und Radikalen Muslimen. Und,0,0,keine Hassrede,0.9871139526367188
GERMEVAL,UNMASKED,151,"Steffmann45 troll_putin petpanther0 mastermikeg machtjanix23 Norbinator2403 ennof_ AthinaMala NancyPeggyMandy info2099 lifetrend ThomasGBauer SchmiddieMaik charlie_silve NoHerrman willjrosenblatt feldenfrizz nasanasal _macmike ellibisathide MD_Franz Versuchen Sie mal in 20 s einen Mord, Brandlegung und einen Selbstmord und das mit einem Repetiergewehr - der Tote hat offensichtlich nochmal nachgeladen, denn sonst ist eben eine Hülse zuviel.",0,0,keine Hassrede,0.7970482110977173
GERMEVAL,UNMASKED,152,"ShakRiet pip_news So mach ein ""Gutmensch"" stand schon auf einer zweiten ""Lohnliste""",0,0,keine Hassrede,0.9812238812446594
GERMEVAL,UNMASKED,153,"Würde mich ja nicht wundern, wenn diese Deppen Staatsgelder kassieren würden.",1,0,keine Hassrede,0.6877988576889038
GERMEVAL,UNMASKED,154,KonseqLiberal Jetzt mal ehrlich: FDP-Jugendliche sind nicht so nervig. Die haben nämlich das links-moralisierende Weltbild nicht.,0,0,keine Hassrede,0.9937121272087097
GERMEVAL,UNMASKED,155,"Aber handelt klug,besonnen.Wir müssen die Feinde benennen,offenlegen,sie überall lächerlich machen.",0,0,keine Hassrede,0.7329727411270142
GERMEVAL,UNMASKED,156,offbeat24 |LBR| Obs dann Schäubele besser macht?,0,0,keine Hassrede,0.964040994644165
GERMEVAL,UNMASKED,157,Bundeskanzler Kurz wird sicherlich nicht noch einmal bei Maischberger sitzen. Bei einer Frau ohne Anstand keinerlei Erziehung und Achtung vor Andersdenkende. Eine Heuchelnde Anhängerin der Diktatur das ist Frau Maischberger. |LBR| maischberger,1,0,keine Hassrede,0.6024965047836304
GERMEVAL,UNMASKED,158,"Die latente Versuchung in jedem akademischen Umfeld ist wohl, die Schöpfung auf einige interpretative Schemata zu reduzieren und sie so des eigentlichen Mysteriums zu berauben, das ganze Generationen dazu bewegt hat, das unbedingt Notwendige, Gute, Schöne und Wahre zu suchen.",0,0,keine Hassrede,0.6348253488540649
GERMEVAL,UNMASKED,159,Das ebmuc spendet 100.000€ aus Katastrophenfonds an caritas_ci für Erdbebenopfer in Mexiko und für geflüchtete Rohingya in Bangladesch.,0,0,keine Hassrede,0.8106318116188049
GERMEVAL,UNMASKED,160,"qnbechtel hdBerretz faznet Warum auch, denn dann müsste man konsequent auch alle Politiker der Kartellparteien ausschießen die sich rassistisch gegen Deutsche geäußert haben oder es in Zukunft tun.",0,1,Hassrede,0.9803063869476318
GERMEVAL,UNMASKED,161,"flyingtomoon mortimer_niels deinTherapeut Es is keine Wissenschaft. Wissenschaft falsifiziert und ist ergebnisoffen. Gender Studies sind pure Ideologie, die außer Behauptungen nichts vorweisen können.",1,0,keine Hassrede,0.9687930941581726
GERMEVAL,UNMASKED,162,"MaxSchiefi Hauptsache du bist gebildet !!! Du Kleiner Arschkriecher, wo keine Eier in der hose hat !!!",1,0,keine Hassrede,0.8624887466430664
GERMEVAL,UNMASKED,163,"benniH Nein, da ist mehrfach bloß vom Familiennachzug zu subsidiär Geschützten die Rede.",0,0,keine Hassrede,0.7632737159729004
GERMEVAL,UNMASKED,164,Boar Redet der Maas Scheisse !!! Der Heuchler!!!,1,1,Hassrede,0.9724787473678589
GERMEVAL,UNMASKED,165,himbeerhans stfries AuswaertigesAmt 4. zu keinem Zeitpunkt (weder vor noch nach dem Statement) gab es anheizende Appelle oder Äußerungen von offizieller israelischer Seite,0,0,keine Hassrede,0.9883813261985779
GERMEVAL,UNMASKED,166,"DonBarbone MettManfred ""Ausländer raus"" ist eine reine Meinungsäußerung.",1,0,keine Hassrede,0.9960529208183289
GERMEVAL,UNMASKED,167,Denken Merkel u Schergen wir DE sitzen noch in den Bäumen verarschen uns nach Strich u Faden diese Meineid u Hochverrat Merkel muss weg |LBR| AFD,0,1,Hassrede,0.955819308757782
GERMEVAL,UNMASKED,168,"BenjyR01 allesevolution DerDoktorant ""Race Realists"", die Doktorant mit seiner Frage offensichtlich entlarven will, verwenden den Begriff ""Rasse"" wohl eher im Sinne der biologischen Unterart. |LBR| Es zeugt von ihrer argumentativen und taktischen Schwäche, dass sie am Begriff ""Rasse"" festhalten.",0,1,Hassrede,0.5879446864128113
GERMEVAL,UNMASKED,169,Helheimer MiataMuc Gab's auf Burg Schreckenstein noch nie.,0,0,keine Hassrede,0.9262418150901794
GERMEVAL,UNMASKED,170,"Es folgen Zitate aus der Schrift der Deutschen Bischofskonferenz ""Integration fördern - Zusammenleben gestalten"" aus dem Jahr 2004 (!).",0,0,keine Hassrede,0.8066657781600952
GERMEVAL,UNMASKED,171,Sakoelabo ThomasMichael71 Na ja. Hochschlafen können wir Männer uns zumindest nicht.,1,0,keine Hassrede,0.6586646437644958
GERMEVAL,UNMASKED,172,"Der Islam hat mit Gewalt zu tun, sagt der Islamwissenschaftler Dr. Abdel-Hakim Ourghi.",0,0,keine Hassrede,0.538174033164978
GERMEVAL,UNMASKED,173,"ainyrockstar welt Ich finde Zynismus bei diesem Thema geschmacklos. |LBR| Vielmehr beschäftigt mich die Frage: Was tue ich gegen dieses himmelschreiende Unrecht? |LBR| Der Staat unternimmt nichts, wie auch bei Dauerkindesmissbrauch Kinderehen. |LBR| Frauenmarsch mit LeylaBilge",0,0,keine Hassrede,0.9647364020347595
GERMEVAL,UNMASKED,174,"Alles Gute, lieber Deniz Yücel (Besser_Deniz) zum Geburtstag. Hoffentlich der letzte in türkischer Haft! Für mich sind Sie ein Held!",0,0,keine Hassrede,0.965517520904541
GERMEVAL,UNMASKED,175,Flüchtlinge aus Mossul berichten über ihr Leben in der umkämpften Stadt und ihre gefährliche Flucht in die Sicherheit.,0,0,keine Hassrede,0.7717344164848328
GERMEVAL,UNMASKED,176,Mit der CSU wird es keinen Islam-Feiertag geben.,0,0,keine Hassrede,0.9738950133323669
GERMEVAL,UNMASKED,177,"In Deutschland gilt unsere Leitkultur, bei der Integration ist sie der Maßstab.",0,0,keine Hassrede,0.9402815699577332
GERMEVAL,UNMASKED,178,"IvyandWoe Ich weiß halt, wie man Frauen zum Miauen bringt",1,1,Hassrede,0.5503330230712891
GERMEVAL,UNMASKED,179,KonseqLiberal MiataMuc hilbig_hilbig Was bist Du denn für ne Schwuchtel?,1,0,keine Hassrede,0.9151917099952698
GERMEVAL,UNMASKED,180,GoeringEckardt Merkel hat mehrere Grundgesetze eiskalt übergangen! Kein Flüchtling ist laut Gesetz in Deutschland asylberechtigt! Basta!!!,0,0,keine Hassrede,0.5563828945159912
GERMEVAL,UNMASKED,181,"Gerade auf N-TV ""Die neuen Waffen des Terrors"" mitbekommen ! WAS FÜR EIN SCHEIß!! RAUS MIT MOSLEMS, dann KEIN Terror!",1,1,Hassrede,0.8866407871246338
GERMEVAL,UNMASKED,182,"Mich freut, dass die Zivilgesellschaft unglaublich mobilisiert worden ist.“ EKD-RV landesbischof Bedford-Strohm zum Reformationsjubiläum OTHER OTHER Beatrix_vStorch Claudia Roth ist eine Schande für Deutschland. Und eine Peinlichkeit für JEDE Partei. OFFENSE INSULT Yvonne Willicks frisst sich durch die Welt sie passt schon nicht mehr auf einen 16 zu 9 Bildschirm Servicezeit WDR OFFENSE INSULT pmaurus UrsUrsen Gar nicht erst abschalten! /sth OTHER OTHER PaulRoegler Tomahrweiler conny_asf tagesspiegel Sieht man ja an Merkel. Die ist immer noch nicht Kanzlerin weil die bösen Männer sie einfach nicht lassen... OTHER OTHER JoeHellBack alexa_jung60 Tschonka ThomasMichael71 Gwen_Ny_ dasstimmvieh Mohrenpost Ich habe ein Problem mit dem Katholizismus, dem Judentun, der russischen Bevölkerung und mit Neonazis. OFFENSE ABUSE MeliDeluxe da fällt mir gleich die kippe aus der Fresse ,bei dem Anblick OTHER OTHER TBB erschüttert darüber,dass AfD nicht nur d. Einzug geschafft hat,sondern auch noch so stark im Bundestag vertreten sein wird BTW17 noafd OTHER OTHER _teatimecookie_ Einen Mann dazu zu bringen wäre, wie Euch Frauen dazu zu bringen, nicht mehr in Schaufenstern voller Schuhe zu glotzen. OFFENSE ABUSE Die Frage nach dem Sinn des Lebens wird deshalb immer wieder gestellt, weil den Menschen die offensichtliche Antwort nicht behagt. OTHER OTHER hubertus_knabe da passt jemand auf :-) Im Frühjahr 2016 ist die Publikation verfügbar, das Manuskript ist so gut wie fertig. OTHER OTHER Bundesinnenminister auf Kirchentag: Stichtagsregelung für Geflüchtete in Deutschland - das kann man diskutieren."" dekt17",0,0,keine Hassrede,0.5633803606033325
GERMEVAL,UNMASKED,183,"NSU ist keine dreiköpfige „Zelle“, sondern eine ""homegrown""- also hiesige -Terrororganisation erster Klasse. |LBR| Schluss also mit ständigen Verharmlosungen, Verniedlichungen und Vertuschungen im Namen der Gerechtigkeit und des Deutschen Volkes! Möge die Gerechtigkeit siegen",0,0,keine Hassrede,0.8287519216537476
GERMEVAL,UNMASKED,184,"Es mutet schon seltsam an, dass CDU CSU SPD &amp; FDP, die weiter Lohndrückerei, Armutslöhne und Leiharbeit in Deutschland fördern, sich erneut die Diäten erhöht haben. Ich jedenfalls stimmte gestern gegen die von Großer Koalition plus FDP beantragte Diätensteigerung!",0,0,keine Hassrede,0.5515569448471069
GERMEVAL,UNMASKED,185,"hakijaavdic Was haben Sie gegen den Besuch einer KZ-Gedenkstätte? Warum verrate ich Ihrer Meinung nach meine Werte, wenn ich das verlange?",0,0,keine Hassrede,0.8737392425537109
GERMEVAL,UNMASKED,186,"EKD-RV: ""Wir dürfen uns auf die Generation 2017 freuen und wollen die erfolgreichen Jugendprojekte dauerhaft in Wittenberg verankern.""",0,0,keine Hassrede,0.9105476140975952
GERMEVAL,UNMASKED,187,Mit Deutschland geht es mehr und mehr bergab wann begreift ihr das endlich?,0,0,keine Hassrede,0.9572299718856812
GERMEVAL,UNMASKED,188,"Europa wird überleben und auferstehen! Danke dir Schweiz,Land der Freiheit!",0,0,keine Hassrede,0.9886163473129272
GERMEVAL,UNMASKED,189,"a_huebner_law NLPete007 gaborsteingart joyia_consult anna_handschuh Inku_Lux herrfranken Wie überall, sind Frauen zu bequem oder zu untalentiert.",1,0,keine Hassrede,0.8178048729896545
GERMEVAL,UNMASKED,190,"Im September 2017 hatten die Wähler in Deutschland entschieden. Heute ist Silvester2017 &amp; eine Regierung ist noch weit entfernt. Es widert mich an, dass sicherlich bis Februar / März Personen, wie Israel-Apartheidstaat- Gabriel (sigmargabriel) noch volle Gehälter bekommen.",0,0,keine Hassrede,0.7652868032455444
GERMEVAL,UNMASKED,191,"Tuberkulose wurde vermehrt von Flüchtlingen in Deutschland eingeschleppt. |LBR| Nicht nur dass sie von unser Geld leben, nein jetzt bringen sie auch noch Seuchen mit ins Land. Dank inkompetenter Politiker offener Grenzen, Bahnhofsklatscher und Toleranz Fanatiker.",1,0,keine Hassrede,0.8922167420387268
GERMEVAL,UNMASKED,192,"Meyermit_ey maurice_breuer Die Solidarrente ist ein Punkt für Dich, welche aber auch nur nötig ist, weil Arbeitgeber durch eine zu geringe Lohnzahlung subventioniert werden. Kita hast Du ja schon selbst beantwortet. /TN",0,0,keine Hassrede,0.9953258037567139
GERMEVAL,UNMASKED,193,focusonline Die FDP hat doch Eier in der Hose.,0,0,keine Hassrede,0.65977543592453
GERMEVAL,UNMASKED,194,davidermes Bin ich auch dafür. Man sollte aber auch monatlich unsere Politiker auf ihren Geisteszustand prüfen.,1,0,keine Hassrede,0.908563494682312
GERMEVAL,UNMASKED,195,"maurice_breuer Meyermit_ey Am Kindergeld ist in meinen Augen nur zu kritisieren, dass es eine Gießkannenverteilung ist. Wie so oft in der Entlastung von Bürgern. /TN",0,0,keine Hassrede,0.9893478751182556
GERMEVAL,UNMASKED,196,"Grundschüler können zwar nicht richtig lesen, schreiben und rechnen, aber das braucht man für Gender-Studies ja auch nicht.",1,0,keine Hassrede,0.9439617395401001
GERMEVAL,UNMASKED,197,"Rund 200-300 Demonstrierende bei pro-palästinensischer Kundgebung am Washingtonplatz. Alles halbwegs ruhig, keine auffälligen Flaggen. berlin",0,0,keine Hassrede,0.9747518301010132
GERMEVAL,UNMASKED,198,"In dir muss brennen, was du in anderen entzünden willst. |LBR| Nach Augustinus",0,0,keine Hassrede,0.9267116785049438
GERMEVAL,UNMASKED,199,impressivaMicha ARDde Trittin war das Kanonenfutter für Kurz.,0,0,keine Hassrede,0.9469741582870483
GERMEVAL,PER_ORG_LOC_GENERIC_ENTITY,0,"KonseqLiberal Ja, das Konzept kennst Du weder von Frau noch Mann",0,0,keine Hassrede,0.9328188300132751
GERMEVAL,PER_ORG_LOC_GENERIC_ENTITY,1,Dieser [ENTITY] ist eine Gefahr für [ENTITY]! Gut das er nicht mehr im [ENTITY] sitzt. [ENTITY],1,0,keine Hassrede,0.5940268635749817
GERMEVAL,PER_ORG_LOC_GENERIC_ENTITY,2,"wie strunzdumm die Moderatorin der AktuelleStunde ist, erkennt man daran dass sie mit Enten spricht und sie selber wieder einmal an ihren fettigen Haaren [ENTITY]",1,1,Hassrede,0.7005295753479004
GERMEVAL,PER_ORG_LOC_GENERIC_ENTITY,3,"Gestern waren wir in [ENTITY] und haben [ENTITY] Buch ""Verleitung zum Aufstand"" vorgestellt!",0,0,keine Hassrede,0.6596633791923523
GERMEVAL,PER_ORG_LOC_GENERIC_ENTITY,4,KokoLores100 Dummheit hat einen Namen! [ENTITY]!!!!,1,0,keine Hassrede,0.9114654064178467
GERMEVAL,PER_ORG_LOC_GENERIC_ENTITY,5,[ENTITY] das ungute Gefühl das ich heute wieder gesperrt werde,0,1,Hassrede,0.5020341873168945
GERMEVAL,PER_ORG_LOC_GENERIC_ENTITY,6,Die Botschaft von Weihnachten wird niemand zerstören können [ENTITY] Landesbischof Bedford-Strohm im ZDFspezial,0,0,keine Hassrede,0.9960771799087524
GERMEVAL,PER_ORG_LOC_GENERIC_ENTITY,7,[ENTITY] hat schon teilweise schräge Vögel...doch das haben die anderen auch! |LBR| Aber sie hat ihre Chance verdient und nach 4jahren wird abgerechnet,0,0,keine Hassrede,0.971893846988678
GERMEVAL,PER_ORG_LOC_GENERIC_ENTITY,8,so nun mach dich auch Frau Kraft [ENTITY] [ENTITY] die Taschen voll politisch war sie ja eine Niete,1,0,keine Hassrede,0.7285104990005493
GERMEVAL,PER_ORG_LOC_GENERIC_ENTITY,9,[ENTITY] auf die verdammten Asyl Schmarotzer,1,1,Hassrede,0.6525365710258484
GERMEVAL,PER_ORG_LOC_GENERIC_ENTITY,10,thom2805 Kittypunk7 Hast Du Dich mit der Geschichte des Nahostkonflikts überhaupt mal beschäftigt? Du klingst nämlich nicht so.,0,0,keine Hassrede,0.8955793380737305
GERMEVAL,PER_ORG_LOC_GENERIC_ENTITY,11,"InfoTweepNL: pegida [ENTITY] multikulti [ENTITY] eussr [ENTITY] So sieht Zersetzung aus! OTHER OTHER Botschafter einbestellen,ausweisen,[ENTITY] raus aus [ENTITY]! [ENTITY] Wenn Islamkritiker zensiert werden und über muslimische Feiertage debattiert wird, weiß man, was die Zukunft bringt. [ENTITY] GermanyWatcher balleryna |LBR| Sehe mir auch jede Demo von [ENTITY] und [ENTITY] an. Kann leider nicht selber hinfahren. [ENTITY] musevg Und ich finde Ihre Schuldzuschreibung an die [ENTITY] 2013 arg mager"". Denn [ENTITY] hat sich da wahrlich nicht koalitionsfähig präsentiert. Dass die [ENTITY] sich - weit überwiegend - nach radikal links abzugrenzen vermag, verbuche ich auf ihrer Haben-Seite.",0,0,keine Hassrede,0.7322895526885986
GERMEVAL,PER_ORG_LOC_GENERIC_ENTITY,12,dushanwegner AmadeuAntonio |LBR| Es wäre sehr sinnvoll die Aktionen und Verflechtungen der Linken [ENTITY] zu prüfen und zu Dokumentieren,1,0,keine Hassrede,0.7802058458328247
GERMEVAL,PER_ORG_LOC_GENERIC_ENTITY,13,MiataMuc Und weil ich gleichzeitig so süüüß bin,0,0,keine Hassrede,0.9259822964668274
GERMEVAL,PER_ORG_LOC_GENERIC_ENTITY,14,"[ENTITY] [ENTITY] Schreiben Sie wieder für - wie Sie so schön formulierten: ""die einfachen Menschen""? Schreiben Sie doch mal zum Thema [ENTITY] - zum [ENTITY], die täglich gewartet wird!",0,0,keine Hassrede,0.8966460824012756
GERMEVAL,PER_ORG_LOC_GENERIC_ENTITY,15,"Vier Wochen Theater hat genervt, vier Jahre wären schlimmer gewesen JamaikaAbbruch",0,1,Hassrede,0.6990506649017334
GERMEVAL,PER_ORG_LOC_GENERIC_ENTITY,16,"[ENTITY] Die_Gruenen cem_oezdemir Ich weiß ja Nicht, ob Deine Schwester eine minderjährige Töchter hat, auf die Du scharf bist.",1,1,Hassrede,0.55409836769104
GERMEVAL,PER_ORG_LOC_GENERIC_ENTITY,17,sylbewerber PolizeiBerlin_E Kann es sein das ihre Schaukel als Kind zu nahe an der Wand gestanden hat??? Nur mal so als frage.,1,0,keine Hassrede,0.997835636138916
GERMEVAL,PER_ORG_LOC_GENERIC_ENTITY,18,Kann mir [ENTITY] seine streams nicht geben und wie ist es bei euch?,0,0,keine Hassrede,0.9195536375045776
GERMEVAL,PER_ORG_LOC_GENERIC_ENTITY,19,"[ENTITY] als durchgeknallter ""Führer"" &amp; [ENTITY] ""brutale Unterdrückung"" vorwerfen. Wie konnte das passieren? Wer ist verantwortlich?",0,1,Hassrede,0.6668562889099121
GERMEVAL,PER_ORG_LOC_GENERIC_ENTITY,20,[ENTITY] Die [ENTITY] dringen hier ein und wollen uns ihre Art zu [ENTITY] leben aufzwingen. Und beschimpfen unsere regierenden [ENTITY] als Nazis.,1,1,Hassrede,0.9989558458328247
GERMEVAL,PER_ORG_LOC_GENERIC_ENTITY,21,[ENTITY]_ Leider nicht. Soll ich in der Geschäftsstelle nachfragen?,0,0,keine Hassrede,0.7371964454650879
GERMEVAL,PER_ORG_LOC_GENERIC_ENTITY,22,[ENTITY] [ENTITY] ...was hast du dir nur dabei gedacht..?,0,0,keine Hassrede,0.7690488696098328
GERMEVAL,PER_ORG_LOC_GENERIC_ENTITY,23,"[ENTITY] helmut_hedrich Obwohl, nimmt man ihre, also [ENTITY], ANTIDEUTSCHEn Antrengungen, als LEISTUNG, dann sind ihre Taten schon übermotiviert ! Sie schadet den [ENTITY] in mörderischen Eifer !!Und eine Witzfigur ist sie ohne Zweifel !",1,1,Hassrede,0.8779986500740051
GERMEVAL,PER_ORG_LOC_GENERIC_ENTITY,24,"Nicht [ENTITY] oder [ENTITY] sind gefährlich,die größten Verbrecher sind [ENTITY]!",1,0,keine Hassrede,0.9843053817749023
GERMEVAL,PER_ORG_LOC_GENERIC_ENTITY,25,"Das größte menschliche Gebet bittet nicht um den Sieg, sondern um Frieden. [ENTITY]",0,0,keine Hassrede,0.9990134239196777
GERMEVAL,PER_ORG_LOC_GENERIC_ENTITY,26,"[ENTITY], [ENTITY] ""Für die [ENTITY] geht es abwärts"" &gt; verstehe ich nicht, wo sie uns doch nun auch die Kosten für den ""Kohleausstieg"" aufbürden",0,1,Hassrede,0.5981580018997192
GERMEVAL,PER_ORG_LOC_GENERIC_ENTITY,27,"Ernst_1895 Typische Deutsche. Kehrwoche, Gutmensch, Kinderfeind (wenn sie keinen Bart haben)",1,0,keine Hassrede,0.9482524991035461
GERMEVAL,PER_ORG_LOC_GENERIC_ENTITY,28,Die Zahl arabischer Rekruten in der [ENTITY] steigt rasant. Die [ENTITY] hat eine Dokumentation über sie gedreht. [ENTITY] BBCArabic,0,0,keine Hassrede,0.8213254809379578
GERMEVAL,PER_ORG_LOC_GENERIC_ENTITY,29,Die gesellschaftlichen Bemühungen um die Integration von Migranten wurzeln in den im Grundgesetz normierten Grundwerten.,0,0,keine Hassrede,0.9964773058891296
GERMEVAL,PER_ORG_LOC_GENERIC_ENTITY,30,Ich beobachte in letzter [ENTITY]. Aktivitäten an d. ehemal. Grenzübergangseinrichtungen in [ENTITY]. Das hat sicher nichts mit [ENTITY] zu tun,0,0,keine Hassrede,0.9708078503608704
GERMEVAL,PER_ORG_LOC_GENERIC_ENTITY,31,BrosiusRolf [ENTITY] Das Heer ehemaliger Soldaten die im Kalten Krieg gekämpft haben. Ist jederzeit in der Lage diese Regierung zu stürzen.,0,0,keine Hassrede,0.6180146336555481
GERMEVAL,PER_ORG_LOC_GENERIC_ENTITY,32,"Kardinal [ENTITY] bei der ekdsnyode in [ENTITY]: ""Man muss daran festhalten, dass der gute Grund unserer Zukunft nicht Menschenwerk ist, sondern Gottes Gnade allein.""",0,0,keine Hassrede,0.8704141974449158
GERMEVAL,PER_ORG_LOC_GENERIC_ENTITY,33,"[ENTITY] uebermedien Ah, jetzt, ja. [ENTITY] (Ich hatte nicht verstanden, was der Tweet bedeuten sollte.)",0,0,keine Hassrede,0.8222920894622803
GERMEVAL,PER_ORG_LOC_GENERIC_ENTITY,34,"SchafDas dornkobold Hat es die jemals gegeben, oder hat man das dem deutschen Volk nur vorgespielt!?",0,1,Hassrede,0.6473928689956665
GERMEVAL,PER_ORG_LOC_GENERIC_ENTITY,35,[ENTITY] wird bleiben und Glaser niemals Vizepräsident.,0,0,keine Hassrede,0.8659980893135071
GERMEVAL,PER_ORG_LOC_GENERIC_ENTITY,36,[ENTITY] Da Sie wie ich sehe Jude sind und weiß. Sollten Sie sich eher Gedanken machen über den zunehmenden Antisemitismus aus den Reihen des [ENTITY]. Dort spielt nicht einmal die Hautfarbe eine Rolle.,0,1,Hassrede,0.8344802260398865
GERMEVAL,PER_ORG_LOC_GENERIC_ENTITY,37,Unser Zorn gibt uns die Kraft zum Widerstand.,0,0,keine Hassrede,0.5242589116096497
GERMEVAL,PER_ORG_LOC_GENERIC_ENTITY,38,Junge_Freiheit krippmarie Und wer beliefert uns dann mit dem überteuerten Strom?,0,0,keine Hassrede,0.9288190603256226
GERMEVAL,PER_ORG_LOC_GENERIC_ENTITY,39,"[ENTITY] Woher will [ENTITY] denn wissen, was ich auf Halbmast setze?",0,0,keine Hassrede,0.8188967704772949
GERMEVAL,PER_ORG_LOC_GENERIC_ENTITY,40,Bei einer Militäroperation im Bundesstaat [ENTITY] ([ENTITY]) sind über 1.000 Häuser der ethnischen Minderheit Rohingya zerstört worden.,0,1,Hassrede,0.6233764886856079
GERMEVAL,PER_ORG_LOC_GENERIC_ENTITY,41,Frau [ENTITY] meine Meinung dazu ist sie sollten uns mit ihrem Pferdegebiss nicht weiter belästigen [ENTITY],1,0,keine Hassrede,0.803339421749115
GERMEVAL,PER_ORG_LOC_GENERIC_ENTITY,42,[ENTITY] steht schon in den Startlöchern ....der deutsche wird regelrecht entmannt und immer noch keine Gegenwehr.,0,0,keine Hassrede,0.8043788075447083
GERMEVAL,PER_ORG_LOC_GENERIC_ENTITY,43,[ENTITY] ich das Wort schon höre Transgender,1,0,keine Hassrede,0.6609145402908325
GERMEVAL,PER_ORG_LOC_GENERIC_ENTITY,44,"SteinbachErika InesHenkler Aber es wird bestimmt jemanden geben, der jedes Gramm an ihr liebt",0,0,keine Hassrede,0.8817660808563232
GERMEVAL,PER_ORG_LOC_GENERIC_ENTITY,45,[ENTITY] hat es in [ENTITY] auch begonnen. Mit Burka ist man auf jedenfall sicherer als in 90ies Outfit. Das waren noch Zeiten.,1,0,keine Hassrede,0.9038524627685547
GERMEVAL,PER_ORG_LOC_GENERIC_ENTITY,46,"Aufgehts100 [ENTITY] MartinSchulz Dieses verlogene unechte Surfen auf dem von oben vorgegeben, vom Volk mit gerechtfertigtem Argwohn beäugten, [ENTITY] kotzt mich dermaßen ab. Ging mir schon vor drei Jahren so, als Merkel wie bescheuert damit begann",0,1,Hassrede,0.9921480417251587
GERMEVAL,PER_ORG_LOC_GENERIC_ENTITY,47,Varg_I_Veum tagesschau Verlogene [ENTITY] Der arme Hund |LBR| Hetze,1,1,Hassrede,0.9780523777008057
GERMEVAL,PER_ORG_LOC_GENERIC_ENTITY,48,[ENTITY] Einen schönen Tag wünsche ich [ENTITY],0,0,keine Hassrede,0.9153234958648682
GERMEVAL,PER_ORG_LOC_GENERIC_ENTITY,49,Der Islam hat sich in den Sechzigern nicht integriert warum geht ihr davon aus dass er sich jetzt integrieren möchte? So dumm kann doch kein Mensch sein. [ENTITY],1,0,keine Hassrede,0.9527633190155029
GERMEVAL,PER_ORG_LOC_GENERIC_ENTITY,50,"olewahr MartinDomig Sag ihm, er ist ein Sexist und Nazi, wenn er [ENTITY] gut findet.",0,1,Hassrede,0.9774013161659241
GERMEVAL,PER_ORG_LOC_GENERIC_ENTITY,51,Subotnik1 _[ENTITY] Für welche Todesurteile - gegen die Mindeststards des UN-Zivilpaktes und im Rahmen eines systematischen Angriffs auf eine Bevölkerung - ist [ENTITY] persönlich verantwortlich?,0,1,Hassrede,0.9249159097671509
GERMEVAL,PER_ORG_LOC_GENERIC_ENTITY,52,[ENTITY]. Gibt es nivcht. Frauen schlafen für gewöhnlich nicht mit statusniederen Männern.,1,0,keine Hassrede,0.9957133531570435
GERMEVAL,PER_ORG_LOC_GENERIC_ENTITY,53,"sternde [ENTITY] die die Schwulen Ehe forciert, schießt sich ein Eigentor, und ist da wo sie jetzt ist. Nicht Wählbar.",0,0,keine Hassrede,0.8311079144477844
GERMEVAL,PER_ORG_LOC_GENERIC_ENTITY,54,[ENTITY] doch [ENTITY] wenn du mehr Redeanteil von Frauen hören willst,1,0,keine Hassrede,0.8841289281845093
GERMEVAL,PER_ORG_LOC_GENERIC_ENTITY,55,"Sedona_gr ""Sammelklagen"" gibt es in [ENTITY] nicht und grundsätzlich können nur Betroffene einen Fall durch die Instanzen klagen. Das kann natürlich passieren &amp; solche Vorhaben würden (und wurden) von uns auch unterstützt!",0,0,keine Hassrede,0.9283372759819031
GERMEVAL,PER_ORG_LOC_GENERIC_ENTITY,56,"Aus aktuellem Anlass: [ENTITY] ""Steueroase"" = Ein böser Ort, an dem die Steuern niedriger sind als hier, und das geht ja wohl mal gar nicht!",0,1,Hassrede,0.6564998626708984
GERMEVAL,PER_ORG_LOC_GENERIC_ENTITY,57,Ich sage nochmal [ENTITY]! Ihr seid die Freiheitskämpfer [ENTITY]!,0,0,keine Hassrede,0.7450348138809204
GERMEVAL,PER_ORG_LOC_GENERIC_ENTITY,58,Antrag Synodalvertretung an altkatholisch|e Synode: In der [ENTITY] sollen mindestens 3 Laien &amp; 1 Geistliche/r sein aksynode16,0,0,keine Hassrede,0.8794211149215698
GERMEVAL,PER_ORG_LOC_GENERIC_ENTITY,59,Unbequeme Wahrheit: [ENTITY] Sexuelle Belästigung ist ein aufgebauschtes Problem.,1,0,keine Hassrede,0.9450231790542603
GERMEVAL,PER_ORG_LOC_GENERIC_ENTITY,60,"Die [ENTITY] im [ENTITY] polemisiert gegen eine angemessene finanzielle Entschädigung der [ENTITY], gibt aber in ihrer Fraktion mehrere zehntausend Euro für Schnittchen und Mettigel aus. Bigotterie deluxe.",0,0,keine Hassrede,0.5665109753608704
GERMEVAL,PER_ORG_LOC_GENERIC_ENTITY,61,Da fordern also die [ENTITY] Gerechtigkeit für die [ENTITY]. In [ENTITY] [ENTITY]. Wir haben Euch schon im 17. Jahrhundert [ENTITY].,1,0,keine Hassrede,0.8410006165504456
GERMEVAL,PER_ORG_LOC_GENERIC_ENTITY,62,Ich bin entsetzt über den Anschlag in barcelona. Meine Gedanken sind bei den Opfern. Hass und Gewalt dürfen nicht siegen.,0,0,keine Hassrede,0.9014659523963928
GERMEVAL,PER_ORG_LOC_GENERIC_ENTITY,63,"InesHenkler brosel_werner Ich weiß, Männer haben dreierlei Maß - das übertriebene Maß, das Wunschmaß und die oft bittere Realität",0,0,keine Hassrede,0.9443490505218506
GERMEVAL,PER_ORG_LOC_GENERIC_ENTITY,64,mz_Wittenberg Und? Täter noch nicht ermittelt und hart bestraft?,0,0,keine Hassrede,0.7365086078643799
GERMEVAL,PER_ORG_LOC_GENERIC_ENTITY,65,SteinbachErika Das lassen die nicht zu....und wenn sie gegen ihren eigenen Willen festgehalten werden... [ENTITY] Es ist leicht nach einzureisen...aber raus?,0,0,keine Hassrede,0.7997753620147705
GERMEVAL,PER_ORG_LOC_GENERIC_ENTITY,66,"[ENTITY] [ENTITY] [ENTITY] spdde Die_Gruenen dieLinke [ENTITY] katholisch_de [ENTITY] Deutschland ein Irrenhaus....ich will nach [ENTITY], ob mir wohl jemand ein Strandhaus schenkt..?",0,1,Hassrede,0.8670186996459961
GERMEVAL,PER_ORG_LOC_GENERIC_ENTITY,67,Spekulant1 SZ EveRoll entschuldigung. sie verstehen ja grad nicht mal ihre eigenen worte,0,0,keine Hassrede,0.9406582713127136
GERMEVAL,PER_ORG_LOC_GENERIC_ENTITY,68,ZeichenTaten mountainman1977 ThomasMichael71 Handel ist [ENTITY] käme er nicht zustande.,0,0,keine Hassrede,0.9812977313995361
GERMEVAL,PER_ORG_LOC_GENERIC_ENTITY,69,[ENTITY] läuft. Man sollte mal fragen wieviel Geld er bekommen hat.,0,0,keine Hassrede,0.871485710144043
GERMEVAL,PER_ORG_LOC_GENERIC_ENTITY,70,"Widerlich, dieser [ENTITY]. Ohne Rücksicht auf die Bienen. Dieses [ENTITY] Stück Gewissenlosigkeit muss abgewählt und [ENTITY] werden.",1,1,Hassrede,0.8750705122947693
GERMEVAL,PER_ORG_LOC_GENERIC_ENTITY,71,"[ENTITY] SpotifyDE Geht zu [ENTITY],das ist eure Einstellung angemessen!",0,0,keine Hassrede,0.9892951846122742
GERMEVAL,PER_ORG_LOC_GENERIC_ENTITY,72,S_Inez_Aust fröhlicher gruß aus der hauptstadt [ENTITY],0,0,keine Hassrede,0.9935767650604248
GERMEVAL,PER_ORG_LOC_GENERIC_ENTITY,73,Wir müssen der schwarzen Fahne des [ENTITY] den Wind und damit dem [ENTITY] die Macht nehmen. Er darf uns und unsere Leben nicht länger beherrschen.,0,1,Hassrede,0.9584054946899414
GERMEVAL,PER_ORG_LOC_GENERIC_ENTITY,74,EU-Faschismus Scootergate Sämtliche deutsche MSM wieder mal beim Arschlecken des ukrainischen Putschregimes,1,1,Hassrede,0.9579066038131714
GERMEVAL,PER_ORG_LOC_GENERIC_ENTITY,75,[ENTITY] ist so ein linker Anarchist noch auf freien Fuß.Einsperren und verschimmeln lassen,1,0,keine Hassrede,0.5933151245117188
GERMEVAL,PER_ORG_LOC_GENERIC_ENTITY,76,"WELTnews Remigration als Lösung für dieses Problem. [ENTITY] Keine moslems, keine starkpigmentierten = keine blödsinnsbehörde",1,0,keine Hassrede,0.9934503436088562
GERMEVAL,PER_ORG_LOC_GENERIC_ENTITY,77,DoraBromberger DuHugonotte Hauptsache was für die [ENTITY] gemacht!,0,0,keine Hassrede,0.8982289433479309
GERMEVAL,PER_ORG_LOC_GENERIC_ENTITY,78,"[ENTITY], normales Essen und Trinken! Schluß! Sie sind keine Sozialtouristen auf unsere Kosten!",1,0,keine Hassrede,0.9932504296302795
GERMEVAL,PER_ORG_LOC_GENERIC_ENTITY,79,"[ENTITY] sieht Meinungsfreiheit in [ENTITY] aus, dank dieser Volksverräterin Merkel!! |LBR| Herzlichen Willkommen in der [ENTITY] 2.0! Es wird Zeit",1,0,keine Hassrede,0.8875069618225098
GERMEVAL,PER_ORG_LOC_GENERIC_ENTITY,80,Keine Überraschung: Auch [ENTITY] darf in der [ENTITY] bleiben.,0,0,keine Hassrede,0.9722768664360046
GERMEVAL,PER_ORG_LOC_GENERIC_ENTITY,81,"Das System kann uns Pack nennen,darauf bin ich stolz! [ENTITY] als eine Hure dieses Systems zu sein!",1,0,keine Hassrede,0.8430725336074829
GERMEVAL,PER_ORG_LOC_GENERIC_ENTITY,82,"[ENTITY] bringt nichts. Bleiben sie geboten vernünftig. Wir stehen auf der Seite der Opfer, ich hoffe Sie auch.",0,0,keine Hassrede,0.9968928694725037
GERMEVAL,PER_ORG_LOC_GENERIC_ENTITY,83,[ENTITY] Frau = weiblich [ENTITY] = männlich,0,0,keine Hassrede,0.7664486169815063
GERMEVAL,PER_ORG_LOC_GENERIC_ENTITY,84,BonkeKolja Da sagen wir doch mal : herzlichen Glückwunsch!,0,0,keine Hassrede,0.9954023361206055
GERMEVAL,PER_ORG_LOC_GENERIC_ENTITY,85,"Unser Mitgefühl gilt der Familie des Opfers der schrecklichen Tat in [ENTITY]. Großer Respekt allen,die mutig Zivilcourage gezeigt haben (1)",0,0,keine Hassrede,0.9796102643013
GERMEVAL,PER_ORG_LOC_GENERIC_ENTITY,86,"Ich war,bin und werde immer Nationaldemokrat sein!",0,0,keine Hassrede,0.9535660147666931
GERMEVAL,PER_ORG_LOC_GENERIC_ENTITY,87,GoeringEckardt Die_Gruenen Wie läuft das dann: Ehe nicht vollzogen? [ENTITY] Das galt doch bis jetzt? Dann wurde annulliert oder geschieden,0,0,keine Hassrede,0.7884415984153748
GERMEVAL,PER_ORG_LOC_GENERIC_ENTITY,88,[ENTITY] für den Hinweis!,0,0,keine Hassrede,0.9600658416748047
GERMEVAL,PER_ORG_LOC_GENERIC_ENTITY,89,Was soll dass 220.000 Invasoren dürfen kommen + Familiennachzug u Hunderttausende die an der [ENTITY] dass Wort Asyl stammeln können [ENTITY],1,0,keine Hassrede,0.6968684792518616
GERMEVAL,PER_ORG_LOC_GENERIC_ENTITY,90,"blacknarga300 Titania0001 [ENTITY], du findest das witzig, na wir werden sehen, „Wer zuletzt lacht“....",0,0,keine Hassrede,0.9143742322921753
GERMEVAL,PER_ORG_LOC_GENERIC_ENTITY,91,"[ENTITY] Immer dran denken, dass Islam Frieden bedeutet und der Rechtspopulismus die größte Gefahr ist.",1,0,keine Hassrede,0.9979599714279175
GERMEVAL,PER_ORG_LOC_GENERIC_ENTITY,92,m0rpheouz Hausfrau4ever Das ist so nicht richtig. Bei Schleimpilzen gibt es mehrere Geschlechter. Bis zu 13.,0,0,keine Hassrede,0.828281819820404
GERMEVAL,PER_ORG_LOC_GENERIC_ENTITY,93,"Also,keine Freunde hier,sondern Besatzer und Feinde!",0,1,Hassrede,0.6773861050605774
GERMEVAL,PER_ORG_LOC_GENERIC_ENTITY,94,[ENTITY] War doch nur ein „Polenböller“,0,0,keine Hassrede,0.9764781594276428
GERMEVAL,PER_ORG_LOC_GENERIC_ENTITY,95,"MonikaBergholz1 Maronen(Esskastanien) am besten schon gekochte, alles in Pfanne braten und ab durch den Mixer - mit getrockneten Steinpilzen auch sehr lecker.",0,0,keine Hassrede,0.874905526638031
GERMEVAL,PER_ORG_LOC_GENERIC_ENTITY,96,"maybritillner Was hat diese Partei an, sie haben keinen Regierungs Auftrag nicht verstanden. Hier wird sich einfach über das Votum der Wählerschaft hinweg gesetzt. Herr [ENTITY]. Nächster Wahltag ist Zahltag.",0,0,keine Hassrede,0.9022362232208252
GERMEVAL,PER_ORG_LOC_GENERIC_ENTITY,97,"Hallo Freunde, muss mich doch mal melden, ich hoffe, Ihr seid alle gesund und munter. 5 Wochen in [ENTITY], eine Wohltat für meine Seele.",0,0,keine Hassrede,0.8799349665641785
GERMEVAL,PER_ORG_LOC_GENERIC_ENTITY,98,"Dem Himmel sei Dank, vorerst ist die Vernichtung [ENTITY] und der Genozid am [ENTITY] verhindert! Wer die Statements der [ENTITY], der [ENTITY] und der [ENTITY] mitbekommen hat, wie sie sich bei der STASI-Trulla bedanken, der weiß wie nahe wir am Untergang waren!",1,0,keine Hassrede,0.8184711337089539
GERMEVAL,PER_ORG_LOC_GENERIC_ENTITY,99,methusalix64 Die_Gruenen Was für ein gruseliges Bild....mir fehlen die Worte.. [ENTITY] Wenn aus Verlierern Sieger werden....dummes dummes [ENTITY],0,1,Hassrede,0.7583885192871094
GERMEVAL,PER_ORG_LOC_GENERIC_ENTITY,100,[ENTITY] [ENTITY] von H.Maas und der [ENTITY]. Bezahlt mit Steuer Gelder. Knecht von Google.,1,0,keine Hassrede,0.796851634979248
GERMEVAL,PER_ORG_LOC_GENERIC_ENTITY,101,happyhaidrich3 bleidsamel ExilMengele Wenn Almans das Internet entdecken.immer wieder lustig,0,0,keine Hassrede,0.988311231136322
GERMEVAL,PER_ORG_LOC_GENERIC_ENTITY,102,Solidarität mit ďen Palästinensern! Tŕotzt dem [ENTITY],1,0,keine Hassrede,0.9976336359977722
GERMEVAL,PER_ORG_LOC_GENERIC_ENTITY,103,"[ENTITY] Schauen wir mal, vielleicht kann sich die Gewinnerin in dem Fall ja etwas anderes aus dem besagten Shop aussuchen. :-)",0,0,keine Hassrede,0.8251008987426758
GERMEVAL,PER_ORG_LOC_GENERIC_ENTITY,104,"[ENTITY], hmmmmmmmmmmm, schon 12 Stück über den Tag verteilt (8 habe ich noch)",0,0,keine Hassrede,0.8480690121650696
GERMEVAL,PER_ORG_LOC_GENERIC_ENTITY,105,engingalaxy sternde Der Papst würde auch den Arsch des Teufels küssen wenn es ihm nützt,1,0,keine Hassrede,0.8912382125854492
GERMEVAL,PER_ORG_LOC_GENERIC_ENTITY,106,Durch_LAUCH_t Ich verstehe seinen Tweet offenbar anders. Nämlich als Aufruf zu neuen Gesetzen.,0,0,keine Hassrede,0.959143877029419
GERMEVAL,PER_ORG_LOC_GENERIC_ENTITY,107,"[ENTITY] MatthiasMeisner 3. Antisemitismus unter Muslime ist ein großes Problem, was nicht ignoriert werden darf. Dieser Antisemitismus ist aber auch tief verwurzelt in der ganzen [ENTITY]. Kommentare wie von Ihnen bestätigen mich in der Einschätzung, dass hier versucht wird, ein tiefes deutsches Problem",1,1,Hassrede,0.6162083745002747
GERMEVAL,PER_ORG_LOC_GENERIC_ENTITY,108,"patriarchator Die Hetze der Deutschen Lügenpresse, Medienpack und Politiker gegen [ENTITY] werden noch ein böses Ende haben für die [ENTITY]",1,1,Hassrede,0.8786652088165283
GERMEVAL,PER_ORG_LOC_GENERIC_ENTITY,109,"[ENTITY] Hintergrundwissen, anzueignen, wissenschaftlich zu arbeiten, und das anerzogene Denken zu hinterfragen wird überbewertet. [ENTITY] ist ein Gewinn für das durch und durch linke System",0,0,keine Hassrede,0.960353434085846
GERMEVAL,PER_ORG_LOC_GENERIC_ENTITY,110,"Claudia_Mertes ScottiRacer TobiasM_28 Tom174_ Die_Gruenen Wir wissen bereits jetzt, dass die Mehrheit der Migranten keine [ENTITY] sind. Und wir wissen auch, dass in keinem Land in [ENTITY] oder der Türkei Krieg herrscht.",0,0,keine Hassrede,0.9089027047157288
GERMEVAL,PER_ORG_LOC_GENERIC_ENTITY,111,Wir brauchen ein deutsches [ENTITY] jurgenelsasser David_Bendels Dieter_Stein RogerKoeppel,0,0,keine Hassrede,0.5137417912483215
GERMEVAL,PER_ORG_LOC_GENERIC_ENTITY,112,"Patssai asidealex tagesthemen Lieben Dank für den guten Kommentar- Terror sollte genau das so ziemlich einzige bleiben,was nicht als subjektive ""Normalität"" benannt werden darf. [ENTITY]. [ENTITY] Ich freue mich aufrichtig,dass Sie das alles unbeschadet überstanden haben.",0,0,keine Hassrede,0.7391034364700317
GERMEVAL,PER_ORG_LOC_GENERIC_ENTITY,113,"Wen immer die [ENTITY] heute als Seehofer-Nachfolger nominiert hätte - das Medienecho wäre negativ gewesen: zu tricky, zu lahm, zu lieb oder zu unbekannt. Bei [ENTITY] haben es die Unions-Gegner freilich am einfachsten. Feindbild",0,1,Hassrede,0.6820191144943237
GERMEVAL,PER_ORG_LOC_GENERIC_ENTITY,114,Gebetsmühlenartige Aufrufe dem Terror nur zu trotzen sind Zeichen der Unfähigkeit dieser Politiker wirksam gegen diesen vorzugehen!,0,1,Hassrede,0.6214327812194824
GERMEVAL,PER_ORG_LOC_GENERIC_ENTITY,115,Tagesschau Ihr seit solche verlogenen Arschlöcher !!!,1,1,Hassrede,0.9731684923171997
GERMEVAL,PER_ORG_LOC_GENERIC_ENTITY,116,"connor_larkin kjempeslu Schon mitgekriegt, dass wir in einer repräsentativen Demokratie leben?",0,0,keine Hassrede,0.9402006268501282
GERMEVAL,PER_ORG_LOC_GENERIC_ENTITY,117,"FeePatzer Sowas nennt man Ermittlungsarbeit. Herausfinden, was geschehen ist. Unschuldsvermutung. Rechtsstaat. Ein Polizeirevier ist kein weibliche Klatschparty mit der besten Freundin.",1,0,keine Hassrede,0.9981130361557007
GERMEVAL,PER_ORG_LOC_GENERIC_ENTITY,118,"[ENTITY] [ENTITY] Als Geschlecht noch kein Kriterium war, hatte die [ENTITY] mehr Erfolg beim Wähler.",0,0,keine Hassrede,0.9103798270225525
GERMEVAL,PER_ORG_LOC_GENERIC_ENTITY,119,"DrDavidBerger Einsammeln und ab nach [ENTITY],[ENTITY] für Ausländer.Was diese Moslems machen ist Landfriedensbruch.Ein Grund sie schnellstens abzuschieben!",1,1,Hassrede,0.9921378493309021
GERMEVAL,PER_ORG_LOC_GENERIC_ENTITY,120,SPIEGEL_Politik roland01962 Nazi Lügenpresse und Merkel Vasallen hetzen weiter gegen [ENTITY],1,1,Hassrede,0.9820261001586914
GERMEVAL,PER_ORG_LOC_GENERIC_ENTITY,121,[ENTITY] erzähl mal :-) /TN,0,0,keine Hassrede,0.961078405380249
GERMEVAL,PER_ORG_LOC_GENERIC_ENTITY,122,Hartes_Geld Solch ein grünes Ergebnis hätte den deutschen so gut getan... [ENTITY] In regiert wer gewinnt...nur in dürfen Verlierer weiter regieren...!!,0,0,keine Hassrede,0.785537600517273
GERMEVAL,PER_ORG_LOC_GENERIC_ENTITY,123,[ENTITY] ennof_ AthinaMala NancyPeggyMandy info2099 lifetrend ThomasGBauer [ENTITY] charlie_silve NoHerrman willjrosenblatt [ENTITY] ellibisathide MD_Franz Bitte Waffe nicht vergessen auf Daktys zu untersuchen - und Schmauchspuren - die fehlten bei [ENTITY] und [ENTITY] auch an den Händen.,0,0,keine Hassrede,0.872491717338562
GERMEVAL,PER_ORG_LOC_GENERIC_ENTITY,124,Warum soll die natürliche Selektion in [ENTITY] bekämpft werden? Zu [ENTITY] viele Menschen haben eben nicht genug zu essen. Geburtenkontrolle!,1,0,keine Hassrede,0.9662436246871948
GERMEVAL,PER_ORG_LOC_GENERIC_ENTITY,125,Mama_arbeitet annika_schach herr_unbekannnt Frauen sind repräsentiert. Durch von Frauen gewählte Abgeordnete. Das Geschlecht ist dabei völlig egal.,0,0,keine Hassrede,0.9414020776748657
GERMEVAL,PER_ORG_LOC_GENERIC_ENTITY,126,"[ENTITY] doch endlich alle Islamisten und [ENTITY] sowie [ENTITY] ,[ENTITY] [ENTITY] !!!! Schon ist ruhe !!!",1,1,Hassrede,0.9466720223426819
GERMEVAL,PER_ORG_LOC_GENERIC_ENTITY,127,"Für mich kann ich nur feststellen, d. vorhand. [ENTITY] ist weit gefährlicher als Atommüll &gt; strahlende Gesichter in Aussicht d. MACHT",1,0,keine Hassrede,0.9416421055793762
GERMEVAL,PER_ORG_LOC_GENERIC_ENTITY,128,"die [ENTITY] ohne Rückrat [ENTITY] fällt wie zu erwarten gewesen ist doch um. Einfach nur ekelhaft, widerlich und demnächst unter 5%",1,0,keine Hassrede,0.7916960120201111
GERMEVAL,PER_ORG_LOC_GENERIC_ENTITY,129,"Ich freue mich riesig, dass ich in meinem Wahlkreis (297) mit großem Vorsprung wiedergewählt wurde! Mit Mehrheit in allen Gemeinden! Danke!",0,0,keine Hassrede,0.7489094138145447
GERMEVAL,PER_ORG_LOC_GENERIC_ENTITY,130,soskinderdorf Er wollte den Kindern eine Familie geben und keine Wohngruppen mit dauernd wechselnden Personal.,0,0,keine Hassrede,0.9755348563194275
GERMEVAL,PER_ORG_LOC_GENERIC_ENTITY,131,[ENTITY] wirklich das eine Krähe der anderen ein Auge aus hackt?,0,0,keine Hassrede,0.6791916489601135
GERMEVAL,PER_ORG_LOC_GENERIC_ENTITY,132,"[ENTITY] JuedischeOnline Die Mär vom »unausweichlichen Dienst in [ENTITY]« ist längst geschichtswissenschaftlich widerlegt worden. Außerdem meldete [ENTITY] sich [ENTITY] zur [ENTITY]; unterstützte so ideologisch das deutsche [ENTITY]! Er war genauso ein Teil des Holocaust, wie jeder andere Nazi auch!",0,0,keine Hassrede,0.5701261162757874
GERMEVAL,PER_ORG_LOC_GENERIC_ENTITY,133,"AuswaertigesAmt IHRA_news Scheinheilige Heuchler !!! Ist es nicht das [ENTITY], das viele Menschen als Menschen Dritter oder gar Vierter Klasse behandelt ?!?",1,1,Hassrede,0.7934783101081848
GERMEVAL,PER_ORG_LOC_GENERIC_ENTITY,134,"ZeichenTaten mountainman1977 ThomasMichael71 Das verarmte Proletariat in dem Städten... Dann erklär mal, warum die vom Land in die Städte wanderten. Und warum auch heute noch, vor allem in Entwicklungsländern, Menschen vom Land in die Städte ziehen.",0,0,keine Hassrede,0.5951536297798157
GERMEVAL,PER_ORG_LOC_GENERIC_ENTITY,135,"[ENTITY]: Die öffentlich getragene Kippa ist natürlich eine unnötige Provokation, das öffentlich getragene Kopftuch hingegen ein Zeichen von Vielfalt, das man notfalls einklagt. Antisemitismus in der salonfähigen Version.",0,0,keine Hassrede,0.9114601016044617
GERMEVAL,PER_ORG_LOC_GENERIC_ENTITY,136,[ENTITY] die kleine [ENTITY]...[ENTITY] sagt was Sache ist..! |LBR| HeikoMaas,0,0,keine Hassrede,0.8214923739433289
GERMEVAL,PER_ORG_LOC_GENERIC_ENTITY,137,"[ENTITY],das stimmt. Dann ist das zuständige Sozialamt nen Versuch wert... Viel Glück!",0,0,keine Hassrede,0.8203405737876892
GERMEVAL,PER_ORG_LOC_GENERIC_ENTITY,138,"AfDimBundestag [ENTITY] Wenn die [ENTITY] dieses nicht zu verhindern versteht, dafür wurden sie gewählt, dann ist bald Schluss mit [ENTITY]..!",0,0,keine Hassrede,0.6270307302474976
GERMEVAL,PER_ORG_LOC_GENERIC_ENTITY,139,"Ihr [ENTITY], nicht protestieren, Raketen, die über [ENTITY] fliegen, [ENTITY] abschießen. Bin ich verstanden worden? Sofort umsetzen.",0,0,keine Hassrede,0.9863495826721191
GERMEVAL,PER_ORG_LOC_GENERIC_ENTITY,140,[ENTITY] [ENTITY]? Ist wohl ein schreib Fehler. Der [ENTITY] bildet die Grenze zwischen [ENTITY] und [ENTITY]. Die Kontrolle ist dennoch lange überfällig.,0,0,keine Hassrede,0.8143965601921082
GERMEVAL,PER_ORG_LOC_GENERIC_ENTITY,141,emma_cocos Babsi58089 maybritillner ZDF HeikoMaas nicolabeerfdp [ENTITY] heute Bei dem ist das reine Zeitverschwendung!!,0,0,keine Hassrede,0.5010091066360474
GERMEVAL,PER_ORG_LOC_GENERIC_ENTITY,142,"Polizeihunde in [ENTITY] bekommen jetzt eine Pension. Kinder hungern, Rentner müssen Flaschen sammeln.",0,0,keine Hassrede,0.8617621660232544
GERMEVAL,PER_ORG_LOC_GENERIC_ENTITY,143,1683 haben wir die türken vor [ENTITY]. heute sind die europäer [ENTITY] stärker.,0,0,keine Hassrede,0.7380465865135193
GERMEVAL,PER_ORG_LOC_GENERIC_ENTITY,144,"welt Wir wissen das Merkel, ihre Vasallen,die Lügenpresse und [ENTITY] die Verantwortung dafür tragen! Wer [ENTITY] huldigt, bestellt den Tod!!",1,1,Hassrede,0.6660524010658264
GERMEVAL,PER_ORG_LOC_GENERIC_ENTITY,145,DrDavidBerger Blind ist die Meck-Pomm Schlampe auch noch!,1,0,keine Hassrede,0.7144495844841003
GERMEVAL,PER_ORG_LOC_GENERIC_ENTITY,146,"[ENTITY], [ENTITY], [ENTITY] verneigt sich vor [ENTITY]? Offensichtlich nur um die einst ""abgesägten"" Stuhlbeine aufzuheben und zu verstecken",0,0,keine Hassrede,0.6610813736915588
GERMEVAL,PER_ORG_LOC_GENERIC_ENTITY,147,"Jetzt wieder die typische [ENTITY] Hetze gepaart mit dreisten Lügen.... unmöglich, [ENTITY]",1,1,Hassrede,0.7990102767944336
GERMEVAL,PER_ORG_LOC_GENERIC_ENTITY,148,"[ENTITY], danke für den Hinweis! Wir haben das autodeformierte jetzt manuell korrigiert. /fxn",0,0,keine Hassrede,0.718451976776123
GERMEVAL,PER_ORG_LOC_GENERIC_ENTITY,149,Der Umgang zw. ausländ. und dt. Katholiken in unseren Gemeinden kann zu einem Motor für ein zukunftsweisendes Zusammenleben werden.,0,0,keine Hassrede,0.9634659290313721
GERMEVAL,PER_ORG_LOC_GENERIC_ENTITY,150,[ENTITY] erlebte den grössten Exodus seit [ENTITY] Juden flüchten aus [ENTITY]. Nicht vor Rechten. [ENTITY] Vor Islamisten und Radikalen Muslimen. Und,0,0,keine Hassrede,0.8998104929924011
GERMEVAL,PER_ORG_LOC_GENERIC_ENTITY,151,"[ENTITY] Norbinator2403 ennof_ AthinaMala NancyPeggyMandy info2099 lifetrend ThomasGBauer [ENTITY] charlie_silve NoHerrman willjrosenblatt [ENTITY] ellibisathide MD_Franz Versuchen Sie mal in 20 s einen Mord, Brandlegung und einen Selbstmord und das mit einem Repetiergewehr - der Tote hat offensichtlich nochmal nachgeladen, denn sonst ist eben eine Hülse zuviel.",0,0,keine Hassrede,0.7847553491592407
GERMEVAL,PER_ORG_LOC_GENERIC_ENTITY,152,"ShakRiet pip_news So mach ein ""Gutmensch"" stand schon auf einer zweiten ""[ENTITY]""",0,0,keine Hassrede,0.9837729930877686
GERMEVAL,PER_ORG_LOC_GENERIC_ENTITY,153,"Würde mich ja nicht wundern, wenn diese Deppen Staatsgelder kassieren würden.",1,0,keine Hassrede,0.6877988576889038
GERMEVAL,PER_ORG_LOC_GENERIC_ENTITY,154,[ENTITY] mal ehrlich: [ENTITY] sind nicht so nervig. Die haben nämlich das links-moralisierende Weltbild nicht.,0,0,keine Hassrede,0.9978732466697693
GERMEVAL,PER_ORG_LOC_GENERIC_ENTITY,155,"Aber handelt klug,besonnen.Wir müssen die Feinde benennen,offenlegen,sie überall lächerlich machen.",0,0,keine Hassrede,0.7329727411270142
GERMEVAL,PER_ORG_LOC_GENERIC_ENTITY,156,[ENTITY] [ENTITY] dann [ENTITY] besser macht?,0,0,keine Hassrede,0.8202574849128723
GERMEVAL,PER_ORG_LOC_GENERIC_ENTITY,157,Bundeskanzler [ENTITY] wird sicherlich nicht noch einmal bei [ENTITY] sitzen. Bei einer Frau ohne Anstand keinerlei Erziehung und Achtung vor Andersdenkende. Eine Heuchelnde Anhängerin der Diktatur das ist Frau [ENTITY]. [ENTITY],1,0,keine Hassrede,0.7180269956588745
GERMEVAL,PER_ORG_LOC_GENERIC_ENTITY,158,"Die latente Versuchung in jedem akademischen Umfeld ist wohl, die Schöpfung auf einige interpretative Schemata zu reduzieren und sie so des eigentlichen Mysteriums zu berauben, das ganze Generationen dazu bewegt hat, das unbedingt Notwendige, Gute, [ENTITY] und Wahre zu suchen.",0,0,keine Hassrede,0.621761679649353
GERMEVAL,PER_ORG_LOC_GENERIC_ENTITY,159,Das [ENTITY] spendet 100.000€ aus [ENTITY] an caritas_ci für Erdbebenopfer in [ENTITY] und für geflüchtete Rohingya in [ENTITY].,0,0,keine Hassrede,0.8107490539550781
GERMEVAL,PER_ORG_LOC_GENERIC_ENTITY,160,"qnbechtel hdBerretz faznet Warum auch, denn dann müsste man konsequent auch alle Politiker der Kartellparteien ausschießen die sich rassistisch gegen Deutsche geäußert haben oder es in Zukunft tun.",0,1,Hassrede,0.9803063869476318
GERMEVAL,PER_ORG_LOC_GENERIC_ENTITY,161,"flyingtomoon mortimer_niels deinTherapeut Es is keine Wissenschaft. Wissenschaft falsifiziert und ist ergebnisoffen. Gender Studies sind pure Ideologie, die außer Behauptungen nichts vorweisen können.",1,0,keine Hassrede,0.9687930941581726
GERMEVAL,PER_ORG_LOC_GENERIC_ENTITY,162,"MaxSchiefi Hauptsache du bist gebildet !!! Du Kleiner Arschkriecher, wo keine Eier in der hose hat [ENTITY]",1,0,keine Hassrede,0.8920193314552307
GERMEVAL,PER_ORG_LOC_GENERIC_ENTITY,163,"benniH Nein, da ist mehrfach bloß vom Familiennachzug zu subsidiär Geschützten die Rede.",0,0,keine Hassrede,0.7632737159729004
GERMEVAL,PER_ORG_LOC_GENERIC_ENTITY,164,Boar Redet der Maas Scheisse !!! Der Heuchler!!!,1,1,Hassrede,0.9724787473678589
GERMEVAL,PER_ORG_LOC_GENERIC_ENTITY,165,himbeerhans stfries AuswaertigesAmt 4. zu keinem Zeitpunkt (weder vor noch nach dem Statement) gab es anheizende Appelle oder Äußerungen von offizieller israelischer Seite,0,0,keine Hassrede,0.9883813261985779
GERMEVAL,PER_ORG_LOC_GENERIC_ENTITY,166,"DonBarbone MettManfred ""Ausländer raus"" ist eine reine Meinungsäußerung.",1,0,keine Hassrede,0.9960529208183289
GERMEVAL,PER_ORG_LOC_GENERIC_ENTITY,167,[ENTITY] u Schergen wir [ENTITY] sitzen noch in den Bäumen verarschen uns nach [ENTITY] diese Meineid u Hochverrat Merkel muss weg [ENTITY],0,1,Hassrede,0.9796851277351379
GERMEVAL,PER_ORG_LOC_GENERIC_ENTITY,168,"[ENTITY] allesevolution DerDoktorant ""Race Realists"", die [ENTITY] mit seiner Frage offensichtlich entlarven will, verwenden den Begriff ""Rasse"" wohl eher im Sinne der biologischen Unterart. [ENTITY] Es zeugt von ihrer argumentativen und taktischen Schwäche, dass sie am Begriff ""Rasse"" festhalten.",0,0,keine Hassrede,0.512937068939209
GERMEVAL,PER_ORG_LOC_GENERIC_ENTITY,169,[ENTITY] Gab's auf [ENTITY] noch nie.,0,0,keine Hassrede,0.9876275658607483
GERMEVAL,PER_ORG_LOC_GENERIC_ENTITY,170,"Es folgen Zitate aus der Schrift der [ENTITY] ""Integration fördern - Zusammenleben gestalten"" aus dem Jahr 2004 (!).",0,0,keine Hassrede,0.7778908014297485
GERMEVAL,PER_ORG_LOC_GENERIC_ENTITY,171,Sakoelabo [ENTITY] ja. [ENTITY] können wir Männer uns zumindest nicht.,1,0,keine Hassrede,0.8079796433448792
GERMEVAL,PER_ORG_LOC_GENERIC_ENTITY,172,"Der Islam hat mit Gewalt zu tun, sagt der Islamwissenschaftler [ENTITY].",0,1,Hassrede,0.6914434432983398
GERMEVAL,PER_ORG_LOC_GENERIC_ENTITY,173,"ainyrockstar welt Ich finde Zynismus bei diesem Thema geschmacklos. [ENTITY] Vielmehr beschäftigt mich die Frage: Was tue ich gegen dieses himmelschreiende Unrecht? [ENTITY] Der Staat unternimmt nichts, wie auch bei [ENTITY]. [ENTITY] mit [ENTITY]",0,0,keine Hassrede,0.9529160261154175
GERMEVAL,PER_ORG_LOC_GENERIC_ENTITY,174,"Alles Gute, lieber [ENTITY] ([ENTITY]) zum Geburtstag. Hoffentlich der letzte in türkischer Haft! Für mich sind Sie ein Held!",0,0,keine Hassrede,0.9507628083229065
GERMEVAL,PER_ORG_LOC_GENERIC_ENTITY,175,Flüchtlinge aus [ENTITY] berichten über ihr Leben in der umkämpften [ENTITY] und ihre gefährliche Flucht in die Sicherheit.,0,0,keine Hassrede,0.7568067312240601
GERMEVAL,PER_ORG_LOC_GENERIC_ENTITY,176,Mit der [ENTITY] wird es keinen Islam-Feiertag geben.,0,0,keine Hassrede,0.966486930847168
GERMEVAL,PER_ORG_LOC_GENERIC_ENTITY,177,"In [ENTITY] gilt unsere Leitkultur, bei der Integration ist sie der Maßstab.",0,0,keine Hassrede,0.9056915044784546
GERMEVAL,PER_ORG_LOC_GENERIC_ENTITY,178,"IvyandWoe Ich weiß halt, wie man Frauen zum Miauen bringt",1,1,Hassrede,0.5503330230712891
GERMEVAL,PER_ORG_LOC_GENERIC_ENTITY,179,KonseqLiberal MiataMuc hilbig_hilbig Was bist Du denn für ne Schwuchtel?,1,0,keine Hassrede,0.9151917099952698
GERMEVAL,PER_ORG_LOC_GENERIC_ENTITY,180,[ENTITY] hat mehrere Grundgesetze eiskalt übergangen! Kein Flüchtling ist laut Gesetz in [ENTITY] asylberechtigt[ENTITY],0,0,keine Hassrede,0.7492733001708984
GERMEVAL,PER_ORG_LOC_GENERIC_ENTITY,181,"Gerade auf [ENTITY] ""Die neuen Waffen des Terrors"" mitbekommen ! [ENTITY] FÜR EIN SCHEIß!! [ENTITY] [ENTITY], dann KEIN Terror!",1,1,Hassrede,0.9791042804718018
GERMEVAL,PER_ORG_LOC_GENERIC_ENTITY,182,"Mich freut, dass die Zivilgesellschaft unglaublich mobilisiert worden ist.“ EKD-RV landesbischof Bedford-Strohm zum Reformationsjubiläum [ENTITY] [ENTITY] ist eine Schande für [ENTITY]. Und eine Peinlichkeit für JEDE Partei. [ENTITY] INSULT [ENTITY] frisst sich durch die Welt sie passt schon nicht mehr auf einen 16 zu 9 Bildschirm Servicezeit [ENTITY] [ENTITY] INSULT pmaurus UrsUrsen Gar nicht erst abschalten! /sth [ENTITY] [ENTITY] Sieht man ja an [ENTITY]. Die ist immer noch nicht Kanzlerin weil die bösen Männer sie einfach nicht lassen... OTHER OTHER [ENTITY] Ich habe ein Problem mit dem Katholizismus, dem Judentun, der russischen Bevölkerung und mit Neonazis. [ENTITY] MeliDeluxe da fällt mir gleich die kippe aus der Fresse ,bei dem Anblick [ENTITY] erschüttert darüber,dass [ENTITY] nicht nur d. Einzug geschafft hat,sondern auch noch so stark im [ENTITY] vertreten sein wird BTW17 noafd [ENTITY] OTHER _teatimecookie_ Einen Mann dazu zu bringen wäre, wie Euch Frauen dazu zu bringen, nicht mehr in Schaufenstern voller Schuhe zu glotzen. [ENTITY] Die Frage nach dem Sinn des Lebens wird deshalb immer wieder gestellt, weil den Menschen die offensichtliche Antwort nicht behagt. [ENTITY] hubertus_knabe da passt jemand auf :-) Im Frühjahr 2016 ist die Publikation verfügbar, das Manuskript ist so gut wie fertig. [ENTITY] auf [ENTITY]: Stichtagsregelung für Geflüchtete in [ENTITY] - das kann man diskutieren."" [ENTITY]",0,0,keine Hassrede,0.5623963475227356
GERMEVAL,PER_ORG_LOC_GENERIC_ENTITY,183,"[ENTITY] ist keine dreiköpfige „Zelle“, sondern eine ""homegrown""- also hiesige -Terrororganisation erster Klasse. |LBR| Schluss also mit ständigen Verharmlosungen, [ENTITY] und Vertuschungen im Namen der Gerechtigkeit und des [ENTITY] siegen",0,0,keine Hassrede,0.8083435297012329
GERMEVAL,PER_ORG_LOC_GENERIC_ENTITY,184,"Es mutet schon seltsam an, dass [ENTITY] [ENTITY] [ENTITY]; [ENTITY], die weiter Lohndrückerei, [ENTITY] und Leiharbeit in [ENTITY] fördern, sich erneut die Diäten erhöht haben. Ich jedenfalls stimmte gestern gegen die von Großer Koalition plus [ENTITY] beantragte [ENTITY]",0,1,Hassrede,0.6503607630729675
GERMEVAL,PER_ORG_LOC_GENERIC_ENTITY,185,"[ENTITY] haben Sie gegen den Besuch einer [ENTITY]? Warum verrate ich Ihrer Meinung nach meine Werte, wenn ich das verlange?",0,0,keine Hassrede,0.9346508383750916
GERMEVAL,PER_ORG_LOC_GENERIC_ENTITY,186,"EKD-RV: ""Wir dürfen uns auf die Generation 2017 freuen und wollen die erfolgreichen Jugendprojekte dauerhaft in [ENTITY] verankern.""",0,0,keine Hassrede,0.9047645330429077
GERMEVAL,PER_ORG_LOC_GENERIC_ENTITY,187,Mit [ENTITY] geht es mehr und mehr bergab wann begreift ihr das endlich?,0,0,keine Hassrede,0.9062870144844055
GERMEVAL,PER_ORG_LOC_GENERIC_ENTITY,188,"[ENTITY] wird überleben und auferstehen! Danke dir Schweiz,[ENTITY]",0,0,keine Hassrede,0.9299435019493103
GERMEVAL,PER_ORG_LOC_GENERIC_ENTITY,189,"a_huebner_law NLPete007 [ENTITY] Inku_Lux herrfranken Wie überall, sind Frauen zu bequem oder zu untalentiert.",1,0,keine Hassrede,0.7769635915756226
GERMEVAL,PER_ORG_LOC_GENERIC_ENTITY,190,"Im September 2017 hatten die Wähler in [ENTITY] entschieden. Heute ist [ENTITY]; eine Regierung ist noch weit entfernt. Es widert mich an, dass sicherlich bis Februar / März Personen, wie [ENTITY] (sigmargabriel) noch volle Gehälter bekommen.",0,0,keine Hassrede,0.8929663300514221
GERMEVAL,PER_ORG_LOC_GENERIC_ENTITY,191,"Tuberkulose wurde vermehrt von Flüchtlingen in [ENTITY] eingeschleppt. [ENTITY] Nicht nur dass sie von unser Geld leben, nein jetzt bringen sie auch noch Seuchen mit ins Land. Dank inkompetenter Politiker offener Grenzen, Bahnhofsklatscher und Toleranz Fanatiker.",1,0,keine Hassrede,0.8581345677375793
GERMEVAL,PER_ORG_LOC_GENERIC_ENTITY,192,"Meyermit_ey maurice_breuer Die Solidarrente ist ein Punkt für Dich, welche aber auch nur nötig ist, weil Arbeitgeber durch eine zu geringe Lohnzahlung subventioniert werden. Kita hast Du ja schon selbst beantwortet. /TN",0,0,keine Hassrede,0.9953258037567139
GERMEVAL,PER_ORG_LOC_GENERIC_ENTITY,193,[ENTITY] [ENTITY] hat doch Eier in der Hose.,0,0,keine Hassrede,0.5781992673873901
GERMEVAL,PER_ORG_LOC_GENERIC_ENTITY,194,[ENTITY] ich auch dafür. Man sollte aber auch monatlich unsere Politiker auf ihren Geisteszustand prüfen.,1,0,keine Hassrede,0.8100711703300476
GERMEVAL,PER_ORG_LOC_GENERIC_ENTITY,195,"maurice_breuer Meyermit_ey Am Kindergeld ist in meinen Augen nur zu kritisieren, dass es eine Gießkannenverteilung ist. Wie so oft in der Entlastung von Bürgern. /TN",0,0,keine Hassrede,0.9893478751182556
GERMEVAL,PER_ORG_LOC_GENERIC_ENTITY,196,"Grundschüler können zwar nicht richtig lesen, schreiben und rechnen, aber das braucht man für [ENTITY] ja auch nicht.",1,0,keine Hassrede,0.8719577193260193
GERMEVAL,PER_ORG_LOC_GENERIC_ENTITY,197,"Rund 200-300 Demonstrierende bei pro-palästinensischer Kundgebung am [ENTITY]. Alles halbwegs ruhig, keine auffälligen Flaggen. [ENTITY]",0,0,keine Hassrede,0.9424997568130493
GERMEVAL,PER_ORG_LOC_GENERIC_ENTITY,198,"In dir muss brennen, was du in anderen entzünden willst. [ENTITY] Nach [ENTITY]",0,0,keine Hassrede,0.5589989423751831
GERMEVAL,PER_ORG_LOC_GENERIC_ENTITY,199,impressivaMicha [ENTITY] war das Kanonenfutter für Kurz.,0,0,keine Hassrede,0.9211066961288452
GERMEVAL,PER_ONLY,0,"KonseqLiberal Ja, das Konzept kennst Du weder von Frau noch Mann",0,0,keine Hassrede,0.9328188300132751
GERMEVAL,PER_ONLY,1,Dieser [PER] ist eine Gefahr für Deutschland! Gut das er nicht mehr im Bundestag sitzt. ....maischberger,1,1,Hassrede,0.587859570980072
GERMEVAL,PER_ONLY,2,"wie strunzdumm die Moderatorin der AktuelleStunde ist, erkennt man daran dass sie mit Enten spricht und sie selber wieder einmal an ihren fettigen Haaren WDR",1,1,Hassrede,0.67384934425354
GERMEVAL,PER_ONLY,3,"Gestern waren wir in Vorarlberg und haben [PER] Buch ""Verleitung zum Aufstand"" vorgestellt!",0,0,keine Hassrede,0.8404902815818787
GERMEVAL,PER_ONLY,4,KokoLores100 Dummheit hat einen Namen! SEEHOFER!!!!,1,0,keine Hassrede,0.8920608758926392
GERMEVAL,PER_ONLY,5,Hab das ungute Gefühl das ich heute wieder gesperrt werde,0,1,Hassrede,0.536149263381958
GERMEVAL,PER_ONLY,6,Die Botschaft von Weihnachten wird niemand zerstören können EKD Landesbischof Bedford-Strohm im ZDFspezial,0,0,keine Hassrede,0.9973726272583008
GERMEVAL,PER_ONLY,7,KrahMax AfD hat schon teilweise schräge Vögel...doch das haben die anderen auch! |LBR| Aber sie hat ihre Chance verdient und nach 4jahren wird abgerechnet,0,0,keine Hassrede,0.9022970199584961
GERMEVAL,PER_ONLY,8,so nun mach dich auch Frau Kraft SPD NRW die Taschen voll politisch war sie ja eine Niete,1,0,keine Hassrede,0.733208179473877
GERMEVAL,PER_ONLY,9,[PER] auf die verdammten Asyl Schmarotzer,1,0,keine Hassrede,0.7811555862426758
GERMEVAL,PER_ONLY,10,thom2805 Kittypunk7 Hast Du Dich mit der Geschichte des Nahostkonflikts überhaupt mal beschäftigt? Du klingst nämlich nicht so.,0,0,keine Hassrede,0.8955790400505066
GERMEVAL,PER_ONLY,11,"InfoTweepNL: pegida [PER] multikulti |LBR| stop eussr |LBR| stop |LBR| So sieht Zersetzung aus! OTHER OTHER Botschafter einbestellen,ausweisen,US-Truppen raus aus Deutschland! OTHER OTHER Wenn Islamkritiker zensiert werden und über muslimische Feiertage debattiert wird, weiß man, was die Zukunft bringt. OFFENSE ABUSE GermanyWatcher balleryna |LBR| Sehe mir auch jede Demo von Dresden und Leipzig an. Kann leider nicht selber hinfahren. OTHER OTHER musevg Und ich finde Ihre Schuldzuschreibung an die SPD 2013 arg mager"". Denn die Linke hat sich da wahrlich nicht koalitionsfähig präsentiert. Dass die SPD sich - weit überwiegend - nach radikal links abzugrenzen vermag, verbuche ich auf ihrer Haben-Seite.",0,0,keine Hassrede,0.70368891954422
GERMEVAL,PER_ONLY,12,dushanwegner AmadeuAntonio |LBR| Es wäre sehr sinnvoll die Aktionen und Verflechtungen der Linken Antifantenbrut zu prüfen und zu Dokumentieren,1,1,Hassrede,0.5345144271850586
GERMEVAL,PER_ONLY,13,MiataMuc Und weil ich gleichzeitig so süüüß bin,0,0,keine Hassrede,0.9259819984436035
GERMEVAL,PER_ONLY,14,"[PER] BILD Schreiben Sie wieder für - wie Sie so schön formulierten: ""die einfachen Menschen""? Schreiben Sie doch mal zum Thema Kanzler-U-Bahn - zum BER, die täglich gewartet wird!",0,0,keine Hassrede,0.9671298265457153
GERMEVAL,PER_ONLY,15,"Vier Wochen Theater hat genervt, vier Jahre wären schlimmer gewesen JamaikaAbbruch",0,1,Hassrede,0.6990488767623901
GERMEVAL,PER_ONLY,16,"[PER] Die_Gruenen cem_oezdemir Ich weiß ja Nicht, ob Deine Schwester eine minderjährige Töchter hat, auf die Du scharf bist.",1,0,keine Hassrede,0.5730264782905579
GERMEVAL,PER_ONLY,17,sylbewerber PolizeiBerlin_E Kann es sein das ihre Schaukel als Kind zu nahe an der Wand gestanden hat??? Nur mal so als frage.,1,0,keine Hassrede,0.997835636138916
GERMEVAL,PER_ONLY,18,Kann mir [PER] seine streams nicht geben und wie ist es bei euch?,0,0,keine Hassrede,0.90667325258255
GERMEVAL,PER_ONLY,19,"[PER] als durchgeknallter ""Führer"" &amp; Israel ""brutale Unterdrückung"" vorwerfen. Wie konnte das passieren? Wer ist verantwortlich?",0,1,Hassrede,0.544158399105072
GERMEVAL,PER_ONLY,20,KoppOnline Die Türken dringen hier ein und wollen uns ihre Art zu |LBR| leben aufzwingen. Und beschimpfen unsere regierenden Weicheier |LBR| als Nazis.,1,1,Hassrede,0.998968780040741
GERMEVAL,PER_ONLY,21,[PER]_ Leider nicht. Soll ich in der Geschäftsstelle nachfragen?,0,0,keine Hassrede,0.7824091911315918
GERMEVAL,PER_ONLY,22,[PER] [PER] ...was hast du dir nur dabei gedacht..?,0,0,keine Hassrede,0.8002418875694275
GERMEVAL,PER_ONLY,23,"[PER] helmut_hedrich Obwohl, nimmt man ihre, also [PER], ANTIDEUTSCHEn Antrengungen, als LEISTUNG, dann sind ihre Taten schon übermotiviert ! Sie schadet den DEUTSCHEN in mörderischen Eifer !!Und eine Witzfigur ist sie ohne Zweifel !",1,1,Hassrede,0.9713975787162781
GERMEVAL,PER_ONLY,24,"Nicht die Grünen oder Linken sind gefährlich,die größten Verbrecher sind Sozialdemokraten!",1,0,keine Hassrede,0.8985950350761414
GERMEVAL,PER_ONLY,25,"Das größte menschliche Gebet bittet nicht um den Sieg, sondern um Frieden. [PER]",0,0,keine Hassrede,0.9989979863166809
GERMEVAL,PER_ONLY,26,"[PER], [PER] ""Für die Grünen geht es abwärts"" &gt; verstehe ich nicht, wo sie uns doch nun auch die Kosten für den ""Kohleausstieg"" aufbürden",0,0,keine Hassrede,0.5062429904937744
GERMEVAL,PER_ONLY,27,"Ernst_1895 Typische Deutsche. Kehrwoche, Gutmensch, Kinderfeind (wenn sie keinen Bart haben)",1,0,keine Hassrede,0.9482524991035461
GERMEVAL,PER_ONLY,28,Die Zahl arabischer Rekruten in der israelischen Armee steigt rasant. Die BBC hat eine Dokumentation über sie gedreht. Israel BBCArabic,0,0,keine Hassrede,0.8862203359603882
GERMEVAL,PER_ONLY,29,Die gesellschaftlichen Bemühungen um die Integration von Migranten wurzeln in den im Grundgesetz normierten Grundwerten.,0,0,keine Hassrede,0.9964773058891296
GERMEVAL,PER_ONLY,30,Ich beobachte in letzter Zeit auffäll. Aktivitäten an d. ehemal. Grenzübergangseinrichtungen in PL. Das hat sicher nichts mit [PER] zu tun,0,0,keine Hassrede,0.9450040459632874
GERMEVAL,PER_ONLY,31,BrosiusRolf [PER] Das Heer ehemaliger Soldaten die im Kalten Krieg gekämpft haben. Ist jederzeit in der Lage diese Regierung zu stürzen.,0,0,keine Hassrede,0.6191714406013489
GERMEVAL,PER_ONLY,32,"Kardinal [PER] bei der ekdsnyode in Bonn: ""Man muss daran festhalten, dass der gute Grund unserer Zukunft nicht Menschenwerk ist, sondern Gottes Gnade allein.""",0,0,keine Hassrede,0.8363427519798279
GERMEVAL,PER_ONLY,33,"KueddeR uebermedien Ah, jetzt, ja. Danke! (Ich hatte nicht verstanden, was der Tweet bedeuten sollte.)",0,1,Hassrede,0.6320803761482239
GERMEVAL,PER_ONLY,34,"SchafDas dornkobold Hat es die jemals gegeben, oder hat man das dem deutschen Volk nur vorgespielt!?",0,1,Hassrede,0.6473928689956665
GERMEVAL,PER_ONLY,35,[PER] wird bleiben und Glaser niemals Vizepräsident.,0,0,keine Hassrede,0.8467326760292053
GERMEVAL,PER_ONLY,36,[PER] Da Sie wie ich sehe Jude sind und weiß. Sollten Sie sich eher Gedanken machen über den zunehmenden Antisemitismus aus den Reihen des Islam. Dort spielt nicht einmal die Hautfarbe eine Rolle.,0,1,Hassrede,0.6493046283721924
GERMEVAL,PER_ONLY,37,Unser Zorn gibt uns die Kraft zum Widerstand.,0,0,keine Hassrede,0.5242589116096497
GERMEVAL,PER_ONLY,38,Junge_Freiheit krippmarie Und wer beliefert uns dann mit dem überteuerten Strom?,0,0,keine Hassrede,0.9288190603256226
GERMEVAL,PER_ONLY,39,"[PER] Woher will [PER] denn wissen, was ich auf Halbmast setze?",0,0,keine Hassrede,0.8278251886367798
GERMEVAL,PER_ONLY,40,Bei einer Militäroperation im Bundesstaat Rakhaing (Myanmar) sind über 1.000 Häuser der ethnischen Minderheit Rohingya zerstört worden.,0,1,Hassrede,0.5164250135421753
GERMEVAL,PER_ONLY,41,Frau [PER] meine Meinung dazu ist sie sollten uns mit ihrem Pferdegebiss nicht weiter belästigen WDR,1,0,keine Hassrede,0.7496020793914795
GERMEVAL,PER_ONLY,42,ritaka9 Hartes_Geld Alles steht schon in den Startlöchern ....der deutsche wird regelrecht entmannt und immer noch keine Gegenwehr.,0,1,Hassrede,0.5518980026245117
GERMEVAL,PER_ONLY,43,[PER] ich das Wort schon höre Transgender,1,0,keine Hassrede,0.6869546175003052
GERMEVAL,PER_ONLY,44,"SteinbachErika InesHenkler Aber es wird bestimmt jemanden geben, der jedes Gramm an ihr liebt",0,0,keine Hassrede,0.8817660808563232
GERMEVAL,PER_ONLY,45,Hartes_Geld So hat es in Schweden auch begonnen. Mit Burka ist man auf jedenfall sicherer als in 90ies Outfit. Das waren noch Zeiten.,1,0,keine Hassrede,0.7451280355453491
GERMEVAL,PER_ONLY,46,"Aufgehts100 Birdie51411736 MartinSchulz Dieses verlogene unechte Surfen auf dem von oben vorgegeben, vom Volk mit gerechtfertigtem Argwohn beäugten, Europawahn kotzt mich dermaßen ab. Ging mir schon vor drei Jahren so, als Merkel wie bescheuert damit begann",0,1,Hassrede,0.987637460231781
GERMEVAL,PER_ONLY,47,Varg_I_Veum tagesschau Verlogene [PER] Der arme Hund |LBR| Hetze,1,1,Hassrede,0.9762659072875977
GERMEVAL,PER_ONLY,48,[PER] Einen schönen Tag wünsche ich [PER],0,0,keine Hassrede,0.9372413158416748
GERMEVAL,PER_ONLY,49,Der Islam hat sich in den Sechzigern nicht integriert warum geht ihr davon aus dass er sich jetzt integrieren möchte? So dumm kann doch kein Mensch sein. [PER],1,0,keine Hassrede,0.969099223613739
GERMEVAL,PER_ONLY,50,"olewahr MartinDomig Sag ihm, er ist ein Sexist und Nazi, wenn er [PER] gut findet.",0,1,Hassrede,0.9778903722763062
GERMEVAL,PER_ONLY,51,Subotnik1 _[PER] Für welche Todesurteile - gegen die Mindeststards des UN-Zivilpaktes und im Rahmen eines systematischen Angriffs auf eine Bevölkerung - ist [PER] persönlich verantwortlich?,0,1,Hassrede,0.9809784293174744
GERMEVAL,PER_ONLY,52,[PER]. Gibt es nivcht. Frauen schlafen für gewöhnlich nicht mit statusniederen Männern.,1,0,keine Hassrede,0.9979646801948547
GERMEVAL,PER_ONLY,53,"sternde Eine Partei die die Schwulen Ehe forciert, schießt sich ein Eigentor, und ist da wo sie jetzt ist. Nicht Wählbar.",0,0,keine Hassrede,0.8235985040664673
GERMEVAL,PER_ONLY,54,[PER] doch [PER] wenn du mehr Redeanteil von Frauen hören willst,1,0,keine Hassrede,0.8970250487327576
GERMEVAL,PER_ONLY,55,"Sedona_gr ""Sammelklagen"" gibt es in Deutschland nicht und grundsätzlich können nur Betroffene einen Fall durch die Instanzen klagen. Das kann natürlich passieren &amp; solche Vorhaben würden (und wurden) von uns auch unterstützt!",0,0,keine Hassrede,0.9459053874015808
GERMEVAL,PER_ONLY,56,"Aus aktuellem Anlass: |LBR| ""Steueroase"" = Ein böser Ort, an dem die Steuern niedriger sind als hier, und das geht ja wohl mal gar nicht!",0,1,Hassrede,0.6613584756851196
GERMEVAL,PER_ONLY,57,Ich sage nochmal DANKE SCHWEIZ! Ihr seid die Freiheitskämpfer Europas!,0,0,keine Hassrede,0.9791845083236694
GERMEVAL,PER_ONLY,58,Antrag Synodalvertretung an altkatholisch|e Synode: In der Finanzkommission sollen mindestens 3 Laien &amp; 1 Geistliche/r sein aksynode16,0,0,keine Hassrede,0.8751716613769531
GERMEVAL,PER_ONLY,59,Unbequeme Wahrheit: |LBR| Sexuelle Belästigung ist ein aufgebauschtes Problem.,1,0,keine Hassrede,0.9569807052612305
GERMEVAL,PER_ONLY,60,"Die AfD im Deutschen Bundestag polemisiert gegen eine angemessene finanzielle Entschädigung der Abgeordneten, gibt aber in ihrer Fraktion mehrere zehntausend Euro für Schnittchen und Mettigel aus. Bigotterie deluxe.",0,0,keine Hassrede,0.6359823346138
GERMEVAL,PER_ONLY,61,Da fordern also die Türken Gerechtigkeit für die Türkei. In |LBR| Österreich. Wir haben Euch schon im 17. Jahrhundert davongejagt.,1,0,keine Hassrede,0.6654097437858582
GERMEVAL,PER_ONLY,62,Ich bin entsetzt über den Anschlag in barcelona. Meine Gedanken sind bei den Opfern. Hass und Gewalt dürfen nicht siegen.,0,0,keine Hassrede,0.9014659523963928
GERMEVAL,PER_ONLY,63,"InesHenkler brosel_werner Ich weiß, Männer haben dreierlei Maß - das übertriebene Maß, das Wunschmaß und die oft bittere Realität",0,0,keine Hassrede,0.9443486928939819
GERMEVAL,PER_ONLY,64,mz_Wittenberg Und? Täter noch nicht ermittelt und hart bestraft?,0,0,keine Hassrede,0.7365083694458008
GERMEVAL,PER_ONLY,65,SteinbachErika Das lassen die nicht zu....und wenn sie gegen ihren eigenen Willen festgehalten werden... |LBR| Es ist leicht nach einzureisen...aber raus?,0,0,keine Hassrede,0.8695312142372131
GERMEVAL,PER_ONLY,66,"[PER] CDU CSU spdde Die_Gruenen dieLinke fdp katholisch_de EKD Deutschland ein Irrenhaus....ich will nach Miami, ob mir wohl jemand ein Strandhaus schenkt..?",0,1,Hassrede,0.6981022357940674
GERMEVAL,PER_ONLY,67,Spekulant1 SZ EveRoll entschuldigung. sie verstehen ja grad nicht mal ihre eigenen worte,0,0,keine Hassrede,0.9406580328941345
GERMEVAL,PER_ONLY,68,ZeichenTaten mountainman1977 ThomasMichael71 Handel ist Win-Win |LBR| Sonst käme er nicht zustande.,0,0,keine Hassrede,0.980442464351654
GERMEVAL,PER_ONLY,69,SnarkySchnauzer MiriamOzen Asyl Industrie läuft. Man sollte mal fragen wieviel Geld er bekommen hat.,0,0,keine Hassrede,0.692061185836792
GERMEVAL,PER_ONLY,70,"Widerlich, dieser [PER]. Ohne Rücksicht auf die Bienen. Dieses |LBR| Stück Gewissenlosigkeit muss abgewählt und davongejagt werden.",1,1,Hassrede,0.9789193868637085
GERMEVAL,PER_ONLY,71,"[PER] SpotifyDE Geht zu Spotify,das ist eure Einstellung angemessen!",0,0,keine Hassrede,0.9936647415161133
GERMEVAL,PER_ONLY,72,S_Inez_Aust fröhlicher gruß aus der hauptstadt werteste,0,0,keine Hassrede,0.9878412485122681
GERMEVAL,PER_ONLY,73,Wir müssen der schwarzen Fahne des IS den Wind und damit dem IS die Macht nehmen. Er darf uns und unsere Leben nicht länger beherrschen.,0,1,Hassrede,0.9842899441719055
GERMEVAL,PER_ONLY,74,EU-Faschismus Scootergate Sämtliche deutsche MSM wieder mal beim Arschlecken des ukrainischen Putschregimes,1,1,Hassrede,0.9579066634178162
GERMEVAL,PER_ONLY,75,AfD_Support Wieso ist so ein linker Anarchist noch auf freien Fuß.Einsperren und verschimmeln lassen,1,0,keine Hassrede,0.86677086353302
GERMEVAL,PER_ONLY,76,"WELTnews Remigration als Lösung für dieses Problem. |LBR| Keine moslems, keine starkpigmentierten = keine blödsinnsbehörde",1,0,keine Hassrede,0.9954696893692017
GERMEVAL,PER_ONLY,77,DoraBromberger DuHugonotte Hauptsache was für die BILD gemacht!,0,0,keine Hassrede,0.915137767791748
GERMEVAL,PER_ONLY,78,"China_Welt_News Unterkunft, normales Essen und Trinken! Schluß! Sie sind keine Sozialtouristen auf unsere Kosten!",1,0,keine Hassrede,0.9951909780502319
GERMEVAL,PER_ONLY,79,"[PER] sieht Meinungsfreiheit in Deutschland aus, dank dieser Volksverräterin Merkel!! |LBR| Herzlichen Willkommen in der DDR 2.0! Es wird Zeit",1,0,keine Hassrede,0.7850177884101868
GERMEVAL,PER_ONLY,80,Keine Überraschung: Auch [PER] darf in der AfD bleiben.,0,0,keine Hassrede,0.9333637356758118
GERMEVAL,PER_ONLY,81,"Das System kann uns Pack nennen,darauf bin ich stolz! [PER] als eine Hure dieses Systems zu sein!",1,0,keine Hassrede,0.7466334700584412
GERMEVAL,PER_ONLY,82,"[PER] bringt nichts. Bleiben sie geboten vernünftig. Wir stehen auf der Seite der Opfer, ich hoffe Sie auch.",0,0,keine Hassrede,0.9979864954948425
GERMEVAL,PER_ONLY,83,[PER] Frau = weiblich [PER] = männlich,0,0,keine Hassrede,0.8267428278923035
GERMEVAL,PER_ONLY,84,BonkeKolja Da sagen wir doch mal : herzlichen Glückwunsch!,0,0,keine Hassrede,0.9954023361206055
GERMEVAL,PER_ONLY,85,"Unser Mitgefühl gilt der Familie des Opfers der schrecklichen Tat in Barmbek. Großer Respekt allen,die mutig Zivilcourage gezeigt haben (1)",0,0,keine Hassrede,0.9910739660263062
GERMEVAL,PER_ONLY,86,"Ich war,bin und werde immer Nationaldemokrat sein!",0,0,keine Hassrede,0.9535660147666931
GERMEVAL,PER_ONLY,87,GoeringEckardt Die_Gruenen Wie läuft das dann: Ehe nicht vollzogen? [PER] Das galt doch bis jetzt? Dann wurde annulliert oder geschieden,0,0,keine Hassrede,0.7481991052627563
GERMEVAL,PER_ONLY,88,GiorgioVienna Richtig! Danke für den Hinweis!,0,0,keine Hassrede,0.7189121842384338
GERMEVAL,PER_ONLY,89,Was soll dass 220.000 Invasoren dürfen kommen + Familiennachzug u Hunderttausende die an der DE Grenze dass Wort Asyl stammeln können |LBR| AFD,1,0,keine Hassrede,0.5742933750152588
GERMEVAL,PER_ONLY,90,"blacknarga300 Titania0001 [PER], du findest das witzig, na wir werden sehen, „Wer zuletzt lacht“....",0,0,keine Hassrede,0.9398558139801025
GERMEVAL,PER_ONLY,91,"[PER] Immer dran denken, dass Islam Frieden bedeutet und der Rechtspopulismus die größte Gefahr ist.",1,0,keine Hassrede,0.9988037347793579
GERMEVAL,PER_ONLY,92,m0rpheouz Hausfrau4ever Das ist so nicht richtig. Bei Schleimpilzen gibt es mehrere Geschlechter. Bis zu 13.,0,0,keine Hassrede,0.828281819820404
GERMEVAL,PER_ONLY,93,"Also,keine Freunde hier,sondern Besatzer und Feinde!",0,1,Hassrede,0.6773861050605774
GERMEVAL,PER_ONLY,94,[PER] War doch nur ein „Polenböller“,0,0,keine Hassrede,0.9708731770515442
GERMEVAL,PER_ONLY,95,"MonikaBergholz1 Maronen(Esskastanien) am besten schon gekochte, alles in Pfanne braten und ab durch den Mixer - mit getrockneten Steinpilzen auch sehr lecker.",0,0,keine Hassrede,0.874905526638031
GERMEVAL,PER_ONLY,96,"maybritillner Was hat diese Partei an, sie haben keinen Regierungs Auftrag nicht verstanden. Hier wird sich einfach über das Votum der Wählerschaft hinweg gesetzt. Herr [PER]. Nächster Wahltag ist Zahltag.",0,0,keine Hassrede,0.914603054523468
GERMEVAL,PER_ONLY,97,"Hallo Freunde, muss mich doch mal melden, ich hoffe, Ihr seid alle gesund und munter. 5 Wochen in Polen, eine Wohltat für meine Seele.",0,0,keine Hassrede,0.8732693791389465
GERMEVAL,PER_ONLY,98,"Dem Himmel sei Dank, vorerst ist die Vernichtung Deutschlands und der Genozid am DEUTSCHEN VOLK verhindert! Wer die Statements der CDU, der CSU und der Grünen mitbekommen hat, wie sie sich bei der STASI-Trulla bedanken, der weiß wie nahe wir am Untergang waren!",1,0,keine Hassrede,0.8519470691680908
GERMEVAL,PER_ONLY,99,methusalix64 Die_Gruenen Was für ein gruseliges Bild....mir fehlen die Worte.. [PER] Wenn aus Verlierern Sieger werden....dummes dummes Deutschland,0,1,Hassrede,0.8759633302688599
GERMEVAL,PER_ONLY,100,[PER] Gestapo von H.Maas und der Antonio Amadeus Stiftung. Bezahlt mit Steuer Gelder. Knecht von Google.,1,0,keine Hassrede,0.9300928115844727
GERMEVAL,PER_ONLY,101,happyhaidrich3 bleidsamel ExilMengele Wenn Almans das Internet entdecken.immer wieder lustig,0,0,keine Hassrede,0.988311231136322
GERMEVAL,PER_ONLY,102,Solidarität mit ďen Palästinensern! Tŕotzt dem Terror Zions!,1,0,keine Hassrede,0.995233416557312
GERMEVAL,PER_ONLY,103,"FrlUrban Schauen wir mal, vielleicht kann sich die Gewinnerin in dem Fall ja etwas anderes aus dem besagten Shop aussuchen. :-)",0,0,keine Hassrede,0.9142730236053467
GERMEVAL,PER_ONLY,104,"[PER], hmmmmmmmmmmm, schon 12 Stück über den Tag verteilt (8 habe ich noch)",0,0,keine Hassrede,0.9090176224708557
GERMEVAL,PER_ONLY,105,engingalaxy sternde Der Papst würde auch den Arsch des Teufels küssen wenn es ihm nützt,1,0,keine Hassrede,0.8912382125854492
GERMEVAL,PER_ONLY,106,Durch_LAUCH_t Ich verstehe seinen Tweet offenbar anders. Nämlich als Aufruf zu neuen Gesetzen.,0,0,keine Hassrede,0.959143877029419
GERMEVAL,PER_ONLY,107,"aberth66 MatthiasMeisner 3. Antisemitismus unter Muslime ist ein großes Problem, was nicht ignoriert werden darf. Dieser Antisemitismus ist aber auch tief verwurzelt in der ganzen Nazibrut. Kommentare wie von Ihnen bestätigen mich in der Einschätzung, dass hier versucht wird, ein tiefes deutsches Problem",1,1,Hassrede,0.6773493885993958
GERMEVAL,PER_ONLY,108,"patriarchator Die Hetze der Deutschen Lügenpresse, Medienpack und Politiker gegen [PER] werden noch ein böses Ende haben für die Hetzer!!",1,1,Hassrede,0.7185001373291016
GERMEVAL,PER_ONLY,109,"IQ_Stimulator Sich Hintergrundwissen, anzueignen, wissenschaftlich zu arbeiten, und das anerzogene Denken zu hinterfragen wird überbewertet. [PER] ist ein Gewinn für das durch und durch linke System",0,0,keine Hassrede,0.9455749988555908
GERMEVAL,PER_ONLY,110,"Claudia_Mertes ScottiRacer TobiasM_28 Tom174_ Die_Gruenen Wir wissen bereits jetzt, dass die Mehrheit der Migranten keine Syrer sind. Und wir wissen auch, dass in keinem Land in Europa oder der Türkei Krieg herrscht.",0,0,keine Hassrede,0.9720116257667542
GERMEVAL,PER_ONLY,111,Wir brauchen ein deutsches FoxNews jurgenelsasser David_Bendels Dieter_Stein RogerKoeppel,0,1,Hassrede,0.6959179639816284
GERMEVAL,PER_ONLY,112,"Patssai asidealex tagesthemen Lieben Dank für den guten Kommentar- Terror sollte genau das so ziemlich einzige bleiben,was nicht als subjektive ""Normalität"" benannt werden darf. [PER]. [PER] Ich freue mich aufrichtig,dass Sie das alles unbeschadet überstanden haben.",0,0,keine Hassrede,0.8007540702819824
GERMEVAL,PER_ONLY,113,"Wen immer die CSU heute als Seehofer-Nachfolger nominiert hätte - das Medienecho wäre negativ gewesen: zu tricky, zu lahm, zu lieb oder zu unbekannt. Bei [PER] haben es die Unions-Gegner freilich am einfachsten. Feindbild",0,0,keine Hassrede,0.6048257350921631
GERMEVAL,PER_ONLY,114,Gebetsmühlenartige Aufrufe dem Terror nur zu trotzen sind Zeichen der Unfähigkeit dieser Politiker wirksam gegen diesen vorzugehen!,0,1,Hassrede,0.6214327812194824
GERMEVAL,PER_ONLY,115,Tagesschau Ihr seit solche verlogenen Arschlöcher !!!,1,1,Hassrede,0.9731684923171997
GERMEVAL,PER_ONLY,116,"connor_larkin kjempeslu Schon mitgekriegt, dass wir in einer repräsentativen Demokratie leben?",0,0,keine Hassrede,0.9402006268501282
GERMEVAL,PER_ONLY,117,"FeePatzer Sowas nennt man Ermittlungsarbeit. Herausfinden, was geschehen ist. Unschuldsvermutung. Rechtsstaat. Ein Polizeirevier ist kein weibliche Klatschparty mit der besten Freundin.",1,0,keine Hassrede,0.9981130361557007
GERMEVAL,PER_ONLY,118,"AlexNeuber [PER] Als Geschlecht noch kein Kriterium war, hatte die SPD mehr Erfolg beim Wähler.",0,0,keine Hassrede,0.9376243352890015
GERMEVAL,PER_ONLY,119,"DrDavidBerger Einsammeln und ab nach Palästina,Demonstrierverbot für Ausländer.Was diese Moslems machen ist Landfriedensbruch.Ein Grund sie schnellstens abzuschieben!",1,1,Hassrede,0.9080012440681458
GERMEVAL,PER_ONLY,120,SPIEGEL_Politik roland01962 Nazi Lügenpresse und Merkel Vasallen hetzen weiter gegen Trump!!,1,1,Hassrede,0.9673046469688416
GERMEVAL,PER_ONLY,121,[PER] erzähl mal :-) /TN,0,0,keine Hassrede,0.9850857853889465
GERMEVAL,PER_ONLY,122,Hartes_Geld Solch ein grünes Ergebnis hätte den deutschen so gut getan... [PER] In regiert wer gewinnt...nur in dürfen Verlierer weiter regieren...!!,0,0,keine Hassrede,0.724647045135498
GERMEVAL,PER_ONLY,123,SJW_MadBunny machtjanix23 Steffmann45 troll_putin petpanther0 mastermikeg Norbinator2403 ennof_ AthinaMala NancyPeggyMandy info2099 lifetrend ThomasGBauer SchmiddieMaik charlie_silve NoHerrman willjrosenblatt [PER] ellibisathide MD_Franz Bitte Waffe nicht vergessen auf Daktys zu untersuchen - und Schmauchspuren - die fehlten bei [PER] und [PER] auch an den Händen.,0,0,keine Hassrede,0.6848158836364746
GERMEVAL,PER_ONLY,124,Warum soll die natürliche Selektion in Afrika bekämpft werden? Zu |LBR| viele Menschen haben eben nicht genug zu essen. Geburtenkontrolle!,1,0,keine Hassrede,0.9207295179367065
GERMEVAL,PER_ONLY,125,Mama_arbeitet annika_schach herr_unbekannnt Frauen sind repräsentiert. Durch von Frauen gewählte Abgeordnete. Das Geschlecht ist dabei völlig egal.,0,0,keine Hassrede,0.9414020776748657
GERMEVAL,PER_ONLY,126,"[PER] doch endlich alle Islamisten und Grünen sowie Linke ,Raus aus Deutschland !!!! Schon ist ruhe !!!",1,1,Hassrede,0.8231571316719055
GERMEVAL,PER_ONLY,127,"Für mich kann ich nur feststellen, d. vorhand. Politikermüll ist weit gefährlicher als Atommüll &gt; strahlende Gesichter in Aussicht d. MACHT",1,0,keine Hassrede,0.9589178562164307
GERMEVAL,PER_ONLY,128,"die Partei ohne Rückrat SPD fällt wie zu erwarten gewesen ist doch um. Einfach nur ekelhaft, widerlich und demnächst unter 5%",1,0,keine Hassrede,0.9590206742286682
GERMEVAL,PER_ONLY,129,"Ich freue mich riesig, dass ich in meinem Wahlkreis (297) mit großem Vorsprung wiedergewählt wurde! Mit Mehrheit in allen Gemeinden! Danke!",0,0,keine Hassrede,0.7489094138145447
GERMEVAL,PER_ONLY,130,soskinderdorf Er wollte den Kindern eine Familie geben und keine Wohngruppen mit dauernd wechselnden Personal.,0,0,keine Hassrede,0.9755348563194275
GERMEVAL,PER_ONLY,131,[PER] wirklich das eine Krähe der anderen ein Auge aus hackt?,0,0,keine Hassrede,0.7798060774803162
GERMEVAL,PER_ONLY,132,"[PER] JuedischeOnline Die Mär vom »unausweichlichen Dienst in Auschwitz« ist längst geschichtswissenschaftlich widerlegt worden. Außerdem meldete [PER] sich FREIWILLIG zur SS &amp; unterstützte so ideologisch das deutsche NS-System! Er war genauso ein Teil des Holocaust, wie jeder andere Nazi auch!",0,0,keine Hassrede,0.5985094308853149
GERMEVAL,PER_ONLY,133,"AuswaertigesAmt IHRA_news Scheinheilige Heuchler !!! Ist es nicht das Auswärtige Amt, das viele Menschen als Menschen Dritter oder gar Vierter Klasse behandelt ?!?",1,1,Hassrede,0.8118591904640198
GERMEVAL,PER_ONLY,134,"ZeichenTaten mountainman1977 ThomasMichael71 Das verarmte Proletariat in dem Städten... Dann erklär mal, warum die vom Land in die Städte wanderten. Und warum auch heute noch, vor allem in Entwicklungsländern, Menschen vom Land in die Städte ziehen.",0,0,keine Hassrede,0.5951536297798157
GERMEVAL,PER_ONLY,135,"Merke: Die öffentlich getragene Kippa ist natürlich eine unnötige Provokation, das öffentlich getragene Kopftuch hingegen ein Zeichen von Vielfalt, das man notfalls einklagt. Antisemitismus in der salonfähigen Version.",0,0,keine Hassrede,0.9551392197608948
GERMEVAL,PER_ONLY,136,KokoLores20 Ja die kleine [PER]...[PER] sagt was Sache ist..! |LBR| HeikoMaas,0,0,keine Hassrede,0.9271677732467651
GERMEVAL,PER_ONLY,137,"anked RubenNeugebauer Oh,das stimmt. Dann ist das zuständige Sozialamt nen Versuch wert... Viel Glück!",0,0,keine Hassrede,0.7752255797386169
GERMEVAL,PER_ONLY,138,"AfDimBundestag [PER] Wenn die AfD Alice_Weidel dieses nicht zu verhindern versteht, dafür wurden sie gewählt, dann ist bald Schluss mit AfD..!",0,0,keine Hassrede,0.8208087086677551
GERMEVAL,PER_ONLY,139,"Ihr Japaner, nicht protestieren, Raketen, die über Eure Inseln fliegen, |LBR| abschießen. Bin ich verstanden worden? Sofort umsetzen.",0,0,keine Hassrede,0.970490574836731
GERMEVAL,PER_ONLY,140,anna_IIna Deutsche Polizei? Ist wohl ein schreib Fehler. Der Brenner bildet die Grenze zwischen Italien und Österreich. Die Kontrolle ist dennoch lange überfällig.,0,0,keine Hassrede,0.9283338785171509
GERMEVAL,PER_ONLY,141,emma_cocos Babsi58089 maybritillner ZDF HeikoMaas nicolabeerfdp cem_oezdemir WaltrautDunz heute Bei dem ist das reine Zeitverschwendung!!,0,0,keine Hassrede,0.7589542269706726
GERMEVAL,PER_ONLY,142,"Polizeihunde in Deutschland bekommen jetzt eine Pension. Kinder hungern, Rentner müssen Flaschen sammeln.",0,0,keine Hassrede,0.8653067946434021
GERMEVAL,PER_ONLY,143,1683 haben wir die türken vor wien davongejagt. heute sind die europäer |LBR| stärker.,0,0,keine Hassrede,0.8062252402305603
GERMEVAL,PER_ONLY,144,"welt Wir wissen das Merkel, ihre Vasallen,die Lügenpresse und [PER] die Verantwortung dafür tragen! Wer [PER] huldigt, bestellt den Tod!!",1,1,Hassrede,0.707726001739502
GERMEVAL,PER_ONLY,145,DrDavidBerger Blind ist die Meck-Pomm Schlampe auch noch!,1,0,keine Hassrede,0.7144495844841003
GERMEVAL,PER_ONLY,146,"[PER], [PER], [PER] verneigt sich vor [PER]? Offensichtlich nur um die einst ""abgesägten"" Stuhlbeine aufzuheben und zu verstecken",0,0,keine Hassrede,0.7712858319282532
GERMEVAL,PER_ONLY,147,"Jetzt wieder die typische AfD Hetze gepaart mit dreisten Lügen.... unmöglich, [PER]",1,0,keine Hassrede,0.5943489670753479
GERMEVAL,PER_ONLY,148,"[PER], danke für den Hinweis! Wir haben das autodeformierte jetzt manuell korrigiert. /fxn",0,0,keine Hassrede,0.7647623419761658
GERMEVAL,PER_ONLY,149,Der Umgang zw. ausländ. und dt. Katholiken in unseren Gemeinden kann zu einem Motor für ein zukunftsweisendes Zusammenleben werden.,0,0,keine Hassrede,0.9634659290313721
GERMEVAL,PER_ONLY,150,Frankreich erlebte den grössten Exodus seit [PER] Juden flüchten aus Europa. Nicht vor Rechten. [PER] Vor Islamisten und Radikalen Muslimen. Und,0,0,keine Hassrede,0.937928318977356
GERMEVAL,PER_ONLY,151,"[PER] Norbinator2403 ennof_ AthinaMala NancyPeggyMandy info2099 lifetrend ThomasGBauer SchmiddieMaik charlie_silve NoHerrman willjrosenblatt [PER] ellibisathide MD_Franz Versuchen Sie mal in 20 s einen Mord, Brandlegung und einen Selbstmord und das mit einem Repetiergewehr - der Tote hat offensichtlich nochmal nachgeladen, denn sonst ist eben eine Hülse zuviel.",0,0,keine Hassrede,0.7483022809028625
GERMEVAL,PER_ONLY,152,"ShakRiet pip_news So mach ein ""Gutmensch"" stand schon auf einer zweiten ""[PER]""",0,0,keine Hassrede,0.9864591360092163
GERMEVAL,PER_ONLY,153,"Würde mich ja nicht wundern, wenn diese Deppen Staatsgelder kassieren würden.",1,0,keine Hassrede,0.6877988576889038
GERMEVAL,PER_ONLY,154,KonseqLiberal Jetzt mal ehrlich: FDP-Jugendliche sind nicht so nervig. Die haben nämlich das links-moralisierende Weltbild nicht.,0,0,keine Hassrede,0.9937121272087097
GERMEVAL,PER_ONLY,155,"Aber handelt klug,besonnen.Wir müssen die Feinde benennen,offenlegen,sie überall lächerlich machen.",0,0,keine Hassrede,0.7329727411270142
GERMEVAL,PER_ONLY,156,offbeat24 |LBR| Obs dann [PER] besser macht?,0,0,keine Hassrede,0.9253552556037903
GERMEVAL,PER_ONLY,157,Bundeskanzler [PER] wird sicherlich nicht noch einmal bei [PER] sitzen. Bei einer Frau ohne Anstand keinerlei Erziehung und Achtung vor Andersdenkende. Eine Heuchelnde Anhängerin der Diktatur das ist Frau [PER]. [PER],1,0,keine Hassrede,0.7328166961669922
GERMEVAL,PER_ONLY,158,"Die latente Versuchung in jedem akademischen Umfeld ist wohl, die Schöpfung auf einige interpretative Schemata zu reduzieren und sie so des eigentlichen Mysteriums zu berauben, das ganze Generationen dazu bewegt hat, das unbedingt Notwendige, Gute, [PER] und Wahre zu suchen.",0,0,keine Hassrede,0.6023609638214111
GERMEVAL,PER_ONLY,159,Das ebmuc spendet 100.000€ aus Katastrophenfonds an caritas_ci für Erdbebenopfer in Mexiko und für geflüchtete Rohingya in Bangladesch.,0,0,keine Hassrede,0.8106318116188049
GERMEVAL,PER_ONLY,160,"qnbechtel hdBerretz faznet Warum auch, denn dann müsste man konsequent auch alle Politiker der Kartellparteien ausschießen die sich rassistisch gegen Deutsche geäußert haben oder es in Zukunft tun.",0,1,Hassrede,0.9803063869476318
GERMEVAL,PER_ONLY,161,"flyingtomoon mortimer_niels deinTherapeut Es is keine Wissenschaft. Wissenschaft falsifiziert und ist ergebnisoffen. Gender Studies sind pure Ideologie, die außer Behauptungen nichts vorweisen können.",1,0,keine Hassrede,0.9687930941581726
GERMEVAL,PER_ONLY,162,"MaxSchiefi Hauptsache du bist gebildet !!! Du Kleiner Arschkriecher, wo keine Eier in der hose hat !!!",1,0,keine Hassrede,0.8624887466430664
GERMEVAL,PER_ONLY,163,"benniH Nein, da ist mehrfach bloß vom Familiennachzug zu subsidiär Geschützten die Rede.",0,0,keine Hassrede,0.7632737159729004
GERMEVAL,PER_ONLY,164,Boar Redet der Maas Scheisse !!! Der Heuchler!!!,1,1,Hassrede,0.9724787473678589
GERMEVAL,PER_ONLY,165,himbeerhans stfries AuswaertigesAmt 4. zu keinem Zeitpunkt (weder vor noch nach dem Statement) gab es anheizende Appelle oder Äußerungen von offizieller israelischer Seite,0,0,keine Hassrede,0.9883813261985779
GERMEVAL,PER_ONLY,166,"DonBarbone MettManfred ""Ausländer raus"" ist eine reine Meinungsäußerung.",1,0,keine Hassrede,0.9960529208183289
GERMEVAL,PER_ONLY,167,[PER] u Schergen wir DE sitzen noch in den Bäumen verarschen uns nach Strich u Faden diese Meineid u Hochverrat Merkel muss weg |LBR| AFD,0,1,Hassrede,0.9792397618293762
GERMEVAL,PER_ONLY,168,"BenjyR01 allesevolution DerDoktorant ""Race Realists"", die Doktorant mit seiner Frage offensichtlich entlarven will, verwenden den Begriff ""Rasse"" wohl eher im Sinne der biologischen Unterart. |LBR| Es zeugt von ihrer argumentativen und taktischen Schwäche, dass sie am Begriff ""Rasse"" festhalten.",0,1,Hassrede,0.5879446864128113
GERMEVAL,PER_ONLY,169,[PER] Gab's auf Burg Schreckenstein noch nie.,0,0,keine Hassrede,0.9561914801597595
GERMEVAL,PER_ONLY,170,"Es folgen Zitate aus der Schrift der Deutschen Bischofskonferenz ""Integration fördern - Zusammenleben gestalten"" aus dem Jahr 2004 (!).",0,0,keine Hassrede,0.8066657781600952
GERMEVAL,PER_ONLY,171,Sakoelabo [PER] ja. Hochschlafen können wir Männer uns zumindest nicht.,1,0,keine Hassrede,0.7601706385612488
GERMEVAL,PER_ONLY,172,"Der Islam hat mit Gewalt zu tun, sagt der Islamwissenschaftler [PER].",0,1,Hassrede,0.7434267401695251
GERMEVAL,PER_ONLY,173,"ainyrockstar welt Ich finde Zynismus bei diesem Thema geschmacklos. [PER] Vielmehr beschäftigt mich die Frage: Was tue ich gegen dieses himmelschreiende Unrecht? |LBR| Der Staat unternimmt nichts, wie auch bei Dauerkindesmissbrauch Kinderehen. [PER] mit LeylaBilge",0,0,keine Hassrede,0.9721225500106812
GERMEVAL,PER_ONLY,174,"Alles Gute, lieber [PER] ([PER]) zum Geburtstag. Hoffentlich der letzte in türkischer Haft! Für mich sind Sie ein Held!",0,0,keine Hassrede,0.9331392049789429
GERMEVAL,PER_ONLY,175,Flüchtlinge aus Mossul berichten über ihr Leben in der umkämpften Stadt und ihre gefährliche Flucht in die Sicherheit.,0,0,keine Hassrede,0.7717344164848328
GERMEVAL,PER_ONLY,176,Mit der CSU wird es keinen Islam-Feiertag geben.,0,0,keine Hassrede,0.9738950133323669
GERMEVAL,PER_ONLY,177,"In Deutschland gilt unsere Leitkultur, bei der Integration ist sie der Maßstab.",0,0,keine Hassrede,0.9402815699577332
GERMEVAL,PER_ONLY,178,"IvyandWoe Ich weiß halt, wie man Frauen zum Miauen bringt",1,1,Hassrede,0.5503330230712891
GERMEVAL,PER_ONLY,179,KonseqLiberal MiataMuc hilbig_hilbig Was bist Du denn für ne Schwuchtel?,1,0,keine Hassrede,0.9151917099952698
GERMEVAL,PER_ONLY,180,[PER] hat mehrere Grundgesetze eiskalt übergangen! Kein Flüchtling ist laut Gesetz in Deutschland asylberechtigt! Basta!!!,0,0,keine Hassrede,0.7079769372940063
GERMEVAL,PER_ONLY,181,"Gerade auf N-TV ""Die neuen Waffen des Terrors"" mitbekommen ! WAS FÜR EIN SCHEIß!! RAUS MIT MOSLEMS, dann KEIN Terror!",1,1,Hassrede,0.8866407871246338
GERMEVAL,PER_ONLY,182,"Mich freut, dass die Zivilgesellschaft unglaublich mobilisiert worden ist.“ EKD-RV landesbischof Bedford-Strohm zum Reformationsjubiläum OTHER OTHER Beatrix_vStorch [PER] ist eine Schande für Deutschland. Und eine Peinlichkeit für JEDE Partei. OFFENSE INSULT [PER] frisst sich durch die Welt sie passt schon nicht mehr auf einen 16 zu 9 Bildschirm Servicezeit WDR OFFENSE INSULT pmaurus UrsUrsen Gar nicht erst abschalten! /sth OTHER OTHER PaulRoegler Tomahrweiler conny_asf tagesspiegel Sieht man ja an [PER]. Die ist immer noch nicht Kanzlerin weil die bösen Männer sie einfach nicht lassen... OTHER OTHER [PER] Ich habe ein Problem mit dem Katholizismus, dem Judentun, der russischen Bevölkerung und mit Neonazis. OFFENSE ABUSE MeliDeluxe da fällt mir gleich die kippe aus der Fresse ,bei dem Anblick OTHER OTHER TBB erschüttert darüber,dass AfD nicht nur d. Einzug geschafft hat,sondern auch noch so stark im Bundestag vertreten sein wird BTW17 noafd OTHER OTHER _teatimecookie_ Einen Mann dazu zu bringen wäre, wie Euch Frauen dazu zu bringen, nicht mehr in Schaufenstern voller Schuhe zu glotzen. OFFENSE ABUSE Die Frage nach dem Sinn des Lebens wird deshalb immer wieder gestellt, weil den Menschen die offensichtliche Antwort nicht behagt. OTHER OTHER hubertus_knabe da passt jemand auf :-) Im Frühjahr 2016 ist die Publikation verfügbar, das Manuskript ist so gut wie fertig. OTHER OTHER Bundesinnenminister auf Kirchentag: Stichtagsregelung für Geflüchtete in Deutschland - das kann man diskutieren."" dekt17",0,0,keine Hassrede,0.5586600303649902
GERMEVAL,PER_ONLY,183,"NSU ist keine dreiköpfige „Zelle“, sondern eine ""homegrown""- also hiesige -Terrororganisation erster Klasse. |LBR| Schluss also mit ständigen Verharmlosungen, Verniedlichungen und Vertuschungen im Namen der Gerechtigkeit und des Deutschen Volkes! Möge die Gerechtigkeit siegen",0,0,keine Hassrede,0.8287519216537476
GERMEVAL,PER_ONLY,184,"Es mutet schon seltsam an, dass CDU CSU SPD &amp; FDP, die weiter Lohndrückerei, Armutslöhne und Leiharbeit in Deutschland fördern, sich erneut die Diäten erhöht haben. Ich jedenfalls stimmte gestern gegen die von Großer Koalition plus FDP beantragte Diätensteigerung!",0,0,keine Hassrede,0.5515569448471069
GERMEVAL,PER_ONLY,185,"[PER] haben Sie gegen den Besuch einer KZ-Gedenkstätte? Warum verrate ich Ihrer Meinung nach meine Werte, wenn ich das verlange?",0,0,keine Hassrede,0.9385834336280823
GERMEVAL,PER_ONLY,186,"EKD-RV: ""Wir dürfen uns auf die Generation 2017 freuen und wollen die erfolgreichen Jugendprojekte dauerhaft in Wittenberg verankern.""",0,0,keine Hassrede,0.9105476140975952
GERMEVAL,PER_ONLY,187,Mit Deutschland geht es mehr und mehr bergab wann begreift ihr das endlich?,0,0,keine Hassrede,0.9572299718856812
GERMEVAL,PER_ONLY,188,"Europa wird überleben und auferstehen! Danke dir Schweiz,Land der Freiheit!",0,0,keine Hassrede,0.9886163473129272
GERMEVAL,PER_ONLY,189,"a_huebner_law NLPete007 [PER] Inku_Lux herrfranken Wie überall, sind Frauen zu bequem oder zu untalentiert.",1,0,keine Hassrede,0.8332237601280212
GERMEVAL,PER_ONLY,190,"Im September 2017 hatten die Wähler in Deutschland entschieden. Heute ist Silvester2017 &amp; eine Regierung ist noch weit entfernt. Es widert mich an, dass sicherlich bis Februar / März Personen, wie [PER] (sigmargabriel) noch volle Gehälter bekommen.",0,0,keine Hassrede,0.8715018630027771
GERMEVAL,PER_ONLY,191,"Tuberkulose wurde vermehrt von Flüchtlingen in Deutschland eingeschleppt. |LBR| Nicht nur dass sie von unser Geld leben, nein jetzt bringen sie auch noch Seuchen mit ins Land. Dank inkompetenter Politiker offener Grenzen, Bahnhofsklatscher und Toleranz Fanatiker.",1,0,keine Hassrede,0.8922167420387268
GERMEVAL,PER_ONLY,192,"Meyermit_ey maurice_breuer Die Solidarrente ist ein Punkt für Dich, welche aber auch nur nötig ist, weil Arbeitgeber durch eine zu geringe Lohnzahlung subventioniert werden. Kita hast Du ja schon selbst beantwortet. /TN",0,0,keine Hassrede,0.9953258037567139
GERMEVAL,PER_ONLY,193,[PER] FDP hat doch Eier in der Hose.,0,0,keine Hassrede,0.7379602789878845
GERMEVAL,PER_ONLY,194,[PER] ich auch dafür. Man sollte aber auch monatlich unsere Politiker auf ihren Geisteszustand prüfen.,1,0,keine Hassrede,0.8778232932090759
GERMEVAL,PER_ONLY,195,"maurice_breuer Meyermit_ey Am Kindergeld ist in meinen Augen nur zu kritisieren, dass es eine Gießkannenverteilung ist. Wie so oft in der Entlastung von Bürgern. /TN",0,0,keine Hassrede,0.9893478751182556
GERMEVAL,PER_ONLY,196,"Grundschüler können zwar nicht richtig lesen, schreiben und rechnen, aber das braucht man für Gender-Studies ja auch nicht.",1,0,keine Hassrede,0.9439617395401001
GERMEVAL,PER_ONLY,197,"Rund 200-300 Demonstrierende bei pro-palästinensischer Kundgebung am Washingtonplatz. Alles halbwegs ruhig, keine auffälligen Flaggen. berlin",0,0,keine Hassrede,0.9747518301010132
GERMEVAL,PER_ONLY,198,"In dir muss brennen, was du in anderen entzünden willst. [PER] Nach [PER]",0,0,keine Hassrede,0.6880261898040771
GERMEVAL,PER_ONLY,199,impressivaMicha [PER] war das Kanonenfutter für Kurz.,0,0,keine Hassrede,0.951275646686554
GERMEVAL,ORG_ONLY,0,"KonseqLiberal Ja, das Konzept kennst Du weder von Frau noch Mann",0,0,keine Hassrede,0.9328188300132751
GERMEVAL,ORG_ONLY,1,Dieser Volker Beck ist eine Gefahr für Deutschland! Gut das er nicht mehr im [ORG] sitzt. [ORG],1,0,keine Hassrede,0.6999956965446472
GERMEVAL,ORG_ONLY,2,"wie strunzdumm die Moderatorin der AktuelleStunde ist, erkennt man daran dass sie mit Enten spricht und sie selber wieder einmal an ihren fettigen Haaren [ORG]",1,1,Hassrede,0.571902871131897
GERMEVAL,ORG_ONLY,3,"Gestern waren wir in Vorarlberg und haben Michael Genners Buch ""Verleitung zum Aufstand"" vorgestellt!",0,0,keine Hassrede,0.8373558521270752
GERMEVAL,ORG_ONLY,4,KokoLores100 Dummheit hat einen Namen! [ORG]!!!!,1,0,keine Hassrede,0.9269165992736816
GERMEVAL,ORG_ONLY,5,[ORG] das ungute Gefühl das ich heute wieder gesperrt werde,0,0,keine Hassrede,0.5614143013954163
GERMEVAL,ORG_ONLY,6,Die Botschaft von Weihnachten wird niemand zerstören können [ORG] Landesbischof Bedford-Strohm im ZDFspezial,0,0,keine Hassrede,0.9966869354248047
GERMEVAL,ORG_ONLY,7,[ORG] hat schon teilweise schräge Vögel...doch das haben die anderen auch! |LBR| Aber sie hat ihre Chance verdient und nach 4jahren wird abgerechnet,0,0,keine Hassrede,0.9693350791931152
GERMEVAL,ORG_ONLY,8,so nun mach dich auch Frau Kraft [ORG] NRW die Taschen voll politisch war sie ja eine Niete,1,0,keine Hassrede,0.6964752078056335
GERMEVAL,ORG_ONLY,9,Verlierer50 Und Scheißt auf die verdammten Asyl Schmarotzer,1,0,keine Hassrede,0.8303736448287964
GERMEVAL,ORG_ONLY,10,thom2805 Kittypunk7 Hast Du Dich mit der Geschichte des Nahostkonflikts überhaupt mal beschäftigt? Du klingst nämlich nicht so.,0,0,keine Hassrede,0.8955790400505066
GERMEVAL,ORG_ONLY,11,"InfoTweepNL: pegida |LBR| mutti multikulti [ORG] eussr |LBR| stop |LBR| So sieht Zersetzung aus! OTHER OTHER Botschafter einbestellen,ausweisen,[ORG] raus aus Deutschland! [ORG] Wenn Islamkritiker zensiert werden und über muslimische Feiertage debattiert wird, weiß man, was die Zukunft bringt. [ORG] GermanyWatcher balleryna |LBR| Sehe mir auch jede Demo von Dresden und Leipzig an. Kann leider nicht selber hinfahren. [ORG] musevg Und ich finde Ihre Schuldzuschreibung an die [ORG] 2013 arg mager"". Denn [ORG] hat sich da wahrlich nicht koalitionsfähig präsentiert. Dass die [ORG] sich - weit überwiegend - nach radikal links abzugrenzen vermag, verbuche ich auf ihrer Haben-Seite.",0,0,keine Hassrede,0.6283581852912903
GERMEVAL,ORG_ONLY,12,dushanwegner AmadeuAntonio |LBR| Es wäre sehr sinnvoll die Aktionen und Verflechtungen der Linken [ORG] zu prüfen und zu Dokumentieren,1,0,keine Hassrede,0.7864187955856323
GERMEVAL,ORG_ONLY,13,MiataMuc Und weil ich gleichzeitig so süüüß bin,0,0,keine Hassrede,0.9259819984436035
GERMEVAL,ORG_ONLY,14,"drumheadberlin [ORG] Schreiben Sie wieder für - wie Sie so schön formulierten: ""die einfachen Menschen""? Schreiben Sie doch mal zum Thema Kanzler-U-Bahn - zum BER, die täglich gewartet wird!",0,0,keine Hassrede,0.9796105623245239
GERMEVAL,ORG_ONLY,15,"Vier Wochen Theater hat genervt, vier Jahre wären schlimmer gewesen JamaikaAbbruch",0,1,Hassrede,0.6990488767623901
GERMEVAL,ORG_ONLY,16,"Westkurvenfan DietmarAmann1 Die_Gruenen cem_oezdemir Ich weiß ja Nicht, ob Deine Schwester eine minderjährige Töchter hat, auf die Du scharf bist.",1,1,Hassrede,0.7621110081672668
GERMEVAL,ORG_ONLY,17,sylbewerber PolizeiBerlin_E Kann es sein das ihre Schaukel als Kind zu nahe an der Wand gestanden hat??? Nur mal so als frage.,1,0,keine Hassrede,0.997835636138916
GERMEVAL,ORG_ONLY,18,Kann mir Rainer seine streams nicht geben und wie ist es bei euch?,0,0,keine Hassrede,0.932512104511261
GERMEVAL,ORG_ONLY,19,"mopo Netanyahu als durchgeknallter ""Führer"" &amp; Israel ""brutale Unterdrückung"" vorwerfen. Wie konnte das passieren? Wer ist verantwortlich?",0,1,Hassrede,0.728551983833313
GERMEVAL,ORG_ONLY,20,[ORG] Die Türken dringen hier ein und wollen uns ihre Art zu |LBR| leben aufzwingen. Und beschimpfen unsere regierenden [ORG] als Nazis.,1,1,Hassrede,0.9989398121833801
GERMEVAL,ORG_ONLY,21,LawTroll LovingAwarenes_ Leider nicht. Soll ich in der Geschäftsstelle nachfragen?,0,0,keine Hassrede,0.9504262208938599
GERMEVAL,ORG_ONLY,22,viceyberg SM100d O dunjahayali ...was hast du dir nur dabei gedacht..?,0,0,keine Hassrede,0.6329393982887268
GERMEVAL,ORG_ONLY,23,"_John_Doe_2018 helmut_hedrich Obwohl, nimmt man ihre, also A. Merkels, ANTIDEUTSCHEn Antrengungen, als LEISTUNG, dann sind ihre Taten schon übermotiviert ! Sie schadet den [ORG] in mörderischen Eifer !!Und eine Witzfigur ist sie ohne Zweifel !",1,1,Hassrede,0.9261849522590637
GERMEVAL,ORG_ONLY,24,"Nicht [ORG] oder [ORG] sind gefährlich,die größten Verbrecher sind [ORG]!",1,0,keine Hassrede,0.990091860294342
GERMEVAL,ORG_ONLY,25,"Das größte menschliche Gebet bittet nicht um den Sieg, sondern um Frieden. Dag Hammarskjöld",0,0,keine Hassrede,0.998869776725769
GERMEVAL,ORG_ONLY,26,"Moin, moin ""Für die [ORG] geht es abwärts"" &gt; verstehe ich nicht, wo sie uns doch nun auch die Kosten für den ""Kohleausstieg"" aufbürden",0,0,keine Hassrede,0.8494124412536621
GERMEVAL,ORG_ONLY,27,"Ernst_1895 Typische Deutsche. Kehrwoche, Gutmensch, Kinderfeind (wenn sie keinen Bart haben)",1,0,keine Hassrede,0.9482524991035461
GERMEVAL,ORG_ONLY,28,Die Zahl arabischer Rekruten in der [ORG] steigt rasant. Die [ORG] hat eine Dokumentation über sie gedreht. Israel BBCArabic,0,0,keine Hassrede,0.9040610790252686
GERMEVAL,ORG_ONLY,29,Die gesellschaftlichen Bemühungen um die Integration von Migranten wurzeln in den im Grundgesetz normierten Grundwerten.,0,0,keine Hassrede,0.9964773058891296
GERMEVAL,ORG_ONLY,30,Ich beobachte in letzter Zeit auffäll. Aktivitäten an d. ehemal. Grenzübergangseinrichtungen in PL. Das hat sicher nichts mit Merkel zu tun,0,0,keine Hassrede,0.9876201152801514
GERMEVAL,ORG_ONLY,31,BrosiusRolf Grals_Hueter RegSprecher Das Heer ehemaliger Soldaten die im Kalten Krieg gekämpft haben. Ist jederzeit in der Lage diese Regierung zu stürzen.,0,1,Hassrede,0.6477057933807373
GERMEVAL,ORG_ONLY,32,"Kardinal Woelki bei der ekdsnyode in Bonn: ""Man muss daran festhalten, dass der gute Grund unserer Zukunft nicht Menschenwerk ist, sondern Gottes Gnade allein.""",0,0,keine Hassrede,0.7991068959236145
GERMEVAL,ORG_ONLY,33,"[ORG] uebermedien Ah, jetzt, ja. [ORG] (Ich hatte nicht verstanden, was der Tweet bedeuten sollte.)",0,0,keine Hassrede,0.8351745009422302
GERMEVAL,ORG_ONLY,34,"SchafDas dornkobold Hat es die jemals gegeben, oder hat man das dem deutschen Volk nur vorgespielt!?",0,1,Hassrede,0.6473928689956665
GERMEVAL,ORG_ONLY,35,Tjark_Limmer Roth wird bleiben und Glaser niemals Vizepräsident.,0,0,keine Hassrede,0.779071569442749
GERMEVAL,ORG_ONLY,36,TheTravel0 focusonline Da Sie wie ich sehe Jude sind und weiß. Sollten Sie sich eher Gedanken machen über den zunehmenden Antisemitismus aus den Reihen des [ORG]. Dort spielt nicht einmal die Hautfarbe eine Rolle.,0,1,Hassrede,0.8336837291717529
GERMEVAL,ORG_ONLY,37,Unser Zorn gibt uns die Kraft zum Widerstand.,0,0,keine Hassrede,0.5242589116096497
GERMEVAL,ORG_ONLY,38,Junge_Freiheit krippmarie Und wer beliefert uns dann mit dem überteuerten Strom?,0,0,keine Hassrede,0.9288190603256226
GERMEVAL,ORG_ONLY,39,"MiataMuc Claudia_Mertes Woher will Claudia denn wissen, was ich auf Halbmast setze?",0,0,keine Hassrede,0.7363878488540649
GERMEVAL,ORG_ONLY,40,Bei einer Militäroperation im Bundesstaat Rakhaing (Myanmar) sind über 1.000 Häuser der ethnischen Minderheit Rohingya zerstört worden.,0,1,Hassrede,0.5164250135421753
GERMEVAL,ORG_ONLY,41,Frau Böttinger meine Meinung dazu ist sie sollten uns mit ihrem Pferdegebiss nicht weiter belästigen [ORG],1,0,keine Hassrede,0.8694792985916138
GERMEVAL,ORG_ONLY,42,[ORG] steht schon in den Startlöchern ....der deutsche wird regelrecht entmannt und immer noch keine Gegenwehr.,0,0,keine Hassrede,0.8064373731613159
GERMEVAL,ORG_ONLY,43,focusonline Wenn ich das Wort schon höre Transgender,1,0,keine Hassrede,0.6912782788276672
GERMEVAL,ORG_ONLY,44,"SteinbachErika InesHenkler Aber es wird bestimmt jemanden geben, der jedes Gramm an ihr liebt",0,0,keine Hassrede,0.8817660808563232
GERMEVAL,ORG_ONLY,45,Hartes_Geld So hat es in Schweden auch begonnen. Mit Burka ist man auf jedenfall sicherer als in 90ies Outfit. Das waren noch Zeiten.,1,0,keine Hassrede,0.7451280355453491
GERMEVAL,ORG_ONLY,46,"Aufgehts100 [ORG] MartinSchulz Dieses verlogene unechte Surfen auf dem von oben vorgegeben, vom Volk mit gerechtfertigtem Argwohn beäugten, Europawahn kotzt mich dermaßen ab. Ging mir schon vor drei Jahren so, als Merkel wie bescheuert damit begann",0,1,Hassrede,0.9899161458015442
GERMEVAL,ORG_ONLY,47,Varg_I_Veum tagesschau Verlogene Doppelmoralistenheuchler |LBR| Der arme Hund |LBR| Hetze,1,1,Hassrede,0.9762610197067261
GERMEVAL,ORG_ONLY,48,kahrs JoshuaStrack Einen schönen Tag wünsche ich Dir Johannes!,0,0,keine Hassrede,0.9076840281486511
GERMEVAL,ORG_ONLY,49,Der Islam hat sich in den Sechzigern nicht integriert warum geht ihr davon aus dass er sich jetzt integrieren möchte? So dumm kann doch kein Mensch sein. |LBR| illner,1,0,keine Hassrede,0.903113842010498
GERMEVAL,ORG_ONLY,50,"olewahr MartinDomig Sag ihm, er ist ein Sexist und Nazi, wenn er Bob gut findet.",0,1,Hassrede,0.983318030834198
GERMEVAL,ORG_ONLY,51,Subotnik1 _anarkitty_ GBA_b_BGH Für welche Todesurteile - gegen die Mindeststards des UN-Zivilpaktes und im Rahmen eines systematischen Angriffs auf eine Bevölkerung - ist Obama persönlich verantwortlich?,0,1,Hassrede,0.9879315495491028
GERMEVAL,ORG_ONLY,52,Sakoelabo ThomasMichael71 Stimmt. Gibt es nivcht. Frauen schlafen für gewöhnlich nicht mit statusniederen Männern.,1,0,keine Hassrede,0.8351778984069824
GERMEVAL,ORG_ONLY,53,"sternde [ORG] die die Schwulen Ehe forciert, schießt sich ein Eigentor, und ist da wo sie jetzt ist. Nicht Wählbar.",0,0,keine Hassrede,0.8237361311912537
GERMEVAL,ORG_ONLY,54,fidelisamica schau doch Pronos wenn du mehr Redeanteil von Frauen hören willst,1,0,keine Hassrede,0.9331220388412476
GERMEVAL,ORG_ONLY,55,"Sedona_gr ""Sammelklagen"" gibt es in Deutschland nicht und grundsätzlich können nur Betroffene einen Fall durch die Instanzen klagen. Das kann natürlich passieren &amp; solche Vorhaben würden (und wurden) von uns auch unterstützt!",0,0,keine Hassrede,0.9459055066108704
GERMEVAL,ORG_ONLY,56,"Aus aktuellem Anlass: |LBR| ""Steueroase"" = Ein böser Ort, an dem die Steuern niedriger sind als hier, und das geht ja wohl mal gar nicht!",0,1,Hassrede,0.6613584756851196
GERMEVAL,ORG_ONLY,57,Ich sage nochmal [ORG]! Ihr seid die Freiheitskämpfer Europas!,0,0,keine Hassrede,0.8276925683021545
GERMEVAL,ORG_ONLY,58,Antrag Synodalvertretung an altkatholisch|e Synode: In der [ORG] sollen mindestens 3 Laien &amp; 1 Geistliche/r sein aksynode16,0,0,keine Hassrede,0.8686258792877197
GERMEVAL,ORG_ONLY,59,Unbequeme Wahrheit: |LBR| Sexuelle Belästigung ist ein aufgebauschtes Problem.,1,0,keine Hassrede,0.9569807052612305
GERMEVAL,ORG_ONLY,60,"Die [ORG] im [ORG] polemisiert gegen eine angemessene finanzielle Entschädigung der [ORG], gibt aber in ihrer Fraktion mehrere zehntausend Euro für Schnittchen und Mettigel aus. Bigotterie deluxe.",0,1,Hassrede,0.5045835375785828
GERMEVAL,ORG_ONLY,61,Da fordern also die Türken Gerechtigkeit für die Türkei. In |LBR| Österreich. Wir haben Euch schon im 17. Jahrhundert davongejagt.,1,0,keine Hassrede,0.6654097437858582
GERMEVAL,ORG_ONLY,62,Ich bin entsetzt über den Anschlag in barcelona. Meine Gedanken sind bei den Opfern. Hass und Gewalt dürfen nicht siegen.,0,0,keine Hassrede,0.9014659523963928
GERMEVAL,ORG_ONLY,63,"InesHenkler brosel_werner Ich weiß, Männer haben dreierlei Maß - das übertriebene Maß, das Wunschmaß und die oft bittere Realität",0,0,keine Hassrede,0.9443486928939819
GERMEVAL,ORG_ONLY,64,mz_Wittenberg Und? Täter noch nicht ermittelt und hart bestraft?,0,0,keine Hassrede,0.7365086078643799
GERMEVAL,ORG_ONLY,65,SteinbachErika Das lassen die nicht zu....und wenn sie gegen ihren eigenen Willen festgehalten werden... |LBR| Es ist leicht nach einzureisen...aber raus?,0,0,keine Hassrede,0.8695317506790161
GERMEVAL,ORG_ONLY,66,"nrwmensch krippmarie [ORG] [ORG] spdde Die_Gruenen dieLinke [ORG] katholisch_de [ORG] Deutschland ein Irrenhaus....ich will nach Miami, ob mir wohl jemand ein Strandhaus schenkt..?",0,1,Hassrede,0.7275211811065674
GERMEVAL,ORG_ONLY,67,Spekulant1 SZ EveRoll entschuldigung. sie verstehen ja grad nicht mal ihre eigenen worte,0,0,keine Hassrede,0.9406582713127136
GERMEVAL,ORG_ONLY,68,ZeichenTaten mountainman1977 ThomasMichael71 Handel ist Win-Win |LBR| Sonst käme er nicht zustande.,0,0,keine Hassrede,0.9804425835609436
GERMEVAL,ORG_ONLY,69,[ORG] läuft. Man sollte mal fragen wieviel Geld er bekommen hat.,0,0,keine Hassrede,0.8935125470161438
GERMEVAL,ORG_ONLY,70,"Widerlich, dieser Schmidt. Ohne Rücksicht auf die Bienen. Dieses |LBR| Stück Gewissenlosigkeit muss abgewählt und davongejagt werden.",1,1,Hassrede,0.9590085744857788
GERMEVAL,ORG_ONLY,71,"janboehm SpotifyDE Geht zu [ORG],das ist eure Einstellung angemessen!",0,0,keine Hassrede,0.9888619184494019
GERMEVAL,ORG_ONLY,72,S_Inez_Aust fröhlicher gruß aus der hauptstadt werteste,0,0,keine Hassrede,0.9878413081169128
GERMEVAL,ORG_ONLY,73,Wir müssen der schwarzen Fahne des [ORG] den Wind und damit dem [ORG] die Macht nehmen. Er darf uns und unsere Leben nicht länger beherrschen.,0,1,Hassrede,0.9621886610984802
GERMEVAL,ORG_ONLY,74,EU-Faschismus Scootergate Sämtliche deutsche MSM wieder mal beim Arschlecken des ukrainischen Putschregimes,1,1,Hassrede,0.9579066038131714
GERMEVAL,ORG_ONLY,75,AfD_Support Wieso ist so ein linker Anarchist noch auf freien Fuß.Einsperren und verschimmeln lassen,1,0,keine Hassrede,0.8667694926261902
GERMEVAL,ORG_ONLY,76,"WELTnews Remigration als Lösung für dieses Problem. |LBR| Keine moslems, keine starkpigmentierten = keine blödsinnsbehörde",1,0,keine Hassrede,0.9954696893692017
GERMEVAL,ORG_ONLY,77,DoraBromberger DuHugonotte Hauptsache was für die [ORG] gemacht!,0,0,keine Hassrede,0.9031214714050293
GERMEVAL,ORG_ONLY,78,"China_Welt_News Unterkunft, normales Essen und Trinken! Schluß! Sie sind keine Sozialtouristen auf unsere Kosten!",1,0,keine Hassrede,0.9951909184455872
GERMEVAL,ORG_ONLY,79,"RegSprecher So sieht Meinungsfreiheit in Deutschland aus, dank dieser Volksverräterin Merkel!! |LBR| Herzlichen Willkommen in der [ORG] 2.0! Es wird Zeit",1,0,keine Hassrede,0.7145348191261292
GERMEVAL,ORG_ONLY,80,Keine Überraschung: Auch Gedeon darf in der [ORG] bleiben.,0,0,keine Hassrede,0.9421466588973999
GERMEVAL,ORG_ONLY,81,"Das System kann uns Pack nennen,darauf bin ich stolz! |LBR| Besser als eine Hure dieses Systems zu sein!",1,0,keine Hassrede,0.9647161364555359
GERMEVAL,ORG_ONLY,82,"Patentingenieur Banalisieren bringt nichts. Bleiben sie geboten vernünftig. Wir stehen auf der Seite der Opfer, ich hoffe Sie auch.",0,0,keine Hassrede,0.9900279641151428
GERMEVAL,ORG_ONLY,83,JennyimWesten _StultaMundi Frau = weiblich |LBR| Mann = männlich,0,0,keine Hassrede,0.7839789390563965
GERMEVAL,ORG_ONLY,84,BonkeKolja Da sagen wir doch mal : herzlichen Glückwunsch!,0,0,keine Hassrede,0.9954023361206055
GERMEVAL,ORG_ONLY,85,"Unser Mitgefühl gilt der Familie des Opfers der schrecklichen Tat in Barmbek. Großer Respekt allen,die mutig Zivilcourage gezeigt haben (1)",0,0,keine Hassrede,0.9910739660263062
GERMEVAL,ORG_ONLY,86,"Ich war,bin und werde immer Nationaldemokrat sein!",0,0,keine Hassrede,0.9535660147666931
GERMEVAL,ORG_ONLY,87,GoeringEckardt Die_Gruenen Wie läuft das dann: Ehe nicht vollzogen? |LBR| Das galt doch bis jetzt? Dann wurde annulliert oder geschieden,0,0,keine Hassrede,0.7781561017036438
GERMEVAL,ORG_ONLY,88,[ORG] für den Hinweis!,0,0,keine Hassrede,0.969143807888031
GERMEVAL,ORG_ONLY,89,Was soll dass 220.000 Invasoren dürfen kommen + Familiennachzug u Hunderttausende die an der [ORG] dass Wort Asyl stammeln können [ORG],1,0,keine Hassrede,0.7074092626571655
GERMEVAL,ORG_ONLY,90,"blacknarga300 Titania0001 Jala_varietas Ach, du findest das witzig, na wir werden sehen, „Wer zuletzt lacht“....",0,0,keine Hassrede,0.9335945844650269
GERMEVAL,ORG_ONLY,91,"stefanolix MiataMuc Immer dran denken, dass Islam Frieden bedeutet und der Rechtspopulismus die größte Gefahr ist.",1,0,keine Hassrede,0.9973635077476501
GERMEVAL,ORG_ONLY,92,m0rpheouz Hausfrau4ever Das ist so nicht richtig. Bei Schleimpilzen gibt es mehrere Geschlechter. Bis zu 13.,0,0,keine Hassrede,0.828281819820404
GERMEVAL,ORG_ONLY,93,"Also,keine Freunde hier,sondern Besatzer und Feinde!",0,1,Hassrede,0.6773861050605774
GERMEVAL,ORG_ONLY,94,Hartes_Geld DuHugonotte War doch nur ein „Polenböller“,0,0,keine Hassrede,0.9400579929351807
GERMEVAL,ORG_ONLY,95,"MonikaBergholz1 Maronen(Esskastanien) am besten schon gekochte, alles in Pfanne braten und ab durch den Mixer - mit getrockneten Steinpilzen auch sehr lecker.",0,0,keine Hassrede,0.874905526638031
GERMEVAL,ORG_ONLY,96,"maybritillner Was hat diese Partei an, sie haben keinen Regierungs Auftrag nicht verstanden. Hier wird sich einfach über das Votum der Wählerschaft hinweg gesetzt. Herr Schulz. Nächster Wahltag ist Zahltag.",0,0,keine Hassrede,0.9121308326721191
GERMEVAL,ORG_ONLY,97,"Hallo Freunde, muss mich doch mal melden, ich hoffe, Ihr seid alle gesund und munter. 5 Wochen in Polen, eine Wohltat für meine Seele.",0,0,keine Hassrede,0.8732693791389465
GERMEVAL,ORG_ONLY,98,"Dem Himmel sei Dank, vorerst ist die Vernichtung Deutschlands und der Genozid am [ORG] verhindert! Wer die Statements der [ORG], der [ORG] und der [ORG] mitbekommen hat, wie sie sich bei der STASI-Trulla bedanken, der weiß wie nahe wir am Untergang waren!",1,0,keine Hassrede,0.7596335411071777
GERMEVAL,ORG_ONLY,99,methusalix64 Die_Gruenen Was für ein gruseliges Bild....mir fehlen die Worte.. |LBR| Wenn aus Verlierern Sieger werden....dummes dummes Deutschland,0,1,Hassrede,0.8937885165214539
GERMEVAL,ORG_ONLY,100,focusonline Internet [ORG] von H.Maas und der [ORG]. Bezahlt mit Steuer Gelder. Knecht von Google.,1,0,keine Hassrede,0.9307565689086914
GERMEVAL,ORG_ONLY,101,happyhaidrich3 bleidsamel ExilMengele Wenn Almans das Internet entdecken.immer wieder lustig,0,0,keine Hassrede,0.988311231136322
GERMEVAL,ORG_ONLY,102,Solidarität mit ďen Palästinensern! Tŕotzt dem [ORG],1,0,keine Hassrede,0.9970794320106506
GERMEVAL,ORG_ONLY,103,"[ORG] Schauen wir mal, vielleicht kann sich die Gewinnerin in dem Fall ja etwas anderes aus dem besagten Shop aussuchen. :-)",0,0,keine Hassrede,0.8871396780014038
GERMEVAL,ORG_ONLY,104,"aschentonne Jaaaaaaaaaa, hmmmmmmmmmmm, schon 12 Stück über den Tag verteilt (8 habe ich noch)",0,0,keine Hassrede,0.6734269857406616
GERMEVAL,ORG_ONLY,105,engingalaxy sternde Der Papst würde auch den Arsch des Teufels küssen wenn es ihm nützt,1,0,keine Hassrede,0.8912382125854492
GERMEVAL,ORG_ONLY,106,Durch_LAUCH_t Ich verstehe seinen Tweet offenbar anders. Nämlich als Aufruf zu neuen Gesetzen.,0,0,keine Hassrede,0.959143877029419
GERMEVAL,ORG_ONLY,107,"[ORG] MatthiasMeisner 3. Antisemitismus unter Muslime ist ein großes Problem, was nicht ignoriert werden darf. Dieser Antisemitismus ist aber auch tief verwurzelt in der ganzen [ORG]. Kommentare wie von Ihnen bestätigen mich in der Einschätzung, dass hier versucht wird, ein tiefes deutsches Problem",1,1,Hassrede,0.6475403308868408
GERMEVAL,ORG_ONLY,108,"patriarchator Die Hetze der Deutschen Lügenpresse, Medienpack und Politiker gegen Trump werden noch ein böses Ende haben für die [ORG]",1,1,Hassrede,0.67364901304245
GERMEVAL,ORG_ONLY,109,"IQ_Stimulator Sich Hintergrundwissen, anzueignen, wissenschaftlich zu arbeiten, und das anerzogene Denken zu hinterfragen wird überbewertet. Maischberger ist ein Gewinn für das durch und durch linke System",0,0,keine Hassrede,0.970549464225769
GERMEVAL,ORG_ONLY,110,"Claudia_Mertes ScottiRacer TobiasM_28 Tom174_ Die_Gruenen Wir wissen bereits jetzt, dass die Mehrheit der Migranten keine Syrer sind. Und wir wissen auch, dass in keinem Land in Europa oder der Türkei Krieg herrscht.",0,0,keine Hassrede,0.9720116257667542
GERMEVAL,ORG_ONLY,111,Wir brauchen ein deutsches [ORG] jurgenelsasser David_Bendels Dieter_Stein RogerKoeppel,0,0,keine Hassrede,0.5416127443313599
GERMEVAL,ORG_ONLY,112,"Patssai asidealex tagesthemen Lieben Dank für den guten Kommentar- Terror sollte genau das so ziemlich einzige bleiben,was nicht als subjektive ""Normalität"" benannt werden darf. Niemals. |LBR| Ich freue mich aufrichtig,dass Sie das alles unbeschadet überstanden haben.",0,0,keine Hassrede,0.8353068828582764
GERMEVAL,ORG_ONLY,113,"Wen immer die [ORG] heute als Seehofer-Nachfolger nominiert hätte - das Medienecho wäre negativ gewesen: zu tricky, zu lahm, zu lieb oder zu unbekannt. Bei Markus_Soeder haben es die Unions-Gegner freilich am einfachsten. Feindbild",0,0,keine Hassrede,0.5074673891067505
GERMEVAL,ORG_ONLY,114,Gebetsmühlenartige Aufrufe dem Terror nur zu trotzen sind Zeichen der Unfähigkeit dieser Politiker wirksam gegen diesen vorzugehen!,0,1,Hassrede,0.6214327812194824
GERMEVAL,ORG_ONLY,115,Tagesschau Ihr seit solche verlogenen Arschlöcher !!!,1,1,Hassrede,0.9731684923171997
GERMEVAL,ORG_ONLY,116,"connor_larkin kjempeslu Schon mitgekriegt, dass wir in einer repräsentativen Demokratie leben?",0,0,keine Hassrede,0.9402006268501282
GERMEVAL,ORG_ONLY,117,"FeePatzer Sowas nennt man Ermittlungsarbeit. Herausfinden, was geschehen ist. Unschuldsvermutung. Rechtsstaat. Ein Polizeirevier ist kein weibliche Klatschparty mit der besten Freundin.",1,0,keine Hassrede,0.9981130361557007
GERMEVAL,ORG_ONLY,118,"[ORG] Kreis_Weseler larsklingbeil Als Geschlecht noch kein Kriterium war, hatte die [ORG] mehr Erfolg beim Wähler.",0,0,keine Hassrede,0.7311975359916687
GERMEVAL,ORG_ONLY,119,"DrDavidBerger Einsammeln und ab nach Palästina,Demonstrierverbot für Ausländer.Was diese Moslems machen ist Landfriedensbruch.Ein Grund sie schnellstens abzuschieben!",1,1,Hassrede,0.9080012440681458
GERMEVAL,ORG_ONLY,120,SPIEGEL_Politik roland01962 Nazi Lügenpresse und Merkel Vasallen hetzen weiter gegen [ORG],1,1,Hassrede,0.9482582807540894
GERMEVAL,ORG_ONLY,121,JensAusBochum Dann erzähl mal :-) /TN,0,0,keine Hassrede,0.9702520966529846
GERMEVAL,ORG_ONLY,122,Hartes_Geld Solch ein grünes Ergebnis hätte den deutschen so gut getan... |LBR| In regiert wer gewinnt...nur in dürfen Verlierer weiter regieren...!!,0,0,keine Hassrede,0.7000898122787476
GERMEVAL,ORG_ONLY,123,[ORG] ennof_ AthinaMala NancyPeggyMandy info2099 lifetrend ThomasGBauer [ORG] charlie_silve NoHerrman willjrosenblatt feldenfrizz nasanasal _macmike ellibisathide MD_Franz Bitte Waffe nicht vergessen auf Daktys zu untersuchen - und Schmauchspuren - die fehlten bei Mundlos und Böhnhardt auch an den Händen.,0,0,keine Hassrede,0.8565109372138977
GERMEVAL,ORG_ONLY,124,Warum soll die natürliche Selektion in Afrika bekämpft werden? Zu |LBR| viele Menschen haben eben nicht genug zu essen. Geburtenkontrolle!,1,0,keine Hassrede,0.9207295179367065
GERMEVAL,ORG_ONLY,125,Mama_arbeitet annika_schach herr_unbekannnt Frauen sind repräsentiert. Durch von Frauen gewählte Abgeordnete. Das Geschlecht ist dabei völlig egal.,0,0,keine Hassrede,0.9414020776748657
GERMEVAL,ORG_ONLY,126,"Schmeisst doch endlich alle Islamisten und [ORG] sowie [ORG] ,[ORG] Deutschland !!!! Schon ist ruhe !!!",1,1,Hassrede,0.8440512418746948
GERMEVAL,ORG_ONLY,127,"Für mich kann ich nur feststellen, d. vorhand. Politikermüll ist weit gefährlicher als Atommüll &gt; strahlende Gesichter in Aussicht d. MACHT",1,0,keine Hassrede,0.9589178562164307
GERMEVAL,ORG_ONLY,128,"die [ORG] ohne Rückrat [ORG] fällt wie zu erwarten gewesen ist doch um. Einfach nur ekelhaft, widerlich und demnächst unter 5%",1,0,keine Hassrede,0.7888540029525757
GERMEVAL,ORG_ONLY,129,"Ich freue mich riesig, dass ich in meinem Wahlkreis (297) mit großem Vorsprung wiedergewählt wurde! Mit Mehrheit in allen Gemeinden! Danke!",0,0,keine Hassrede,0.7489094138145447
GERMEVAL,ORG_ONLY,130,soskinderdorf Er wollte den Kindern eine Familie geben und keine Wohngruppen mit dauernd wechselnden Personal.,0,0,keine Hassrede,0.9755348563194275
GERMEVAL,ORG_ONLY,131,Grals_Hueter Und du glaubst wirklich das eine Krähe der anderen ein Auge aus hackt?,0,0,keine Hassrede,0.7499156594276428
GERMEVAL,ORG_ONLY,132,"Dr_Mauz aegidius DieterSteffmann JuedischeOnline Die Mär vom »unausweichlichen Dienst in Auschwitz« ist längst geschichtswissenschaftlich widerlegt worden. Außerdem meldete Groening sich [ORG] zur [ORG]; unterstützte so ideologisch das deutsche [ORG]! Er war genauso ein Teil des Holocaust, wie jeder andere Nazi auch!",0,1,Hassrede,0.5337966084480286
GERMEVAL,ORG_ONLY,133,"AuswaertigesAmt IHRA_news Scheinheilige Heuchler !!! Ist es nicht das Auswärtige Amt, das viele Menschen als Menschen Dritter oder gar Vierter Klasse behandelt ?!?",1,1,Hassrede,0.8118591904640198
GERMEVAL,ORG_ONLY,134,"ZeichenTaten mountainman1977 ThomasMichael71 Das verarmte Proletariat in dem Städten... Dann erklär mal, warum die vom Land in die Städte wanderten. Und warum auch heute noch, vor allem in Entwicklungsländern, Menschen vom Land in die Städte ziehen.",0,0,keine Hassrede,0.5951536297798157
GERMEVAL,ORG_ONLY,135,"[ORG]: Die öffentlich getragene Kippa ist natürlich eine unnötige Provokation, das öffentlich getragene Kopftuch hingegen ein Zeichen von Vielfalt, das man notfalls einklagt. Antisemitismus in der salonfähigen Version.",0,0,keine Hassrede,0.896434485912323
GERMEVAL,ORG_ONLY,136,KokoLores20 Ja die kleine Heike spurt...Natalia sagt was Sache ist..! |LBR| HeikoMaas,0,0,keine Hassrede,0.9346160292625427
GERMEVAL,ORG_ONLY,137,"anked RubenNeugebauer Oh,das stimmt. Dann ist das zuständige Sozialamt nen Versuch wert... Viel Glück!",0,0,keine Hassrede,0.7752255797386169
GERMEVAL,ORG_ONLY,138,"AfDimBundestag Alice_Weidel Wenn die [ORG] dieses nicht zu verhindern versteht, dafür wurden sie gewählt, dann ist bald Schluss mit [ORG]..!",0,0,keine Hassrede,0.5443851351737976
GERMEVAL,ORG_ONLY,139,"Ihr Japaner, nicht protestieren, Raketen, die über Eure Inseln fliegen, |LBR| abschießen. Bin ich verstanden worden? Sofort umsetzen.",0,0,keine Hassrede,0.970490574836731
GERMEVAL,ORG_ONLY,140,[ORG] [ORG]? Ist wohl ein schreib Fehler. Der Brenner bildet die Grenze zwischen Italien und Österreich. Die Kontrolle ist dennoch lange überfällig.,0,0,keine Hassrede,0.9152790904045105
GERMEVAL,ORG_ONLY,141,emma_cocos Babsi58089 maybritillner ZDF HeikoMaas nicolabeerfdp [ORG] heute Bei dem ist das reine Zeitverschwendung!!,0,1,Hassrede,0.5087710618972778
GERMEVAL,ORG_ONLY,142,"Polizeihunde in Deutschland bekommen jetzt eine Pension. Kinder hungern, Rentner müssen Flaschen sammeln.",0,0,keine Hassrede,0.8653067946434021
GERMEVAL,ORG_ONLY,143,1683 haben wir die türken vor wien davongejagt. heute sind die europäer |LBR| stärker.,0,0,keine Hassrede,0.8062252402305603
GERMEVAL,ORG_ONLY,144,"welt Wir wissen das Merkel, ihre Vasallen,die Lügenpresse und Medienpack die Verantwortung dafür tragen! Wer Merkel huldigt, bestellt den Tod!!",1,1,Hassrede,0.7746769785881042
GERMEVAL,ORG_ONLY,145,DrDavidBerger Blind ist die Meck-Pomm Schlampe auch noch!,1,0,keine Hassrede,0.7144501805305481
GERMEVAL,ORG_ONLY,146,"Moin, moin, Merkel verneigt sich vor Kohl? Offensichtlich nur um die einst ""abgesägten"" Stuhlbeine aufzuheben und zu verstecken",0,0,keine Hassrede,0.9349770545959473
GERMEVAL,ORG_ONLY,147,"Jetzt wieder die typische [ORG] Hetze gepaart mit dreisten Lügen.... unmöglich, Linksfaschist Böhmermann",1,1,Hassrede,0.7862058281898499
GERMEVAL,ORG_ONLY,148,"rotula Hoppla, danke für den Hinweis! Wir haben das autodeformierte jetzt manuell korrigiert. /fxn",0,0,keine Hassrede,0.6508433222770691
GERMEVAL,ORG_ONLY,149,Der Umgang zw. ausländ. und dt. Katholiken in unseren Gemeinden kann zu einem Motor für ein zukunftsweisendes Zusammenleben werden.,0,0,keine Hassrede,0.9634664058685303
GERMEVAL,ORG_ONLY,150,Frankreich erlebte den grössten Exodus seit WW2. Juden flüchten aus Europa. Nicht vor Rechten. |LBR| Vor Islamisten und Radikalen Muslimen. Und,0,0,keine Hassrede,0.9871139526367188
GERMEVAL,ORG_ONLY,151,"Steffmann45 troll_putin petpanther0 mastermikeg machtjanix23 Norbinator2403 ennof_ AthinaMala NancyPeggyMandy info2099 lifetrend ThomasGBauer [ORG] charlie_silve NoHerrman willjrosenblatt feldenfrizz nasanasal _macmike ellibisathide MD_Franz Versuchen Sie mal in 20 s einen Mord, Brandlegung und einen Selbstmord und das mit einem Repetiergewehr - der Tote hat offensichtlich nochmal nachgeladen, denn sonst ist eben eine Hülse zuviel.",0,0,keine Hassrede,0.782052218914032
GERMEVAL,ORG_ONLY,152,"ShakRiet pip_news So mach ein ""Gutmensch"" stand schon auf einer zweiten ""Lohnliste""",0,0,keine Hassrede,0.9812238812446594
GERMEVAL,ORG_ONLY,153,"Würde mich ja nicht wundern, wenn diese Deppen Staatsgelder kassieren würden.",1,0,keine Hassrede,0.6877988576889038
GERMEVAL,ORG_ONLY,154,[ORG] mal ehrlich: [ORG] sind nicht so nervig. Die haben nämlich das links-moralisierende Weltbild nicht.,0,0,keine Hassrede,0.9976540207862854
GERMEVAL,ORG_ONLY,155,"Aber handelt klug,besonnen.Wir müssen die Feinde benennen,offenlegen,sie überall lächerlich machen.",0,0,keine Hassrede,0.7329727411270142
GERMEVAL,ORG_ONLY,156,[ORG] [ORG] dann Schäubele besser macht?,0,0,keine Hassrede,0.8531113266944885
GERMEVAL,ORG_ONLY,157,Bundeskanzler Kurz wird sicherlich nicht noch einmal bei Maischberger sitzen. Bei einer Frau ohne Anstand keinerlei Erziehung und Achtung vor Andersdenkende. Eine Heuchelnde Anhängerin der Diktatur das ist Frau Maischberger. |LBR| maischberger,1,0,keine Hassrede,0.6024965047836304
GERMEVAL,ORG_ONLY,158,"Die latente Versuchung in jedem akademischen Umfeld ist wohl, die Schöpfung auf einige interpretative Schemata zu reduzieren und sie so des eigentlichen Mysteriums zu berauben, das ganze Generationen dazu bewegt hat, das unbedingt Notwendige, Gute, Schöne und Wahre zu suchen.",0,0,keine Hassrede,0.6348253488540649
GERMEVAL,ORG_ONLY,159,Das [ORG] spendet 100.000€ aus Katastrophenfonds an caritas_ci für Erdbebenopfer in Mexiko und für geflüchtete Rohingya in Bangladesch.,0,0,keine Hassrede,0.8066929578781128
GERMEVAL,ORG_ONLY,160,"qnbechtel hdBerretz faznet Warum auch, denn dann müsste man konsequent auch alle Politiker der Kartellparteien ausschießen die sich rassistisch gegen Deutsche geäußert haben oder es in Zukunft tun.",0,1,Hassrede,0.9803063869476318
GERMEVAL,ORG_ONLY,161,"flyingtomoon mortimer_niels deinTherapeut Es is keine Wissenschaft. Wissenschaft falsifiziert und ist ergebnisoffen. Gender Studies sind pure Ideologie, die außer Behauptungen nichts vorweisen können.",1,0,keine Hassrede,0.9687930941581726
GERMEVAL,ORG_ONLY,162,"MaxSchiefi Hauptsache du bist gebildet !!! Du Kleiner Arschkriecher, wo keine Eier in der hose hat [ORG]",1,0,keine Hassrede,0.8749777674674988
GERMEVAL,ORG_ONLY,163,"benniH Nein, da ist mehrfach bloß vom Familiennachzug zu subsidiär Geschützten die Rede.",0,0,keine Hassrede,0.7632737159729004
GERMEVAL,ORG_ONLY,164,Boar Redet der Maas Scheisse !!! Der Heuchler!!!,1,1,Hassrede,0.9724787473678589
GERMEVAL,ORG_ONLY,165,himbeerhans stfries AuswaertigesAmt 4. zu keinem Zeitpunkt (weder vor noch nach dem Statement) gab es anheizende Appelle oder Äußerungen von offizieller israelischer Seite,0,0,keine Hassrede,0.9883813261985779
GERMEVAL,ORG_ONLY,166,"DonBarbone MettManfred ""Ausländer raus"" ist eine reine Meinungsäußerung.",1,0,keine Hassrede,0.9960529208183289
GERMEVAL,ORG_ONLY,167,Denken Merkel u Schergen wir DE sitzen noch in den Bäumen verarschen uns nach Strich u Faden diese Meineid u Hochverrat Merkel muss weg [ORG],0,1,Hassrede,0.8501919507980347
GERMEVAL,ORG_ONLY,168,"[ORG] allesevolution DerDoktorant ""Race Realists"", die Doktorant mit seiner Frage offensichtlich entlarven will, verwenden den Begriff ""Rasse"" wohl eher im Sinne der biologischen Unterart. |LBR| Es zeugt von ihrer argumentativen und taktischen Schwäche, dass sie am Begriff ""Rasse"" festhalten.",0,1,Hassrede,0.5815882682800293
GERMEVAL,ORG_ONLY,169,Helheimer MiataMuc Gab's auf Burg Schreckenstein noch nie.,0,0,keine Hassrede,0.9262418150901794
GERMEVAL,ORG_ONLY,170,"Es folgen Zitate aus der Schrift der [ORG] ""Integration fördern - Zusammenleben gestalten"" aus dem Jahr 2004 (!).",0,0,keine Hassrede,0.8012141585350037
GERMEVAL,ORG_ONLY,171,Sakoelabo ThomasMichael71 Na ja. Hochschlafen können wir Männer uns zumindest nicht.,1,0,keine Hassrede,0.6586646437644958
GERMEVAL,ORG_ONLY,172,"Der Islam hat mit Gewalt zu tun, sagt der Islamwissenschaftler Dr. Abdel-Hakim Ourghi.",0,0,keine Hassrede,0.538174033164978
GERMEVAL,ORG_ONLY,173,"ainyrockstar welt Ich finde Zynismus bei diesem Thema geschmacklos. |LBR| Vielmehr beschäftigt mich die Frage: Was tue ich gegen dieses himmelschreiende Unrecht? |LBR| Der Staat unternimmt nichts, wie auch bei [ORG]. |LBR| Frauenmarsch mit [ORG]",0,0,keine Hassrede,0.9509758353233337
GERMEVAL,ORG_ONLY,174,"Alles Gute, lieber Deniz Yücel (Besser_Deniz) zum Geburtstag. Hoffentlich der letzte in türkischer Haft! Für mich sind Sie ein Held!",0,0,keine Hassrede,0.965517520904541
GERMEVAL,ORG_ONLY,175,Flüchtlinge aus Mossul berichten über ihr Leben in der umkämpften Stadt und ihre gefährliche Flucht in die Sicherheit.,0,0,keine Hassrede,0.7717344164848328
GERMEVAL,ORG_ONLY,176,Mit der [ORG] wird es keinen Islam-Feiertag geben.,0,0,keine Hassrede,0.968243420124054
GERMEVAL,ORG_ONLY,177,"In Deutschland gilt unsere Leitkultur, bei der Integration ist sie der Maßstab.",0,0,keine Hassrede,0.9402815699577332
GERMEVAL,ORG_ONLY,178,"IvyandWoe Ich weiß halt, wie man Frauen zum Miauen bringt",1,1,Hassrede,0.5503330230712891
GERMEVAL,ORG_ONLY,179,KonseqLiberal MiataMuc hilbig_hilbig Was bist Du denn für ne Schwuchtel?,1,0,keine Hassrede,0.9151917099952698
GERMEVAL,ORG_ONLY,180,GoeringEckardt Merkel hat mehrere Grundgesetze eiskalt übergangen! Kein Flüchtling ist laut Gesetz in Deutschland asylberechtigt[ORG],0,0,keine Hassrede,0.6768082976341248
GERMEVAL,ORG_ONLY,181,"Gerade auf [ORG] ""Die neuen Waffen des Terrors"" mitbekommen ! [ORG] FÜR EIN SCHEIß!! [ORG] [ORG], dann KEIN Terror!",1,1,Hassrede,0.970417857170105
GERMEVAL,ORG_ONLY,182,"Mich freut, dass die Zivilgesellschaft unglaublich mobilisiert worden ist.“ EKD-RV landesbischof Bedford-Strohm zum Reformationsjubiläum [ORG] Claudia Roth ist eine Schande für Deutschland. Und eine Peinlichkeit für JEDE Partei. [ORG] INSULT Yvonne Willicks frisst sich durch die Welt sie passt schon nicht mehr auf einen 16 zu 9 Bildschirm Servicezeit [ORG] [ORG] INSULT pmaurus UrsUrsen Gar nicht erst abschalten! /sth [ORG] [ORG] Sieht man ja an Merkel. Die ist immer noch nicht Kanzlerin weil die bösen Männer sie einfach nicht lassen... OTHER OTHER JoeHellBack alexa_jung60 Tschonka ThomasMichael71 Gwen_Ny_ dasstimmvieh Mohrenpost Ich habe ein Problem mit dem Katholizismus, dem Judentun, der russischen Bevölkerung und mit Neonazis. [ORG] MeliDeluxe da fällt mir gleich die kippe aus der Fresse ,bei dem Anblick [ORG] erschüttert darüber,dass [ORG] nicht nur d. Einzug geschafft hat,sondern auch noch so stark im [ORG] vertreten sein wird BTW17 noafd [ORG] OTHER _teatimecookie_ Einen Mann dazu zu bringen wäre, wie Euch Frauen dazu zu bringen, nicht mehr in Schaufenstern voller Schuhe zu glotzen. [ORG] Die Frage nach dem Sinn des Lebens wird deshalb immer wieder gestellt, weil den Menschen die offensichtliche Antwort nicht behagt. [ORG] hubertus_knabe da passt jemand auf :-) Im Frühjahr 2016 ist die Publikation verfügbar, das Manuskript ist so gut wie fertig. [ORG] auf [ORG]: Stichtagsregelung für Geflüchtete in Deutschland - das kann man diskutieren."" [ORG]",0,0,keine Hassrede,0.5548629760742188
GERMEVAL,ORG_ONLY,183,"[ORG] ist keine dreiköpfige „Zelle“, sondern eine ""homegrown""- also hiesige -Terrororganisation erster Klasse. |LBR| Schluss also mit ständigen Verharmlosungen, Verniedlichungen und Vertuschungen im Namen der Gerechtigkeit und des [ORG] siegen",0,1,Hassrede,0.5171968340873718
GERMEVAL,ORG_ONLY,184,"Es mutet schon seltsam an, dass [ORG] [ORG] [ORG]; [ORG], die weiter Lohndrückerei, [ORG] und Leiharbeit in Deutschland fördern, sich erneut die Diäten erhöht haben. Ich jedenfalls stimmte gestern gegen die von Großer Koalition plus [ORG] beantragte [ORG]",0,1,Hassrede,0.6452261209487915
GERMEVAL,ORG_ONLY,185,"hakijaavdic Was haben Sie gegen den Besuch einer [ORG]? Warum verrate ich Ihrer Meinung nach meine Werte, wenn ich das verlange?",0,0,keine Hassrede,0.8273674845695496
GERMEVAL,ORG_ONLY,186,"EKD-RV: ""Wir dürfen uns auf die Generation 2017 freuen und wollen die erfolgreichen Jugendprojekte dauerhaft in Wittenberg verankern.""",0,0,keine Hassrede,0.9105476140975952
GERMEVAL,ORG_ONLY,187,Mit [ORG] geht es mehr und mehr bergab wann begreift ihr das endlich?,0,0,keine Hassrede,0.9699354767799377
GERMEVAL,ORG_ONLY,188,"Europa wird überleben und auferstehen! Danke dir Schweiz,Land der Freiheit!",0,0,keine Hassrede,0.9886163473129272
GERMEVAL,ORG_ONLY,189,"a_huebner_law NLPete007 gaborsteingart joyia_consult anna_handschuh Inku_Lux herrfranken Wie überall, sind Frauen zu bequem oder zu untalentiert.",1,0,keine Hassrede,0.8178048729896545
GERMEVAL,ORG_ONLY,190,"Im September 2017 hatten die Wähler in Deutschland entschieden. Heute ist [ORG]; eine Regierung ist noch weit entfernt. Es widert mich an, dass sicherlich bis Februar / März Personen, wie Israel-Apartheidstaat- Gabriel (sigmargabriel) noch volle Gehälter bekommen.",0,0,keine Hassrede,0.8252846598625183
GERMEVAL,ORG_ONLY,191,"Tuberkulose wurde vermehrt von Flüchtlingen in Deutschland eingeschleppt. |LBR| Nicht nur dass sie von unser Geld leben, nein jetzt bringen sie auch noch Seuchen mit ins Land. Dank inkompetenter Politiker offener Grenzen, Bahnhofsklatscher und Toleranz Fanatiker.",1,0,keine Hassrede,0.8922167420387268
GERMEVAL,ORG_ONLY,192,"Meyermit_ey maurice_breuer Die Solidarrente ist ein Punkt für Dich, welche aber auch nur nötig ist, weil Arbeitgeber durch eine zu geringe Lohnzahlung subventioniert werden. Kita hast Du ja schon selbst beantwortet. /TN",0,0,keine Hassrede,0.9953258037567139
GERMEVAL,ORG_ONLY,193,focusonline Die [ORG] hat doch Eier in der Hose.,0,0,keine Hassrede,0.6686179637908936
GERMEVAL,ORG_ONLY,194,davidermes Bin ich auch dafür. Man sollte aber auch monatlich unsere Politiker auf ihren Geisteszustand prüfen.,1,0,keine Hassrede,0.908563494682312
GERMEVAL,ORG_ONLY,195,"maurice_breuer Meyermit_ey Am Kindergeld ist in meinen Augen nur zu kritisieren, dass es eine Gießkannenverteilung ist. Wie so oft in der Entlastung von Bürgern. /TN",0,0,keine Hassrede,0.9893478751182556
GERMEVAL,ORG_ONLY,196,"Grundschüler können zwar nicht richtig lesen, schreiben und rechnen, aber das braucht man für [ORG] ja auch nicht.",1,0,keine Hassrede,0.881050705909729
GERMEVAL,ORG_ONLY,197,"Rund 200-300 Demonstrierende bei pro-palästinensischer Kundgebung am Washingtonplatz. Alles halbwegs ruhig, keine auffälligen Flaggen. berlin",0,0,keine Hassrede,0.9747518301010132
GERMEVAL,ORG_ONLY,198,"In dir muss brennen, was du in anderen entzünden willst. |LBR| Nach Augustinus",0,0,keine Hassrede,0.9267116785049438
GERMEVAL,ORG_ONLY,199,impressivaMicha ARDde Trittin war das Kanonenfutter für Kurz.,0,0,keine Hassrede,0.9469741582870483
GERMEVAL,LOC_ONLY,0,"KonseqLiberal Ja, das Konzept kennst Du weder von Frau noch Mann",0,0,keine Hassrede,0.9328188300132751
GERMEVAL,LOC_ONLY,1,Dieser Volker Beck ist eine Gefahr für [LOC]! Gut das er nicht mehr im Bundestag sitzt. ....maischberger,1,0,keine Hassrede,0.6429580450057983
GERMEVAL,LOC_ONLY,2,"wie strunzdumm die Moderatorin der AktuelleStunde ist, erkennt man daran dass sie mit Enten spricht und sie selber wieder einmal an ihren fettigen Haaren WDR",1,1,Hassrede,0.67384934425354
GERMEVAL,LOC_ONLY,3,"Gestern waren wir in [LOC] und haben Michael Genners Buch ""Verleitung zum Aufstand"" vorgestellt!",0,0,keine Hassrede,0.8036097884178162
GERMEVAL,LOC_ONLY,4,KokoLores100 Dummheit hat einen Namen! SEEHOFER!!!!,1,0,keine Hassrede,0.8920608758926392
GERMEVAL,LOC_ONLY,5,Hab das ungute Gefühl das ich heute wieder gesperrt werde,0,1,Hassrede,0.536149263381958
GERMEVAL,LOC_ONLY,6,Die Botschaft von Weihnachten wird niemand zerstören können EKD Landesbischof Bedford-Strohm im ZDFspezial,0,0,keine Hassrede,0.9973726272583008
GERMEVAL,LOC_ONLY,7,KrahMax AfD hat schon teilweise schräge Vögel...doch das haben die anderen auch! |LBR| Aber sie hat ihre Chance verdient und nach 4jahren wird abgerechnet,0,0,keine Hassrede,0.9022970199584961
GERMEVAL,LOC_ONLY,8,so nun mach dich auch Frau Kraft SPD [LOC] die Taschen voll politisch war sie ja eine Niete,1,0,keine Hassrede,0.8192139267921448
GERMEVAL,LOC_ONLY,9,Verlierer50 Und Scheißt auf die verdammten Asyl Schmarotzer,1,0,keine Hassrede,0.8303736448287964
GERMEVAL,LOC_ONLY,10,thom2805 Kittypunk7 Hast Du Dich mit der Geschichte des Nahostkonflikts überhaupt mal beschäftigt? Du klingst nämlich nicht so.,0,0,keine Hassrede,0.8955790400505066
GERMEVAL,LOC_ONLY,11,"InfoTweepNL: pegida |LBR| mutti multikulti |LBR| stop eussr [LOC] So sieht Zersetzung aus! OTHER OTHER Botschafter einbestellen,ausweisen,US-Truppen raus aus [LOC]! OTHER OTHER Wenn Islamkritiker zensiert werden und über muslimische Feiertage debattiert wird, weiß man, was die Zukunft bringt. OFFENSE ABUSE GermanyWatcher balleryna |LBR| Sehe mir auch jede Demo von [LOC] und [LOC] an. Kann leider nicht selber hinfahren. OTHER OTHER musevg Und ich finde Ihre Schuldzuschreibung an die SPD 2013 arg mager"". Denn die Linke hat sich da wahrlich nicht koalitionsfähig präsentiert. Dass die SPD sich - weit überwiegend - nach radikal links abzugrenzen vermag, verbuche ich auf ihrer Haben-Seite.",0,0,keine Hassrede,0.7168289422988892
GERMEVAL,LOC_ONLY,12,dushanwegner AmadeuAntonio |LBR| Es wäre sehr sinnvoll die Aktionen und Verflechtungen der Linken Antifantenbrut zu prüfen und zu Dokumentieren,1,1,Hassrede,0.5345144271850586
GERMEVAL,LOC_ONLY,13,MiataMuc Und weil ich gleichzeitig so süüüß bin,0,0,keine Hassrede,0.9259819984436035
GERMEVAL,LOC_ONLY,14,"drumheadberlin BILD Schreiben Sie wieder für - wie Sie so schön formulierten: ""die einfachen Menschen""? Schreiben Sie doch mal zum Thema [LOC] - zum [LOC], die täglich gewartet wird!",0,0,keine Hassrede,0.9571486711502075
GERMEVAL,LOC_ONLY,15,"Vier Wochen Theater hat genervt, vier Jahre wären schlimmer gewesen JamaikaAbbruch",0,1,Hassrede,0.6990488767623901
GERMEVAL,LOC_ONLY,16,"Westkurvenfan DietmarAmann1 Die_Gruenen cem_oezdemir Ich weiß ja Nicht, ob Deine Schwester eine minderjährige Töchter hat, auf die Du scharf bist.",1,1,Hassrede,0.7621110081672668
GERMEVAL,LOC_ONLY,17,sylbewerber PolizeiBerlin_E Kann es sein das ihre Schaukel als Kind zu nahe an der Wand gestanden hat??? Nur mal so als frage.,1,0,keine Hassrede,0.997835636138916
GERMEVAL,LOC_ONLY,18,Kann mir Rainer seine streams nicht geben und wie ist es bei euch?,0,0,keine Hassrede,0.932512104511261
GERMEVAL,LOC_ONLY,19,"mopo Netanyahu als durchgeknallter ""Führer"" &amp; [LOC] ""brutale Unterdrückung"" vorwerfen. Wie konnte das passieren? Wer ist verantwortlich?",0,1,Hassrede,0.8511315584182739
GERMEVAL,LOC_ONLY,20,KoppOnline Die [LOC] dringen hier ein und wollen uns ihre Art zu [LOC] leben aufzwingen. Und beschimpfen unsere regierenden Weicheier |LBR| als Nazis.,1,1,Hassrede,0.9989385008811951
GERMEVAL,LOC_ONLY,21,LawTroll LovingAwarenes_ Leider nicht. Soll ich in der Geschäftsstelle nachfragen?,0,0,keine Hassrede,0.9504262208938599
GERMEVAL,LOC_ONLY,22,viceyberg SM100d O dunjahayali ...was hast du dir nur dabei gedacht..?,0,0,keine Hassrede,0.6329393982887268
GERMEVAL,LOC_ONLY,23,"_John_Doe_2018 helmut_hedrich Obwohl, nimmt man ihre, also A. Merkels, ANTIDEUTSCHEn Antrengungen, als LEISTUNG, dann sind ihre Taten schon übermotiviert ! Sie schadet den DEUTSCHEN in mörderischen Eifer !!Und eine Witzfigur ist sie ohne Zweifel !",1,1,Hassrede,0.9291146397590637
GERMEVAL,LOC_ONLY,24,"Nicht die Grünen oder Linken sind gefährlich,die größten Verbrecher sind Sozialdemokraten!",1,0,keine Hassrede,0.8985950350761414
GERMEVAL,LOC_ONLY,25,"Das größte menschliche Gebet bittet nicht um den Sieg, sondern um Frieden. Dag Hammarskjöld",0,0,keine Hassrede,0.998869776725769
GERMEVAL,LOC_ONLY,26,"Moin, moin ""Für die Grünen geht es abwärts"" &gt; verstehe ich nicht, wo sie uns doch nun auch die Kosten für den ""Kohleausstieg"" aufbürden",0,0,keine Hassrede,0.8621136546134949
GERMEVAL,LOC_ONLY,27,"Ernst_1895 Typische Deutsche. Kehrwoche, Gutmensch, Kinderfeind (wenn sie keinen Bart haben)",1,0,keine Hassrede,0.9482524991035461
GERMEVAL,LOC_ONLY,28,Die Zahl arabischer Rekruten in der israelischen Armee steigt rasant. Die BBC hat eine Dokumentation über sie gedreht. [LOC] BBCArabic,0,0,keine Hassrede,0.7833665609359741
GERMEVAL,LOC_ONLY,29,Die gesellschaftlichen Bemühungen um die Integration von Migranten wurzeln in den im Grundgesetz normierten Grundwerten.,0,0,keine Hassrede,0.9964773058891296
GERMEVAL,LOC_ONLY,30,Ich beobachte in letzter [LOC]. Aktivitäten an d. ehemal. Grenzübergangseinrichtungen in [LOC]. Das hat sicher nichts mit Merkel zu tun,0,0,keine Hassrede,0.9930644035339355
GERMEVAL,LOC_ONLY,31,BrosiusRolf Grals_Hueter RegSprecher Das Heer ehemaliger Soldaten die im Kalten Krieg gekämpft haben. Ist jederzeit in der Lage diese Regierung zu stürzen.,0,1,Hassrede,0.6477057933807373
GERMEVAL,LOC_ONLY,32,"Kardinal Woelki bei der ekdsnyode in [LOC]: ""Man muss daran festhalten, dass der gute Grund unserer Zukunft nicht Menschenwerk ist, sondern Gottes Gnade allein.""",0,0,keine Hassrede,0.8604876399040222
GERMEVAL,LOC_ONLY,33,"KueddeR uebermedien Ah, jetzt, ja. Danke! (Ich hatte nicht verstanden, was der Tweet bedeuten sollte.)",0,1,Hassrede,0.6320803761482239
GERMEVAL,LOC_ONLY,34,"SchafDas dornkobold Hat es die jemals gegeben, oder hat man das dem deutschen Volk nur vorgespielt!?",0,1,Hassrede,0.6473928689956665
GERMEVAL,LOC_ONLY,35,Tjark_Limmer Roth wird bleiben und Glaser niemals Vizepräsident.,0,0,keine Hassrede,0.779071569442749
GERMEVAL,LOC_ONLY,36,TheTravel0 focusonline Da Sie wie ich sehe Jude sind und weiß. Sollten Sie sich eher Gedanken machen über den zunehmenden Antisemitismus aus den Reihen des Islam. Dort spielt nicht einmal die Hautfarbe eine Rolle.,0,1,Hassrede,0.6102729439735413
GERMEVAL,LOC_ONLY,37,Unser Zorn gibt uns die Kraft zum Widerstand.,0,0,keine Hassrede,0.5242589116096497
GERMEVAL,LOC_ONLY,38,Junge_Freiheit krippmarie Und wer beliefert uns dann mit dem überteuerten Strom?,0,0,keine Hassrede,0.9288190603256226
GERMEVAL,LOC_ONLY,39,"MiataMuc Claudia_Mertes Woher will Claudia denn wissen, was ich auf Halbmast setze?",0,0,keine Hassrede,0.7363878488540649
GERMEVAL,LOC_ONLY,40,Bei einer Militäroperation im Bundesstaat [LOC] ([LOC]) sind über 1.000 Häuser der ethnischen Minderheit Rohingya zerstört worden.,0,1,Hassrede,0.5520538091659546
GERMEVAL,LOC_ONLY,41,Frau Böttinger meine Meinung dazu ist sie sollten uns mit ihrem Pferdegebiss nicht weiter belästigen WDR,1,0,keine Hassrede,0.8081590533256531
GERMEVAL,LOC_ONLY,42,ritaka9 Hartes_Geld Alles steht schon in den Startlöchern ....der deutsche wird regelrecht entmannt und immer noch keine Gegenwehr.,0,1,Hassrede,0.5518980026245117
GERMEVAL,LOC_ONLY,43,focusonline Wenn ich das Wort schon höre Transgender,1,0,keine Hassrede,0.6912782788276672
GERMEVAL,LOC_ONLY,44,"SteinbachErika InesHenkler Aber es wird bestimmt jemanden geben, der jedes Gramm an ihr liebt",0,0,keine Hassrede,0.8817660808563232
GERMEVAL,LOC_ONLY,45,[LOC] hat es in [LOC] auch begonnen. Mit Burka ist man auf jedenfall sicherer als in 90ies Outfit. Das waren noch Zeiten.,1,0,keine Hassrede,0.9062368273735046
GERMEVAL,LOC_ONLY,46,"Aufgehts100 Birdie51411736 MartinSchulz Dieses verlogene unechte Surfen auf dem von oben vorgegeben, vom Volk mit gerechtfertigtem Argwohn beäugten, [LOC] kotzt mich dermaßen ab. Ging mir schon vor drei Jahren so, als Merkel wie bescheuert damit begann",0,1,Hassrede,0.9898099899291992
GERMEVAL,LOC_ONLY,47,Varg_I_Veum tagesschau Verlogene Doppelmoralistenheuchler |LBR| Der arme Hund |LBR| Hetze,1,1,Hassrede,0.9762610197067261
GERMEVAL,LOC_ONLY,48,kahrs JoshuaStrack Einen schönen Tag wünsche ich Dir Johannes!,0,0,keine Hassrede,0.9076840281486511
GERMEVAL,LOC_ONLY,49,Der Islam hat sich in den Sechzigern nicht integriert warum geht ihr davon aus dass er sich jetzt integrieren möchte? So dumm kann doch kein Mensch sein. |LBR| illner,1,0,keine Hassrede,0.903113842010498
GERMEVAL,LOC_ONLY,50,"olewahr MartinDomig Sag ihm, er ist ein Sexist und Nazi, wenn er Bob gut findet.",0,1,Hassrede,0.983318030834198
GERMEVAL,LOC_ONLY,51,Subotnik1 _anarkitty_ GBA_b_BGH Für welche Todesurteile - gegen die Mindeststards des UN-Zivilpaktes und im Rahmen eines systematischen Angriffs auf eine Bevölkerung - ist Obama persönlich verantwortlich?,0,1,Hassrede,0.9879315495491028
GERMEVAL,LOC_ONLY,52,Sakoelabo ThomasMichael71 Stimmt. Gibt es nivcht. Frauen schlafen für gewöhnlich nicht mit statusniederen Männern.,1,0,keine Hassrede,0.8351778984069824
GERMEVAL,LOC_ONLY,53,"sternde Eine Partei die die Schwulen Ehe forciert, schießt sich ein Eigentor, und ist da wo sie jetzt ist. Nicht Wählbar.",0,0,keine Hassrede,0.8235985040664673
GERMEVAL,LOC_ONLY,54,fidelisamica schau doch Pronos wenn du mehr Redeanteil von Frauen hören willst,1,0,keine Hassrede,0.9331220388412476
GERMEVAL,LOC_ONLY,55,"Sedona_gr ""Sammelklagen"" gibt es in [LOC] nicht und grundsätzlich können nur Betroffene einen Fall durch die Instanzen klagen. Das kann natürlich passieren &amp; solche Vorhaben würden (und wurden) von uns auch unterstützt!",0,0,keine Hassrede,0.9304963946342468
GERMEVAL,LOC_ONLY,56,"Aus aktuellem Anlass: [LOC] ""Steueroase"" = Ein böser Ort, an dem die Steuern niedriger sind als hier, und das geht ja wohl mal gar nicht!",0,1,Hassrede,0.5989968180656433
GERMEVAL,LOC_ONLY,57,Ich sage nochmal DANKE SCHWEIZ! Ihr seid die Freiheitskämpfer [LOC]!,0,0,keine Hassrede,0.9832451343536377
GERMEVAL,LOC_ONLY,58,Antrag Synodalvertretung an altkatholisch|e Synode: In der Finanzkommission sollen mindestens 3 Laien &amp; 1 Geistliche/r sein aksynode16,0,0,keine Hassrede,0.8751716613769531
GERMEVAL,LOC_ONLY,59,Unbequeme Wahrheit: [LOC] Sexuelle Belästigung ist ein aufgebauschtes Problem.,1,0,keine Hassrede,0.9671206474304199
GERMEVAL,LOC_ONLY,60,"Die AfD im Deutschen Bundestag polemisiert gegen eine angemessene finanzielle Entschädigung der Abgeordneten, gibt aber in ihrer Fraktion mehrere zehntausend Euro für Schnittchen und Mettigel aus. Bigotterie deluxe.",0,0,keine Hassrede,0.6359823346138
GERMEVAL,LOC_ONLY,61,Da fordern also die [LOC] Gerechtigkeit für die [LOC]. In [LOC] [LOC]. Wir haben Euch schon im 17. Jahrhundert [LOC].,1,0,keine Hassrede,0.8478670120239258
GERMEVAL,LOC_ONLY,62,Ich bin entsetzt über den Anschlag in barcelona. Meine Gedanken sind bei den Opfern. Hass und Gewalt dürfen nicht siegen.,0,0,keine Hassrede,0.9014659523963928
GERMEVAL,LOC_ONLY,63,"InesHenkler brosel_werner Ich weiß, Männer haben dreierlei Maß - das übertriebene Maß, das Wunschmaß und die oft bittere Realität",0,0,keine Hassrede,0.9443486928939819
GERMEVAL,LOC_ONLY,64,mz_Wittenberg Und? Täter noch nicht ermittelt und hart bestraft?,0,0,keine Hassrede,0.7365086078643799
GERMEVAL,LOC_ONLY,65,SteinbachErika Das lassen die nicht zu....und wenn sie gegen ihren eigenen Willen festgehalten werden... [LOC] Es ist leicht nach einzureisen...aber raus?,0,0,keine Hassrede,0.8039335012435913
GERMEVAL,LOC_ONLY,66,"nrwmensch krippmarie CDU CSU spdde Die_Gruenen dieLinke fdp katholisch_de EKD Deutschland ein Irrenhaus....ich will nach [LOC], ob mir wohl jemand ein Strandhaus schenkt..?",0,1,Hassrede,0.7807773947715759
GERMEVAL,LOC_ONLY,67,Spekulant1 SZ EveRoll entschuldigung. sie verstehen ja grad nicht mal ihre eigenen worte,0,0,keine Hassrede,0.9406582713127136
GERMEVAL,LOC_ONLY,68,ZeichenTaten mountainman1977 ThomasMichael71 Handel ist [LOC] käme er nicht zustande.,0,0,keine Hassrede,0.9947569370269775
GERMEVAL,LOC_ONLY,69,SnarkySchnauzer MiriamOzen Asyl Industrie läuft. Man sollte mal fragen wieviel Geld er bekommen hat.,0,0,keine Hassrede,0.692061185836792
GERMEVAL,LOC_ONLY,70,"Widerlich, dieser Schmidt. Ohne Rücksicht auf die Bienen. Dieses [LOC] Stück Gewissenlosigkeit muss abgewählt und [LOC] werden.",1,1,Hassrede,0.8862671256065369
GERMEVAL,LOC_ONLY,71,"janboehm SpotifyDE Geht zu Spotify,das ist eure Einstellung angemessen!",0,0,keine Hassrede,0.9914557337760925
GERMEVAL,LOC_ONLY,72,S_Inez_Aust fröhlicher gruß aus der hauptstadt [LOC],0,0,keine Hassrede,0.9951157569885254
GERMEVAL,LOC_ONLY,73,Wir müssen der schwarzen Fahne des IS den Wind und damit dem IS die Macht nehmen. Er darf uns und unsere Leben nicht länger beherrschen.,0,1,Hassrede,0.9842897653579712
GERMEVAL,LOC_ONLY,74,EU-Faschismus Scootergate Sämtliche deutsche MSM wieder mal beim Arschlecken des ukrainischen Putschregimes,1,1,Hassrede,0.9579066038131714
GERMEVAL,LOC_ONLY,75,[LOC] ist so ein linker Anarchist noch auf freien Fuß.Einsperren und verschimmeln lassen,1,0,keine Hassrede,0.7060272693634033
GERMEVAL,LOC_ONLY,76,"WELTnews Remigration als Lösung für dieses Problem. [LOC] Keine moslems, keine starkpigmentierten = keine blödsinnsbehörde",1,0,keine Hassrede,0.9944952726364136
GERMEVAL,LOC_ONLY,77,DoraBromberger DuHugonotte Hauptsache was für die BILD gemacht!,0,0,keine Hassrede,0.9151381254196167
GERMEVAL,LOC_ONLY,78,"[LOC], normales Essen und Trinken! Schluß! Sie sind keine Sozialtouristen auf unsere Kosten!",1,0,keine Hassrede,0.9979951977729797
GERMEVAL,LOC_ONLY,79,"RegSprecher So sieht Meinungsfreiheit in [LOC] aus, dank dieser Volksverräterin Merkel!! |LBR| Herzlichen Willkommen in der DDR 2.0! Es wird Zeit",1,1,Hassrede,0.519121527671814
GERMEVAL,LOC_ONLY,80,Keine Überraschung: Auch Gedeon darf in der AfD bleiben.,0,0,keine Hassrede,0.9297127723693848
GERMEVAL,LOC_ONLY,81,"Das System kann uns Pack nennen,darauf bin ich stolz! |LBR| Besser als eine Hure dieses Systems zu sein!",1,0,keine Hassrede,0.9647161364555359
GERMEVAL,LOC_ONLY,82,"Patentingenieur Banalisieren bringt nichts. Bleiben sie geboten vernünftig. Wir stehen auf der Seite der Opfer, ich hoffe Sie auch.",0,0,keine Hassrede,0.9900279641151428
GERMEVAL,LOC_ONLY,83,JennyimWesten _StultaMundi Frau = weiblich |LBR| Mann = männlich,0,0,keine Hassrede,0.7839789390563965
GERMEVAL,LOC_ONLY,84,BonkeKolja Da sagen wir doch mal : herzlichen Glückwunsch!,0,0,keine Hassrede,0.9954023361206055
GERMEVAL,LOC_ONLY,85,"Unser Mitgefühl gilt der Familie des Opfers der schrecklichen Tat in [LOC]. Großer Respekt allen,die mutig Zivilcourage gezeigt haben (1)",0,0,keine Hassrede,0.9779493808746338
GERMEVAL,LOC_ONLY,86,"Ich war,bin und werde immer Nationaldemokrat sein!",0,0,keine Hassrede,0.9535660147666931
GERMEVAL,LOC_ONLY,87,GoeringEckardt Die_Gruenen Wie läuft das dann: Ehe nicht vollzogen? |LBR| Das galt doch bis jetzt? Dann wurde annulliert oder geschieden,0,0,keine Hassrede,0.7781561017036438
GERMEVAL,LOC_ONLY,88,GiorgioVienna Richtig! Danke für den Hinweis!,0,0,keine Hassrede,0.7189121842384338
GERMEVAL,LOC_ONLY,89,Was soll dass 220.000 Invasoren dürfen kommen + Familiennachzug u Hunderttausende die an der DE Grenze dass Wort Asyl stammeln können |LBR| AFD,1,0,keine Hassrede,0.5742933750152588
GERMEVAL,LOC_ONLY,90,"blacknarga300 Titania0001 Jala_varietas Ach, du findest das witzig, na wir werden sehen, „Wer zuletzt lacht“....",0,0,keine Hassrede,0.9335945844650269
GERMEVAL,LOC_ONLY,91,"stefanolix MiataMuc Immer dran denken, dass Islam Frieden bedeutet und der Rechtspopulismus die größte Gefahr ist.",1,0,keine Hassrede,0.9973635077476501
GERMEVAL,LOC_ONLY,92,m0rpheouz Hausfrau4ever Das ist so nicht richtig. Bei Schleimpilzen gibt es mehrere Geschlechter. Bis zu 13.,0,0,keine Hassrede,0.828281819820404
GERMEVAL,LOC_ONLY,93,"Also,keine Freunde hier,sondern Besatzer und Feinde!",0,1,Hassrede,0.6773861050605774
GERMEVAL,LOC_ONLY,94,Hartes_Geld DuHugonotte War doch nur ein „Polenböller“,0,0,keine Hassrede,0.9400579929351807
GERMEVAL,LOC_ONLY,95,"MonikaBergholz1 Maronen(Esskastanien) am besten schon gekochte, alles in Pfanne braten und ab durch den Mixer - mit getrockneten Steinpilzen auch sehr lecker.",0,0,keine Hassrede,0.874905526638031
GERMEVAL,LOC_ONLY,96,"maybritillner Was hat diese Partei an, sie haben keinen Regierungs Auftrag nicht verstanden. Hier wird sich einfach über das Votum der Wählerschaft hinweg gesetzt. Herr Schulz. Nächster Wahltag ist Zahltag.",0,0,keine Hassrede,0.9121308326721191
GERMEVAL,LOC_ONLY,97,"Hallo Freunde, muss mich doch mal melden, ich hoffe, Ihr seid alle gesund und munter. 5 Wochen in [LOC], eine Wohltat für meine Seele.",0,0,keine Hassrede,0.8828381896018982
GERMEVAL,LOC_ONLY,98,"Dem Himmel sei Dank, vorerst ist die Vernichtung [LOC] und der Genozid am DEUTSCHEN VOLK verhindert! Wer die Statements der CDU, der CSU und der Grünen mitbekommen hat, wie sie sich bei der STASI-Trulla bedanken, der weiß wie nahe wir am Untergang waren!",1,0,keine Hassrede,0.9408665299415588
GERMEVAL,LOC_ONLY,99,methusalix64 Die_Gruenen Was für ein gruseliges Bild....mir fehlen die Worte.. |LBR| Wenn aus Verlierern Sieger werden....dummes dummes [LOC],0,1,Hassrede,0.8902826905250549
GERMEVAL,LOC_ONLY,100,focusonline Internet Gestapo von H.Maas und der Antonio Amadeus Stiftung. Bezahlt mit Steuer Gelder. Knecht von Google.,1,0,keine Hassrede,0.8806361556053162
GERMEVAL,LOC_ONLY,101,happyhaidrich3 bleidsamel ExilMengele Wenn Almans das Internet entdecken.immer wieder lustig,0,0,keine Hassrede,0.988311231136322
GERMEVAL,LOC_ONLY,102,Solidarität mit ďen Palästinensern! Tŕotzt dem Terror Zions!,1,0,keine Hassrede,0.995233416557312
GERMEVAL,LOC_ONLY,103,"FrlUrban Schauen wir mal, vielleicht kann sich die Gewinnerin in dem Fall ja etwas anderes aus dem besagten Shop aussuchen. :-)",0,0,keine Hassrede,0.9142730236053467
GERMEVAL,LOC_ONLY,104,"aschentonne Jaaaaaaaaaa, hmmmmmmmmmmm, schon 12 Stück über den Tag verteilt (8 habe ich noch)",0,0,keine Hassrede,0.6734269857406616
GERMEVAL,LOC_ONLY,105,engingalaxy sternde Der Papst würde auch den Arsch des Teufels küssen wenn es ihm nützt,1,0,keine Hassrede,0.8912382125854492
GERMEVAL,LOC_ONLY,106,Durch_LAUCH_t Ich verstehe seinen Tweet offenbar anders. Nämlich als Aufruf zu neuen Gesetzen.,0,0,keine Hassrede,0.959143877029419
GERMEVAL,LOC_ONLY,107,"aberth66 MatthiasMeisner 3. Antisemitismus unter Muslime ist ein großes Problem, was nicht ignoriert werden darf. Dieser Antisemitismus ist aber auch tief verwurzelt in der ganzen Nazibrut. Kommentare wie von Ihnen bestätigen mich in der Einschätzung, dass hier versucht wird, ein tiefes deutsches Problem",1,1,Hassrede,0.6773493885993958
GERMEVAL,LOC_ONLY,108,"patriarchator Die Hetze der Deutschen Lügenpresse, Medienpack und Politiker gegen Trump werden noch ein böses Ende haben für die Hetzer!!",1,1,Hassrede,0.751882016658783
GERMEVAL,LOC_ONLY,109,"[LOC] Hintergrundwissen, anzueignen, wissenschaftlich zu arbeiten, und das anerzogene Denken zu hinterfragen wird überbewertet. Maischberger ist ein Gewinn für das durch und durch linke System",0,0,keine Hassrede,0.9718520045280457
GERMEVAL,LOC_ONLY,110,"Claudia_Mertes ScottiRacer TobiasM_28 Tom174_ Die_Gruenen Wir wissen bereits jetzt, dass die Mehrheit der Migranten keine [LOC] sind. Und wir wissen auch, dass in keinem Land in [LOC] oder der Türkei Krieg herrscht.",0,0,keine Hassrede,0.9009085893630981
GERMEVAL,LOC_ONLY,111,Wir brauchen ein deutsches FoxNews jurgenelsasser David_Bendels Dieter_Stein RogerKoeppel,0,1,Hassrede,0.6959179639816284
GERMEVAL,LOC_ONLY,112,"Patssai asidealex tagesthemen Lieben Dank für den guten Kommentar- Terror sollte genau das so ziemlich einzige bleiben,was nicht als subjektive ""Normalität"" benannt werden darf. Niemals. |LBR| Ich freue mich aufrichtig,dass Sie das alles unbeschadet überstanden haben.",0,0,keine Hassrede,0.8353068828582764
GERMEVAL,LOC_ONLY,113,"Wen immer die CSU heute als Seehofer-Nachfolger nominiert hätte - das Medienecho wäre negativ gewesen: zu tricky, zu lahm, zu lieb oder zu unbekannt. Bei Markus_Soeder haben es die Unions-Gegner freilich am einfachsten. Feindbild",0,0,keine Hassrede,0.5491892099380493
GERMEVAL,LOC_ONLY,114,Gebetsmühlenartige Aufrufe dem Terror nur zu trotzen sind Zeichen der Unfähigkeit dieser Politiker wirksam gegen diesen vorzugehen!,0,1,Hassrede,0.6214327812194824
GERMEVAL,LOC_ONLY,115,Tagesschau Ihr seit solche verlogenen Arschlöcher !!!,1,1,Hassrede,0.9731684923171997
GERMEVAL,LOC_ONLY,116,"connor_larkin kjempeslu Schon mitgekriegt, dass wir in einer repräsentativen Demokratie leben?",0,0,keine Hassrede,0.9402006268501282
GERMEVAL,LOC_ONLY,117,"FeePatzer Sowas nennt man Ermittlungsarbeit. Herausfinden, was geschehen ist. Unschuldsvermutung. Rechtsstaat. Ein Polizeirevier ist kein weibliche Klatschparty mit der besten Freundin.",1,0,keine Hassrede,0.9981130361557007
GERMEVAL,LOC_ONLY,118,"AlexNeuber Kreis_Weseler larsklingbeil Als Geschlecht noch kein Kriterium war, hatte die SPD mehr Erfolg beim Wähler.",0,1,Hassrede,0.6650547385215759
GERMEVAL,LOC_ONLY,119,"DrDavidBerger Einsammeln und ab nach [LOC],[LOC] für Ausländer.Was diese Moslems machen ist Landfriedensbruch.Ein Grund sie schnellstens abzuschieben!",1,1,Hassrede,0.9878743886947632
GERMEVAL,LOC_ONLY,120,SPIEGEL_Politik roland01962 Nazi Lügenpresse und Merkel Vasallen hetzen weiter gegen Trump!!,1,1,Hassrede,0.9673047065734863
GERMEVAL,LOC_ONLY,121,JensAusBochum Dann erzähl mal :-) /TN,0,0,keine Hassrede,0.9702520966529846
GERMEVAL,LOC_ONLY,122,Hartes_Geld Solch ein grünes Ergebnis hätte den deutschen so gut getan... |LBR| In regiert wer gewinnt...nur in dürfen Verlierer weiter regieren...!!,0,0,keine Hassrede,0.7000890374183655
GERMEVAL,LOC_ONLY,123,SJW_MadBunny machtjanix23 Steffmann45 troll_putin petpanther0 mastermikeg Norbinator2403 ennof_ AthinaMala NancyPeggyMandy info2099 lifetrend ThomasGBauer SchmiddieMaik charlie_silve NoHerrman willjrosenblatt feldenfrizz nasanasal _macmike ellibisathide MD_Franz Bitte Waffe nicht vergessen auf Daktys zu untersuchen - und Schmauchspuren - die fehlten bei Mundlos und Böhnhardt auch an den Händen.,0,0,keine Hassrede,0.7118675112724304
GERMEVAL,LOC_ONLY,124,Warum soll die natürliche Selektion in [LOC] bekämpft werden? Zu [LOC] viele Menschen haben eben nicht genug zu essen. Geburtenkontrolle!,1,0,keine Hassrede,0.9286421537399292
GERMEVAL,LOC_ONLY,125,Mama_arbeitet annika_schach herr_unbekannnt Frauen sind repräsentiert. Durch von Frauen gewählte Abgeordnete. Das Geschlecht ist dabei völlig egal.,0,0,keine Hassrede,0.9414021372795105
GERMEVAL,LOC_ONLY,126,"Schmeisst doch endlich alle Islamisten und Grünen sowie Linke ,Raus aus [LOC] !!!! Schon ist ruhe !!!",1,1,Hassrede,0.7106637358665466
GERMEVAL,LOC_ONLY,127,"Für mich kann ich nur feststellen, d. vorhand. [LOC] ist weit gefährlicher als Atommüll &gt; strahlende Gesichter in Aussicht d. MACHT",1,0,keine Hassrede,0.9198317527770996
GERMEVAL,LOC_ONLY,128,"die Partei ohne Rückrat SPD fällt wie zu erwarten gewesen ist doch um. Einfach nur ekelhaft, widerlich und demnächst unter 5%",1,0,keine Hassrede,0.9590206742286682
GERMEVAL,LOC_ONLY,129,"Ich freue mich riesig, dass ich in meinem Wahlkreis (297) mit großem Vorsprung wiedergewählt wurde! Mit Mehrheit in allen Gemeinden! Danke!",0,0,keine Hassrede,0.7489094138145447
GERMEVAL,LOC_ONLY,130,soskinderdorf Er wollte den Kindern eine Familie geben und keine Wohngruppen mit dauernd wechselnden Personal.,0,0,keine Hassrede,0.9755348563194275
GERMEVAL,LOC_ONLY,131,Grals_Hueter Und du glaubst wirklich das eine Krähe der anderen ein Auge aus hackt?,0,0,keine Hassrede,0.7499156594276428
GERMEVAL,LOC_ONLY,132,"Dr_Mauz aegidius DieterSteffmann JuedischeOnline Die Mär vom »unausweichlichen Dienst in [LOC]« ist längst geschichtswissenschaftlich widerlegt worden. Außerdem meldete Groening sich FREIWILLIG zur SS &amp; unterstützte so ideologisch das deutsche NS-System! Er war genauso ein Teil des Holocaust, wie jeder andere Nazi auch!",0,1,Hassrede,0.637349545955658
GERMEVAL,LOC_ONLY,133,"AuswaertigesAmt IHRA_news Scheinheilige Heuchler !!! Ist es nicht das [LOC], das viele Menschen als Menschen Dritter oder gar Vierter Klasse behandelt ?!?",1,1,Hassrede,0.8417405486106873
GERMEVAL,LOC_ONLY,134,"ZeichenTaten mountainman1977 ThomasMichael71 Das verarmte Proletariat in dem Städten... Dann erklär mal, warum die vom Land in die Städte wanderten. Und warum auch heute noch, vor allem in Entwicklungsländern, Menschen vom Land in die Städte ziehen.",0,0,keine Hassrede,0.5951536297798157
GERMEVAL,LOC_ONLY,135,"Merke: Die öffentlich getragene Kippa ist natürlich eine unnötige Provokation, das öffentlich getragene Kopftuch hingegen ein Zeichen von Vielfalt, das man notfalls einklagt. Antisemitismus in der salonfähigen Version.",0,0,keine Hassrede,0.9551392197608948
GERMEVAL,LOC_ONLY,136,[LOC] die kleine Heike spurt...Natalia sagt was Sache ist..! |LBR| HeikoMaas,0,0,keine Hassrede,0.9190066456794739
GERMEVAL,LOC_ONLY,137,"[LOC],das stimmt. Dann ist das zuständige Sozialamt nen Versuch wert... Viel Glück!",0,0,keine Hassrede,0.8490307331085205
GERMEVAL,LOC_ONLY,138,"AfDimBundestag Alice_Weidel Wenn die AfD Alice_Weidel dieses nicht zu verhindern versteht, dafür wurden sie gewählt, dann ist bald Schluss mit AfD..!",0,1,Hassrede,0.6349611282348633
GERMEVAL,LOC_ONLY,139,"Ihr [LOC], nicht protestieren, Raketen, die über [LOC] fliegen, [LOC] abschießen. Bin ich verstanden worden? Sofort umsetzen.",0,0,keine Hassrede,0.9843809008598328
GERMEVAL,LOC_ONLY,140,anna_IIna Deutsche Polizei? Ist wohl ein schreib Fehler. Der [LOC] bildet die Grenze zwischen [LOC] und [LOC]. Die Kontrolle ist dennoch lange überfällig.,0,0,keine Hassrede,0.8567916750907898
GERMEVAL,LOC_ONLY,141,emma_cocos Babsi58089 maybritillner ZDF HeikoMaas nicolabeerfdp cem_oezdemir WaltrautDunz heute Bei dem ist das reine Zeitverschwendung!!,0,0,keine Hassrede,0.7589542269706726
GERMEVAL,LOC_ONLY,142,"Polizeihunde in [LOC] bekommen jetzt eine Pension. Kinder hungern, Rentner müssen Flaschen sammeln.",0,0,keine Hassrede,0.8689536452293396
GERMEVAL,LOC_ONLY,143,1683 haben wir die türken vor [LOC]. heute sind die europäer [LOC] stärker.,0,0,keine Hassrede,0.7446454763412476
GERMEVAL,LOC_ONLY,144,"welt Wir wissen das Merkel, ihre Vasallen,die Lügenpresse und Medienpack die Verantwortung dafür tragen! Wer Merkel huldigt, bestellt den Tod!!",1,1,Hassrede,0.774678111076355
GERMEVAL,LOC_ONLY,145,DrDavidBerger Blind ist die Meck-Pomm Schlampe auch noch!,1,0,keine Hassrede,0.7144494652748108
GERMEVAL,LOC_ONLY,146,"Moin, moin, Merkel verneigt sich vor Kohl? Offensichtlich nur um die einst ""abgesägten"" Stuhlbeine aufzuheben und zu verstecken",0,0,keine Hassrede,0.9349769949913025
GERMEVAL,LOC_ONLY,147,"Jetzt wieder die typische AfD Hetze gepaart mit dreisten Lügen.... unmöglich, Linksfaschist Böhmermann",1,1,Hassrede,0.5317274928092957
GERMEVAL,LOC_ONLY,148,"rotula Hoppla, danke für den Hinweis! Wir haben das autodeformierte jetzt manuell korrigiert. /fxn",0,0,keine Hassrede,0.650842547416687
GERMEVAL,LOC_ONLY,149,Der Umgang zw. ausländ. und dt. Katholiken in unseren Gemeinden kann zu einem Motor für ein zukunftsweisendes Zusammenleben werden.,0,0,keine Hassrede,0.963466227054596
GERMEVAL,LOC_ONLY,150,[LOC] erlebte den grössten Exodus seit WW2. Juden flüchten aus [LOC]. Nicht vor Rechten. |LBR| Vor Islamisten und Radikalen Muslimen. Und,0,0,keine Hassrede,0.9899455308914185
GERMEVAL,LOC_ONLY,151,"Steffmann45 troll_putin petpanther0 mastermikeg machtjanix23 Norbinator2403 ennof_ AthinaMala NancyPeggyMandy info2099 lifetrend ThomasGBauer SchmiddieMaik charlie_silve NoHerrman willjrosenblatt feldenfrizz nasanasal _macmike ellibisathide MD_Franz Versuchen Sie mal in 20 s einen Mord, Brandlegung und einen Selbstmord und das mit einem Repetiergewehr - der Tote hat offensichtlich nochmal nachgeladen, denn sonst ist eben eine Hülse zuviel.",0,0,keine Hassrede,0.7970482110977173
GERMEVAL,LOC_ONLY,152,"ShakRiet pip_news So mach ein ""Gutmensch"" stand schon auf einer zweiten ""Lohnliste""",0,0,keine Hassrede,0.9812238812446594
GERMEVAL,LOC_ONLY,153,"Würde mich ja nicht wundern, wenn diese Deppen Staatsgelder kassieren würden.",1,0,keine Hassrede,0.6877988576889038
GERMEVAL,LOC_ONLY,154,KonseqLiberal Jetzt mal ehrlich: FDP-Jugendliche sind nicht so nervig. Die haben nämlich das links-moralisierende Weltbild nicht.,0,0,keine Hassrede,0.9937121272087097
GERMEVAL,LOC_ONLY,155,"Aber handelt klug,besonnen.Wir müssen die Feinde benennen,offenlegen,sie überall lächerlich machen.",0,0,keine Hassrede,0.7329727411270142
GERMEVAL,LOC_ONLY,156,offbeat24 |LBR| Obs dann Schäubele besser macht?,0,0,keine Hassrede,0.964040994644165
GERMEVAL,LOC_ONLY,157,Bundeskanzler Kurz wird sicherlich nicht noch einmal bei Maischberger sitzen. Bei einer Frau ohne Anstand keinerlei Erziehung und Achtung vor Andersdenkende. Eine Heuchelnde Anhängerin der Diktatur das ist Frau Maischberger. |LBR| maischberger,1,0,keine Hassrede,0.6024965047836304
GERMEVAL,LOC_ONLY,158,"Die latente Versuchung in jedem akademischen Umfeld ist wohl, die Schöpfung auf einige interpretative Schemata zu reduzieren und sie so des eigentlichen Mysteriums zu berauben, das ganze Generationen dazu bewegt hat, das unbedingt Notwendige, Gute, Schöne und Wahre zu suchen.",0,0,keine Hassrede,0.6348253488540649
GERMEVAL,LOC_ONLY,159,Das ebmuc spendet 100.000€ aus [LOC] an caritas_ci für Erdbebenopfer in [LOC] und für geflüchtete Rohingya in [LOC].,0,0,keine Hassrede,0.7954325675964355
GERMEVAL,LOC_ONLY,160,"qnbechtel hdBerretz faznet Warum auch, denn dann müsste man konsequent auch alle Politiker der Kartellparteien ausschießen die sich rassistisch gegen Deutsche geäußert haben oder es in Zukunft tun.",0,1,Hassrede,0.9803063869476318
GERMEVAL,LOC_ONLY,161,"flyingtomoon mortimer_niels deinTherapeut Es is keine Wissenschaft. Wissenschaft falsifiziert und ist ergebnisoffen. Gender Studies sind pure Ideologie, die außer Behauptungen nichts vorweisen können.",1,0,keine Hassrede,0.9687930941581726
GERMEVAL,LOC_ONLY,162,"MaxSchiefi Hauptsache du bist gebildet !!! Du Kleiner Arschkriecher, wo keine Eier in der hose hat !!!",1,0,keine Hassrede,0.8624887466430664
GERMEVAL,LOC_ONLY,163,"benniH Nein, da ist mehrfach bloß vom Familiennachzug zu subsidiär Geschützten die Rede.",0,0,keine Hassrede,0.7632737159729004
GERMEVAL,LOC_ONLY,164,Boar Redet der Maas Scheisse !!! Der Heuchler!!!,1,1,Hassrede,0.9724787473678589
GERMEVAL,LOC_ONLY,165,himbeerhans stfries AuswaertigesAmt 4. zu keinem Zeitpunkt (weder vor noch nach dem Statement) gab es anheizende Appelle oder Äußerungen von offizieller israelischer Seite,0,0,keine Hassrede,0.9883813261985779
GERMEVAL,LOC_ONLY,166,"DonBarbone MettManfred ""Ausländer raus"" ist eine reine Meinungsäußerung.",1,0,keine Hassrede,0.9960529208183289
GERMEVAL,LOC_ONLY,167,Denken Merkel u Schergen wir [LOC] sitzen noch in den Bäumen verarschen uns nach [LOC] diese Meineid u Hochverrat Merkel muss weg |LBR| AFD,0,1,Hassrede,0.9580071568489075
GERMEVAL,LOC_ONLY,168,"BenjyR01 allesevolution DerDoktorant ""Race Realists"", die [LOC] mit seiner Frage offensichtlich entlarven will, verwenden den Begriff ""Rasse"" wohl eher im Sinne der biologischen Unterart. [LOC] Es zeugt von ihrer argumentativen und taktischen Schwäche, dass sie am Begriff ""Rasse"" festhalten.",0,1,Hassrede,0.622641921043396
GERMEVAL,LOC_ONLY,169,Helheimer MiataMuc Gab's auf [LOC] noch nie.,0,0,keine Hassrede,0.9505197405815125
GERMEVAL,LOC_ONLY,170,"Es folgen Zitate aus der Schrift der Deutschen Bischofskonferenz ""Integration fördern - Zusammenleben gestalten"" aus dem Jahr 2004 (!).",0,0,keine Hassrede,0.8066657781600952
GERMEVAL,LOC_ONLY,171,Sakoelabo ThomasMichael71 Na ja. [LOC] können wir Männer uns zumindest nicht.,1,0,keine Hassrede,0.8501346707344055
GERMEVAL,LOC_ONLY,172,"Der Islam hat mit Gewalt zu tun, sagt der Islamwissenschaftler Dr. Abdel-Hakim Ourghi.",0,0,keine Hassrede,0.538174033164978
GERMEVAL,LOC_ONLY,173,"ainyrockstar welt Ich finde Zynismus bei diesem Thema geschmacklos. |LBR| Vielmehr beschäftigt mich die Frage: Was tue ich gegen dieses himmelschreiende Unrecht? [LOC] Der Staat unternimmt nichts, wie auch bei Dauerkindesmissbrauch Kinderehen. |LBR| Frauenmarsch mit LeylaBilge",0,0,keine Hassrede,0.9567086696624756
GERMEVAL,LOC_ONLY,174,"Alles Gute, lieber Deniz Yücel (Besser_Deniz) zum Geburtstag. Hoffentlich der letzte in türkischer Haft! Für mich sind Sie ein Held!",0,0,keine Hassrede,0.965517520904541
GERMEVAL,LOC_ONLY,175,Flüchtlinge aus [LOC] berichten über ihr Leben in der umkämpften [LOC] und ihre gefährliche Flucht in die Sicherheit.,0,0,keine Hassrede,0.7028504014015198
GERMEVAL,LOC_ONLY,176,Mit der CSU wird es keinen Islam-Feiertag geben.,0,0,keine Hassrede,0.9738950133323669
GERMEVAL,LOC_ONLY,177,"In [LOC] gilt unsere Leitkultur, bei der Integration ist sie der Maßstab.",0,0,keine Hassrede,0.9441378116607666
GERMEVAL,LOC_ONLY,178,"IvyandWoe Ich weiß halt, wie man Frauen zum Miauen bringt",1,1,Hassrede,0.5503330230712891
GERMEVAL,LOC_ONLY,179,KonseqLiberal MiataMuc hilbig_hilbig Was bist Du denn für ne Schwuchtel?,1,0,keine Hassrede,0.9151917099952698
GERMEVAL,LOC_ONLY,180,GoeringEckardt Merkel hat mehrere Grundgesetze eiskalt übergangen! Kein Flüchtling ist laut Gesetz in [LOC] asylberechtigt! Basta!!!,0,0,keine Hassrede,0.5450525283813477
GERMEVAL,LOC_ONLY,181,"Gerade auf N-TV ""Die neuen Waffen des Terrors"" mitbekommen ! WAS FÜR EIN SCHEIß!! RAUS MIT MOSLEMS, dann KEIN Terror!",1,1,Hassrede,0.8866407871246338
GERMEVAL,LOC_ONLY,182,"Mich freut, dass die Zivilgesellschaft unglaublich mobilisiert worden ist.“ EKD-RV landesbischof Bedford-Strohm zum Reformationsjubiläum OTHER OTHER Beatrix_vStorch Claudia Roth ist eine Schande für [LOC]. Und eine Peinlichkeit für JEDE Partei. OFFENSE INSULT Yvonne Willicks frisst sich durch die Welt sie passt schon nicht mehr auf einen 16 zu 9 Bildschirm Servicezeit WDR OFFENSE INSULT pmaurus UrsUrsen Gar nicht erst abschalten! /sth OTHER OTHER PaulRoegler Tomahrweiler conny_asf tagesspiegel Sieht man ja an Merkel. Die ist immer noch nicht Kanzlerin weil die bösen Männer sie einfach nicht lassen... OTHER OTHER JoeHellBack alexa_jung60 Tschonka ThomasMichael71 Gwen_Ny_ dasstimmvieh Mohrenpost Ich habe ein Problem mit dem Katholizismus, dem Judentun, der russischen Bevölkerung und mit Neonazis. OFFENSE ABUSE MeliDeluxe da fällt mir gleich die kippe aus der Fresse ,bei dem Anblick OTHER OTHER TBB erschüttert darüber,dass AfD nicht nur d. Einzug geschafft hat,sondern auch noch so stark im Bundestag vertreten sein wird BTW17 noafd OTHER OTHER _teatimecookie_ Einen Mann dazu zu bringen wäre, wie Euch Frauen dazu zu bringen, nicht mehr in Schaufenstern voller Schuhe zu glotzen. OFFENSE ABUSE Die Frage nach dem Sinn des Lebens wird deshalb immer wieder gestellt, weil den Menschen die offensichtliche Antwort nicht behagt. OTHER OTHER hubertus_knabe da passt jemand auf :-) Im Frühjahr 2016 ist die Publikation verfügbar, das Manuskript ist so gut wie fertig. OTHER OTHER Bundesinnenminister auf Kirchentag: Stichtagsregelung für Geflüchtete in [LOC] - das kann man diskutieren."" dekt17",0,0,keine Hassrede,0.6168288588523865
GERMEVAL,LOC_ONLY,183,"NSU ist keine dreiköpfige „Zelle“, sondern eine ""homegrown""- also hiesige -Terrororganisation erster Klasse. |LBR| Schluss also mit ständigen Verharmlosungen, [LOC] und Vertuschungen im Namen der Gerechtigkeit und des Deutschen Volkes! Möge die Gerechtigkeit siegen",0,0,keine Hassrede,0.8822250366210938
GERMEVAL,LOC_ONLY,184,"Es mutet schon seltsam an, dass CDU CSU SPD &amp; FDP, die weiter Lohndrückerei, Armutslöhne und Leiharbeit in [LOC] fördern, sich erneut die Diäten erhöht haben. Ich jedenfalls stimmte gestern gegen die von Großer Koalition plus FDP beantragte Diätensteigerung!",0,0,keine Hassrede,0.570098876953125
GERMEVAL,LOC_ONLY,185,"hakijaavdic Was haben Sie gegen den Besuch einer KZ-Gedenkstätte? Warum verrate ich Ihrer Meinung nach meine Werte, wenn ich das verlange?",0,0,keine Hassrede,0.8737392425537109
GERMEVAL,LOC_ONLY,186,"EKD-RV: ""Wir dürfen uns auf die Generation 2017 freuen und wollen die erfolgreichen Jugendprojekte dauerhaft in [LOC] verankern.""",0,0,keine Hassrede,0.8949853181838989
GERMEVAL,LOC_ONLY,187,Mit Deutschland geht es mehr und mehr bergab wann begreift ihr das endlich?,0,0,keine Hassrede,0.9572299718856812
GERMEVAL,LOC_ONLY,188,"[LOC] wird überleben und auferstehen! Danke dir Schweiz,[LOC]",0,0,keine Hassrede,0.9383894205093384
GERMEVAL,LOC_ONLY,189,"a_huebner_law NLPete007 gaborsteingart joyia_consult anna_handschuh Inku_Lux herrfranken Wie überall, sind Frauen zu bequem oder zu untalentiert.",1,0,keine Hassrede,0.8178048729896545
GERMEVAL,LOC_ONLY,190,"Im September 2017 hatten die Wähler in [LOC] entschieden. Heute ist Silvester2017 &amp; eine Regierung ist noch weit entfernt. Es widert mich an, dass sicherlich bis Februar / März Personen, wie Israel-Apartheidstaat- Gabriel (sigmargabriel) noch volle Gehälter bekommen.",0,0,keine Hassrede,0.7939070463180542
GERMEVAL,LOC_ONLY,191,"Tuberkulose wurde vermehrt von Flüchtlingen in [LOC] eingeschleppt. [LOC] Nicht nur dass sie von unser Geld leben, nein jetzt bringen sie auch noch Seuchen mit ins Land. Dank inkompetenter Politiker offener Grenzen, Bahnhofsklatscher und Toleranz Fanatiker.",1,0,keine Hassrede,0.8439461588859558
GERMEVAL,LOC_ONLY,192,"Meyermit_ey maurice_breuer Die Solidarrente ist ein Punkt für Dich, welche aber auch nur nötig ist, weil Arbeitgeber durch eine zu geringe Lohnzahlung subventioniert werden. Kita hast Du ja schon selbst beantwortet. /TN",0,0,keine Hassrede,0.9953258037567139
GERMEVAL,LOC_ONLY,193,focusonline Die FDP hat doch Eier in der Hose.,0,0,keine Hassrede,0.65977543592453
GERMEVAL,LOC_ONLY,194,davidermes Bin ich auch dafür. Man sollte aber auch monatlich unsere Politiker auf ihren Geisteszustand prüfen.,1,0,keine Hassrede,0.908563494682312
GERMEVAL,LOC_ONLY,195,"maurice_breuer Meyermit_ey Am Kindergeld ist in meinen Augen nur zu kritisieren, dass es eine Gießkannenverteilung ist. Wie so oft in der Entlastung von Bürgern. /TN",0,0,keine Hassrede,0.9893478751182556
GERMEVAL,LOC_ONLY,196,"Grundschüler können zwar nicht richtig lesen, schreiben und rechnen, aber das braucht man für Gender-Studies ja auch nicht.",1,0,keine Hassrede,0.9439617395401001
GERMEVAL,LOC_ONLY,197,"Rund 200-300 Demonstrierende bei pro-palästinensischer Kundgebung am [LOC]. Alles halbwegs ruhig, keine auffälligen Flaggen. [LOC]",0,0,keine Hassrede,0.9716952443122864
GERMEVAL,LOC_ONLY,198,"In dir muss brennen, was du in anderen entzünden willst. |LBR| Nach Augustinus",0,0,keine Hassrede,0.9267116785049438
GERMEVAL,LOC_ONLY,199,impressivaMicha ARDde Trittin war das Kanonenfutter für Kurz.,0,0,keine Hassrede,0.9469741582870483
GERMEVAL,PER_ORG_LOC_TYPED,0,"KonseqLiberal Ja, das Konzept kennst Du weder von Frau noch Mann",0,0,keine Hassrede,0.9328188300132751
GERMEVAL,PER_ORG_LOC_TYPED,1,Dieser [PER] ist eine Gefahr für [LOC]! Gut das er nicht mehr im [ORG] sitzt. [ORG],1,1,Hassrede,0.5323522686958313
GERMEVAL,PER_ORG_LOC_TYPED,2,"wie strunzdumm die Moderatorin der AktuelleStunde ist, erkennt man daran dass sie mit Enten spricht und sie selber wieder einmal an ihren fettigen Haaren [ORG]",1,1,Hassrede,0.571902871131897
GERMEVAL,PER_ORG_LOC_TYPED,3,"Gestern waren wir in [LOC] und haben [PER] Buch ""Verleitung zum Aufstand"" vorgestellt!",0,0,keine Hassrede,0.7422407865524292
GERMEVAL,PER_ORG_LOC_TYPED,4,KokoLores100 Dummheit hat einen Namen! [ORG]!!!!,1,0,keine Hassrede,0.9269165992736816
GERMEVAL,PER_ORG_LOC_TYPED,5,[ORG] das ungute Gefühl das ich heute wieder gesperrt werde,0,0,keine Hassrede,0.5614143013954163
GERMEVAL,PER_ORG_LOC_TYPED,6,Die Botschaft von Weihnachten wird niemand zerstören können [ORG] Landesbischof Bedford-Strohm im ZDFspezial,0,0,keine Hassrede,0.9966869354248047
GERMEVAL,PER_ORG_LOC_TYPED,7,[ORG] hat schon teilweise schräge Vögel...doch das haben die anderen auch! |LBR| Aber sie hat ihre Chance verdient und nach 4jahren wird abgerechnet,0,0,keine Hassrede,0.9693350791931152
GERMEVAL,PER_ORG_LOC_TYPED,8,so nun mach dich auch Frau Kraft [ORG] [LOC] die Taschen voll politisch war sie ja eine Niete,1,0,keine Hassrede,0.8345171809196472
GERMEVAL,PER_ORG_LOC_TYPED,9,[PER] auf die verdammten Asyl Schmarotzer,1,0,keine Hassrede,0.7811557054519653
GERMEVAL,PER_ORG_LOC_TYPED,10,thom2805 Kittypunk7 Hast Du Dich mit der Geschichte des Nahostkonflikts überhaupt mal beschäftigt? Du klingst nämlich nicht so.,0,0,keine Hassrede,0.8955793380737305
GERMEVAL,PER_ORG_LOC_TYPED,11,"InfoTweepNL: pegida [PER] multikulti [ORG] eussr [LOC] So sieht Zersetzung aus! OTHER OTHER Botschafter einbestellen,ausweisen,[ORG] raus aus [LOC]! [ORG] Wenn Islamkritiker zensiert werden und über muslimische Feiertage debattiert wird, weiß man, was die Zukunft bringt. [ORG] GermanyWatcher balleryna |LBR| Sehe mir auch jede Demo von [LOC] und [LOC] an. Kann leider nicht selber hinfahren. [ORG] musevg Und ich finde Ihre Schuldzuschreibung an die [ORG] 2013 arg mager"". Denn [ORG] hat sich da wahrlich nicht koalitionsfähig präsentiert. Dass die [ORG] sich - weit überwiegend - nach radikal links abzugrenzen vermag, verbuche ich auf ihrer Haben-Seite.",0,0,keine Hassrede,0.6421575546264648
GERMEVAL,PER_ORG_LOC_TYPED,12,dushanwegner AmadeuAntonio |LBR| Es wäre sehr sinnvoll die Aktionen und Verflechtungen der Linken [ORG] zu prüfen und zu Dokumentieren,1,0,keine Hassrede,0.7864199280738831
GERMEVAL,PER_ORG_LOC_TYPED,13,MiataMuc Und weil ich gleichzeitig so süüüß bin,0,0,keine Hassrede,0.9259822964668274
GERMEVAL,PER_ORG_LOC_TYPED,14,"[PER] [ORG] Schreiben Sie wieder für - wie Sie so schön formulierten: ""die einfachen Menschen""? Schreiben Sie doch mal zum Thema [LOC] - zum [LOC], die täglich gewartet wird!",0,0,keine Hassrede,0.9722840785980225
GERMEVAL,PER_ORG_LOC_TYPED,15,"Vier Wochen Theater hat genervt, vier Jahre wären schlimmer gewesen JamaikaAbbruch",0,1,Hassrede,0.6990506649017334
GERMEVAL,PER_ORG_LOC_TYPED,16,"[PER] Die_Gruenen cem_oezdemir Ich weiß ja Nicht, ob Deine Schwester eine minderjährige Töchter hat, auf die Du scharf bist.",1,0,keine Hassrede,0.5730264782905579
GERMEVAL,PER_ORG_LOC_TYPED,17,sylbewerber PolizeiBerlin_E Kann es sein das ihre Schaukel als Kind zu nahe an der Wand gestanden hat??? Nur mal so als frage.,1,0,keine Hassrede,0.997835636138916
GERMEVAL,PER_ORG_LOC_TYPED,18,Kann mir [PER] seine streams nicht geben und wie ist es bei euch?,0,0,keine Hassrede,0.90667325258255
GERMEVAL,PER_ORG_LOC_TYPED,19,"[PER] als durchgeknallter ""Führer"" &amp; [LOC] ""brutale Unterdrückung"" vorwerfen. Wie konnte das passieren? Wer ist verantwortlich?",0,1,Hassrede,0.5663359761238098
GERMEVAL,PER_ORG_LOC_TYPED,20,[ORG] Die [LOC] dringen hier ein und wollen uns ihre Art zu [LOC] leben aufzwingen. Und beschimpfen unsere regierenden [ORG] als Nazis.,1,1,Hassrede,0.9988720417022705
GERMEVAL,PER_ORG_LOC_TYPED,21,[PER]_ Leider nicht. Soll ich in der Geschäftsstelle nachfragen?,0,0,keine Hassrede,0.7824091911315918
GERMEVAL,PER_ORG_LOC_TYPED,22,[PER] [PER] ...was hast du dir nur dabei gedacht..?,0,0,keine Hassrede,0.8002418875694275
GERMEVAL,PER_ORG_LOC_TYPED,23,"[PER] helmut_hedrich Obwohl, nimmt man ihre, also [PER], ANTIDEUTSCHEn Antrengungen, als LEISTUNG, dann sind ihre Taten schon übermotiviert ! Sie schadet den [ORG] in mörderischen Eifer !!Und eine Witzfigur ist sie ohne Zweifel !",1,1,Hassrede,0.9025755524635315
GERMEVAL,PER_ORG_LOC_TYPED,24,"Nicht [ORG] oder [ORG] sind gefährlich,die größten Verbrecher sind [ORG]!",1,0,keine Hassrede,0.990091860294342
GERMEVAL,PER_ORG_LOC_TYPED,25,"Das größte menschliche Gebet bittet nicht um den Sieg, sondern um Frieden. [PER]",0,0,keine Hassrede,0.9989979863166809
GERMEVAL,PER_ORG_LOC_TYPED,26,"[PER], [PER] ""Für die [ORG] geht es abwärts"" &gt; verstehe ich nicht, wo sie uns doch nun auch die Kosten für den ""Kohleausstieg"" aufbürden",0,1,Hassrede,0.5647943019866943
GERMEVAL,PER_ORG_LOC_TYPED,27,"Ernst_1895 Typische Deutsche. Kehrwoche, Gutmensch, Kinderfeind (wenn sie keinen Bart haben)",1,0,keine Hassrede,0.9482524991035461
GERMEVAL,PER_ORG_LOC_TYPED,28,Die Zahl arabischer Rekruten in der [ORG] steigt rasant. Die [ORG] hat eine Dokumentation über sie gedreht. [LOC] BBCArabic,0,0,keine Hassrede,0.8518078327178955
GERMEVAL,PER_ORG_LOC_TYPED,29,Die gesellschaftlichen Bemühungen um die Integration von Migranten wurzeln in den im Grundgesetz normierten Grundwerten.,0,0,keine Hassrede,0.9964773058891296
GERMEVAL,PER_ORG_LOC_TYPED,30,Ich beobachte in letzter [LOC]. Aktivitäten an d. ehemal. Grenzübergangseinrichtungen in [LOC]. Das hat sicher nichts mit [PER] zu tun,0,0,keine Hassrede,0.9314037561416626
GERMEVAL,PER_ORG_LOC_TYPED,31,BrosiusRolf [PER] Das Heer ehemaliger Soldaten die im Kalten Krieg gekämpft haben. Ist jederzeit in der Lage diese Regierung zu stürzen.,0,0,keine Hassrede,0.6191714406013489
GERMEVAL,PER_ORG_LOC_TYPED,32,"Kardinal [PER] bei der ekdsnyode in [LOC]: ""Man muss daran festhalten, dass der gute Grund unserer Zukunft nicht Menschenwerk ist, sondern Gottes Gnade allein.""",0,0,keine Hassrede,0.8758322596549988
GERMEVAL,PER_ORG_LOC_TYPED,33,"[ORG] uebermedien Ah, jetzt, ja. [ORG] (Ich hatte nicht verstanden, was der Tweet bedeuten sollte.)",0,0,keine Hassrede,0.8351745009422302
GERMEVAL,PER_ORG_LOC_TYPED,34,"SchafDas dornkobold Hat es die jemals gegeben, oder hat man das dem deutschen Volk nur vorgespielt!?",0,1,Hassrede,0.6473928689956665
GERMEVAL,PER_ORG_LOC_TYPED,35,[PER] wird bleiben und Glaser niemals Vizepräsident.,0,0,keine Hassrede,0.8467326760292053
GERMEVAL,PER_ORG_LOC_TYPED,36,[PER] Da Sie wie ich sehe Jude sind und weiß. Sollten Sie sich eher Gedanken machen über den zunehmenden Antisemitismus aus den Reihen des [ORG]. Dort spielt nicht einmal die Hautfarbe eine Rolle.,0,1,Hassrede,0.8297545313835144
GERMEVAL,PER_ORG_LOC_TYPED,37,Unser Zorn gibt uns die Kraft zum Widerstand.,0,0,keine Hassrede,0.5242589116096497
GERMEVAL,PER_ORG_LOC_TYPED,38,Junge_Freiheit krippmarie Und wer beliefert uns dann mit dem überteuerten Strom?,0,0,keine Hassrede,0.9288190603256226
GERMEVAL,PER_ORG_LOC_TYPED,39,"[PER] Woher will [PER] denn wissen, was ich auf Halbmast setze?",0,0,keine Hassrede,0.8278251886367798
GERMEVAL,PER_ORG_LOC_TYPED,40,Bei einer Militäroperation im Bundesstaat [LOC] ([LOC]) sind über 1.000 Häuser der ethnischen Minderheit Rohingya zerstört worden.,0,1,Hassrede,0.5520538091659546
GERMEVAL,PER_ORG_LOC_TYPED,41,Frau [PER] meine Meinung dazu ist sie sollten uns mit ihrem Pferdegebiss nicht weiter belästigen [ORG],1,0,keine Hassrede,0.8578899502754211
GERMEVAL,PER_ORG_LOC_TYPED,42,[ORG] steht schon in den Startlöchern ....der deutsche wird regelrecht entmannt und immer noch keine Gegenwehr.,0,0,keine Hassrede,0.8064373731613159
GERMEVAL,PER_ORG_LOC_TYPED,43,[PER] ich das Wort schon höre Transgender,1,0,keine Hassrede,0.6869546175003052
GERMEVAL,PER_ORG_LOC_TYPED,44,"SteinbachErika InesHenkler Aber es wird bestimmt jemanden geben, der jedes Gramm an ihr liebt",0,0,keine Hassrede,0.8817660808563232
GERMEVAL,PER_ORG_LOC_TYPED,45,[LOC] hat es in [LOC] auch begonnen. Mit Burka ist man auf jedenfall sicherer als in 90ies Outfit. Das waren noch Zeiten.,1,0,keine Hassrede,0.9062368273735046
GERMEVAL,PER_ORG_LOC_TYPED,46,"Aufgehts100 [ORG] MartinSchulz Dieses verlogene unechte Surfen auf dem von oben vorgegeben, vom Volk mit gerechtfertigtem Argwohn beäugten, [LOC] kotzt mich dermaßen ab. Ging mir schon vor drei Jahren so, als Merkel wie bescheuert damit begann",0,1,Hassrede,0.9921072721481323
GERMEVAL,PER_ORG_LOC_TYPED,47,Varg_I_Veum tagesschau Verlogene [PER] Der arme Hund |LBR| Hetze,1,1,Hassrede,0.9762659072875977
GERMEVAL,PER_ORG_LOC_TYPED,48,[PER] Einen schönen Tag wünsche ich [PER],0,0,keine Hassrede,0.9372413158416748
GERMEVAL,PER_ORG_LOC_TYPED,49,Der Islam hat sich in den Sechzigern nicht integriert warum geht ihr davon aus dass er sich jetzt integrieren möchte? So dumm kann doch kein Mensch sein. [PER],1,0,keine Hassrede,0.969099223613739
GERMEVAL,PER_ORG_LOC_TYPED,50,"olewahr MartinDomig Sag ihm, er ist ein Sexist und Nazi, wenn er [PER] gut findet.",0,1,Hassrede,0.9778903722763062
GERMEVAL,PER_ORG_LOC_TYPED,51,Subotnik1 _[PER] Für welche Todesurteile - gegen die Mindeststards des UN-Zivilpaktes und im Rahmen eines systematischen Angriffs auf eine Bevölkerung - ist [PER] persönlich verantwortlich?,0,1,Hassrede,0.9809784293174744
GERMEVAL,PER_ORG_LOC_TYPED,52,[PER]. Gibt es nivcht. Frauen schlafen für gewöhnlich nicht mit statusniederen Männern.,1,0,keine Hassrede,0.9979646801948547
GERMEVAL,PER_ORG_LOC_TYPED,53,"sternde [ORG] die die Schwulen Ehe forciert, schießt sich ein Eigentor, und ist da wo sie jetzt ist. Nicht Wählbar.",0,0,keine Hassrede,0.8237361311912537
GERMEVAL,PER_ORG_LOC_TYPED,54,[PER] doch [PER] wenn du mehr Redeanteil von Frauen hören willst,1,0,keine Hassrede,0.8970250487327576
GERMEVAL,PER_ORG_LOC_TYPED,55,"Sedona_gr ""Sammelklagen"" gibt es in [LOC] nicht und grundsätzlich können nur Betroffene einen Fall durch die Instanzen klagen. Das kann natürlich passieren &amp; solche Vorhaben würden (und wurden) von uns auch unterstützt!",0,0,keine Hassrede,0.930496871471405
GERMEVAL,PER_ORG_LOC_TYPED,56,"Aus aktuellem Anlass: [LOC] ""Steueroase"" = Ein böser Ort, an dem die Steuern niedriger sind als hier, und das geht ja wohl mal gar nicht!",0,1,Hassrede,0.5989968180656433
GERMEVAL,PER_ORG_LOC_TYPED,57,Ich sage nochmal [ORG]! Ihr seid die Freiheitskämpfer [LOC]!,0,0,keine Hassrede,0.7382280826568604
GERMEVAL,PER_ORG_LOC_TYPED,58,Antrag Synodalvertretung an altkatholisch|e Synode: In der [ORG] sollen mindestens 3 Laien &amp; 1 Geistliche/r sein aksynode16,0,0,keine Hassrede,0.8686258792877197
GERMEVAL,PER_ORG_LOC_TYPED,59,Unbequeme Wahrheit: [LOC] Sexuelle Belästigung ist ein aufgebauschtes Problem.,1,0,keine Hassrede,0.9671206474304199
GERMEVAL,PER_ORG_LOC_TYPED,60,"Die [ORG] im [ORG] polemisiert gegen eine angemessene finanzielle Entschädigung der [ORG], gibt aber in ihrer Fraktion mehrere zehntausend Euro für Schnittchen und Mettigel aus. Bigotterie deluxe.",0,1,Hassrede,0.5045835375785828
GERMEVAL,PER_ORG_LOC_TYPED,61,Da fordern also die [LOC] Gerechtigkeit für die [LOC]. In [LOC] [LOC]. Wir haben Euch schon im 17. Jahrhundert [LOC].,1,0,keine Hassrede,0.8478670120239258
GERMEVAL,PER_ORG_LOC_TYPED,62,Ich bin entsetzt über den Anschlag in barcelona. Meine Gedanken sind bei den Opfern. Hass und Gewalt dürfen nicht siegen.,0,0,keine Hassrede,0.9014659523963928
GERMEVAL,PER_ORG_LOC_TYPED,63,"InesHenkler brosel_werner Ich weiß, Männer haben dreierlei Maß - das übertriebene Maß, das Wunschmaß und die oft bittere Realität",0,0,keine Hassrede,0.9443486928939819
GERMEVAL,PER_ORG_LOC_TYPED,64,mz_Wittenberg Und? Täter noch nicht ermittelt und hart bestraft?,0,0,keine Hassrede,0.7365086078643799
GERMEVAL,PER_ORG_LOC_TYPED,65,SteinbachErika Das lassen die nicht zu....und wenn sie gegen ihren eigenen Willen festgehalten werden... [LOC] Es ist leicht nach einzureisen...aber raus?,0,0,keine Hassrede,0.8039335012435913
GERMEVAL,PER_ORG_LOC_TYPED,66,"[PER] [ORG] [ORG] spdde Die_Gruenen dieLinke [ORG] katholisch_de [ORG] Deutschland ein Irrenhaus....ich will nach [LOC], ob mir wohl jemand ein Strandhaus schenkt..?",0,1,Hassrede,0.8544855713844299
GERMEVAL,PER_ORG_LOC_TYPED,67,Spekulant1 SZ EveRoll entschuldigung. sie verstehen ja grad nicht mal ihre eigenen worte,0,0,keine Hassrede,0.9406582713127136
GERMEVAL,PER_ORG_LOC_TYPED,68,ZeichenTaten mountainman1977 ThomasMichael71 Handel ist [LOC] käme er nicht zustande.,0,0,keine Hassrede,0.9947569370269775
GERMEVAL,PER_ORG_LOC_TYPED,69,[ORG] läuft. Man sollte mal fragen wieviel Geld er bekommen hat.,0,0,keine Hassrede,0.8935125470161438
GERMEVAL,PER_ORG_LOC_TYPED,70,"Widerlich, dieser [PER]. Ohne Rücksicht auf die Bienen. Dieses [LOC] Stück Gewissenlosigkeit muss abgewählt und [LOC] werden.",1,1,Hassrede,0.8621791005134583
GERMEVAL,PER_ORG_LOC_TYPED,71,"[PER] SpotifyDE Geht zu [ORG],das ist eure Einstellung angemessen!",0,0,keine Hassrede,0.986504316329956
GERMEVAL,PER_ORG_LOC_TYPED,72,S_Inez_Aust fröhlicher gruß aus der hauptstadt [LOC],0,0,keine Hassrede,0.9951157569885254
GERMEVAL,PER_ORG_LOC_TYPED,73,Wir müssen der schwarzen Fahne des [ORG] den Wind und damit dem [ORG] die Macht nehmen. Er darf uns und unsere Leben nicht länger beherrschen.,0,1,Hassrede,0.9621886610984802
GERMEVAL,PER_ORG_LOC_TYPED,74,EU-Faschismus Scootergate Sämtliche deutsche MSM wieder mal beim Arschlecken des ukrainischen Putschregimes,1,1,Hassrede,0.9579066038131714
GERMEVAL,PER_ORG_LOC_TYPED,75,[LOC] ist so ein linker Anarchist noch auf freien Fuß.Einsperren und verschimmeln lassen,1,0,keine Hassrede,0.7060272693634033
GERMEVAL,PER_ORG_LOC_TYPED,76,"WELTnews Remigration als Lösung für dieses Problem. [LOC] Keine moslems, keine starkpigmentierten = keine blödsinnsbehörde",1,0,keine Hassrede,0.9944952726364136
GERMEVAL,PER_ORG_LOC_TYPED,77,DoraBromberger DuHugonotte Hauptsache was für die [ORG] gemacht!,0,0,keine Hassrede,0.9031214714050293
GERMEVAL,PER_ORG_LOC_TYPED,78,"[LOC], normales Essen und Trinken! Schluß! Sie sind keine Sozialtouristen auf unsere Kosten!",1,0,keine Hassrede,0.9979951977729797
GERMEVAL,PER_ORG_LOC_TYPED,79,"[PER] sieht Meinungsfreiheit in [LOC] aus, dank dieser Volksverräterin Merkel!! |LBR| Herzlichen Willkommen in der [ORG] 2.0! Es wird Zeit",1,0,keine Hassrede,0.888428270816803
GERMEVAL,PER_ORG_LOC_TYPED,80,Keine Überraschung: Auch [PER] darf in der [ORG] bleiben.,0,0,keine Hassrede,0.950959324836731
GERMEVAL,PER_ORG_LOC_TYPED,81,"Das System kann uns Pack nennen,darauf bin ich stolz! [PER] als eine Hure dieses Systems zu sein!",1,0,keine Hassrede,0.7466334700584412
GERMEVAL,PER_ORG_LOC_TYPED,82,"[PER] bringt nichts. Bleiben sie geboten vernünftig. Wir stehen auf der Seite der Opfer, ich hoffe Sie auch.",0,0,keine Hassrede,0.9979864954948425
GERMEVAL,PER_ORG_LOC_TYPED,83,[PER] Frau = weiblich [PER] = männlich,0,0,keine Hassrede,0.8267428278923035
GERMEVAL,PER_ORG_LOC_TYPED,84,BonkeKolja Da sagen wir doch mal : herzlichen Glückwunsch!,0,0,keine Hassrede,0.9954023361206055
GERMEVAL,PER_ORG_LOC_TYPED,85,"Unser Mitgefühl gilt der Familie des Opfers der schrecklichen Tat in [LOC]. Großer Respekt allen,die mutig Zivilcourage gezeigt haben (1)",0,0,keine Hassrede,0.9779493808746338
GERMEVAL,PER_ORG_LOC_TYPED,86,"Ich war,bin und werde immer Nationaldemokrat sein!",0,0,keine Hassrede,0.9535660147666931
GERMEVAL,PER_ORG_LOC_TYPED,87,GoeringEckardt Die_Gruenen Wie läuft das dann: Ehe nicht vollzogen? [PER] Das galt doch bis jetzt? Dann wurde annulliert oder geschieden,0,0,keine Hassrede,0.7481991052627563
GERMEVAL,PER_ORG_LOC_TYPED,88,[ORG] für den Hinweis!,0,0,keine Hassrede,0.969143807888031
GERMEVAL,PER_ORG_LOC_TYPED,89,Was soll dass 220.000 Invasoren dürfen kommen + Familiennachzug u Hunderttausende die an der [ORG] dass Wort Asyl stammeln können [ORG],1,0,keine Hassrede,0.7074092626571655
GERMEVAL,PER_ORG_LOC_TYPED,90,"blacknarga300 Titania0001 [PER], du findest das witzig, na wir werden sehen, „Wer zuletzt lacht“....",0,0,keine Hassrede,0.9398558139801025
GERMEVAL,PER_ORG_LOC_TYPED,91,"[PER] Immer dran denken, dass Islam Frieden bedeutet und der Rechtspopulismus die größte Gefahr ist.",1,0,keine Hassrede,0.9988037347793579
GERMEVAL,PER_ORG_LOC_TYPED,92,m0rpheouz Hausfrau4ever Das ist so nicht richtig. Bei Schleimpilzen gibt es mehrere Geschlechter. Bis zu 13.,0,0,keine Hassrede,0.828281819820404
GERMEVAL,PER_ORG_LOC_TYPED,93,"Also,keine Freunde hier,sondern Besatzer und Feinde!",0,1,Hassrede,0.6773861050605774
GERMEVAL,PER_ORG_LOC_TYPED,94,[PER] War doch nur ein „Polenböller“,0,0,keine Hassrede,0.9708731770515442
GERMEVAL,PER_ORG_LOC_TYPED,95,"MonikaBergholz1 Maronen(Esskastanien) am besten schon gekochte, alles in Pfanne braten und ab durch den Mixer - mit getrockneten Steinpilzen auch sehr lecker.",0,0,keine Hassrede,0.874905526638031
GERMEVAL,PER_ORG_LOC_TYPED,96,"maybritillner Was hat diese Partei an, sie haben keinen Regierungs Auftrag nicht verstanden. Hier wird sich einfach über das Votum der Wählerschaft hinweg gesetzt. Herr [PER]. Nächster Wahltag ist Zahltag.",0,0,keine Hassrede,0.914603054523468
GERMEVAL,PER_ORG_LOC_TYPED,97,"Hallo Freunde, muss mich doch mal melden, ich hoffe, Ihr seid alle gesund und munter. 5 Wochen in [LOC], eine Wohltat für meine Seele.",0,0,keine Hassrede,0.8828381896018982
GERMEVAL,PER_ORG_LOC_TYPED,98,"Dem Himmel sei Dank, vorerst ist die Vernichtung [LOC] und der Genozid am [ORG] verhindert! Wer die Statements der [ORG], der [ORG] und der [ORG] mitbekommen hat, wie sie sich bei der STASI-Trulla bedanken, der weiß wie nahe wir am Untergang waren!",1,0,keine Hassrede,0.8287672996520996
GERMEVAL,PER_ORG_LOC_TYPED,99,methusalix64 Die_Gruenen Was für ein gruseliges Bild....mir fehlen die Worte.. [PER] Wenn aus Verlierern Sieger werden....dummes dummes [LOC],0,1,Hassrede,0.8228115439414978
GERMEVAL,PER_ORG_LOC_TYPED,100,[PER] [ORG] von H.Maas und der [ORG]. Bezahlt mit Steuer Gelder. Knecht von Google.,1,0,keine Hassrede,0.905345618724823
GERMEVAL,PER_ORG_LOC_TYPED,101,happyhaidrich3 bleidsamel ExilMengele Wenn Almans das Internet entdecken.immer wieder lustig,0,0,keine Hassrede,0.988311231136322
GERMEVAL,PER_ORG_LOC_TYPED,102,Solidarität mit ďen Palästinensern! Tŕotzt dem [ORG],1,0,keine Hassrede,0.9970794320106506
GERMEVAL,PER_ORG_LOC_TYPED,103,"[ORG] Schauen wir mal, vielleicht kann sich die Gewinnerin in dem Fall ja etwas anderes aus dem besagten Shop aussuchen. :-)",0,0,keine Hassrede,0.8871396780014038
GERMEVAL,PER_ORG_LOC_TYPED,104,"[PER], hmmmmmmmmmmm, schon 12 Stück über den Tag verteilt (8 habe ich noch)",0,0,keine Hassrede,0.9090176224708557
GERMEVAL,PER_ORG_LOC_TYPED,105,engingalaxy sternde Der Papst würde auch den Arsch des Teufels küssen wenn es ihm nützt,1,0,keine Hassrede,0.8912382125854492
GERMEVAL,PER_ORG_LOC_TYPED,106,Durch_LAUCH_t Ich verstehe seinen Tweet offenbar anders. Nämlich als Aufruf zu neuen Gesetzen.,0,0,keine Hassrede,0.959143877029419
GERMEVAL,PER_ORG_LOC_TYPED,107,"[ORG] MatthiasMeisner 3. Antisemitismus unter Muslime ist ein großes Problem, was nicht ignoriert werden darf. Dieser Antisemitismus ist aber auch tief verwurzelt in der ganzen [ORG]. Kommentare wie von Ihnen bestätigen mich in der Einschätzung, dass hier versucht wird, ein tiefes deutsches Problem",1,1,Hassrede,0.6475403308868408
GERMEVAL,PER_ORG_LOC_TYPED,108,"patriarchator Die Hetze der Deutschen Lügenpresse, Medienpack und Politiker gegen [PER] werden noch ein böses Ende haben für die [ORG]",1,1,Hassrede,0.8375595211982727
GERMEVAL,PER_ORG_LOC_TYPED,109,"[LOC] Hintergrundwissen, anzueignen, wissenschaftlich zu arbeiten, und das anerzogene Denken zu hinterfragen wird überbewertet. [PER] ist ein Gewinn für das durch und durch linke System",0,0,keine Hassrede,0.9339815378189087
GERMEVAL,PER_ORG_LOC_TYPED,110,"Claudia_Mertes ScottiRacer TobiasM_28 Tom174_ Die_Gruenen Wir wissen bereits jetzt, dass die Mehrheit der Migranten keine [LOC] sind. Und wir wissen auch, dass in keinem Land in [LOC] oder der Türkei Krieg herrscht.",0,0,keine Hassrede,0.9009085893630981
GERMEVAL,PER_ORG_LOC_TYPED,111,Wir brauchen ein deutsches [ORG] jurgenelsasser David_Bendels Dieter_Stein RogerKoeppel,0,0,keine Hassrede,0.5416127443313599
GERMEVAL,PER_ORG_LOC_TYPED,112,"Patssai asidealex tagesthemen Lieben Dank für den guten Kommentar- Terror sollte genau das so ziemlich einzige bleiben,was nicht als subjektive ""Normalität"" benannt werden darf. [PER]. [PER] Ich freue mich aufrichtig,dass Sie das alles unbeschadet überstanden haben.",0,0,keine Hassrede,0.8007540702819824
GERMEVAL,PER_ORG_LOC_TYPED,113,"Wen immer die [ORG] heute als Seehofer-Nachfolger nominiert hätte - das Medienecho wäre negativ gewesen: zu tricky, zu lahm, zu lieb oder zu unbekannt. Bei [PER] haben es die Unions-Gegner freilich am einfachsten. Feindbild",0,0,keine Hassrede,0.5682182908058167
GERMEVAL,PER_ORG_LOC_TYPED,114,Gebetsmühlenartige Aufrufe dem Terror nur zu trotzen sind Zeichen der Unfähigkeit dieser Politiker wirksam gegen diesen vorzugehen!,0,1,Hassrede,0.6214327812194824
GERMEVAL,PER_ORG_LOC_TYPED,115,Tagesschau Ihr seit solche verlogenen Arschlöcher !!!,1,1,Hassrede,0.9731684923171997
GERMEVAL,PER_ORG_LOC_TYPED,116,"connor_larkin kjempeslu Schon mitgekriegt, dass wir in einer repräsentativen Demokratie leben?",0,0,keine Hassrede,0.9402006268501282
GERMEVAL,PER_ORG_LOC_TYPED,117,"FeePatzer Sowas nennt man Ermittlungsarbeit. Herausfinden, was geschehen ist. Unschuldsvermutung. Rechtsstaat. Ein Polizeirevier ist kein weibliche Klatschparty mit der besten Freundin.",1,0,keine Hassrede,0.9981130361557007
GERMEVAL,PER_ORG_LOC_TYPED,118,"[ORG] [PER] Als Geschlecht noch kein Kriterium war, hatte die [ORG] mehr Erfolg beim Wähler.",0,0,keine Hassrede,0.9689424633979797
GERMEVAL,PER_ORG_LOC_TYPED,119,"DrDavidBerger Einsammeln und ab nach [LOC],[LOC] für Ausländer.Was diese Moslems machen ist Landfriedensbruch.Ein Grund sie schnellstens abzuschieben!",1,1,Hassrede,0.9878743886947632
GERMEVAL,PER_ORG_LOC_TYPED,120,SPIEGEL_Politik roland01962 Nazi Lügenpresse und Merkel Vasallen hetzen weiter gegen [ORG],1,1,Hassrede,0.9482582807540894
GERMEVAL,PER_ORG_LOC_TYPED,121,[PER] erzähl mal :-) /TN,0,0,keine Hassrede,0.9850857853889465
GERMEVAL,PER_ORG_LOC_TYPED,122,Hartes_Geld Solch ein grünes Ergebnis hätte den deutschen so gut getan... [PER] In regiert wer gewinnt...nur in dürfen Verlierer weiter regieren...!!,0,0,keine Hassrede,0.724647045135498
GERMEVAL,PER_ORG_LOC_TYPED,123,[ORG] ennof_ AthinaMala NancyPeggyMandy info2099 lifetrend ThomasGBauer [ORG] charlie_silve NoHerrman willjrosenblatt [PER] ellibisathide MD_Franz Bitte Waffe nicht vergessen auf Daktys zu untersuchen - und Schmauchspuren - die fehlten bei [PER] und [PER] auch an den Händen.,0,0,keine Hassrede,0.8853853940963745
GERMEVAL,PER_ORG_LOC_TYPED,124,Warum soll die natürliche Selektion in [LOC] bekämpft werden? Zu [LOC] viele Menschen haben eben nicht genug zu essen. Geburtenkontrolle!,1,0,keine Hassrede,0.9286420941352844
GERMEVAL,PER_ORG_LOC_TYPED,125,Mama_arbeitet annika_schach herr_unbekannnt Frauen sind repräsentiert. Durch von Frauen gewählte Abgeordnete. Das Geschlecht ist dabei völlig egal.,0,0,keine Hassrede,0.9414020776748657
GERMEVAL,PER_ORG_LOC_TYPED,126,"[PER] doch endlich alle Islamisten und [ORG] sowie [ORG] ,[ORG] [LOC] !!!! Schon ist ruhe !!!",1,1,Hassrede,0.6208223700523376
GERMEVAL,PER_ORG_LOC_TYPED,127,"Für mich kann ich nur feststellen, d. vorhand. [LOC] ist weit gefährlicher als Atommüll &gt; strahlende Gesichter in Aussicht d. MACHT",1,0,keine Hassrede,0.9198318123817444
GERMEVAL,PER_ORG_LOC_TYPED,128,"die [ORG] ohne Rückrat [ORG] fällt wie zu erwarten gewesen ist doch um. Einfach nur ekelhaft, widerlich und demnächst unter 5%",1,0,keine Hassrede,0.7888540029525757
GERMEVAL,PER_ORG_LOC_TYPED,129,"Ich freue mich riesig, dass ich in meinem Wahlkreis (297) mit großem Vorsprung wiedergewählt wurde! Mit Mehrheit in allen Gemeinden! Danke!",0,0,keine Hassrede,0.7489094138145447
GERMEVAL,PER_ORG_LOC_TYPED,130,soskinderdorf Er wollte den Kindern eine Familie geben und keine Wohngruppen mit dauernd wechselnden Personal.,0,0,keine Hassrede,0.9755348563194275
GERMEVAL,PER_ORG_LOC_TYPED,131,[PER] wirklich das eine Krähe der anderen ein Auge aus hackt?,0,0,keine Hassrede,0.7798060774803162
GERMEVAL,PER_ORG_LOC_TYPED,132,"[PER] JuedischeOnline Die Mär vom »unausweichlichen Dienst in [LOC]« ist längst geschichtswissenschaftlich widerlegt worden. Außerdem meldete [PER] sich [ORG] zur [ORG]; unterstützte so ideologisch das deutsche [ORG]! Er war genauso ein Teil des Holocaust, wie jeder andere Nazi auch!",0,0,keine Hassrede,0.5909760594367981
GERMEVAL,PER_ORG_LOC_TYPED,133,"AuswaertigesAmt IHRA_news Scheinheilige Heuchler !!! Ist es nicht das [LOC], das viele Menschen als Menschen Dritter oder gar Vierter Klasse behandelt ?!?",1,1,Hassrede,0.8417405486106873
GERMEVAL,PER_ORG_LOC_TYPED,134,"ZeichenTaten mountainman1977 ThomasMichael71 Das verarmte Proletariat in dem Städten... Dann erklär mal, warum die vom Land in die Städte wanderten. Und warum auch heute noch, vor allem in Entwicklungsländern, Menschen vom Land in die Städte ziehen.",0,0,keine Hassrede,0.5951536297798157
GERMEVAL,PER_ORG_LOC_TYPED,135,"[ORG]: Die öffentlich getragene Kippa ist natürlich eine unnötige Provokation, das öffentlich getragene Kopftuch hingegen ein Zeichen von Vielfalt, das man notfalls einklagt. Antisemitismus in der salonfähigen Version.",0,0,keine Hassrede,0.896434485912323
GERMEVAL,PER_ORG_LOC_TYPED,136,[LOC] die kleine [PER]...[PER] sagt was Sache ist..! |LBR| HeikoMaas,0,0,keine Hassrede,0.8756697177886963
GERMEVAL,PER_ORG_LOC_TYPED,137,"[LOC],das stimmt. Dann ist das zuständige Sozialamt nen Versuch wert... Viel Glück!",0,0,keine Hassrede,0.8490307331085205
GERMEVAL,PER_ORG_LOC_TYPED,138,"AfDimBundestag [PER] Wenn die [ORG] dieses nicht zu verhindern versteht, dafür wurden sie gewählt, dann ist bald Schluss mit [ORG]..!",0,0,keine Hassrede,0.7384293675422668
GERMEVAL,PER_ORG_LOC_TYPED,139,"Ihr [LOC], nicht protestieren, Raketen, die über [LOC] fliegen, [LOC] abschießen. Bin ich verstanden worden? Sofort umsetzen.",0,0,keine Hassrede,0.9843809008598328
GERMEVAL,PER_ORG_LOC_TYPED,140,[ORG] [ORG]? Ist wohl ein schreib Fehler. Der [LOC] bildet die Grenze zwischen [LOC] und [LOC]. Die Kontrolle ist dennoch lange überfällig.,0,0,keine Hassrede,0.8014402389526367
GERMEVAL,PER_ORG_LOC_TYPED,141,emma_cocos Babsi58089 maybritillner ZDF HeikoMaas nicolabeerfdp [ORG] heute Bei dem ist das reine Zeitverschwendung!!,0,1,Hassrede,0.5087710618972778
GERMEVAL,PER_ORG_LOC_TYPED,142,"Polizeihunde in [LOC] bekommen jetzt eine Pension. Kinder hungern, Rentner müssen Flaschen sammeln.",0,0,keine Hassrede,0.8689536452293396
GERMEVAL,PER_ORG_LOC_TYPED,143,1683 haben wir die türken vor [LOC]. heute sind die europäer [LOC] stärker.,0,0,keine Hassrede,0.7446454763412476
GERMEVAL,PER_ORG_LOC_TYPED,144,"welt Wir wissen das Merkel, ihre Vasallen,die Lügenpresse und [PER] die Verantwortung dafür tragen! Wer [PER] huldigt, bestellt den Tod!!",1,1,Hassrede,0.707726001739502
GERMEVAL,PER_ORG_LOC_TYPED,145,DrDavidBerger Blind ist die Meck-Pomm Schlampe auch noch!,1,0,keine Hassrede,0.7144495844841003
GERMEVAL,PER_ORG_LOC_TYPED,146,"[PER], [PER], [PER] verneigt sich vor [PER]? Offensichtlich nur um die einst ""abgesägten"" Stuhlbeine aufzuheben und zu verstecken",0,0,keine Hassrede,0.7712858319282532
GERMEVAL,PER_ORG_LOC_TYPED,147,"Jetzt wieder die typische [ORG] Hetze gepaart mit dreisten Lügen.... unmöglich, [PER]",1,1,Hassrede,0.6923868656158447
GERMEVAL,PER_ORG_LOC_TYPED,148,"[PER], danke für den Hinweis! Wir haben das autodeformierte jetzt manuell korrigiert. /fxn",0,0,keine Hassrede,0.7647623419761658
GERMEVAL,PER_ORG_LOC_TYPED,149,Der Umgang zw. ausländ. und dt. Katholiken in unseren Gemeinden kann zu einem Motor für ein zukunftsweisendes Zusammenleben werden.,0,0,keine Hassrede,0.9634659290313721
GERMEVAL,PER_ORG_LOC_TYPED,150,[LOC] erlebte den grössten Exodus seit [PER] Juden flüchten aus [LOC]. Nicht vor Rechten. [PER] Vor Islamisten und Radikalen Muslimen. Und,0,0,keine Hassrede,0.9354146718978882
GERMEVAL,PER_ORG_LOC_TYPED,151,"[PER] Norbinator2403 ennof_ AthinaMala NancyPeggyMandy info2099 lifetrend ThomasGBauer [ORG] charlie_silve NoHerrman willjrosenblatt [PER] ellibisathide MD_Franz Versuchen Sie mal in 20 s einen Mord, Brandlegung und einen Selbstmord und das mit einem Repetiergewehr - der Tote hat offensichtlich nochmal nachgeladen, denn sonst ist eben eine Hülse zuviel.",0,0,keine Hassrede,0.732572615146637
GERMEVAL,PER_ORG_LOC_TYPED,152,"ShakRiet pip_news So mach ein ""Gutmensch"" stand schon auf einer zweiten ""[PER]""",0,0,keine Hassrede,0.9864591360092163
GERMEVAL,PER_ORG_LOC_TYPED,153,"Würde mich ja nicht wundern, wenn diese Deppen Staatsgelder kassieren würden.",1,0,keine Hassrede,0.6877988576889038
GERMEVAL,PER_ORG_LOC_TYPED,154,[ORG] mal ehrlich: [ORG] sind nicht so nervig. Die haben nämlich das links-moralisierende Weltbild nicht.,0,0,keine Hassrede,0.9976540207862854
GERMEVAL,PER_ORG_LOC_TYPED,155,"Aber handelt klug,besonnen.Wir müssen die Feinde benennen,offenlegen,sie überall lächerlich machen.",0,0,keine Hassrede,0.7329727411270142
GERMEVAL,PER_ORG_LOC_TYPED,156,[ORG] [ORG] dann [PER] besser macht?,0,0,keine Hassrede,0.8811123371124268
GERMEVAL,PER_ORG_LOC_TYPED,157,Bundeskanzler [PER] wird sicherlich nicht noch einmal bei [PER] sitzen. Bei einer Frau ohne Anstand keinerlei Erziehung und Achtung vor Andersdenkende. Eine Heuchelnde Anhängerin der Diktatur das ist Frau [PER]. [PER],1,0,keine Hassrede,0.7328166961669922
GERMEVAL,PER_ORG_LOC_TYPED,158,"Die latente Versuchung in jedem akademischen Umfeld ist wohl, die Schöpfung auf einige interpretative Schemata zu reduzieren und sie so des eigentlichen Mysteriums zu berauben, das ganze Generationen dazu bewegt hat, das unbedingt Notwendige, Gute, [PER] und Wahre zu suchen.",0,0,keine Hassrede,0.6023609638214111
GERMEVAL,PER_ORG_LOC_TYPED,159,Das [ORG] spendet 100.000€ aus [LOC] an caritas_ci für Erdbebenopfer in [LOC] und für geflüchtete Rohingya in [LOC].,0,0,keine Hassrede,0.7721986770629883
GERMEVAL,PER_ORG_LOC_TYPED,160,"qnbechtel hdBerretz faznet Warum auch, denn dann müsste man konsequent auch alle Politiker der Kartellparteien ausschießen die sich rassistisch gegen Deutsche geäußert haben oder es in Zukunft tun.",0,1,Hassrede,0.9803063869476318
GERMEVAL,PER_ORG_LOC_TYPED,161,"flyingtomoon mortimer_niels deinTherapeut Es is keine Wissenschaft. Wissenschaft falsifiziert und ist ergebnisoffen. Gender Studies sind pure Ideologie, die außer Behauptungen nichts vorweisen können.",1,0,keine Hassrede,0.9687930941581726
GERMEVAL,PER_ORG_LOC_TYPED,162,"MaxSchiefi Hauptsache du bist gebildet !!! Du Kleiner Arschkriecher, wo keine Eier in der hose hat [ORG]",1,0,keine Hassrede,0.8749777674674988
GERMEVAL,PER_ORG_LOC_TYPED,163,"benniH Nein, da ist mehrfach bloß vom Familiennachzug zu subsidiär Geschützten die Rede.",0,0,keine Hassrede,0.7632737159729004
GERMEVAL,PER_ORG_LOC_TYPED,164,Boar Redet der Maas Scheisse !!! Der Heuchler!!!,1,1,Hassrede,0.9724787473678589
GERMEVAL,PER_ORG_LOC_TYPED,165,himbeerhans stfries AuswaertigesAmt 4. zu keinem Zeitpunkt (weder vor noch nach dem Statement) gab es anheizende Appelle oder Äußerungen von offizieller israelischer Seite,0,0,keine Hassrede,0.9883813261985779
GERMEVAL,PER_ORG_LOC_TYPED,166,"DonBarbone MettManfred ""Ausländer raus"" ist eine reine Meinungsäußerung.",1,0,keine Hassrede,0.9960529208183289
GERMEVAL,PER_ORG_LOC_TYPED,167,[PER] u Schergen wir [LOC] sitzen noch in den Bäumen verarschen uns nach [LOC] diese Meineid u Hochverrat Merkel muss weg [ORG],0,1,Hassrede,0.9814069271087646
GERMEVAL,PER_ORG_LOC_TYPED,168,"[ORG] allesevolution DerDoktorant ""Race Realists"", die [LOC] mit seiner Frage offensichtlich entlarven will, verwenden den Begriff ""Rasse"" wohl eher im Sinne der biologischen Unterart. [LOC] Es zeugt von ihrer argumentativen und taktischen Schwäche, dass sie am Begriff ""Rasse"" festhalten.",0,1,Hassrede,0.5725979208946228
GERMEVAL,PER_ORG_LOC_TYPED,169,[PER] Gab's auf [LOC] noch nie.,0,0,keine Hassrede,0.995929479598999
GERMEVAL,PER_ORG_LOC_TYPED,170,"Es folgen Zitate aus der Schrift der [ORG] ""Integration fördern - Zusammenleben gestalten"" aus dem Jahr 2004 (!).",0,0,keine Hassrede,0.8012141585350037
GERMEVAL,PER_ORG_LOC_TYPED,171,Sakoelabo [PER] ja. [LOC] können wir Männer uns zumindest nicht.,1,0,keine Hassrede,0.888956606388092
GERMEVAL,PER_ORG_LOC_TYPED,172,"Der Islam hat mit Gewalt zu tun, sagt der Islamwissenschaftler [PER].",0,1,Hassrede,0.7434267401695251
GERMEVAL,PER_ORG_LOC_TYPED,173,"ainyrockstar welt Ich finde Zynismus bei diesem Thema geschmacklos. [PER] Vielmehr beschäftigt mich die Frage: Was tue ich gegen dieses himmelschreiende Unrecht? [LOC] Der Staat unternimmt nichts, wie auch bei [ORG]. [PER] mit [ORG]",0,0,keine Hassrede,0.9419124126434326
GERMEVAL,PER_ORG_LOC_TYPED,174,"Alles Gute, lieber [PER] ([PER]) zum Geburtstag. Hoffentlich der letzte in türkischer Haft! Für mich sind Sie ein Held!",0,0,keine Hassrede,0.9331392049789429
GERMEVAL,PER_ORG_LOC_TYPED,175,Flüchtlinge aus [LOC] berichten über ihr Leben in der umkämpften [LOC] und ihre gefährliche Flucht in die Sicherheit.,0,0,keine Hassrede,0.7028504014015198
GERMEVAL,PER_ORG_LOC_TYPED,176,Mit der [ORG] wird es keinen Islam-Feiertag geben.,0,0,keine Hassrede,0.968243420124054
GERMEVAL,PER_ORG_LOC_TYPED,177,"In [LOC] gilt unsere Leitkultur, bei der Integration ist sie der Maßstab.",0,0,keine Hassrede,0.9441378116607666
GERMEVAL,PER_ORG_LOC_TYPED,178,"IvyandWoe Ich weiß halt, wie man Frauen zum Miauen bringt",1,1,Hassrede,0.5503330230712891
GERMEVAL,PER_ORG_LOC_TYPED,179,KonseqLiberal MiataMuc hilbig_hilbig Was bist Du denn für ne Schwuchtel?,1,0,keine Hassrede,0.9151917099952698
GERMEVAL,PER_ORG_LOC_TYPED,180,[PER] hat mehrere Grundgesetze eiskalt übergangen! Kein Flüchtling ist laut Gesetz in [LOC] asylberechtigt[ORG],0,0,keine Hassrede,0.7597142457962036
GERMEVAL,PER_ORG_LOC_TYPED,181,"Gerade auf [ORG] ""Die neuen Waffen des Terrors"" mitbekommen ! [ORG] FÜR EIN SCHEIß!! [ORG] [ORG], dann KEIN Terror!",1,1,Hassrede,0.970417857170105
GERMEVAL,PER_ORG_LOC_TYPED,182,"Mich freut, dass die Zivilgesellschaft unglaublich mobilisiert worden ist.“ EKD-RV landesbischof Bedford-Strohm zum Reformationsjubiläum [ORG] [PER] ist eine Schande für [LOC]. Und eine Peinlichkeit für JEDE Partei. [ORG] INSULT [PER] frisst sich durch die Welt sie passt schon nicht mehr auf einen 16 zu 9 Bildschirm Servicezeit [ORG] [ORG] INSULT pmaurus UrsUrsen Gar nicht erst abschalten! /sth [ORG] [ORG] Sieht man ja an [PER]. Die ist immer noch nicht Kanzlerin weil die bösen Männer sie einfach nicht lassen... OTHER OTHER [PER] Ich habe ein Problem mit dem Katholizismus, dem Judentun, der russischen Bevölkerung und mit Neonazis. [ORG] MeliDeluxe da fällt mir gleich die kippe aus der Fresse ,bei dem Anblick [ORG] erschüttert darüber,dass [ORG] nicht nur d. Einzug geschafft hat,sondern auch noch so stark im [ORG] vertreten sein wird BTW17 noafd [ORG] OTHER _teatimecookie_ Einen Mann dazu zu bringen wäre, wie Euch Frauen dazu zu bringen, nicht mehr in Schaufenstern voller Schuhe zu glotzen. [ORG] Die Frage nach dem Sinn des Lebens wird deshalb immer wieder gestellt, weil den Menschen die offensichtliche Antwort nicht behagt. [ORG] hubertus_knabe da passt jemand auf :-) Im Frühjahr 2016 ist die Publikation verfügbar, das Manuskript ist so gut wie fertig. [ORG] auf [ORG]: Stichtagsregelung für Geflüchtete in [LOC] - das kann man diskutieren."" [ORG]",0,0,keine Hassrede,0.5108914375305176
GERMEVAL,PER_ORG_LOC_TYPED,183,"[ORG] ist keine dreiköpfige „Zelle“, sondern eine ""homegrown""- also hiesige -Terrororganisation erster Klasse. |LBR| Schluss also mit ständigen Verharmlosungen, [LOC] und Vertuschungen im Namen der Gerechtigkeit und des [ORG] siegen",0,0,keine Hassrede,0.7579965591430664
GERMEVAL,PER_ORG_LOC_TYPED,184,"Es mutet schon seltsam an, dass [ORG] [ORG] [ORG]; [ORG], die weiter Lohndrückerei, [ORG] und Leiharbeit in [LOC] fördern, sich erneut die Diäten erhöht haben. Ich jedenfalls stimmte gestern gegen die von Großer Koalition plus [ORG] beantragte [ORG]",0,1,Hassrede,0.6497403979301453
GERMEVAL,PER_ORG_LOC_TYPED,185,"[PER] haben Sie gegen den Besuch einer [ORG]? Warum verrate ich Ihrer Meinung nach meine Werte, wenn ich das verlange?",0,0,keine Hassrede,0.9196717143058777
GERMEVAL,PER_ORG_LOC_TYPED,186,"EKD-RV: ""Wir dürfen uns auf die Generation 2017 freuen und wollen die erfolgreichen Jugendprojekte dauerhaft in [LOC] verankern.""",0,0,keine Hassrede,0.8949853181838989
GERMEVAL,PER_ORG_LOC_TYPED,187,Mit [ORG] geht es mehr und mehr bergab wann begreift ihr das endlich?,0,0,keine Hassrede,0.9699354767799377
GERMEVAL,PER_ORG_LOC_TYPED,188,"[LOC] wird überleben und auferstehen! Danke dir Schweiz,[LOC]",0,0,keine Hassrede,0.9383894205093384
GERMEVAL,PER_ORG_LOC_TYPED,189,"a_huebner_law NLPete007 [PER] Inku_Lux herrfranken Wie überall, sind Frauen zu bequem oder zu untalentiert.",1,0,keine Hassrede,0.8332237601280212
GERMEVAL,PER_ORG_LOC_TYPED,190,"Im September 2017 hatten die Wähler in [LOC] entschieden. Heute ist [ORG]; eine Regierung ist noch weit entfernt. Es widert mich an, dass sicherlich bis Februar / März Personen, wie [PER] (sigmargabriel) noch volle Gehälter bekommen.",0,0,keine Hassrede,0.9065402150154114
GERMEVAL,PER_ORG_LOC_TYPED,191,"Tuberkulose wurde vermehrt von Flüchtlingen in [LOC] eingeschleppt. [LOC] Nicht nur dass sie von unser Geld leben, nein jetzt bringen sie auch noch Seuchen mit ins Land. Dank inkompetenter Politiker offener Grenzen, Bahnhofsklatscher und Toleranz Fanatiker.",1,0,keine Hassrede,0.8439461588859558
GERMEVAL,PER_ORG_LOC_TYPED,192,"Meyermit_ey maurice_breuer Die Solidarrente ist ein Punkt für Dich, welche aber auch nur nötig ist, weil Arbeitgeber durch eine zu geringe Lohnzahlung subventioniert werden. Kita hast Du ja schon selbst beantwortet. /TN",0,0,keine Hassrede,0.9953258037567139
GERMEVAL,PER_ORG_LOC_TYPED,193,[PER] [ORG] hat doch Eier in der Hose.,0,0,keine Hassrede,0.7124708294868469
GERMEVAL,PER_ORG_LOC_TYPED,194,[PER] ich auch dafür. Man sollte aber auch monatlich unsere Politiker auf ihren Geisteszustand prüfen.,1,0,keine Hassrede,0.8778232932090759
GERMEVAL,PER_ORG_LOC_TYPED,195,"maurice_breuer Meyermit_ey Am Kindergeld ist in meinen Augen nur zu kritisieren, dass es eine Gießkannenverteilung ist. Wie so oft in der Entlastung von Bürgern. /TN",0,0,keine Hassrede,0.9893478751182556
GERMEVAL,PER_ORG_LOC_TYPED,196,"Grundschüler können zwar nicht richtig lesen, schreiben und rechnen, aber das braucht man für [ORG] ja auch nicht.",1,0,keine Hassrede,0.881050705909729
GERMEVAL,PER_ORG_LOC_TYPED,197,"Rund 200-300 Demonstrierende bei pro-palästinensischer Kundgebung am [LOC]. Alles halbwegs ruhig, keine auffälligen Flaggen. [LOC]",0,0,keine Hassrede,0.9716952443122864
GERMEVAL,PER_ORG_LOC_TYPED,198,"In dir muss brennen, was du in anderen entzünden willst. [PER] Nach [PER]",0,0,keine Hassrede,0.6880261898040771
GERMEVAL,PER_ORG_LOC_TYPED,199,impressivaMicha [PER] war das Kanonenfutter für Kurz.,0,0,keine Hassrede,0.951275646686554
GERMEVAL,X_LENGTH,0,"KonseqLiberal Ja, das Konzept kennst Du weder von Frau noch Mann",0,0,keine Hassrede,0.9328188300132751
GERMEVAL,X_LENGTH,1,Dieser XXXXXXXXXXX ist eine Gefahr für XXXXXXXXXXX! Gut das er nicht mehr im XXXXXXXXX sitzt. XXXXXXXXXXXXXXXX,1,1,Hassrede,0.6895348429679871
GERMEVAL,X_LENGTH,2,"wie strunzdumm die Moderatorin der AktuelleStunde ist, erkennt man daran dass sie mit Enten spricht und sie selber wieder einmal an ihren fettigen Haaren XXX",1,1,Hassrede,0.7183840870857239
GERMEVAL,X_LENGTH,3,"Gestern waren wir in XXXXXXXXXX und haben XXXXXXXXXXXXXXX Buch ""Verleitung zum Aufstand"" vorgestellt!",0,0,keine Hassrede,0.6849074959754944
GERMEVAL,X_LENGTH,4,KokoLores100 Dummheit hat einen Namen! XXXXXXXX!!!!,1,0,keine Hassrede,0.8432007431983948
GERMEVAL,X_LENGTH,5,XXX das ungute Gefühl das ich heute wieder gesperrt werde,0,1,Hassrede,0.5581085681915283
GERMEVAL,X_LENGTH,6,Die Botschaft von Weihnachten wird niemand zerstören können XXX Landesbischof Bedford-Strohm im ZDFspezial,0,0,keine Hassrede,0.9975686073303223
GERMEVAL,X_LENGTH,7,XXXXXXXXXXX hat schon teilweise schräge Vögel...doch das haben die anderen auch! |LBR| Aber sie hat ihre Chance verdient und nach 4jahren wird abgerechnet,0,0,keine Hassrede,0.9664463996887207
GERMEVAL,X_LENGTH,8,so nun mach dich auch Frau Kraft XXX XXX die Taschen voll politisch war sie ja eine Niete,1,0,keine Hassrede,0.7308434247970581
GERMEVAL,X_LENGTH,9,XXXXXXXXXXXXXXXXXXXXXXX auf die verdammten Asyl Schmarotzer,1,1,Hassrede,0.8219252228736877
GERMEVAL,X_LENGTH,10,thom2805 Kittypunk7 Hast Du Dich mit der Geschichte des Nahostkonflikts überhaupt mal beschäftigt? Du klingst nämlich nicht so.,0,0,keine Hassrede,0.8955793380737305
GERMEVAL,X_LENGTH,11,"InfoTweepNL: pegida XXXXXXXXXXX multikulti XXXXXXXXXX eussr XXXXXXXXXXXXXXXX So sieht Zersetzung aus! OTHER OTHER Botschafter einbestellen,ausweisen,XXXXXXXXXX raus aus XXXXXXXXXXX! XXXXXXXXXXX Wenn Islamkritiker zensiert werden und über muslimische Feiertage debattiert wird, weiß man, was die Zukunft bringt. XXXXXXXXXXXXX GermanyWatcher balleryna |LBR| Sehe mir auch jede Demo von XXXXXXX und XXXXXXX an. Kann leider nicht selber hinfahren. XXXXXXXXXXX musevg Und ich finde Ihre Schuldzuschreibung an die XXX 2013 arg mager"". Denn XXXXXXXXX hat sich da wahrlich nicht koalitionsfähig präsentiert. Dass die XXX sich - weit überwiegend - nach radikal links abzugrenzen vermag, verbuche ich auf ihrer Haben-Seite.",0,0,keine Hassrede,0.6380178332328796
GERMEVAL,X_LENGTH,12,dushanwegner AmadeuAntonio |LBR| Es wäre sehr sinnvoll die Aktionen und Verflechtungen der Linken XXXXXXXXXXXXXX zu prüfen und zu Dokumentieren,1,0,keine Hassrede,0.6388652920722961
GERMEVAL,X_LENGTH,13,MiataMuc Und weil ich gleichzeitig so süüüß bin,0,0,keine Hassrede,0.9259822964668274
GERMEVAL,X_LENGTH,14,"XXXXXXXXXXXXXX XXXX Schreiben Sie wieder für - wie Sie so schön formulierten: ""die einfachen Menschen""? Schreiben Sie doch mal zum Thema XXXXXXXXXXXXXX - zum XXX, die täglich gewartet wird!",0,0,keine Hassrede,0.8594735860824585
GERMEVAL,X_LENGTH,15,"Vier Wochen Theater hat genervt, vier Jahre wären schlimmer gewesen JamaikaAbbruch",0,1,Hassrede,0.6990506649017334
GERMEVAL,X_LENGTH,16,"XXXXXXXXXXXXXXXXXXXXXXXXXXX Die_Gruenen cem_oezdemir Ich weiß ja Nicht, ob Deine Schwester eine minderjährige Töchter hat, auf die Du scharf bist.",1,1,Hassrede,0.6363604068756104
GERMEVAL,X_LENGTH,17,sylbewerber PolizeiBerlin_E Kann es sein das ihre Schaukel als Kind zu nahe an der Wand gestanden hat??? Nur mal so als frage.,1,0,keine Hassrede,0.997835636138916
GERMEVAL,X_LENGTH,18,Kann mir XXXXXX seine streams nicht geben und wie ist es bei euch?,0,0,keine Hassrede,0.9053693413734436
GERMEVAL,X_LENGTH,19,"XXXXXXXXXXXXXX als durchgeknallter ""Führer"" &amp; XXXXXX ""brutale Unterdrückung"" vorwerfen. Wie konnte das passieren? Wer ist verantwortlich?",0,1,Hassrede,0.6367552280426025
GERMEVAL,X_LENGTH,20,XXXXXXXXXX Die XXXXXX dringen hier ein und wollen uns ihre Art zu XXXXX leben aufzwingen. Und beschimpfen unsere regierenden XXXXXXXXXXXXXXX als Nazis.,1,1,Hassrede,0.9987608194351196
GERMEVAL,X_LENGTH,21,XXXXXXXXXXXXXXXXXXXXXXX_ Leider nicht. Soll ich in der Geschäftsstelle nachfragen?,0,0,keine Hassrede,0.5546156167984009
GERMEVAL,X_LENGTH,22,XXXXXXXXX XXXXXXXXXXXXXXXXXXXX ...was hast du dir nur dabei gedacht..?,0,0,keine Hassrede,0.5101069211959839
GERMEVAL,X_LENGTH,23,"XXXXXXXXXXXXXX helmut_hedrich Obwohl, nimmt man ihre, also XXXXXXXXXX, ANTIDEUTSCHEn Antrengungen, als LEISTUNG, dann sind ihre Taten schon übermotiviert ! Sie schadet den XXXXXXXXX in mörderischen Eifer !!Und eine Witzfigur ist sie ohne Zweifel !",1,1,Hassrede,0.9343103170394897
GERMEVAL,X_LENGTH,24,"Nicht XXXXXXXXXX oder XXXXXX sind gefährlich,die größten Verbrecher sind XXXXXXXXXXXXXXXX!",1,0,keine Hassrede,0.9944006204605103
GERMEVAL,X_LENGTH,25,"Das größte menschliche Gebet bittet nicht um den Sieg, sondern um Frieden. XXXXXXXXXXXXXXXX",0,0,keine Hassrede,0.9989305138587952
GERMEVAL,X_LENGTH,26,"XXXX, XXXX ""Für die XXXXXX geht es abwärts"" &gt; verstehe ich nicht, wo sie uns doch nun auch die Kosten für den ""Kohleausstieg"" aufbürden",0,1,Hassrede,0.7713140845298767
GERMEVAL,X_LENGTH,27,"Ernst_1895 Typische Deutsche. Kehrwoche, Gutmensch, Kinderfeind (wenn sie keinen Bart haben)",1,0,keine Hassrede,0.9482524991035461
GERMEVAL,X_LENGTH,28,Die Zahl arabischer Rekruten in der XXXXXXXXXXXXXXXXXX steigt rasant. Die XXX hat eine Dokumentation über sie gedreht. XXXXXX BBCArabic,0,0,keine Hassrede,0.8505688309669495
GERMEVAL,X_LENGTH,29,Die gesellschaftlichen Bemühungen um die Integration von Migranten wurzeln in den im Grundgesetz normierten Grundwerten.,0,0,keine Hassrede,0.9964773058891296
GERMEVAL,X_LENGTH,30,Ich beobachte in letzter XXXXXXXXXXXX. Aktivitäten an d. ehemal. Grenzübergangseinrichtungen in XX. Das hat sicher nichts mit XXXXXX zu tun,0,0,keine Hassrede,0.9852513670921326
GERMEVAL,X_LENGTH,31,BrosiusRolf XXXXXXXXXXXXXXXXXXXXXXXX Das Heer ehemaliger Soldaten die im Kalten Krieg gekämpft haben. Ist jederzeit in der Lage diese Regierung zu stürzen.,0,1,Hassrede,0.7256806492805481
GERMEVAL,X_LENGTH,32,"Kardinal XXXXXX bei der ekdsnyode in XXXX: ""Man muss daran festhalten, dass der gute Grund unserer Zukunft nicht Menschenwerk ist, sondern Gottes Gnade allein.""",0,0,keine Hassrede,0.8673004508018494
GERMEVAL,X_LENGTH,33,"XXXXXXX uebermedien Ah, jetzt, ja. XXXXXX (Ich hatte nicht verstanden, was der Tweet bedeuten sollte.)",0,0,keine Hassrede,0.7477860450744629
GERMEVAL,X_LENGTH,34,"SchafDas dornkobold Hat es die jemals gegeben, oder hat man das dem deutschen Volk nur vorgespielt!?",0,1,Hassrede,0.6473928689956665
GERMEVAL,X_LENGTH,35,XXXXXXXXXXXXXXXXX wird bleiben und Glaser niemals Vizepräsident.,0,0,keine Hassrede,0.5876055955886841
GERMEVAL,X_LENGTH,36,XXXXXXXXXXXXXXXXXXXXXX Da Sie wie ich sehe Jude sind und weiß. Sollten Sie sich eher Gedanken machen über den zunehmenden Antisemitismus aus den Reihen des XXXXX. Dort spielt nicht einmal die Hautfarbe eine Rolle.,0,1,Hassrede,0.8717814087867737
GERMEVAL,X_LENGTH,37,Unser Zorn gibt uns die Kraft zum Widerstand.,0,0,keine Hassrede,0.5242589116096497
GERMEVAL,X_LENGTH,38,Junge_Freiheit krippmarie Und wer beliefert uns dann mit dem überteuerten Strom?,0,0,keine Hassrede,0.9288190603256226
GERMEVAL,X_LENGTH,39,"XXXXXXXXXXXXXXXXXXXXXXX Woher will XXXXXXX denn wissen, was ich auf Halbmast setze?",0,0,keine Hassrede,0.6622586250305176
GERMEVAL,X_LENGTH,40,Bei einer Militäroperation im Bundesstaat XXXXXXXX (XXXXXXX) sind über 1.000 Häuser der ethnischen Minderheit Rohingya zerstört worden.,0,1,Hassrede,0.6201968789100647
GERMEVAL,X_LENGTH,41,Frau XXXXXXXXX meine Meinung dazu ist sie sollten uns mit ihrem Pferdegebiss nicht weiter belästigen XXX,1,0,keine Hassrede,0.7386648058891296
GERMEVAL,X_LENGTH,42,XXXXXXXXXXXXXXXXXXXXXXXXX steht schon in den Startlöchern ....der deutsche wird regelrecht entmannt und immer noch keine Gegenwehr.,0,1,Hassrede,0.6981669068336487
GERMEVAL,X_LENGTH,43,XXXXXXXXXXXXXXXX ich das Wort schon höre Transgender,1,1,Hassrede,0.5441828370094299
GERMEVAL,X_LENGTH,44,"SteinbachErika InesHenkler Aber es wird bestimmt jemanden geben, der jedes Gramm an ihr liebt",0,0,keine Hassrede,0.8817660808563232
GERMEVAL,X_LENGTH,45,XXXXXXXXXXXXXX hat es in XXXXXXXX auch begonnen. Mit Burka ist man auf jedenfall sicherer als in 90ies Outfit. Das waren noch Zeiten.,1,0,keine Hassrede,0.7973639369010925
GERMEVAL,X_LENGTH,46,"Aufgehts100 XXXXXXXXXXXXXX MartinSchulz Dieses verlogene unechte Surfen auf dem von oben vorgegeben, vom Volk mit gerechtfertigtem Argwohn beäugten, XXXXXXXXXX kotzt mich dermaßen ab. Ging mir schon vor drei Jahren so, als Merkel wie bescheuert damit begann",0,1,Hassrede,0.9963009357452393
GERMEVAL,X_LENGTH,47,Varg_I_Veum tagesschau Verlogene XXXXXXXXXXXXXXXXXXXXXXXXXXXXXX Der arme Hund |LBR| Hetze,1,1,Hassrede,0.9780922532081604
GERMEVAL,X_LENGTH,48,XXXXXXXXXXXXXXXXXX Einen schönen Tag wünsche ich XXXXXXXXXXXXX,0,0,keine Hassrede,0.806125283241272
GERMEVAL,X_LENGTH,49,Der Islam hat sich in den Sechzigern nicht integriert warum geht ihr davon aus dass er sich jetzt integrieren möchte? So dumm kann doch kein Mensch sein. XXXXXXXXXXXX,1,0,keine Hassrede,0.8790263533592224
GERMEVAL,X_LENGTH,50,"olewahr MartinDomig Sag ihm, er ist ein Sexist und Nazi, wenn er XXX gut findet.",0,1,Hassrede,0.9699316620826721
GERMEVAL,X_LENGTH,51,Subotnik1 _XXXXXXXXXXXXXXXXXXXX Für welche Todesurteile - gegen die Mindeststards des UN-Zivilpaktes und im Rahmen eines systematischen Angriffs auf eine Bevölkerung - ist XXXXX persönlich verantwortlich?,0,1,Hassrede,0.9770482778549194
GERMEVAL,X_LENGTH,52,XXXXXXXXXXXXXXXXXXXXXXXXXXXXXXXX. Gibt es nivcht. Frauen schlafen für gewöhnlich nicht mit statusniederen Männern.,1,0,keine Hassrede,0.9941895604133606
GERMEVAL,X_LENGTH,53,"sternde XXXXXXXXXXX die die Schwulen Ehe forciert, schießt sich ein Eigentor, und ist da wo sie jetzt ist. Nicht Wählbar.",0,0,keine Hassrede,0.858868420124054
GERMEVAL,X_LENGTH,54,XXXXXXXXXXXXXXXXXX doch XXXXXX wenn du mehr Redeanteil von Frauen hören willst,1,0,keine Hassrede,0.8100937008857727
GERMEVAL,X_LENGTH,55,"Sedona_gr ""Sammelklagen"" gibt es in XXXXXXXXXXX nicht und grundsätzlich können nur Betroffene einen Fall durch die Instanzen klagen. Das kann natürlich passieren &amp; solche Vorhaben würden (und wurden) von uns auch unterstützt!",0,0,keine Hassrede,0.9337053894996643
GERMEVAL,X_LENGTH,56,"Aus aktuellem Anlass: XXXXX ""Steueroase"" = Ein böser Ort, an dem die Steuern niedriger sind als hier, und das geht ja wohl mal gar nicht!",0,1,Hassrede,0.6305209994316101
GERMEVAL,X_LENGTH,57,Ich sage nochmal XXXXXXXXXXXXX! Ihr seid die Freiheitskämpfer XXXXXXX!,0,0,keine Hassrede,0.6685086488723755
GERMEVAL,X_LENGTH,58,Antrag Synodalvertretung an altkatholisch|e Synode: In der XXXXXXXXXXXXXXXX sollen mindestens 3 Laien &amp; 1 Geistliche/r sein aksynode16,0,0,keine Hassrede,0.8347314596176147
GERMEVAL,X_LENGTH,59,Unbequeme Wahrheit: XXXXX Sexuelle Belästigung ist ein aufgebauschtes Problem.,1,0,keine Hassrede,0.9582797884941101
GERMEVAL,X_LENGTH,60,"Die XXX im XXXXXXXXXXXXXXXXXXX polemisiert gegen eine angemessene finanzielle Entschädigung der XXXXXXXXXXXX, gibt aber in ihrer Fraktion mehrere zehntausend Euro für Schnittchen und Mettigel aus. Bigotterie deluxe.",0,1,Hassrede,0.5323897004127502
GERMEVAL,X_LENGTH,61,Da fordern also die XXXXXX Gerechtigkeit für die XXXXXX. In XXXXX XXXXXXXXXX. Wir haben Euch schon im 17. Jahrhundert XXXXXXXXXXX.,1,0,keine Hassrede,0.6866589188575745
GERMEVAL,X_LENGTH,62,Ich bin entsetzt über den Anschlag in barcelona. Meine Gedanken sind bei den Opfern. Hass und Gewalt dürfen nicht siegen.,0,0,keine Hassrede,0.9014659523963928
GERMEVAL,X_LENGTH,63,"InesHenkler brosel_werner Ich weiß, Männer haben dreierlei Maß - das übertriebene Maß, das Wunschmaß und die oft bittere Realität",0,0,keine Hassrede,0.9443486928939819
GERMEVAL,X_LENGTH,64,mz_Wittenberg Und? Täter noch nicht ermittelt und hart bestraft?,0,0,keine Hassrede,0.7365083694458008
GERMEVAL,X_LENGTH,65,SteinbachErika Das lassen die nicht zu....und wenn sie gegen ihren eigenen Willen festgehalten werden... XXXXX Es ist leicht nach einzureisen...aber raus?,0,0,keine Hassrede,0.7657473683357239
GERMEVAL,X_LENGTH,66,"XXXXXXXXXXXXXXXXXXXX XXX XXX spdde Die_Gruenen dieLinke XXX katholisch_de XXX Deutschland ein Irrenhaus....ich will nach XXXXX, ob mir wohl jemand ein Strandhaus schenkt..?",0,1,Hassrede,0.7762022018432617
GERMEVAL,X_LENGTH,67,Spekulant1 SZ EveRoll entschuldigung. sie verstehen ja grad nicht mal ihre eigenen worte,0,0,keine Hassrede,0.9406580328941345
GERMEVAL,X_LENGTH,68,ZeichenTaten mountainman1977 ThomasMichael71 Handel ist XXXXXXXXXXXXXXXXXXX käme er nicht zustande.,0,0,keine Hassrede,0.9029216170310974
GERMEVAL,X_LENGTH,69,XXXXXXXXXXXXXXXXXXXXXXXXXXXXXXXXXXXXXXXXX läuft. Man sollte mal fragen wieviel Geld er bekommen hat.,0,0,keine Hassrede,0.52199387550354
GERMEVAL,X_LENGTH,70,"Widerlich, dieser XXXXXXX. Ohne Rücksicht auf die Bienen. Dieses XXXXX Stück Gewissenlosigkeit muss abgewählt und XXXXXXXXXXX werden.",1,1,Hassrede,0.9471380710601807
GERMEVAL,X_LENGTH,71,"XXXXXXXX SpotifyDE Geht zu XXXXXXX,das ist eure Einstellung angemessen!",0,0,keine Hassrede,0.9930919408798218
GERMEVAL,X_LENGTH,72,S_Inez_Aust fröhlicher gruß aus der hauptstadt XXXXXXXX,0,0,keine Hassrede,0.9921643137931824
GERMEVAL,X_LENGTH,73,Wir müssen der schwarzen Fahne des XX den Wind und damit dem XX die Macht nehmen. Er darf uns und unsere Leben nicht länger beherrschen.,0,1,Hassrede,0.9732663035392761
GERMEVAL,X_LENGTH,74,EU-Faschismus Scootergate Sämtliche deutsche MSM wieder mal beim Arschlecken des ukrainischen Putschregimes,1,1,Hassrede,0.9579066038131714
GERMEVAL,X_LENGTH,75,XXXXXXXXXXXXXXXXX ist so ein linker Anarchist noch auf freien Fuß.Einsperren und verschimmeln lassen,1,1,Hassrede,0.6930350661277771
GERMEVAL,X_LENGTH,76,"WELTnews Remigration als Lösung für dieses Problem. XXXXX Keine moslems, keine starkpigmentierten = keine blödsinnsbehörde",1,0,keine Hassrede,0.9884158968925476
GERMEVAL,X_LENGTH,77,DoraBromberger DuHugonotte Hauptsache was für die XXXX gemacht!,0,0,keine Hassrede,0.7170801162719727
GERMEVAL,X_LENGTH,78,"XXXXXXXXXXXXXXXXXXXXXXXXXX, normales Essen und Trinken! Schluß! Sie sind keine Sozialtouristen auf unsere Kosten!",1,0,keine Hassrede,0.9876461625099182
GERMEVAL,X_LENGTH,79,"XXXXXXXXXXXXXX sieht Meinungsfreiheit in XXXXXXXXXXX aus, dank dieser Volksverräterin Merkel!! |LBR| Herzlichen Willkommen in der XXX 2.0! Es wird Zeit",1,0,keine Hassrede,0.9022517204284668
GERMEVAL,X_LENGTH,80,Keine Überraschung: Auch XXXXXX darf in der XXX bleiben.,0,0,keine Hassrede,0.983962893486023
GERMEVAL,X_LENGTH,81,"Das System kann uns Pack nennen,darauf bin ich stolz! XXXXXXXXXXXX als eine Hure dieses Systems zu sein!",1,0,keine Hassrede,0.6895542144775391
GERMEVAL,X_LENGTH,82,"XXXXXXXXXXXXXXXXXXXXXXXXXXXX bringt nichts. Bleiben sie geboten vernünftig. Wir stehen auf der Seite der Opfer, ich hoffe Sie auch.",0,0,keine Hassrede,0.9954837560653687
GERMEVAL,X_LENGTH,83,XXXXXXXXXXXXXXXXXXXXXXXXXX Frau = weiblich XXXXXXXXXX = männlich,0,0,keine Hassrede,0.5641019940376282
GERMEVAL,X_LENGTH,84,BonkeKolja Da sagen wir doch mal : herzlichen Glückwunsch!,0,0,keine Hassrede,0.9954023361206055
GERMEVAL,X_LENGTH,85,"Unser Mitgefühl gilt der Familie des Opfers der schrecklichen Tat in XXXXXXX. Großer Respekt allen,die mutig Zivilcourage gezeigt haben (1)",0,0,keine Hassrede,0.970043420791626
GERMEVAL,X_LENGTH,86,"Ich war,bin und werde immer Nationaldemokrat sein!",0,0,keine Hassrede,0.9535660147666931
GERMEVAL,X_LENGTH,87,GoeringEckardt Die_Gruenen Wie läuft das dann: Ehe nicht vollzogen? XXXXX Das galt doch bis jetzt? Dann wurde annulliert oder geschieden,0,0,keine Hassrede,0.7495073080062866
GERMEVAL,X_LENGTH,88,XXXXXXXXXXXXXXXXXXXXXXXXXXXX für den Hinweis!,0,0,keine Hassrede,0.9786174893379211
GERMEVAL,X_LENGTH,89,Was soll dass 220.000 Invasoren dürfen kommen + Familiennachzug u Hunderttausende die an der XXXXXXXXX dass Wort Asyl stammeln können XXXXXXXXX,1,0,keine Hassrede,0.7197263240814209
GERMEVAL,X_LENGTH,90,"blacknarga300 Titania0001 XXXXXXXXXXXXXXXXX, du findest das witzig, na wir werden sehen, „Wer zuletzt lacht“....",0,0,keine Hassrede,0.8484123945236206
GERMEVAL,X_LENGTH,91,"XXXXXXXXXXXXXXXXXXX Immer dran denken, dass Islam Frieden bedeutet und der Rechtspopulismus die größte Gefahr ist.",1,0,keine Hassrede,0.9986090660095215
GERMEVAL,X_LENGTH,92,m0rpheouz Hausfrau4ever Das ist so nicht richtig. Bei Schleimpilzen gibt es mehrere Geschlechter. Bis zu 13.,0,0,keine Hassrede,0.828281819820404
GERMEVAL,X_LENGTH,93,"Also,keine Freunde hier,sondern Besatzer und Feinde!",0,1,Hassrede,0.6773861050605774
GERMEVAL,X_LENGTH,94,XXXXXXXXXXXXXXXXXXXXXXX War doch nur ein „Polenböller“,0,0,keine Hassrede,0.9659201502799988
GERMEVAL,X_LENGTH,95,"MonikaBergholz1 Maronen(Esskastanien) am besten schon gekochte, alles in Pfanne braten und ab durch den Mixer - mit getrockneten Steinpilzen auch sehr lecker.",0,0,keine Hassrede,0.874905526638031
GERMEVAL,X_LENGTH,96,"maybritillner Was hat diese Partei an, sie haben keinen Regierungs Auftrag nicht verstanden. Hier wird sich einfach über das Votum der Wählerschaft hinweg gesetzt. Herr XXXXXX. Nächster Wahltag ist Zahltag.",0,0,keine Hassrede,0.8929551243782043
GERMEVAL,X_LENGTH,97,"Hallo Freunde, muss mich doch mal melden, ich hoffe, Ihr seid alle gesund und munter. 5 Wochen in XXXXX, eine Wohltat für meine Seele.",0,0,keine Hassrede,0.8713522553443909
GERMEVAL,X_LENGTH,98,"Dem Himmel sei Dank, vorerst ist die Vernichtung XXXXXXXXXXXX und der Genozid am XXXXXXXXXXXXXX verhindert! Wer die Statements der XXX, der XXX und der XXXXXX mitbekommen hat, wie sie sich bei der STASI-Trulla bedanken, der weiß wie nahe wir am Untergang waren!",1,0,keine Hassrede,0.6500409245491028
GERMEVAL,X_LENGTH,99,methusalix64 Die_Gruenen Was für ein gruseliges Bild....mir fehlen die Worte.. XXXXX Wenn aus Verlierern Sieger werden....dummes dummes XXXXXXXXXXX,0,1,Hassrede,0.7976270318031311
GERMEVAL,X_LENGTH,100,XXXXXXXXXXXXXXXXXXXX XXXXXXX von H.Maas und der XXXXXXXXXXXXXXXXXXXXXXXX. Bezahlt mit Steuer Gelder. Knecht von Google.,1,1,Hassrede,0.6577483415603638
GERMEVAL,X_LENGTH,101,happyhaidrich3 bleidsamel ExilMengele Wenn Almans das Internet entdecken.immer wieder lustig,0,0,keine Hassrede,0.988311231136322
GERMEVAL,X_LENGTH,102,Solidarität mit ďen Palästinensern! Tŕotzt dem XXXXXXXXXXXXX,1,0,keine Hassrede,0.9949888586997986
GERMEVAL,X_LENGTH,103,"XXXXXXXX Schauen wir mal, vielleicht kann sich die Gewinnerin in dem Fall ja etwas anderes aus dem besagten Shop aussuchen. :-)",0,0,keine Hassrede,0.8142023682594299
GERMEVAL,X_LENGTH,104,"XXXXXXXXXXXXXXXXXXXXXXX, hmmmmmmmmmmm, schon 12 Stück über den Tag verteilt (8 habe ich noch)",0,0,keine Hassrede,0.6601551175117493
GERMEVAL,X_LENGTH,105,engingalaxy sternde Der Papst würde auch den Arsch des Teufels küssen wenn es ihm nützt,1,0,keine Hassrede,0.8912382125854492
GERMEVAL,X_LENGTH,106,Durch_LAUCH_t Ich verstehe seinen Tweet offenbar anders. Nämlich als Aufruf zu neuen Gesetzen.,0,0,keine Hassrede,0.959143877029419
GERMEVAL,X_LENGTH,107,"XXXXXXXX MatthiasMeisner 3. Antisemitismus unter Muslime ist ein großes Problem, was nicht ignoriert werden darf. Dieser Antisemitismus ist aber auch tief verwurzelt in der ganzen XXXXXXXX. Kommentare wie von Ihnen bestätigen mich in der Einschätzung, dass hier versucht wird, ein tiefes deutsches Problem",1,1,Hassrede,0.6272537112236023
GERMEVAL,X_LENGTH,108,"patriarchator Die Hetze der Deutschen Lügenpresse, Medienpack und Politiker gegen XXXXX werden noch ein böses Ende haben für die XXXXXXXX",1,1,Hassrede,0.9167922139167786
GERMEVAL,X_LENGTH,109,"XXXXXXXXXXXXXXXXXX Hintergrundwissen, anzueignen, wissenschaftlich zu arbeiten, und das anerzogene Denken zu hinterfragen wird überbewertet. XXXXXXXXXXXX ist ein Gewinn für das durch und durch linke System",0,0,keine Hassrede,0.9387973546981812
GERMEVAL,X_LENGTH,110,"Claudia_Mertes ScottiRacer TobiasM_28 Tom174_ Die_Gruenen Wir wissen bereits jetzt, dass die Mehrheit der Migranten keine XXXXX sind. Und wir wissen auch, dass in keinem Land in XXXXXX oder der Türkei Krieg herrscht.",0,0,keine Hassrede,0.9675174951553345
GERMEVAL,X_LENGTH,111,Wir brauchen ein deutsches XXXXXXX jurgenelsasser David_Bendels Dieter_Stein RogerKoeppel,0,1,Hassrede,0.5204958915710449
GERMEVAL,X_LENGTH,112,"Patssai asidealex tagesthemen Lieben Dank für den guten Kommentar- Terror sollte genau das so ziemlich einzige bleiben,was nicht als subjektive ""Normalität"" benannt werden darf. XXXXXXX. XXXXX Ich freue mich aufrichtig,dass Sie das alles unbeschadet überstanden haben.",0,0,keine Hassrede,0.776694655418396
GERMEVAL,X_LENGTH,113,"Wen immer die XXX heute als Seehofer-Nachfolger nominiert hätte - das Medienecho wäre negativ gewesen: zu tricky, zu lahm, zu lieb oder zu unbekannt. Bei XXXXXXXXXXXXX haben es die Unions-Gegner freilich am einfachsten. Feindbild",0,1,Hassrede,0.5488088130950928
GERMEVAL,X_LENGTH,114,Gebetsmühlenartige Aufrufe dem Terror nur zu trotzen sind Zeichen der Unfähigkeit dieser Politiker wirksam gegen diesen vorzugehen!,0,1,Hassrede,0.6214327812194824
GERMEVAL,X_LENGTH,115,Tagesschau Ihr seit solche verlogenen Arschlöcher !!!,1,1,Hassrede,0.9731684923171997
GERMEVAL,X_LENGTH,116,"connor_larkin kjempeslu Schon mitgekriegt, dass wir in einer repräsentativen Demokratie leben?",0,0,keine Hassrede,0.9402006268501282
GERMEVAL,X_LENGTH,117,"FeePatzer Sowas nennt man Ermittlungsarbeit. Herausfinden, was geschehen ist. Unschuldsvermutung. Rechtsstaat. Ein Polizeirevier ist kein weibliche Klatschparty mit der besten Freundin.",1,0,keine Hassrede,0.9981130361557007
GERMEVAL,X_LENGTH,118,"XXXXXXXXXX XXXXXXXXXXXXXXXXXXXXXXXXXXX Als Geschlecht noch kein Kriterium war, hatte die XXX mehr Erfolg beim Wähler.",0,0,keine Hassrede,0.811064600944519
GERMEVAL,X_LENGTH,119,"DrDavidBerger Einsammeln und ab nach XXXXXXXXX,XXXXXXXXXXXXXXXXX für Ausländer.Was diese Moslems machen ist Landfriedensbruch.Ein Grund sie schnellstens abzuschieben!",1,1,Hassrede,0.9972034692764282
GERMEVAL,X_LENGTH,120,SPIEGEL_Politik roland01962 Nazi Lügenpresse und Merkel Vasallen hetzen weiter gegen XXXXXXX,1,1,Hassrede,0.9693009257316589
GERMEVAL,X_LENGTH,121,XXXXXXXXXXXXXXXXXX erzähl mal :-) /TN,0,0,keine Hassrede,0.9087126851081848
GERMEVAL,X_LENGTH,122,Hartes_Geld Solch ein grünes Ergebnis hätte den deutschen so gut getan... XXXXX In regiert wer gewinnt...nur in dürfen Verlierer weiter regieren...!!,0,0,keine Hassrede,0.5501773357391357
GERMEVAL,X_LENGTH,123,XXXXXXXXXXXXXXXXXXXXXXXXXXXXXXXXXXXXXXXXXXXXXXXXXXXXXXXXXXXXXXXXXXXXXXXXXXXXXXXXXXXXXXXX ennof_ AthinaMala NancyPeggyMandy info2099 lifetrend ThomasGBauer XXXXXXXXXXXXX charlie_silve NoHerrman willjrosenblatt XXXXXXXXXXXXXXXXXXXXXXXXXXXXXX ellibisathide MD_Franz Bitte Waffe nicht vergessen auf Daktys zu untersuchen - und Schmauchspuren - die fehlten bei XXXXXXX und XXXXXXXXX auch an den Händen.,0,0,keine Hassrede,0.7688857316970825
GERMEVAL,X_LENGTH,124,Warum soll die natürliche Selektion in XXXXXX bekämpft werden? Zu XXXXX viele Menschen haben eben nicht genug zu essen. Geburtenkontrolle!,1,0,keine Hassrede,0.9322503209114075
GERMEVAL,X_LENGTH,125,Mama_arbeitet annika_schach herr_unbekannnt Frauen sind repräsentiert. Durch von Frauen gewählte Abgeordnete. Das Geschlecht ist dabei völlig egal.,0,0,keine Hassrede,0.9414020776748657
GERMEVAL,X_LENGTH,126,"XXXXXXXXX doch endlich alle Islamisten und XXXXXX sowie XXXXX ,XXXXXXXX XXXXXXXXXXX !!!! Schon ist ruhe !!!",1,1,Hassrede,0.9893295764923096
GERMEVAL,X_LENGTH,127,"Für mich kann ich nur feststellen, d. vorhand. XXXXXXXXXXXXX ist weit gefährlicher als Atommüll &gt; strahlende Gesichter in Aussicht d. MACHT",1,0,keine Hassrede,0.8701491951942444
GERMEVAL,X_LENGTH,128,"die XXXXXX ohne Rückrat XXX fällt wie zu erwarten gewesen ist doch um. Einfach nur ekelhaft, widerlich und demnächst unter 5%",1,0,keine Hassrede,0.8828898668289185
GERMEVAL,X_LENGTH,129,"Ich freue mich riesig, dass ich in meinem Wahlkreis (297) mit großem Vorsprung wiedergewählt wurde! Mit Mehrheit in allen Gemeinden! Danke!",0,0,keine Hassrede,0.7489094138145447
GERMEVAL,X_LENGTH,130,soskinderdorf Er wollte den Kindern eine Familie geben und keine Wohngruppen mit dauernd wechselnden Personal.,0,0,keine Hassrede,0.9755348563194275
GERMEVAL,X_LENGTH,131,XXXXXXXXXXXXXXXXXXXXXXXXXXX wirklich das eine Krähe der anderen ein Auge aus hackt?,0,0,keine Hassrede,0.8245521783828735
GERMEVAL,X_LENGTH,132,"XXXXXXXXXXXXXXXXXXXXXXXXXXXXXXXX JuedischeOnline Die Mär vom »unausweichlichen Dienst in XXXXXXXXX« ist längst geschichtswissenschaftlich widerlegt worden. Außerdem meldete XXXXXXXX sich XXXXXXXXXX zur XXXXXXX; unterstützte so ideologisch das deutsche XXXXXXXXX! Er war genauso ein Teil des Holocaust, wie jeder andere Nazi auch!",0,1,Hassrede,0.6655863523483276
GERMEVAL,X_LENGTH,133,"AuswaertigesAmt IHRA_news Scheinheilige Heuchler !!! Ist es nicht das XXXXXXXXXXXXXX, das viele Menschen als Menschen Dritter oder gar Vierter Klasse behandelt ?!?",1,1,Hassrede,0.8076831698417664
GERMEVAL,X_LENGTH,134,"ZeichenTaten mountainman1977 ThomasMichael71 Das verarmte Proletariat in dem Städten... Dann erklär mal, warum die vom Land in die Städte wanderten. Und warum auch heute noch, vor allem in Entwicklungsländern, Menschen vom Land in die Städte ziehen.",0,0,keine Hassrede,0.5951536297798157
GERMEVAL,X_LENGTH,135,"XXXXX: Die öffentlich getragene Kippa ist natürlich eine unnötige Provokation, das öffentlich getragene Kopftuch hingegen ein Zeichen von Vielfalt, das man notfalls einklagt. Antisemitismus in der salonfähigen Version.",0,0,keine Hassrede,0.8355377316474915
GERMEVAL,X_LENGTH,136,XXXXXXXXXXXXXX die kleine XXXXXXXXXXX...XXXXXXX sagt was Sache ist..! |LBR| HeikoMaas,0,0,keine Hassrede,0.7527194619178772
GERMEVAL,X_LENGTH,137,"XXXXXXXXXXXXXXXXXXXXXXXX,das stimmt. Dann ist das zuständige Sozialamt nen Versuch wert... Viel Glück!",0,0,keine Hassrede,0.7988883256912231
GERMEVAL,X_LENGTH,138,"AfDimBundestag XXXXXXXXXXXX Wenn die XXXXXXXXXXXXXXXX dieses nicht zu verhindern versteht, dafür wurden sie gewählt, dann ist bald Schluss mit XXX..!",0,1,Hassrede,0.6124555468559265
GERMEVAL,X_LENGTH,139,"Ihr XXXXXXX, nicht protestieren, Raketen, die über XXXXXXXXXXX fliegen, XXXXX abschießen. Bin ich verstanden worden? Sofort umsetzen.",0,0,keine Hassrede,0.9804550409317017
GERMEVAL,X_LENGTH,140,XXXXXXXXX XXXXXXXXXXXXXXXX? Ist wohl ein schreib Fehler. Der XXXXXXX bildet die Grenze zwischen XXXXXXX und XXXXXXXXXX. Die Kontrolle ist dennoch lange überfällig.,0,0,keine Hassrede,0.8075065016746521
GERMEVAL,X_LENGTH,141,emma_cocos Babsi58089 maybritillner ZDF HeikoMaas nicolabeerfdp XXXXXXXXXXXXXXXXXXXXXXXXX heute Bei dem ist das reine Zeitverschwendung!!,0,1,Hassrede,0.7475887537002563
GERMEVAL,X_LENGTH,142,"Polizeihunde in XXXXXXXXXXX bekommen jetzt eine Pension. Kinder hungern, Rentner müssen Flaschen sammeln.",0,0,keine Hassrede,0.850527286529541
GERMEVAL,X_LENGTH,143,1683 haben wir die türken vor XXXXXXXXXXXXXXXX. heute sind die europäer XXXXX stärker.,0,0,keine Hassrede,0.7053917646408081
GERMEVAL,X_LENGTH,144,"welt Wir wissen das Merkel, ihre Vasallen,die Lügenpresse und XXXXXXXXXX die Verantwortung dafür tragen! Wer XXXXXX huldigt, bestellt den Tod!!",1,1,Hassrede,0.6616150736808777
GERMEVAL,X_LENGTH,145,DrDavidBerger Blind ist die Meck-Pomm Schlampe auch noch!,1,0,keine Hassrede,0.7144495844841003
GERMEVAL,X_LENGTH,146,"XXXX, XXXX, XXXXXX verneigt sich vor XXXX? Offensichtlich nur um die einst ""abgesägten"" Stuhlbeine aufzuheben und zu verstecken",0,0,keine Hassrede,0.5766283869743347
GERMEVAL,X_LENGTH,147,"Jetzt wieder die typische XXX Hetze gepaart mit dreisten Lügen.... unmöglich, XXXXXXXXXXXXXXXXXXXXXXXX",1,1,Hassrede,0.8970779776573181
GERMEVAL,X_LENGTH,148,"XXXXXXXXXXXXX, danke für den Hinweis! Wir haben das autodeformierte jetzt manuell korrigiert. /fxn",0,0,keine Hassrede,0.7815952301025391
GERMEVAL,X_LENGTH,149,Der Umgang zw. ausländ. und dt. Katholiken in unseren Gemeinden kann zu einem Motor für ein zukunftsweisendes Zusammenleben werden.,0,0,keine Hassrede,0.9634659290313721
GERMEVAL,X_LENGTH,150,XXXXXXXXXX erlebte den grössten Exodus seit XXXX Juden flüchten aus XXXXXX. Nicht vor Rechten. XXXXX Vor Islamisten und Radikalen Muslimen. Und,0,0,keine Hassrede,0.9354233145713806
GERMEVAL,X_LENGTH,151,"XXXXXXXXXXXXXXXXXXXXXXXXXXXXXXXXXXXXXXXXXXXXXXXXXXXXXXXXXXXX Norbinator2403 ennof_ AthinaMala NancyPeggyMandy info2099 lifetrend ThomasGBauer XXXXXXXXXXXXX charlie_silve NoHerrman willjrosenblatt XXXXXXXXXXXXXXXXXXXXXXXXXXXXXX ellibisathide MD_Franz Versuchen Sie mal in 20 s einen Mord, Brandlegung und einen Selbstmord und das mit einem Repetiergewehr - der Tote hat offensichtlich nochmal nachgeladen, denn sonst ist eben eine Hülse zuviel.",0,0,keine Hassrede,0.5711871385574341
GERMEVAL,X_LENGTH,152,"ShakRiet pip_news So mach ein ""Gutmensch"" stand schon auf einer zweiten ""XXXXXXXXX""",0,0,keine Hassrede,0.9786058068275452
GERMEVAL,X_LENGTH,153,"Würde mich ja nicht wundern, wenn diese Deppen Staatsgelder kassieren würden.",1,0,keine Hassrede,0.6877988576889038
GERMEVAL,X_LENGTH,154,XXXXXXXXXXXXXXXXXXX mal ehrlich: XXXXXXXXXXXXXXX sind nicht so nervig. Die haben nämlich das links-moralisierende Weltbild nicht.,0,0,keine Hassrede,0.9982318878173828
GERMEVAL,X_LENGTH,155,"Aber handelt klug,besonnen.Wir müssen die Feinde benennen,offenlegen,sie überall lächerlich machen.",0,0,keine Hassrede,0.7329727411270142
GERMEVAL,X_LENGTH,156,XXXXXXXXX XXXXXXXXX dann XXXXXXXXX besser macht?,0,0,keine Hassrede,0.6545642018318176
GERMEVAL,X_LENGTH,157,Bundeskanzler XXXX wird sicherlich nicht noch einmal bei XXXXXXXXXXXX sitzen. Bei einer Frau ohne Anstand keinerlei Erziehung und Achtung vor Andersdenkende. Eine Heuchelnde Anhängerin der Diktatur das ist Frau XXXXXXXXXXXX. XXXXXXXXXXXXXXXXXX,1,0,keine Hassrede,0.6227765083312988
GERMEVAL,X_LENGTH,158,"Die latente Versuchung in jedem akademischen Umfeld ist wohl, die Schöpfung auf einige interpretative Schemata zu reduzieren und sie so des eigentlichen Mysteriums zu berauben, das ganze Generationen dazu bewegt hat, das unbedingt Notwendige, Gute, XXXXXX und Wahre zu suchen.",0,0,keine Hassrede,0.5901193618774414
GERMEVAL,X_LENGTH,159,Das XXXXX spendet 100.000€ aus XXXXXXXXXXXXXXXXX an caritas_ci für Erdbebenopfer in XXXXXX und für geflüchtete Rohingya in XXXXXXXXXXX.,0,0,keine Hassrede,0.7625519633293152
GERMEVAL,X_LENGTH,160,"qnbechtel hdBerretz faznet Warum auch, denn dann müsste man konsequent auch alle Politiker der Kartellparteien ausschießen die sich rassistisch gegen Deutsche geäußert haben oder es in Zukunft tun.",0,1,Hassrede,0.9803063869476318
GERMEVAL,X_LENGTH,161,"flyingtomoon mortimer_niels deinTherapeut Es is keine Wissenschaft. Wissenschaft falsifiziert und ist ergebnisoffen. Gender Studies sind pure Ideologie, die außer Behauptungen nichts vorweisen können.",1,0,keine Hassrede,0.9687930941581726
GERMEVAL,X_LENGTH,162,"MaxSchiefi Hauptsache du bist gebildet !!! Du Kleiner Arschkriecher, wo keine Eier in der hose hat XXX",1,0,keine Hassrede,0.8589979410171509
GERMEVAL,X_LENGTH,163,"benniH Nein, da ist mehrfach bloß vom Familiennachzug zu subsidiär Geschützten die Rede.",0,0,keine Hassrede,0.7632737159729004
GERMEVAL,X_LENGTH,164,Boar Redet der Maas Scheisse !!! Der Heuchler!!!,1,1,Hassrede,0.9724787473678589
GERMEVAL,X_LENGTH,165,himbeerhans stfries AuswaertigesAmt 4. zu keinem Zeitpunkt (weder vor noch nach dem Statement) gab es anheizende Appelle oder Äußerungen von offizieller israelischer Seite,0,0,keine Hassrede,0.9883813261985779
GERMEVAL,X_LENGTH,166,"DonBarbone MettManfred ""Ausländer raus"" ist eine reine Meinungsäußerung.",1,0,keine Hassrede,0.9960529208183289
GERMEVAL,X_LENGTH,167,XXXXXXXXXXXXX u Schergen wir XX sitzen noch in den Bäumen verarschen uns nach XXXXXXXXXXXXXX diese Meineid u Hochverrat Merkel muss weg XXXXXXXXX,0,1,Hassrede,0.9819127321243286
GERMEVAL,X_LENGTH,168,"XXXXXXXX allesevolution DerDoktorant ""Race Realists"", die XXXXXXXXX mit seiner Frage offensichtlich entlarven will, verwenden den Begriff ""Rasse"" wohl eher im Sinne der biologischen Unterart. XXXXX Es zeugt von ihrer argumentativen und taktischen Schwäche, dass sie am Begriff ""Rasse"" festhalten.",0,1,Hassrede,0.7270196676254272
GERMEVAL,X_LENGTH,169,XXXXXXXXXXXXXXXXXX Gab's auf XXXXXXXXXXXXXXXXXXX noch nie.,0,0,keine Hassrede,0.9889004826545715
GERMEVAL,X_LENGTH,170,"Es folgen Zitate aus der Schrift der XXXXXXXXXXXXXXXXXXXXXXXXXXX ""Integration fördern - Zusammenleben gestalten"" aus dem Jahr 2004 (!).",0,0,keine Hassrede,0.7596350312232971
GERMEVAL,X_LENGTH,171,Sakoelabo XXXXXXXXXXXXXXXXXX ja. XXXXXXXXXXXX können wir Männer uns zumindest nicht.,1,0,keine Hassrede,0.7528927326202393
GERMEVAL,X_LENGTH,172,"Der Islam hat mit Gewalt zu tun, sagt der Islamwissenschaftler XXXXXXXXXXXXXXXXXXXXXX.",0,1,Hassrede,0.8292301893234253
GERMEVAL,X_LENGTH,173,"ainyrockstar welt Ich finde Zynismus bei diesem Thema geschmacklos. XXXXX Vielmehr beschäftigt mich die Frage: Was tue ich gegen dieses himmelschreiende Unrecht? XXXXX Der Staat unternimmt nichts, wie auch bei XXXXXXXXXXXXXXXXXXXXXXXXXXXXXXXX. XXXXXXXXXXXXXXXXXX mit XXXXXXXXXX",0,0,keine Hassrede,0.8967809677124023
GERMEVAL,X_LENGTH,174,"Alles Gute, lieber XXXXXXXXXXX (XXXXXXXXXXXX) zum Geburtstag. Hoffentlich der letzte in türkischer Haft! Für mich sind Sie ein Held!",0,0,keine Hassrede,0.9018344283103943
GERMEVAL,X_LENGTH,175,Flüchtlinge aus XXXXXX berichten über ihr Leben in der umkämpften XXXXX und ihre gefährliche Flucht in die Sicherheit.,0,0,keine Hassrede,0.6779707670211792
GERMEVAL,X_LENGTH,176,Mit der XXX wird es keinen Islam-Feiertag geben.,0,0,keine Hassrede,0.9438570141792297
GERMEVAL,X_LENGTH,177,"In XXXXXXXXXXX gilt unsere Leitkultur, bei der Integration ist sie der Maßstab.",0,0,keine Hassrede,0.9287187457084656
GERMEVAL,X_LENGTH,178,"IvyandWoe Ich weiß halt, wie man Frauen zum Miauen bringt",1,1,Hassrede,0.5503330230712891
GERMEVAL,X_LENGTH,179,KonseqLiberal MiataMuc hilbig_hilbig Was bist Du denn für ne Schwuchtel?,1,0,keine Hassrede,0.9151917099952698
GERMEVAL,X_LENGTH,180,XXXXXXXXXXXXXXXXXXXXX hat mehrere Grundgesetze eiskalt übergangen! Kein Flüchtling ist laut Gesetz in XXXXXXXXXXX asylberechtigtXXXXXXXXXX,0,0,keine Hassrede,0.6093077659606934
GERMEVAL,X_LENGTH,181,"Gerade auf XXXX ""Die neuen Waffen des Terrors"" mitbekommen ! XXX FÜR EIN SCHEIß!! XXXX XXXXXXXXXXX, dann KEIN Terror!",1,1,Hassrede,0.9923027157783508
GERMEVAL,X_LENGTH,182,"Mich freut, dass die Zivilgesellschaft unglaublich mobilisiert worden ist.“ EKD-RV landesbischof Bedford-Strohm zum Reformationsjubiläum XXXXXXXXXXXXXXXXXXXXXXXXXXX XXXXXXXXXXXX ist eine Schande für XXXXXXXXXXX. Und eine Peinlichkeit für JEDE Partei. XXXXXXX INSULT XXXXXXXXXXXXXXX frisst sich durch die Welt sie passt schon nicht mehr auf einen 16 zu 9 Bildschirm Servicezeit XXX XXXXXXX INSULT pmaurus UrsUrsen Gar nicht erst abschalten! /sth XXXXXXXXXXX XXXXXXXXXXXXXXXXXXXXXXXXXXXXXXXXXXXXXXXXXXXXXXX Sieht man ja an XXXXXX. Die ist immer noch nicht Kanzlerin weil die bösen Männer sie einfach nicht lassen... OTHER OTHER XXXXXXXXXXXXXXXXXXXXXXXXXXXXXXXXXXXXXXXXXXXXXXXXXXXXXXXXXXXXXXXXXXXXXXXXXXXXXXXXXX Ich habe ein Problem mit dem Katholizismus, dem Judentun, der russischen Bevölkerung und mit Neonazis. XXXXXXXXXXXXX MeliDeluxe da fällt mir gleich die kippe aus der Fresse ,bei dem Anblick XXXXXXXXXXXXXXX erschüttert darüber,dass XXX nicht nur d. Einzug geschafft hat,sondern auch noch so stark im XXXXXXXXX vertreten sein wird BTW17 noafd XXXXX OTHER _teatimecookie_ Einen Mann dazu zu bringen wäre, wie Euch Frauen dazu zu bringen, nicht mehr in Schaufenstern voller Schuhe zu glotzen. XXXXXXXXXXXXX Die Frage nach dem Sinn des Lebens wird deshalb immer wieder gestellt, weil den Menschen die offensichtliche Antwort nicht behagt. XXXXXXXXXXX hubertus_knabe da passt jemand auf :-) Im Frühjahr 2016 ist die Publikation verfügbar, das Manuskript ist so gut wie fertig. XXXXXXXXXXXXXXXXXXXXXXXXXXXXXXX auf XXXXXXXXXX: Stichtagsregelung für Geflüchtete in XXXXXXXXXXX - das kann man diskutieren."" XXXXXX",0,0,keine Hassrede,0.586314857006073
GERMEVAL,X_LENGTH,183,"XXX ist keine dreiköpfige „Zelle“, sondern eine ""homegrown""- also hiesige -Terrororganisation erster Klasse. |LBR| Schluss also mit ständigen Verharmlosungen, XXXXXXXXXXXXXXXX und Vertuschungen im Namen der Gerechtigkeit und des XXXXXXXXXXXXXXXXXXXXXXXXXXXXXXXXXXXXXXXX siegen",0,0,keine Hassrede,0.6682288646697998
GERMEVAL,X_LENGTH,184,"Es mutet schon seltsam an, dass XXX XXX XXXXXXXX; XXX, die weiter Lohndrückerei, XXXXXXXXXXX und Leiharbeit in XXXXXXXXXXX fördern, sich erneut die Diäten erhöht haben. Ich jedenfalls stimmte gestern gegen die von Großer Koalition plus XXX beantragte XXXXXXXXXXXXXXXXX",0,1,Hassrede,0.7180655598640442
GERMEVAL,X_LENGTH,185,"XXXXXXXXXXXXXXX haben Sie gegen den Besuch einer XXXXXXXXXXXXXXX? Warum verrate ich Ihrer Meinung nach meine Werte, wenn ich das verlange?",0,0,keine Hassrede,0.939980149269104
GERMEVAL,X_LENGTH,186,"EKD-RV: ""Wir dürfen uns auf die Generation 2017 freuen und wollen die erfolgreichen Jugendprojekte dauerhaft in XXXXXXXXXX verankern.""",0,0,keine Hassrede,0.9153681397438049
GERMEVAL,X_LENGTH,187,Mit XXXXXXXXXXX geht es mehr und mehr bergab wann begreift ihr das endlich?,0,0,keine Hassrede,0.7763665318489075
GERMEVAL,X_LENGTH,188,"XXXXXX wird überleben und auferstehen! Danke dir Schweiz,XXXXXXXXXXXXXXXXXX",0,0,keine Hassrede,0.892524778842926
GERMEVAL,X_LENGTH,189,"a_huebner_law NLPete007 XXXXXXXXXXXXXXXXXXXXXXXXXXXXXXXXXXXXXXXXXXX Inku_Lux herrfranken Wie überall, sind Frauen zu bequem oder zu untalentiert.",1,0,keine Hassrede,0.6415243148803711
GERMEVAL,X_LENGTH,190,"Im September 2017 hatten die Wähler in XXXXXXXXXXX entschieden. Heute ist XXXXXXXXXXXXXXXXXX; eine Regierung ist noch weit entfernt. Es widert mich an, dass sicherlich bis Februar / März Personen, wie XXXXXXXXXXXXXXXXXXXXXXXXXXXXXX (sigmargabriel) noch volle Gehälter bekommen.",0,0,keine Hassrede,0.8138000965118408
GERMEVAL,X_LENGTH,191,"Tuberkulose wurde vermehrt von Flüchtlingen in XXXXXXXXXXX eingeschleppt. XXXXX Nicht nur dass sie von unser Geld leben, nein jetzt bringen sie auch noch Seuchen mit ins Land. Dank inkompetenter Politiker offener Grenzen, Bahnhofsklatscher und Toleranz Fanatiker.",1,0,keine Hassrede,0.7572560906410217
GERMEVAL,X_LENGTH,192,"Meyermit_ey maurice_breuer Die Solidarrente ist ein Punkt für Dich, welche aber auch nur nötig ist, weil Arbeitgeber durch eine zu geringe Lohnzahlung subventioniert werden. Kita hast Du ja schon selbst beantwortet. /TN",0,0,keine Hassrede,0.9953258037567139
GERMEVAL,X_LENGTH,193,XXXXXXXXXXXXXXX XXX hat doch Eier in der Hose.,0,1,Hassrede,0.7099175453186035
GERMEVAL,X_LENGTH,194,XXXXXXXXXXXXXX ich auch dafür. Man sollte aber auch monatlich unsere Politiker auf ihren Geisteszustand prüfen.,1,0,keine Hassrede,0.8033744096755981
GERMEVAL,X_LENGTH,195,"maurice_breuer Meyermit_ey Am Kindergeld ist in meinen Augen nur zu kritisieren, dass es eine Gießkannenverteilung ist. Wie so oft in der Entlastung von Bürgern. /TN",0,0,keine Hassrede,0.9893478751182556
GERMEVAL,X_LENGTH,196,"Grundschüler können zwar nicht richtig lesen, schreiben und rechnen, aber das braucht man für XXXXXXXXXXXXXX ja auch nicht.",1,0,keine Hassrede,0.9311854839324951
GERMEVAL,X_LENGTH,197,"Rund 200-300 Demonstrierende bei pro-palästinensischer Kundgebung am XXXXXXXXXXXXXXX. Alles halbwegs ruhig, keine auffälligen Flaggen. XXXXXX",0,0,keine Hassrede,0.9511530995368958
GERMEVAL,X_LENGTH,198,"In dir muss brennen, was du in anderen entzünden willst. XXXXX Nach XXXXXXXXXX",0,0,keine Hassrede,0.6411073207855225
GERMEVAL,X_LENGTH,199,impressivaMicha XXXXXXXXXXXXX war das Kanonenfutter für Kurz.,0,0,keine Hassrede,0.7384079098701477
GERMEVAL,RANDOM_SUBSTITUTION,0,"KonseqLiberal Ja, das Konzept kennst Du weder von Frau noch Mann",0,0,keine Hassrede,0.9328188300132751
GERMEVAL,RANDOM_SUBSTITUTION,1,Dieser Dr. Abdel-Hakim Ourghi ist eine Gefahr für BER! Gut das er nicht mehr im SEEHOFER sitzt. SPD &amp,1,0,keine Hassrede,0.6451084613800049
GERMEVAL,RANDOM_SUBSTITUTION,2,"wie strunzdumm die Moderatorin der AktuelleStunde ist, erkennt man daran dass sie mit Enten spricht und sie selber wieder einmal an ihren fettigen Haaren CDU",1,1,Hassrede,0.7684466242790222
GERMEVAL,RANDOM_SUBSTITUTION,3,"Gestern waren wir in Myanmar und haben |LBR| illner Buch ""Verleitung zum Aufstand"" vorgestellt!",0,0,keine Hassrede,0.6647934913635254
GERMEVAL,RANDOM_SUBSTITUTION,4,KokoLores100 Dummheit hat einen Namen! DEUTSCHEN!!!!,1,0,keine Hassrede,0.9338347911834717
GERMEVAL,RANDOM_SUBSTITUTION,5,SPD &amp das ungute Gefühl das ich heute wieder gesperrt werde,0,1,Hassrede,0.5812746286392212
GERMEVAL,RANDOM_SUBSTITUTION,6,Die Botschaft von Weihnachten wird niemand zerstören können Antifantenbrut Landesbischof Bedford-Strohm im ZDFspezial,0,0,keine Hassrede,0.9980746507644653
GERMEVAL,RANDOM_SUBSTITUTION,7,PaulRoegler Tomahrweiler conny_asf tagesspiegel hat schon teilweise schräge Vögel...doch das haben die anderen auch! |LBR| Aber sie hat ihre Chance verdient und nach 4jahren wird abgerechnet,0,0,keine Hassrede,0.9211741089820862
GERMEVAL,RANDOM_SUBSTITUTION,8,so nun mach dich auch Frau Kraft SPD &amp Stadt die Taschen voll politisch war sie ja eine Niete,1,0,keine Hassrede,0.8939216136932373
GERMEVAL,RANDOM_SUBSTITUTION,9,Linksfaschist Böhmermann auf die verdammten Asyl Schmarotzer,1,1,Hassrede,0.9911162853240967
GERMEVAL,RANDOM_SUBSTITUTION,10,thom2805 Kittypunk7 Hast Du Dich mit der Geschichte des Nahostkonflikts überhaupt mal beschäftigt? Du klingst nämlich nicht so.,0,0,keine Hassrede,0.8955793380737305
GERMEVAL,RANDOM_SUBSTITUTION,11,"InfoTweepNL: pegida _John_Doe_2018 multikulti BenjyR01 eussr China_Welt_News Unterkunft So sieht Zersetzung aus! OTHER OTHER Botschafter einbestellen,ausweisen,Hab raus aus Vorarlberg! OFFENSE ABUSE Wenn Islamkritiker zensiert werden und über muslimische Feiertage debattiert wird, weiß man, was die Zukunft bringt. ritaka9 Hartes_Geld Alles GermanyWatcher balleryna |LBR| Sehe mir auch jede Demo von Rakhaing und Syrer an. Kann leider nicht selber hinfahren. Dauerkindesmissbrauch Kinderehen musevg Und ich finde Ihre Schuldzuschreibung an die SEEHOFER 2013 arg mager"". Denn offbeat24 hat sich da wahrlich nicht koalitionsfähig präsentiert. Dass die Danke! sich - weit überwiegend - nach radikal links abzugrenzen vermag, verbuche ich auf ihrer Haben-Seite.",0,0,keine Hassrede,0.7510053515434265
GERMEVAL,RANDOM_SUBSTITUTION,12,dushanwegner AmadeuAntonio |LBR| Es wäre sehr sinnvoll die Aktionen und Verflechtungen der Linken dekt17 zu prüfen und zu Dokumentieren,1,0,keine Hassrede,0.753577470779419
GERMEVAL,RANDOM_SUBSTITUTION,13,MiataMuc Und weil ich gleichzeitig so süüüß bin,0,0,keine Hassrede,0.9259822964668274
GERMEVAL,RANDOM_SUBSTITUTION,14,"Deniz Yücel OTHER OTHER Bundesinnenminister Schreiben Sie wieder für - wie Sie so schön formulierten: ""die einfachen Menschen""? Schreiben Sie doch mal zum Thema Palästina - zum AfD_Support Wieso, die täglich gewartet wird!",0,0,keine Hassrede,0.9139120578765869
GERMEVAL,RANDOM_SUBSTITUTION,15,"Vier Wochen Theater hat genervt, vier Jahre wären schlimmer gewesen JamaikaAbbruch",0,1,Hassrede,0.6990506649017334
GERMEVAL,RANDOM_SUBSTITUTION,16,"|LBR| illner Die_Gruenen cem_oezdemir Ich weiß ja Nicht, ob Deine Schwester eine minderjährige Töchter hat, auf die Du scharf bist.",1,0,keine Hassrede,0.8455471396446228
GERMEVAL,RANDOM_SUBSTITUTION,17,sylbewerber PolizeiBerlin_E Kann es sein das ihre Schaukel als Kind zu nahe an der Wand gestanden hat??? Nur mal so als frage.,1,0,keine Hassrede,0.997835636138916
GERMEVAL,RANDOM_SUBSTITUTION,18,Kann mir feldenfrizz nasanasal _macmike seine streams nicht geben und wie ist es bei euch?,0,0,keine Hassrede,0.8675132989883423
GERMEVAL,RANDOM_SUBSTITUTION,19,"Kurz als durchgeknallter ""Führer"" &amp; Schweden ""brutale Unterdrückung"" vorwerfen. Wie konnte das passieren? Wer ist verantwortlich?",0,1,Hassrede,0.6309599280357361
GERMEVAL,RANDOM_SUBSTITUTION,20,Bundestag Die Katastrophenfonds dringen hier ein und wollen uns ihre Art zu DE leben aufzwingen. Und beschimpfen unsere regierenden Sozialdemokraten als Nazis.,1,1,Hassrede,0.9983659982681274
GERMEVAL,RANDOM_SUBSTITUTION,21,hakijaavdic Was_ Leider nicht. Soll ich in der Geschäftsstelle nachfragen?,0,0,keine Hassrede,0.7241867780685425
GERMEVAL,RANDOM_SUBSTITUTION,22,Markus_Soeder |LBR| Mann ...was hast du dir nur dabei gedacht..?,0,0,keine Hassrede,0.7852184772491455
GERMEVAL,RANDOM_SUBSTITUTION,23,"nrwmensch krippmarie helmut_hedrich Obwohl, nimmt man ihre, also Tjark_Limmer Roth, ANTIDEUTSCHEn Antrengungen, als LEISTUNG, dann sind ihre Taten schon übermotiviert ! Sie schadet den ritaka9 Hartes_Geld Alles in mörderischen Eifer !!Und eine Witzfigur ist sie ohne Zweifel !",1,0,keine Hassrede,0.5826901793479919
GERMEVAL,RANDOM_SUBSTITUTION,24,"Nicht Diätensteigerung! oder DE Grenze sind gefährlich,die größten Verbrecher sind Antifantenbrut!",1,0,keine Hassrede,0.9987300634384155
GERMEVAL,RANDOM_SUBSTITUTION,25,"Das größte menschliche Gebet bittet nicht um den Sieg, sondern um Frieden. _John_Doe_2018",0,0,keine Hassrede,0.9988334774971008
GERMEVAL,RANDOM_SUBSTITUTION,26,"Schulz, A. Merkels ""Für die DEUTSCHEN VOLK geht es abwärts"" &gt; verstehe ich nicht, wo sie uns doch nun auch die Kosten für den ""Kohleausstieg"" aufbürden",0,1,Hassrede,0.5841233730316162
GERMEVAL,RANDOM_SUBSTITUTION,27,"Ernst_1895 Typische Deutsche. Kehrwoche, Gutmensch, Kinderfeind (wenn sie keinen Bart haben)",1,0,keine Hassrede,0.9482524991035461
GERMEVAL,RANDOM_SUBSTITUTION,28,Die Zahl arabischer Rekruten in der |LBR| AFD steigt rasant. Die Dauerkindesmissbrauch Kinderehen hat eine Dokumentation über sie gedreht. Hartes_Geld So BBCArabic,0,0,keine Hassrede,0.7735317945480347
GERMEVAL,RANDOM_SUBSTITUTION,29,Die gesellschaftlichen Bemühungen um die Integration von Migranten wurzeln in den im Grundgesetz normierten Grundwerten.,0,0,keine Hassrede,0.9964773058891296
GERMEVAL,RANDOM_SUBSTITUTION,30,Ich beobachte in letzter DE. Aktivitäten an d. ehemal. Grenzübergangseinrichtungen in NRW. Das hat sicher nichts mit davidermes Bin zu tun,0,0,keine Hassrede,0.9968712329864502
GERMEVAL,RANDOM_SUBSTITUTION,31,BrosiusRolf Mundlos Das Heer ehemaliger Soldaten die im Kalten Krieg gekämpft haben. Ist jederzeit in der Lage diese Regierung zu stürzen.,0,0,keine Hassrede,0.9398508667945862
GERMEVAL,RANDOM_SUBSTITUTION,32,"Kardinal Kohl bei der ekdsnyode in BER: ""Man muss daran festhalten, dass der gute Grund unserer Zukunft nicht Menschenwerk ist, sondern Gottes Gnade allein.""",0,0,keine Hassrede,0.7634294629096985
GERMEVAL,RANDOM_SUBSTITUTION,33,"Terror Zions! uebermedien Ah, jetzt, ja. OTHER OTHER (Ich hatte nicht verstanden, was der Tweet bedeuten sollte.)",0,1,Hassrede,0.8735737800598145
GERMEVAL,RANDOM_SUBSTITUTION,34,"SchafDas dornkobold Hat es die jemals gegeben, oder hat man das dem deutschen Volk nur vorgespielt!?",0,1,Hassrede,0.6473928689956665
GERMEVAL,RANDOM_SUBSTITUTION,35,rotula Hoppla wird bleiben und Glaser niemals Vizepräsident.,0,0,keine Hassrede,0.8349823355674744
GERMEVAL,RANDOM_SUBSTITUTION,36,janboehm Da Sie wie ich sehe Jude sind und weiß. Sollten Sie sich eher Gedanken machen über den zunehmenden Antisemitismus aus den Reihen des N-TV. Dort spielt nicht einmal die Hautfarbe eine Rolle.,0,1,Hassrede,0.9292031526565552
GERMEVAL,RANDOM_SUBSTITUTION,37,Unser Zorn gibt uns die Kraft zum Widerstand.,0,0,keine Hassrede,0.5242589116096497
GERMEVAL,RANDOM_SUBSTITUTION,38,Junge_Freiheit krippmarie Und wer beliefert uns dann mit dem überteuerten Strom?,0,0,keine Hassrede,0.9288190603256226
GERMEVAL,RANDOM_SUBSTITUTION,39,"Helheimer MiataMuc Woher will stefanolix MiataMuc denn wissen, was ich auf Halbmast setze?",0,1,Hassrede,0.5770360827445984
GERMEVAL,RANDOM_SUBSTITUTION,40,Bei einer Militäroperation im Bundesstaat Afrika (PL) sind über 1.000 Häuser der ethnischen Minderheit Rohingya zerstört worden.,0,1,Hassrede,0.5500698089599609
GERMEVAL,RANDOM_SUBSTITUTION,41,Frau gaborsteingart joyia_consult anna_handschuh meine Meinung dazu ist sie sollten uns mit ihrem Pferdegebiss nicht weiter belästigen |LBR| stop,1,0,keine Hassrede,0.7552189230918884
GERMEVAL,RANDOM_SUBSTITUTION,42,EKD steht schon in den Startlöchern ....der deutsche wird regelrecht entmannt und immer noch keine Gegenwehr.,0,0,keine Hassrede,0.774524450302124
GERMEVAL,RANDOM_SUBSTITUTION,43,Besser_Deniz ich das Wort schon höre Transgender,1,0,keine Hassrede,0.7791673541069031
GERMEVAL,RANDOM_SUBSTITUTION,44,"SteinbachErika InesHenkler Aber es wird bestimmt jemanden geben, der jedes Gramm an ihr liebt",0,0,keine Hassrede,0.8817660808563232
GERMEVAL,RANDOM_SUBSTITUTION,45,Rakhaing hat es in Mexiko auch begonnen. Mit Burka ist man auf jedenfall sicherer als in 90ies Outfit. Das waren noch Zeiten.,1,0,keine Hassrede,0.7760335803031921
GERMEVAL,RANDOM_SUBSTITUTION,46,"Aufgehts100 fdp MartinSchulz Dieses verlogene unechte Surfen auf dem von oben vorgegeben, vom Volk mit gerechtfertigtem Argwohn beäugten, Leipzig kotzt mich dermaßen ab. Ging mir schon vor drei Jahren so, als Merkel wie bescheuert damit begann",0,1,Hassrede,0.977735161781311
GERMEVAL,RANDOM_SUBSTITUTION,47,Varg_I_Veum tagesschau Verlogene Bob Der arme Hund |LBR| Hetze,1,1,Hassrede,0.9763175845146179
GERMEVAL,RANDOM_SUBSTITUTION,48,A. Merkels Einen schönen Tag wünsche ich Schulz,0,0,keine Hassrede,0.9627683758735657
GERMEVAL,RANDOM_SUBSTITUTION,49,Der Islam hat sich in den Sechzigern nicht integriert warum geht ihr davon aus dass er sich jetzt integrieren möchte? So dumm kann doch kein Mensch sein. nrwmensch krippmarie,1,0,keine Hassrede,0.9534265995025635
GERMEVAL,RANDOM_SUBSTITUTION,50,"olewahr MartinDomig Sag ihm, er ist ein Sexist und Nazi, wenn er Mundlos gut findet.",0,1,Hassrede,0.9822770953178406
GERMEVAL,RANDOM_SUBSTITUTION,51,Subotnik1 _Dr. Abdel-Hakim Ourghi Für welche Todesurteile - gegen die Mindeststards des UN-Zivilpaktes und im Rahmen eines systematischen Angriffs auf eine Bevölkerung - ist stefanolix MiataMuc persönlich verantwortlich?,0,1,Hassrede,0.9526534080505371
GERMEVAL,RANDOM_SUBSTITUTION,52,TheTravel0 focusonline. Gibt es nivcht. Frauen schlafen für gewöhnlich nicht mit statusniederen Männern.,1,0,keine Hassrede,0.9960020184516907
GERMEVAL,RANDOM_SUBSTITUTION,53,"sternde Antonio Amadeus Stiftung die die Schwulen Ehe forciert, schießt sich ein Eigentor, und ist da wo sie jetzt ist. Nicht Wählbar.",0,0,keine Hassrede,0.9344393610954285
GERMEVAL,RANDOM_SUBSTITUTION,54,Jala_varietas Ach doch kahrs JoshuaStrack wenn du mehr Redeanteil von Frauen hören willst,1,0,keine Hassrede,0.9355206489562988
GERMEVAL,RANDOM_SUBSTITUTION,55,"Sedona_gr ""Sammelklagen"" gibt es in Japaner nicht und grundsätzlich können nur Betroffene einen Fall durch die Instanzen klagen. Das kann natürlich passieren &amp; solche Vorhaben würden (und wurden) von uns auch unterstützt!",0,0,keine Hassrede,0.9607555866241455
GERMEVAL,RANDOM_SUBSTITUTION,56,"Aus aktuellem Anlass: Schweden ""Steueroase"" = Ein böser Ort, an dem die Steuern niedriger sind als hier, und das geht ja wohl mal gar nicht!",0,0,keine Hassrede,0.5728577375411987
GERMEVAL,RANDOM_SUBSTITUTION,57,Ich sage nochmal OTHER OTHER Bundesinnenminister! Ihr seid die Freiheitskämpfer Wittenberg!,0,0,keine Hassrede,0.6257110238075256
GERMEVAL,RANDOM_SUBSTITUTION,58,Antrag Synodalvertretung an altkatholisch|e Synode: In der OTHER OTHER TBB sollen mindestens 3 Laien &amp; 1 Geistliche/r sein aksynode16,0,0,keine Hassrede,0.8461713790893555
GERMEVAL,RANDOM_SUBSTITUTION,59,Unbequeme Wahrheit: anked RubenNeugebauer Oh Sexuelle Belästigung ist ein aufgebauschtes Problem.,1,0,keine Hassrede,0.893518328666687
GERMEVAL,RANDOM_SUBSTITUTION,60,"Die US-Truppen im Dauerkindesmissbrauch Kinderehen polemisiert gegen eine angemessene finanzielle Entschädigung der WAS, gibt aber in ihrer Fraktion mehrere zehntausend Euro für Schnittchen und Mettigel aus. Bigotterie deluxe.",0,0,keine Hassrede,0.6196092367172241
GERMEVAL,RANDOM_SUBSTITUTION,61,Da fordern also die |LBR| Gerechtigkeit für die Palästina. In wien davongejagt Myanmar. Wir haben Euch schon im 17. Jahrhundert |LBR|.,1,0,keine Hassrede,0.7905027866363525
GERMEVAL,RANDOM_SUBSTITUTION,62,Ich bin entsetzt über den Anschlag in barcelona. Meine Gedanken sind bei den Opfern. Hass und Gewalt dürfen nicht siegen.,0,0,keine Hassrede,0.9014659523963928
GERMEVAL,RANDOM_SUBSTITUTION,63,"InesHenkler brosel_werner Ich weiß, Männer haben dreierlei Maß - das übertriebene Maß, das Wunschmaß und die oft bittere Realität",0,0,keine Hassrede,0.9443490505218506
GERMEVAL,RANDOM_SUBSTITUTION,64,mz_Wittenberg Und? Täter noch nicht ermittelt und hart bestraft?,0,0,keine Hassrede,0.7365083694458008
GERMEVAL,RANDOM_SUBSTITUTION,65,SteinbachErika Das lassen die nicht zu....und wenn sie gegen ihren eigenen Willen festgehalten werden... Polen Es ist leicht nach einzureisen...aber raus?,0,0,keine Hassrede,0.8116874694824219
GERMEVAL,RANDOM_SUBSTITUTION,66,"Schulz Abgeordneten WAS spdde Die_Gruenen dieLinke OTHER katholisch_de offbeat24 Deutschland ein Irrenhaus....ich will nach Rakhaing, ob mir wohl jemand ein Strandhaus schenkt..?",0,0,keine Hassrede,0.5176981091499329
GERMEVAL,RANDOM_SUBSTITUTION,67,Spekulant1 SZ EveRoll entschuldigung. sie verstehen ja grad nicht mal ihre eigenen worte,0,0,keine Hassrede,0.9406580328941345
GERMEVAL,RANDOM_SUBSTITUTION,68,ZeichenTaten mountainman1977 ThomasMichael71 Handel ist Eure Inseln käme er nicht zustande.,0,0,keine Hassrede,0.9008334875106812
GERMEVAL,RANDOM_SUBSTITUTION,69,DDR läuft. Man sollte mal fragen wieviel Geld er bekommen hat.,0,0,keine Hassrede,0.6548580527305603
GERMEVAL,RANDOM_SUBSTITUTION,70,"Widerlich, dieser mopo Netanyahu. Ohne Rücksicht auf die Bienen. Dieses Rakhaing Stück Gewissenlosigkeit muss abgewählt und Strich u Faden werden.",1,1,Hassrede,0.9778554439544678
GERMEVAL,RANDOM_SUBSTITUTION,71,"drumheadberlin SpotifyDE Geht zu IS,das ist eure Einstellung angemessen!",0,0,keine Hassrede,0.9424796104431152
GERMEVAL,RANDOM_SUBSTITUTION,72,S_Inez_Aust fröhlicher gruß aus der hauptstadt Schweden,0,0,keine Hassrede,0.9938240051269531
GERMEVAL,RANDOM_SUBSTITUTION,73,Wir müssen der schwarzen Fahne des |LBR| stop den Wind und damit dem ritaka9 Hartes_Geld Alles die Macht nehmen. Er darf uns und unsere Leben nicht länger beherrschen.,0,1,Hassrede,0.9745591878890991
GERMEVAL,RANDOM_SUBSTITUTION,74,EU-Faschismus Scootergate Sämtliche deutsche MSM wieder mal beim Arschlecken des ukrainischen Putschregimes,1,1,Hassrede,0.9579066038131714
GERMEVAL,RANDOM_SUBSTITUTION,75,Verniedlichungen ist so ein linker Anarchist noch auf freien Fuß.Einsperren und verschimmeln lassen,1,1,Hassrede,0.9666832089424133
GERMEVAL,RANDOM_SUBSTITUTION,76,"WELTnews Remigration als Lösung für dieses Problem. Land der Freiheit! Keine moslems, keine starkpigmentierten = keine blödsinnsbehörde",1,0,keine Hassrede,0.9935108423233032
GERMEVAL,RANDOM_SUBSTITUTION,77,DoraBromberger DuHugonotte Hauptsache was für die |LBR| Obs gemacht!,0,0,keine Hassrede,0.8682653903961182
GERMEVAL,RANDOM_SUBSTITUTION,78,"Mossul, normales Essen und Trinken! Schluß! Sie sind keine Sozialtouristen auf unsere Kosten!",1,0,keine Hassrede,0.9952231049537659
GERMEVAL,RANDOM_SUBSTITUTION,79,"Israel-Apartheidstaat- Gabriel sieht Meinungsfreiheit in Türkei aus, dank dieser Volksverräterin Merkel!! |LBR| Herzlichen Willkommen in der ritaka9 Hartes_Geld Alles 2.0! Es wird Zeit",1,0,keine Hassrede,0.6661414504051208
GERMEVAL,RANDOM_SUBSTITUTION,80,Keine Überraschung: Auch Deniz Yücel darf in der NS-System bleiben.,0,0,keine Hassrede,0.8406398296356201
GERMEVAL,RANDOM_SUBSTITUTION,81,"Das System kann uns Pack nennen,darauf bin ich stolz! aschentonne Jaaaaaaaaaa als eine Hure dieses Systems zu sein!",1,1,Hassrede,0.7035408616065979
GERMEVAL,RANDOM_SUBSTITUTION,82,"|LBR| Frauenmarsch bringt nichts. Bleiben sie geboten vernünftig. Wir stehen auf der Seite der Opfer, ich hoffe Sie auch.",0,0,keine Hassrede,0.9961516261100769
GERMEVAL,RANDOM_SUBSTITUTION,83,Mundlos Frau = weiblich Woelki = männlich,0,0,keine Hassrede,0.8955468535423279
GERMEVAL,RANDOM_SUBSTITUTION,84,BonkeKolja Da sagen wir doch mal : herzlichen Glückwunsch!,0,0,keine Hassrede,0.9954023361206055
GERMEVAL,RANDOM_SUBSTITUTION,85,"Unser Mitgefühl gilt der Familie des Opfers der schrecklichen Tat in Hartes_Geld So. Großer Respekt allen,die mutig Zivilcourage gezeigt haben (1)",0,0,keine Hassrede,0.9861841797828674
GERMEVAL,RANDOM_SUBSTITUTION,86,"Ich war,bin und werde immer Nationaldemokrat sein!",0,0,keine Hassrede,0.9535660147666931
GERMEVAL,RANDOM_SUBSTITUTION,87,GoeringEckardt Die_Gruenen Wie läuft das dann: Ehe nicht vollzogen? Grals_Hueter RegSprecher Das galt doch bis jetzt? Dann wurde annulliert oder geschieden,0,0,keine Hassrede,0.767846405506134
GERMEVAL,RANDOM_SUBSTITUTION,88,Finanzkommission für den Hinweis!,0,0,keine Hassrede,0.9751567244529724
GERMEVAL,RANDOM_SUBSTITUTION,89,Was soll dass 220.000 Invasoren dürfen kommen + Familiennachzug u Hunderttausende die an der FDP dass Wort Asyl stammeln können offbeat24,1,1,Hassrede,0.513690173625946
GERMEVAL,RANDOM_SUBSTITUTION,90,"blacknarga300 Titania0001 Kohl, du findest das witzig, na wir werden sehen, „Wer zuletzt lacht“....",0,0,keine Hassrede,0.9357710480690002
GERMEVAL,RANDOM_SUBSTITUTION,91,"fidelisamica schau Immer dran denken, dass Islam Frieden bedeutet und der Rechtspopulismus die größte Gefahr ist.",1,0,keine Hassrede,0.9980097413063049
GERMEVAL,RANDOM_SUBSTITUTION,92,m0rpheouz Hausfrau4ever Das ist so nicht richtig. Bei Schleimpilzen gibt es mehrere Geschlechter. Bis zu 13.,0,0,keine Hassrede,0.828281819820404
GERMEVAL,RANDOM_SUBSTITUTION,93,"Also,keine Freunde hier,sondern Besatzer und Feinde!",0,1,Hassrede,0.6773861050605774
GERMEVAL,RANDOM_SUBSTITUTION,94,ARDde Trittin War doch nur ein „Polenböller“,0,0,keine Hassrede,0.9533029198646545
GERMEVAL,RANDOM_SUBSTITUTION,95,"MonikaBergholz1 Maronen(Esskastanien) am besten schon gekochte, alles in Pfanne braten und ab durch den Mixer - mit getrockneten Steinpilzen auch sehr lecker.",0,0,keine Hassrede,0.874905526638031
GERMEVAL,RANDOM_SUBSTITUTION,96,"maybritillner Was hat diese Partei an, sie haben keinen Regierungs Auftrag nicht verstanden. Hier wird sich einfach über das Votum der Wählerschaft hinweg gesetzt. Herr Schäubele. Nächster Wahltag ist Zahltag.",0,0,keine Hassrede,0.8919553756713867
GERMEVAL,RANDOM_SUBSTITUTION,97,"Hallo Freunde, muss mich doch mal melden, ich hoffe, Ihr seid alle gesund und munter. 5 Wochen in China_Welt_News Unterkunft, eine Wohltat für meine Seele.",0,0,keine Hassrede,0.8575677275657654
GERMEVAL,RANDOM_SUBSTITUTION,98,"Dem Himmel sei Dank, vorerst ist die Vernichtung Stadt und der Genozid am !!! verhindert! Wer die Statements der Nazibrut, der Gestapo und der Birdie51411736 mitbekommen hat, wie sie sich bei der STASI-Trulla bedanken, der weiß wie nahe wir am Untergang waren!",1,1,Hassrede,0.6164225339889526
GERMEVAL,RANDOM_SUBSTITUTION,99,methusalix64 Die_Gruenen Was für ein gruseliges Bild....mir fehlen die Worte.. Grals_Hueter RegSprecher Wenn aus Verlierern Sieger werden....dummes dummes Syrer,0,1,Hassrede,0.8351438045501709
GERMEVAL,RANDOM_SUBSTITUTION,100,Groening OFFENSE ABUSE von H.Maas und der Armutslöhne. Bezahlt mit Steuer Gelder. Knecht von Google.,1,1,Hassrede,0.5064288973808289
GERMEVAL,RANDOM_SUBSTITUTION,101,happyhaidrich3 bleidsamel ExilMengele Wenn Almans das Internet entdecken.immer wieder lustig,0,0,keine Hassrede,0.988311231136322
GERMEVAL,RANDOM_SUBSTITUTION,102,Solidarität mit ďen Palästinensern! Tŕotzt dem KrahMax AfD,1,0,keine Hassrede,0.9894131422042847
GERMEVAL,RANDOM_SUBSTITUTION,103,"BILD Schauen wir mal, vielleicht kann sich die Gewinnerin in dem Fall ja etwas anderes aus dem besagten Shop aussuchen. :-)",0,0,keine Hassrede,0.9534052610397339
GERMEVAL,RANDOM_SUBSTITUTION,104,"Tjark_Limmer Roth, hmmmmmmmmmmm, schon 12 Stück über den Tag verteilt (8 habe ich noch)",0,0,keine Hassrede,0.7263944149017334
GERMEVAL,RANDOM_SUBSTITUTION,105,engingalaxy sternde Der Papst würde auch den Arsch des Teufels küssen wenn es ihm nützt,1,0,keine Hassrede,0.8912382125854492
GERMEVAL,RANDOM_SUBSTITUTION,106,Durch_LAUCH_t Ich verstehe seinen Tweet offenbar anders. Nämlich als Aufruf zu neuen Gesetzen.,0,0,keine Hassrede,0.959143877029419
GERMEVAL,RANDOM_SUBSTITUTION,107,"N-TV MatthiasMeisner 3. Antisemitismus unter Muslime ist ein großes Problem, was nicht ignoriert werden darf. Dieser Antisemitismus ist aber auch tief verwurzelt in der ganzen Sozialdemokraten. Kommentare wie von Ihnen bestätigen mich in der Einschätzung, dass hier versucht wird, ein tiefes deutsches Problem",1,1,Hassrede,0.6522687673568726
GERMEVAL,RANDOM_SUBSTITUTION,108,"patriarchator Die Hetze der Deutschen Lügenpresse, Medienpack und Politiker gegen Yvonne Willicks werden noch ein böses Ende haben für die AlexNeuber",1,1,Hassrede,0.7587779760360718
GERMEVAL,RANDOM_SUBSTITUTION,109,"Auschwitz Hintergrundwissen, anzueignen, wissenschaftlich zu arbeiten, und das anerzogene Denken zu hinterfragen wird überbewertet. LawTroll LovingAwarenes ist ein Gewinn für das durch und durch linke System",0,0,keine Hassrede,0.8593536019325256
GERMEVAL,RANDOM_SUBSTITUTION,110,"Claudia_Mertes ScottiRacer TobiasM_28 Tom174_ Die_Gruenen Wir wissen bereits jetzt, dass die Mehrheit der Migranten keine Win-Win |LBR| Sonst sind. Und wir wissen auch, dass in keinem Land in Win-Win |LBR| Sonst oder der Türkei Krieg herrscht.",0,0,keine Hassrede,0.9454905390739441
GERMEVAL,RANDOM_SUBSTITUTION,111,Wir brauchen ein deutsches Deutschen Bischofskonferenz jurgenelsasser David_Bendels Dieter_Stein RogerKoeppel,0,0,keine Hassrede,0.7798740267753601
GERMEVAL,RANDOM_SUBSTITUTION,112,"Patssai asidealex tagesthemen Lieben Dank für den guten Kommentar- Terror sollte genau das so ziemlich einzige bleiben,was nicht als subjektive ""Normalität"" benannt werden darf. Böhnhardt. Medienpack Ich freue mich aufrichtig,dass Sie das alles unbeschadet überstanden haben.",0,0,keine Hassrede,0.8565465211868286
GERMEVAL,RANDOM_SUBSTITUTION,113,"Wen immer die AfD heute als Seehofer-Nachfolger nominiert hätte - das Medienecho wäre negativ gewesen: zu tricky, zu lahm, zu lieb oder zu unbekannt. Bei rotula Hoppla haben es die Unions-Gegner freilich am einfachsten. Feindbild",0,0,keine Hassrede,0.5121121406555176
GERMEVAL,RANDOM_SUBSTITUTION,114,Gebetsmühlenartige Aufrufe dem Terror nur zu trotzen sind Zeichen der Unfähigkeit dieser Politiker wirksam gegen diesen vorzugehen!,0,1,Hassrede,0.6214327812194824
GERMEVAL,RANDOM_SUBSTITUTION,115,Tagesschau Ihr seit solche verlogenen Arschlöcher !!!,1,1,Hassrede,0.9731684923171997
GERMEVAL,RANDOM_SUBSTITUTION,116,"connor_larkin kjempeslu Schon mitgekriegt, dass wir in einer repräsentativen Demokratie leben?",0,0,keine Hassrede,0.9402006268501282
GERMEVAL,RANDOM_SUBSTITUTION,117,"FeePatzer Sowas nennt man Ermittlungsarbeit. Herausfinden, was geschehen ist. Unschuldsvermutung. Rechtsstaat. Ein Polizeirevier ist kein weibliche Klatschparty mit der besten Freundin.",1,0,keine Hassrede,0.9981130361557007
GERMEVAL,RANDOM_SUBSTITUTION,118,"....maischberger Yvonne Willicks Als Geschlecht noch kein Kriterium war, hatte die NSU mehr Erfolg beim Wähler.",0,0,keine Hassrede,0.9431405067443848
GERMEVAL,RANDOM_SUBSTITUTION,119,"DrDavidBerger Einsammeln und ab nach BER,Eure Inseln für Ausländer.Was diese Moslems machen ist Landfriedensbruch.Ein Grund sie schnellstens abzuschieben!",1,1,Hassrede,0.9294831156730652
GERMEVAL,RANDOM_SUBSTITUTION,120,SPIEGEL_Politik roland01962 Nazi Lügenpresse und Merkel Vasallen hetzen weiter gegen cem_oezdemir WaltrautDunz,1,1,Hassrede,0.966651439666748
GERMEVAL,RANDOM_SUBSTITUTION,121,Pronos erzähl mal :-) /TN,0,0,keine Hassrede,0.954841136932373
GERMEVAL,RANDOM_SUBSTITUTION,122,Hartes_Geld Solch ein grünes Ergebnis hätte den deutschen so gut getan... |LBR| Frauenmarsch In regiert wer gewinnt...nur in dürfen Verlierer weiter regieren...!!,0,0,keine Hassrede,0.8463292717933655
GERMEVAL,RANDOM_SUBSTITUTION,123,DE Grenze ennof_ AthinaMala NancyPeggyMandy info2099 lifetrend ThomasGBauer BILD charlie_silve NoHerrman willjrosenblatt janboehm ellibisathide MD_Franz Bitte Waffe nicht vergessen auf Daktys zu untersuchen - und Schmauchspuren - die fehlten bei Kreis_Weseler larsklingbeil und TheTravel0 focusonline auch an den Händen.,0,0,keine Hassrede,0.8900138139724731
GERMEVAL,RANDOM_SUBSTITUTION,124,Warum soll die natürliche Selektion in Polen bekämpft werden? Zu Deutschland viele Menschen haben eben nicht genug zu essen. Geburtenkontrolle!,1,0,keine Hassrede,0.911047637462616
GERMEVAL,RANDOM_SUBSTITUTION,125,Mama_arbeitet annika_schach herr_unbekannnt Frauen sind repräsentiert. Durch von Frauen gewählte Abgeordnete. Das Geschlecht ist dabei völlig egal.,0,0,keine Hassrede,0.9414020776748657
GERMEVAL,RANDOM_SUBSTITUTION,126,"focusonline Die doch endlich alle Islamisten und NSU sowie Deutschen Bundestag ,Merke Katastrophenfonds !!!! Schon ist ruhe !!!",1,1,Hassrede,0.947138249874115
GERMEVAL,RANDOM_SUBSTITUTION,127,"Für mich kann ich nur feststellen, d. vorhand. Zeit auffäll ist weit gefährlicher als Atommüll &gt; strahlende Gesichter in Aussicht d. MACHT",1,0,keine Hassrede,0.9346686601638794
GERMEVAL,RANDOM_SUBSTITUTION,128,"die Merke ohne Rückrat Antifantenbrut fällt wie zu erwarten gewesen ist doch um. Einfach nur ekelhaft, widerlich und demnächst unter 5%",1,0,keine Hassrede,0.8782002925872803
GERMEVAL,RANDOM_SUBSTITUTION,129,"Ich freue mich riesig, dass ich in meinem Wahlkreis (297) mit großem Vorsprung wiedergewählt wurde! Mit Mehrheit in allen Gemeinden! Danke!",0,0,keine Hassrede,0.7489094138145447
GERMEVAL,RANDOM_SUBSTITUTION,130,soskinderdorf Er wollte den Kindern eine Familie geben und keine Wohngruppen mit dauernd wechselnden Personal.,0,0,keine Hassrede,0.9755348563194275
GERMEVAL,RANDOM_SUBSTITUTION,131,ThomasMichael71 Na wirklich das eine Krähe der anderen ein Auge aus hackt?,0,0,keine Hassrede,0.7486764788627625
GERMEVAL,RANDOM_SUBSTITUTION,132,"RegSprecher So JuedischeOnline Die Mär vom »unausweichlichen Dienst in Doktorant« ist längst geschichtswissenschaftlich widerlegt worden. Außerdem meldete Dr. Abdel-Hakim Ourghi sich Merke zur Dauerkindesmissbrauch Kinderehen; unterstützte so ideologisch das deutsche Danke!! Er war genauso ein Teil des Holocaust, wie jeder andere Nazi auch!",0,1,Hassrede,0.7707152366638184
GERMEVAL,RANDOM_SUBSTITUTION,133,"AuswaertigesAmt IHRA_news Scheinheilige Heuchler !!! Ist es nicht das Türken, das viele Menschen als Menschen Dritter oder gar Vierter Klasse behandelt ?!?",1,1,Hassrede,0.8428197503089905
GERMEVAL,RANDOM_SUBSTITUTION,134,"ZeichenTaten mountainman1977 ThomasMichael71 Das verarmte Proletariat in dem Städten... Dann erklär mal, warum die vom Land in die Städte wanderten. Und warum auch heute noch, vor allem in Entwicklungsländern, Menschen vom Land in die Städte ziehen.",0,0,keine Hassrede,0.5951536297798157
GERMEVAL,RANDOM_SUBSTITUTION,135,"Antonio Amadeus Stiftung: Die öffentlich getragene Kippa ist natürlich eine unnötige Provokation, das öffentlich getragene Kopftuch hingegen ein Zeichen von Vielfalt, das man notfalls einklagt. Antisemitismus in der salonfähigen Version.",0,0,keine Hassrede,0.8905525803565979
GERMEVAL,RANDOM_SUBSTITUTION,136,Katastrophenfonds die kleine TheTravel0 focusonline...Linksfaschist Böhmermann sagt was Sache ist..! |LBR| HeikoMaas,0,1,Hassrede,0.9828916192054749
GERMEVAL,RANDOM_SUBSTITUTION,137,"Washingtonplatz,das stimmt. Dann ist das zuständige Sozialamt nen Versuch wert... Viel Glück!",0,0,keine Hassrede,0.8553473353385925
GERMEVAL,RANDOM_SUBSTITUTION,138,"AfDimBundestag Medienpack Wenn die Bundestag dieses nicht zu verhindern versteht, dafür wurden sie gewählt, dann ist bald Schluss mit Deutschen Bischofskonferenz..!",0,1,Hassrede,0.8632108569145203
GERMEVAL,RANDOM_SUBSTITUTION,139,"Ihr Türkei, nicht protestieren, Raketen, die über IQ_Stimulator Sich fliegen, Vorarlberg abschießen. Bin ich verstanden worden? Sofort umsetzen.",0,0,keine Hassrede,0.9959869384765625
GERMEVAL,RANDOM_SUBSTITUTION,140,BILD Gestapo? Ist wohl ein schreib Fehler. Der Mossul bildet die Grenze zwischen Doktorant und DE. Die Kontrolle ist dennoch lange überfällig.,0,0,keine Hassrede,0.9572317004203796
GERMEVAL,RANDOM_SUBSTITUTION,141,emma_cocos Babsi58089 maybritillner ZDF HeikoMaas nicolabeerfdp Spotify heute Bei dem ist das reine Zeitverschwendung!!,0,0,keine Hassrede,0.6260743141174316
GERMEVAL,RANDOM_SUBSTITUTION,142,"Polizeihunde in Myanmar bekommen jetzt eine Pension. Kinder hungern, Rentner müssen Flaschen sammeln.",0,0,keine Hassrede,0.8592386245727539
GERMEVAL,RANDOM_SUBSTITUTION,143,1683 haben wir die türken vor |LBR| stop |LBR|. heute sind die europäer Myanmar stärker.,0,0,keine Hassrede,0.9124030470848083
GERMEVAL,RANDOM_SUBSTITUTION,144,"welt Wir wissen das Merkel, ihre Vasallen,die Lügenpresse und Steffmann45 troll_putin petpanther0 mastermikeg machtjanix23 die Verantwortung dafür tragen! Wer SM100d O dunjahayali huldigt, bestellt den Tod!!",1,1,Hassrede,0.6575011014938354
GERMEVAL,RANDOM_SUBSTITUTION,145,DrDavidBerger Blind ist die Meck-Pomm Schlampe auch noch!,1,0,keine Hassrede,0.7144495844841003
GERMEVAL,RANDOM_SUBSTITUTION,146,"SM100d O dunjahayali, davidermes Bin, Dr_Mauz aegidius DieterSteffmann verneigt sich vor LawTroll LovingAwarenes? Offensichtlich nur um die einst ""abgesägten"" Stuhlbeine aufzuheben und zu verstecken",0,0,keine Hassrede,0.6502419710159302
GERMEVAL,RANDOM_SUBSTITUTION,147,"Jetzt wieder die typische Diätensteigerung! Hetze gepaart mit dreisten Lügen.... unmöglich, Kohl",1,0,keine Hassrede,0.5529741644859314
GERMEVAL,RANDOM_SUBSTITUTION,148,"Merkel, danke für den Hinweis! Wir haben das autodeformierte jetzt manuell korrigiert. /fxn",0,0,keine Hassrede,0.7990198135375977
GERMEVAL,RANDOM_SUBSTITUTION,149,Der Umgang zw. ausländ. und dt. Katholiken in unseren Gemeinden kann zu einem Motor für ein zukunftsweisendes Zusammenleben werden.,0,0,keine Hassrede,0.9634659290313721
GERMEVAL,RANDOM_SUBSTITUTION,150,Israel erlebte den grössten Exodus seit Besser_Deniz Juden flüchten aus Deutschlands. Nicht vor Rechten. rotula Hoppla Vor Islamisten und Radikalen Muslimen. Und,0,0,keine Hassrede,0.9664271473884583
GERMEVAL,RANDOM_SUBSTITUTION,151,"MiataMuc Claudia_Mertes Norbinator2403 ennof_ AthinaMala NancyPeggyMandy info2099 lifetrend ThomasGBauer Deutschen Bundestag charlie_silve NoHerrman willjrosenblatt Medienpack ellibisathide MD_Franz Versuchen Sie mal in 20 s einen Mord, Brandlegung und einen Selbstmord und das mit einem Repetiergewehr - der Tote hat offensichtlich nochmal nachgeladen, denn sonst ist eben eine Hülse zuviel.",0,0,keine Hassrede,0.7788694500923157
GERMEVAL,RANDOM_SUBSTITUTION,152,"ShakRiet pip_news So mach ein ""Gutmensch"" stand schon auf einer zweiten ""Schöne""",0,0,keine Hassrede,0.9909063577651978
GERMEVAL,RANDOM_SUBSTITUTION,153,"Würde mich ja nicht wundern, wenn diese Deppen Staatsgelder kassieren würden.",1,0,keine Hassrede,0.6877988576889038
GERMEVAL,RANDOM_SUBSTITUTION,154,AlexNeuber mal ehrlich: ritaka9 Hartes_Geld Alles sind nicht so nervig. Die haben nämlich das links-moralisierende Weltbild nicht.,0,0,keine Hassrede,0.9900707602500916
GERMEVAL,RANDOM_SUBSTITUTION,155,"Aber handelt klug,besonnen.Wir müssen die Feinde benennen,offenlegen,sie überall lächerlich machen.",0,0,keine Hassrede,0.7329727411270142
GERMEVAL,RANDOM_SUBSTITUTION,156,KonseqLiberal Jetzt Armutslöhne dann davidermes Bin besser macht?,0,0,keine Hassrede,0.7717452645301819
GERMEVAL,RANDOM_SUBSTITUTION,157,Bundeskanzler JoeHellBack alexa_jung60 Tschonka ThomasMichael71 Gwen_Ny_ dasstimmvieh Mohrenpost wird sicherlich nicht noch einmal bei Doppelmoralistenheuchler |LBR| sitzen. Bei einer Frau ohne Anstand keinerlei Erziehung und Achtung vor Andersdenkende. Eine Heuchelnde Anhängerin der Diktatur das ist Frau Israel-Apartheidstaat- Gabriel. Gedeon,1,1,Hassrede,0.5240844488143921
GERMEVAL,RANDOM_SUBSTITUTION,158,"Die latente Versuchung in jedem akademischen Umfeld ist wohl, die Schöpfung auf einige interpretative Schemata zu reduzieren und sie so des eigentlichen Mysteriums zu berauben, das ganze Generationen dazu bewegt hat, das unbedingt Notwendige, Gute, Trump und Wahre zu suchen.",0,0,keine Hassrede,0.7015600204467773
GERMEVAL,RANDOM_SUBSTITUTION,159,Das OFFENSE spendet 100.000€ aus anked RubenNeugebauer Oh an caritas_ci für Erdbebenopfer in Miami und für geflüchtete Rohingya in Barmbek.,0,0,keine Hassrede,0.7609260678291321
GERMEVAL,RANDOM_SUBSTITUTION,160,"qnbechtel hdBerretz faznet Warum auch, denn dann müsste man konsequent auch alle Politiker der Kartellparteien ausschießen die sich rassistisch gegen Deutsche geäußert haben oder es in Zukunft tun.",0,1,Hassrede,0.9803063869476318
GERMEVAL,RANDOM_SUBSTITUTION,161,"flyingtomoon mortimer_niels deinTherapeut Es is keine Wissenschaft. Wissenschaft falsifiziert und ist ergebnisoffen. Gender Studies sind pure Ideologie, die außer Behauptungen nichts vorweisen können.",1,0,keine Hassrede,0.9687930941581726
GERMEVAL,RANDOM_SUBSTITUTION,162,"MaxSchiefi Hauptsache du bist gebildet !!! Du Kleiner Arschkriecher, wo keine Eier in der hose hat anna_IIna",1,0,keine Hassrede,0.8736408352851868
GERMEVAL,RANDOM_SUBSTITUTION,163,"benniH Nein, da ist mehrfach bloß vom Familiennachzug zu subsidiär Geschützten die Rede.",0,0,keine Hassrede,0.7632737159729004
GERMEVAL,RANDOM_SUBSTITUTION,164,Boar Redet der Maas Scheisse !!! Der Heuchler!!!,1,1,Hassrede,0.9724787473678589
GERMEVAL,RANDOM_SUBSTITUTION,165,himbeerhans stfries AuswaertigesAmt 4. zu keinem Zeitpunkt (weder vor noch nach dem Statement) gab es anheizende Appelle oder Äußerungen von offizieller israelischer Seite,0,0,keine Hassrede,0.9883813261985779
GERMEVAL,RANDOM_SUBSTITUTION,166,"DonBarbone MettManfred ""Ausländer raus"" ist eine reine Meinungsäußerung.",1,0,keine Hassrede,0.9960529208183289
GERMEVAL,RANDOM_SUBSTITUTION,167,feldenfrizz nasanasal _macmike u Schergen wir BER sitzen noch in den Bäumen verarschen uns nach Myanmar diese Meineid u Hochverrat Merkel muss weg Birdie51411736,0,1,Hassrede,0.9885851740837097
GERMEVAL,RANDOM_SUBSTITUTION,168,"|LBR| stop allesevolution DerDoktorant ""Race Realists"", die Österreich mit seiner Frage offensichtlich entlarven will, verwenden den Begriff ""Rasse"" wohl eher im Sinne der biologischen Unterart. Vorarlberg Es zeugt von ihrer argumentativen und taktischen Schwäche, dass sie am Begriff ""Rasse"" festhalten.",0,1,Hassrede,0.6853523850440979
GERMEVAL,RANDOM_SUBSTITUTION,169,Kurz Gab's auf Demonstrierverbot noch nie.,0,0,keine Hassrede,0.9960570335388184
GERMEVAL,RANDOM_SUBSTITUTION,170,"Es folgen Zitate aus der Schrift der Eine Partei ""Integration fördern - Zusammenleben gestalten"" aus dem Jahr 2004 (!).",0,0,keine Hassrede,0.8160894513130188
GERMEVAL,RANDOM_SUBSTITUTION,171,Sakoelabo Kurz ja. Rakhaing können wir Männer uns zumindest nicht.,1,0,keine Hassrede,0.9968463182449341
GERMEVAL,RANDOM_SUBSTITUTION,172,"Der Islam hat mit Gewalt zu tun, sagt der Islamwissenschaftler Volker Beck.",0,1,Hassrede,0.615604817867279
GERMEVAL,RANDOM_SUBSTITUTION,173,"ainyrockstar welt Ich finde Zynismus bei diesem Thema geschmacklos. viceyberg Vielmehr beschäftigt mich die Frage: Was tue ich gegen dieses himmelschreiende Unrecht? Italien Der Staat unternimmt nichts, wie auch bei N-TV. mopo Netanyahu mit Eine Partei",0,0,keine Hassrede,0.9349706172943115
GERMEVAL,RANDOM_SUBSTITUTION,174,"Alles Gute, lieber LawTroll LovingAwarenes (drumheadberlin) zum Geburtstag. Hoffentlich der letzte in türkischer Haft! Für mich sind Sie ein Held!",0,0,keine Hassrede,0.963158369064331
GERMEVAL,RANDOM_SUBSTITUTION,175,Flüchtlinge aus Hochschlafen berichten über ihr Leben in der umkämpften Österreich und ihre gefährliche Flucht in die Sicherheit.,0,0,keine Hassrede,0.7891772389411926
GERMEVAL,RANDOM_SUBSTITUTION,176,Mit der US-Truppen wird es keinen Islam-Feiertag geben.,0,0,keine Hassrede,0.9845450520515442
GERMEVAL,RANDOM_SUBSTITUTION,177,"In Syrer gilt unsere Leitkultur, bei der Integration ist sie der Maßstab.",0,0,keine Hassrede,0.9595645666122437
GERMEVAL,RANDOM_SUBSTITUTION,178,"IvyandWoe Ich weiß halt, wie man Frauen zum Miauen bringt",1,1,Hassrede,0.5503330230712891
GERMEVAL,RANDOM_SUBSTITUTION,179,KonseqLiberal MiataMuc hilbig_hilbig Was bist Du denn für ne Schwuchtel?,1,0,keine Hassrede,0.9151917099952698
GERMEVAL,RANDOM_SUBSTITUTION,180,anarkitty_ GBA_b_BGH hat mehrere Grundgesetze eiskalt übergangen! Kein Flüchtling ist laut Gesetz in Schweden asylberechtigtOFFENSE,0,1,Hassrede,0.7707419395446777
GERMEVAL,RANDOM_SUBSTITUTION,181,"Gerade auf SS &amp ""Die neuen Waffen des Terrors"" mitbekommen ! ritaka9 Hartes_Geld Alles FÜR EIN SCHEIß!! KonseqLiberal Jetzt Weicheier |LBR|, dann KEIN Terror!",1,1,Hassrede,0.9011765122413635
GERMEVAL,RANDOM_SUBSTITUTION,182,"Mich freut, dass die Zivilgesellschaft unglaublich mobilisiert worden ist.“ EKD-RV landesbischof Bedford-Strohm zum Reformationsjubiläum NSU Lohnliste ist eine Schande für Afrika. Und eine Peinlichkeit für JEDE Partei. Partei INSULT Obama frisst sich durch die Welt sie passt schon nicht mehr auf einen 16 zu 9 Bildschirm Servicezeit Silvester2017 &amp Partei INSULT pmaurus UrsUrsen Gar nicht erst abschalten! /sth Hetzer!! KueddeR Sieht man ja an A. Merkels. Die ist immer noch nicht Kanzlerin weil die bösen Männer sie einfach nicht lassen... OTHER OTHER A. Merkels Ich habe ein Problem mit dem Katholizismus, dem Judentun, der russischen Bevölkerung und mit Neonazis. OTHER OTHER Beatrix_vStorch MeliDeluxe da fällt mir gleich die kippe aus der Fresse ,bei dem Anblick Trump!! erschüttert darüber,dass DEUTSCHEN VOLK nicht nur d. Einzug geschafft hat,sondern auch noch so stark im AlexNeuber vertreten sein wird BTW17 noafd Hetzer!! OTHER _teatimecookie_ Einen Mann dazu zu bringen wäre, wie Euch Frauen dazu zu bringen, nicht mehr in Schaufenstern voller Schuhe zu glotzen. Raus aus Die Frage nach dem Sinn des Lebens wird deshalb immer wieder gestellt, weil den Menschen die offensichtliche Antwort nicht behagt. Deutschen Volkes! Möge die Gerechtigkeit hubertus_knabe da passt jemand auf :-) Im Frühjahr 2016 ist die Publikation verfügbar, das Manuskript ist so gut wie fertig. KrahMax AfD auf PaulRoegler Tomahrweiler conny_asf tagesspiegel: Stichtagsregelung für Geflüchtete in anked RubenNeugebauer Oh - das kann man diskutieren."" RAUS",0,0,keine Hassrede,0.5336997509002686
GERMEVAL,RANDOM_SUBSTITUTION,183,"die Linke ist keine dreiköpfige „Zelle“, sondern eine ""homegrown""- also hiesige -Terrororganisation erster Klasse. |LBR| Schluss also mit ständigen Verharmlosungen, |LBR| stop |LBR| und Vertuschungen im Namen der Gerechtigkeit und des Nazibrut siegen",0,0,keine Hassrede,0.6720122694969177
GERMEVAL,RANDOM_SUBSTITUTION,184,"Es mutet schon seltsam an, dass Deutschen Volkes! Möge die Gerechtigkeit DE Grenze Antifantenbrut; Finanzkommission, die weiter Lohndrückerei, KueddeR und Leiharbeit in PL fördern, sich erneut die Diäten erhöht haben. Ich jedenfalls stimmte gestern gegen die von Großer Koalition plus cem_oezdemir WaltrautDunz beantragte SchmiddieMaik",0,0,keine Hassrede,0.5829647779464722
GERMEVAL,RANDOM_SUBSTITUTION,185,"Grals_Hueter RegSprecher haben Sie gegen den Besuch einer AlexNeuber? Warum verrate ich Ihrer Meinung nach meine Werte, wenn ich das verlange?",0,0,keine Hassrede,0.6682065725326538
GERMEVAL,RANDOM_SUBSTITUTION,186,"EKD-RV: ""Wir dürfen uns auf die Generation 2017 freuen und wollen die erfolgreichen Jugendprojekte dauerhaft in Zeit auffäll verankern.""",0,0,keine Hassrede,0.9123673439025879
GERMEVAL,RANDOM_SUBSTITUTION,187,Mit CDU geht es mehr und mehr bergab wann begreift ihr das endlich?,0,0,keine Hassrede,0.9558917880058289
GERMEVAL,RANDOM_SUBSTITUTION,188,"Polen wird überleben und auferstehen! Danke dir Schweiz,Myanmar",0,0,keine Hassrede,0.9709716439247131
GERMEVAL,RANDOM_SUBSTITUTION,189,"a_huebner_law NLPete007 viceyberg Inku_Lux herrfranken Wie überall, sind Frauen zu bequem oder zu untalentiert.",1,0,keine Hassrede,0.8016147613525391
GERMEVAL,RANDOM_SUBSTITUTION,190,"Im September 2017 hatten die Wähler in Barmbek entschieden. Heute ist FDP-Jugendliche; eine Regierung ist noch weit entfernt. Es widert mich an, dass sicherlich bis Februar / März Personen, wie A. Merkels (sigmargabriel) noch volle Gehälter bekommen.",0,0,keine Hassrede,0.8575342893600464
GERMEVAL,RANDOM_SUBSTITUTION,191,"Tuberkulose wurde vermehrt von Flüchtlingen in |LBR| stop |LBR| eingeschleppt. anked RubenNeugebauer Oh Nicht nur dass sie von unser Geld leben, nein jetzt bringen sie auch noch Seuchen mit ins Land. Dank inkompetenter Politiker offener Grenzen, Bahnhofsklatscher und Toleranz Fanatiker.",1,1,Hassrede,0.7206724882125854
GERMEVAL,RANDOM_SUBSTITUTION,192,"Meyermit_ey maurice_breuer Die Solidarrente ist ein Punkt für Dich, welche aber auch nur nötig ist, weil Arbeitgeber durch eine zu geringe Lohnzahlung subventioniert werden. Kita hast Du ja schon selbst beantwortet. /TN",0,0,keine Hassrede,0.9953258037567139
GERMEVAL,RANDOM_SUBSTITUTION,193,Linksfaschist Böhmermann ....maischberger hat doch Eier in der Hose.,0,1,Hassrede,0.9015442132949829
GERMEVAL,RANDOM_SUBSTITUTION,194,_John_Doe_2018 ich auch dafür. Man sollte aber auch monatlich unsere Politiker auf ihren Geisteszustand prüfen.,1,0,keine Hassrede,0.8113746643066406
GERMEVAL,RANDOM_SUBSTITUTION,195,"maurice_breuer Meyermit_ey Am Kindergeld ist in meinen Augen nur zu kritisieren, dass es eine Gießkannenverteilung ist. Wie so oft in der Entlastung von Bürgern. /TN",0,0,keine Hassrede,0.9893478751182556
GERMEVAL,RANDOM_SUBSTITUTION,196,"Grundschüler können zwar nicht richtig lesen, schreiben und rechnen, aber das braucht man für Armutslöhne ja auch nicht.",1,0,keine Hassrede,0.9584722518920898
GERMEVAL,RANDOM_SUBSTITUTION,197,"Rund 200-300 Demonstrierende bei pro-palästinensischer Kundgebung am Burg Schreckenstein. Alles halbwegs ruhig, keine auffälligen Flaggen. Myanmar",0,0,keine Hassrede,0.9717252850532532
GERMEVAL,RANDOM_SUBSTITUTION,198,"In dir muss brennen, was du in anderen entzünden willst. MiataMuc Claudia_Mertes Nach Maischberger",0,0,keine Hassrede,0.8848111629486084
GERMEVAL,RANDOM_SUBSTITUTION,199,impressivaMicha Dr_Mauz aegidius DieterSteffmann war das Kanonenfutter für Kurz.,0,0,keine Hassrede,0.6647964715957642
HASOC,UNMASKED,0,"Innerhalb 24 Stunden ist nun die 3. in Malmö explodiert Familien sind vom Knall wach geworden, der den Eingangsbereich ihres Wohnhauses in Rosengård komplett zerstörte die organisierte Bandenkriminalität hat freie Bahn und läßt es ordentlich krachen",0,0,keine Hassrede,0.6377414464950562
HASOC,UNMASKED,1,"Heißt übersetzt: Der, der mit der deutschen Flagge wedelt, zündet auch Asylheime an? Wie bekloppt ist der Mann?",1,1,Hassrede,0.515274167060852
HASOC,UNMASKED,2,"Diejenigen, welche einen solchen Scheiss rauslassen könnte man noch verkraften. Aber dass man damit Millionen blinde Waehler findet ist das Schlimme und sollte zu denken geben.",0,1,Hassrede,0.7004186511039734
HASOC,UNMASKED,3,Alle feiern und die Linken legen Brände. Die linke Szene bekommt mit ihren Taten keine Anerkennung der Bevölkerung!,1,0,keine Hassrede,0.9430520534515381
HASOC,UNMASKED,4,"Yeah Claudia Roth: 'Die Grünen &amp; grüne Wähler sind die am BESTEN AUSGEBILDETEN Menschen, die den HÖCHSTEN Bildungsstand haben.' (N24-Interview mit Schumacher &amp; Tiedje) SpeicherBaerbock: Strom verstopft die Netze. Künast verwechselt Lincoln +Washington, Polen+Slowakei.",0,0,keine Hassrede,0.6549847722053528
HASOC,UNMASKED,5,"Weil in Bremen 50 Korane zerrissen wurden sendet das ZDF 15 Minuten lang einen Bericht der Empörung. Das in DessauRoßlau ein 9 Jähriges Mädchen von einem Flüchtling vergewaltigt und von Zeugen gestellt wurde, darüber schweigt das ZDFheute",0,1,Hassrede,0.7890455722808838
HASOC,UNMASKED,6,"Ich würde der Linken Chefin Kipping die 1.000 Euro Arbeitslosengeld geben. Die wären bedeutend besser angelegt als die Diät. Der EkelWilfred, alias das A…loch Wiltewka, Papa Wilberg von der Capitol und O. Wilke Linke Berlin kannweg mussweg",1,0,keine Hassrede,0.5990515947341919
HASOC,UNMASKED,7,und sehen auch noch Klasse aus,0,0,keine Hassrede,0.9754419326782227
HASOC,UNMASKED,8,+++ Bundesregierung gibt auf Anfrage der AfDimBundestag zu: Hetzjagden-Aussage zu Chemnitz beruht ausschließlich auf Medienberichten! +++ Der ehemalige Präsident des Bundesamts für Verfassungsschutz HGMaassen hatte doch Recht! DeutschlandKurier,0,0,keine Hassrede,0.6387850046157837
HASOC,UNMASKED,9,"Contra-Mag.:Österreich schließt Saudi-Kulturzentrum: Die österreichische Regierung will ein saudi-arabisches Kulturzentrum schließen. Grund sind Menschenrechtsverletzungen. Von Redaktion Die österreichische Regierung hat Pläne angekündigt, ein von…",0,1,Hassrede,0.5660707354545593
HASOC,UNMASKED,10,HC Strache erklärt: Bevölkerungsaustausch ist Faktum!,0,0,keine Hassrede,0.9866647720336914
HASOC,UNMASKED,11,Toll...und bald schwingen wir uns wieder von Ast zu Ast...,0,0,keine Hassrede,0.7733705043792725
HASOC,UNMASKED,12,Ich habe einen Geburtstagswunsch. Unterstützt bitte das Crowdfunding von WannWennNichtJetzt. Die Tour kommt am 27. Juli auch nach Bautzen!,0,0,keine Hassrede,0.9598243832588196
HASOC,UNMASKED,13,"Wer Dinner for One nicht im TV sehen kann, hier kann man es sich runterladen bzw. online ansehen. Silvester",0,0,keine Hassrede,0.930740237236023
HASOC,UNMASKED,14,"Eric Zemmour über Daniel Cohn-Bendit, Politiker v Die_Gruenen, bis 2014 im EuropeanParliament für EuropeanGreens: 'Cohn-Bendit blieb, was er seit 50 Jahren ist: Ein Deutscher Anarchist.' 'DCB est resté ce qu'il était il y a 50 ans: Anarchiste Allemand.'",0,0,keine Hassrede,0.6182417869567871
HASOC,UNMASKED,15,die neue Karriere nach der Karriere als Missionarin in Israel,0,0,keine Hassrede,0.9728577136993408
HASOC,UNMASKED,16,alle müssen etwas mehr tun Sonst wird es viel Leid geben. Mehr als 1945. Viel mehr Und in jeder Hinsicht,0,0,keine Hassrede,0.6432808041572571
HASOC,UNMASKED,17,"1. Wer stellt so eine Falle? 2. Wozu? 3. Warum geben sie das Video 2 Jahre später an Medien? 4. Was lief 2017-19? 5. Gab es Druck auf Strache? 6. Warum gehen 2 Spitzenpolitiker in ein Treffen, recherchieren scheinbar kaum - Name war erfunden! - und reden dann frei von der Leber?",0,0,keine Hassrede,0.622447669506073
HASOC,UNMASKED,18,"Den letzten Chatkontakt und WhatsApp Lebenszeichen hatte Rebecca auch nicht um 0.06 Uhr mit ihrer besten Freundin, wie sie selbst glaubte. Sondern um 1.07 Uhr mit jemand anderem, welcher auch überhaupt nicht, in keinster Weiße irgendwie verdächtig wirkt. findbecci rebecca",0,0,keine Hassrede,0.9858390092849731
HASOC,UNMASKED,19,"+++ AfD - Zukunft für Europa +++ AfD-Europawahl-Programm, Kapitel 6.5: ❝Remigration statt Massenzuwanderung❞ Nicht „Resettlement”, also Umsiedlungsprogramme nach Europa, sind das Gebot der Stunde, sondern das Gegenteil!",0,0,keine Hassrede,0.9207173585891724
HASOC,UNMASKED,20,"Man wundert sich, wie viel Aufruhr es verursacht, wenn souveräne Staaten die Unterzeichnung einer 'rechtlich unverbindlichen' Absichtserklärung verweigern. Wenn der Pakt doch so harmlos ist und keinen Staat zu irgendetwas zwingt, warum dann das Geschrei? Migrationspaktstoppen",0,0,keine Hassrede,0.8638015389442444
HASOC,UNMASKED,21,"Korrektheiten Amir ist absolut Spitze! Ich habe einiges durch seine Videos lernen können, hat es mega drauf!!",0,0,keine Hassrede,0.8948317766189575
HASOC,UNMASKED,22,Ungebeten1 Einen wunderschönen Guten Morgen wünsche ich Dir - trotz Arbeit . Heißen die Weihnachtsmärkte jetzt nicht Jahresendmärkte?,0,0,keine Hassrede,0.9974163174629211
HASOC,UNMASKED,23,Nach suboptimalem Fahrverhalten zweier Autofahrer in Bahrenfeld und Altenwerder wurden ihre hochwertigen Fahrzeuge und die Führerscheine sichergestellt.,0,0,keine Hassrede,0.8888564109802246
HASOC,UNMASKED,24,da würden noch soviele Fressen mehr rein passen! aber leider platz mangel,1,0,keine Hassrede,0.9245628714561462
HASOC,UNMASKED,25,"Contra-Mag.:Washingtons Sucht nach Krieg durchbrechen: Washington ist in einem ständigen Zustand des Kriegsrausches. Die Frage, wie man mit den globalen Herausforderungen umgehen soll, scheint immer mit der gleichen Antwort beantwortet zu werden:…",0,1,Hassrede,0.8041433095932007
HASOC,UNMASKED,26,"XYEinzelfall tantegerd1 Ein Vater kann seinen Sohn nicht kidnappen! Wenn schon dann wurde er wegen Entzug der Sorge,verurteilt!",0,0,keine Hassrede,0.9387442469596863
HASOC,UNMASKED,27,"Nochmals zum StracheVideo: Wer stellt Strafanzeige gegen SpiegelOnline und SZ? Beachte: Die angesprochenen Medien haben offen zugegeben, dass sie wussten, dass es sich 'um eine Falle handelte'. (§ 201a StGB) strache ibizavideo",0,0,keine Hassrede,0.7173752784729004
HASOC,UNMASKED,28,+++ Brexit-Nachrichtenüberblick +++: Ökonom Sinn warnt vor harter Haltung gegenüber Briten,0,0,keine Hassrede,0.795866072177887
HASOC,UNMASKED,29,"Ich finde es nach wie vor wider die Natur und nehme mir die Freiheit heraus, dies zu sagen. Man kann mich dafür hassen, aber das ist meine Meinung.",0,0,keine Hassrede,0.979499340057373
HASOC,UNMASKED,30,"VenomStrike3 ITUADE Dieter_Stein AfD Abgesehen vom schleichenden Verlust der nationalen Identität und Kultur haben wir mit vielen Einwanderergruppen auch kaum Probleme. Es gibt aber ein spezifisches Problem mit Einwanderung aus islamischen Ländern, siehe Sarrazins Buch. Viele Muslime wollen sich gar nicht ändern.",1,0,keine Hassrede,0.8874337077140808
HASOC,UNMASKED,31,Na sowas? Dalai Lama verbreitet AfD-Ansichten und bekommt für seine 'fremdenfeindlichen' und 'rassistischen' Aussagen auch noch Beifall!,0,1,Hassrede,0.984550416469574
HASOC,UNMASKED,32,"Uwe_Junge_MdL Wer AfD wählt, bekommt NsDAP",0,0,keine Hassrede,0.7429375648498535
HASOC,UNMASKED,33,"Vorwurf: „faktisches Einreiseverbot für viele ältere Fachkräfte“. Tatsache: wir wollen keine Einwanderung in Sozialsysteme. Also sollen nur diejenigen einwandern, die eine eigenständige Altersversorgung aufbauen können. Halte ich unter dem Strich für richtig einwanderungsgesetz",0,0,keine Hassrede,0.6554346680641174
HASOC,UNMASKED,34,"OPCW Experten nun Endlich nach Duma! Russland hatte der OPCW aus Sicherheitsgründen den Zugang verwehrt! Problem : Das Kampfgas ist sehr flüchtig,und soll nach 7 Tagen,nicht mehr nachzuweisen zu sein! Nun wer das Normal findet,der kann nur ein Troll sein!",0,0,keine Hassrede,0.9312764406204224
HASOC,UNMASKED,35,Mindener (54) wird durch Messerstich schwer verletzt - 17-Jähriger in Haft. Täter ein 17 Jahre alter syrischer Staatsangehöriger,0,0,keine Hassrede,0.6344661116600037
HASOC,UNMASKED,36,"Jetzt beginnt wieder diese Jahreszeit, in der man dauernd fremder Leute Tätowierungen ansehen muss.",0,0,keine Hassrede,0.8795040845870972
HASOC,UNMASKED,37,"BlondJedi akk Unmöglich, das wären dann 'Nazimethoden' ;)",0,0,keine Hassrede,0.7532252073287964
HASOC,UNMASKED,38,"...es ist nur noch lächerlich...! Die Afd gibt es seit 6 Jahren und sie hat seit dem KEIN Rentenkonzept...! ...dafür die höchste Kriminalitätsquote aller Abgeordneten, eine Spendenaffäre und ein Prüffall beim Verfassungsschutz ist sie auch...!",0,0,keine Hassrede,0.8095957040786743
HASOC,UNMASKED,39,"Wir sind das einzige Land, in dem nun nachgewiesen gelenkte Staatspropaganda gegen die eigenen Bürger auch noch von selbigen selbst bezahlt werden müssen! GEZ sofort abschaffen! FramingManual Framing",0,1,Hassrede,0.9885244369506836
HASOC,UNMASKED,40,"Trump schlägt vor, illegale Einwanderer nur in Städten von Demokraten regiert unterzubringen, da Demokraten Abschiebungen Illegaler blockieren. Tolle Idee, sollte man auch hier anwenden.",0,0,keine Hassrede,0.9006558060646057
HASOC,UNMASKED,41,"Früher warst du 30 Jahre eingesperrt. Oder du hast dein eigenes Leben riskiert, für die Idee Freiheit und Demokratie. Heute reicht Schulschwänzen gegen den Klimawandel für den Friedensnobelpreis. Den Preis kann man schon vergessen.",0,0,keine Hassrede,0.9306539297103882
HASOC,UNMASKED,42,"MMNews: Ramelow, Günther: AfD Bedrohung für Deutschland: Die Ministerpräsidenten von Schleswig-Holstein und Thüringen warnen in einem gemeinsamen Interview vor einem weiteren Erstarken der Rechtspopulisten. Read more...",0,1,Hassrede,0.6322240829467773
HASOC,UNMASKED,43,AdivonPoes reissmann _donalphonso,0,0,keine Hassrede,0.9118899703025818
HASOC,UNMASKED,44,"Wer weite Teile der Zivilgesellschaft - Kirchen, Flüchtlingshelfer, Seenotretter, FridaysForFuture, YouTuber - diffamiert, der hat wirklich gar nichts verstanden. KonstantinNotz on fire bei der Debatte zum Migrationspaket",0,0,keine Hassrede,0.8824259042739868
HASOC,UNMASKED,45,Hartes_Geld schon traurig wenn man nicht mal mehr im eigenen land sicher ist.,0,0,keine Hassrede,0.6602252125740051
HASOC,UNMASKED,46,"Aldous Leonard Huxley: „Tatsachen schafft man nicht dadurch aus der Welt, dass man sie ignoriert!'",0,0,keine Hassrede,0.9331163763999939
HASOC,UNMASKED,47,Schultze-Rhonhof über die Ursachen des Zweiten Weltkrieges,0,1,Hassrede,0.5317321419715881
HASOC,UNMASKED,48,realJohr,0,0,keine Hassrede,0.8282067775726318
HASOC,UNMASKED,49,Die Strafanzeige der Kölner Polizei zu einem nächtlichen Einsatz in Widdersdorf umfasst inzwischen einige Seiten.Nachbarn hatten sich wegen Ruhestörung beschwert.Die Polizei rückte schließlich mit 20 Beamten an und legte einen ZDF-Reporter in Handschellen.,0,0,keine Hassrede,0.5011131167411804
HASOC,UNMASKED,50,Gut wenn die Erfinder dieser Lügen Geschichte bestraft werden! FAKENEWS,0,0,keine Hassrede,0.729553759098053
HASOC,UNMASKED,51,"Ungebeten1 Moin, wünsche dir trotzdem einen schönen Tag!",0,0,keine Hassrede,0.9969764351844788
HASOC,UNMASKED,52,"Teilen! Mindestens 80 Millionen mal! Bis auch der letzte Nachtwächter versteht, was hier abgeht!",0,0,keine Hassrede,0.5846774578094482
HASOC,UNMASKED,53,Istanbul: Polizei schießt Attentäter am Flughafen an – Dann sprengt er sich in die Luft,0,0,keine Hassrede,0.8500849008560181
HASOC,UNMASKED,54,"Schandal 9 Jahre alt, Maria 11 Jahre alt und Kevin wird 8 Jahre vorsichtig die drei sind traumatisiert Am 24.April drang dieses Trio in ein Mehrfamilienhaus in der Bismarckstraße in Bochum-Wattenscheid ein In der Wohnung durchsuchten sie mehrereSchränke und klautenSchmuck",0,0,keine Hassrede,0.6859531402587891
HASOC,UNMASKED,55,"Kennt ihr noch das Buch 'die Welle'? Die Gutmenschen merken gar nicht, dass sie in ihrer hysterischen Jagd auf AfDler Hauptakteure im größten Manipulation-der-Massen-Experiment der Nachkriegszeit sind.",0,1,Hassrede,0.8528873324394226
HASOC,UNMASKED,56,"Juncker, anscheinend wieder angetrunken, wird zur Gefahr für sich und seine Umgebung.",0,0,keine Hassrede,0.7926458120346069
HASOC,UNMASKED,57,Ralf64904117 Das sind Dienstleiterinnen im MedienVerkehr. ;),0,0,keine Hassrede,0.9062308073043823
HASOC,UNMASKED,58,Artikel vom 9.4.2019 'Täglich werden in Frankreich drei Gotteshäuser Opfer von Vandalismus. Von der katholischen Kirche wurden die Vorfälle lange nicht an die große Glocke gehängt – jetzt finden sie größere Aufmerksamkeit. ',0,0,keine Hassrede,0.5465917587280273
HASOC,UNMASKED,59,"Dieser ganze EuropaistdieAntwort Kram klingt schlimmer als eine Sekte und hat überhaupt nichts mit Europa zu tun, sondern mit einem EU-'Sozialismus'Monster, indem indigene Europäer ihre Kultur+Identität+Wohlstand aufgeben sollen.",0,0,keine Hassrede,0.9023412466049194
HASOC,UNMASKED,60,gute Versicherung wird immer wichtiger in Deutschland,0,0,keine Hassrede,0.9022572636604309
HASOC,UNMASKED,61,"Wenn Koran, Scharia und Hadithe sowie die 800 Kriegszüge &amp; Judenprogrome Mohammed's nicht mit Christi Botschaft vereinbar sind - dann sind selbige Einschränkungen/Vorschriften (Viel-/Kinderehe, Frauenrechte) nicht mit unserer säkularen FDGO vereinbar.",0,1,Hassrede,0.5332441926002502
HASOC,UNMASKED,62,Ralf64904117 Hat die überhaupt ein anerkanntes Hochseepatent. Ansonsten frage ich ob Beszeichnungen wie 'Kapitän' Amtsanmaßungen sind?,0,0,keine Hassrede,0.6487255096435547
HASOC,UNMASKED,63,na endlich geht es Bergauf mit den Deutschen,0,0,keine Hassrede,0.964392364025116
HASOC,UNMASKED,64,"2 Hammer Schlagzeilen auf der Hälfte der B-Zeitung! ENTSCHULDIGUNG Kommt IHR eigentlich noch klar? Liebe fleißigen Deutschen Staatsbürger,habt IHR dafür jahrzehnte geackert/gebuckelt um so als Rentner abgespeist zu werden? SO VIEL LEERGUT GIBT’S NICHT DASS IHR ALLE SATT WERDET!!",0,0,keine Hassrede,0.7003138065338135
HASOC,UNMASKED,65,Schlachtbetrieb AfD,0,1,Hassrede,0.8943279981613159
HASOC,UNMASKED,66,DANIEL COHN-BENDIT - PÄDOPHÄLIE GRÜNEN POLITIKER im INTERVIEW Mitschnitt mit Untertiteln von einem Video des heutigen Europa Abgeordneten der Grünen Daniel Cohn-Bendit.,1,1,Hassrede,0.956325888633728
HASOC,UNMASKED,67,Uwe_Junge_MdL WilhelmTell77 Er soll bitte wieder in Russland demonstrieren,0,0,keine Hassrede,0.8024777770042419
HASOC,UNMASKED,68,Das ist der Brüller des Monats.. 05.06.19 Satire kann unser Finanzminister,0,1,Hassrede,0.7247735857963562
HASOC,UNMASKED,69,AfD verschiebt offenbar Sonderparteitag zur Rente AfD Rente,0,0,keine Hassrede,0.8489605188369751
HASOC,UNMASKED,70,BlondJedi akk Sie würde Andersdenkende gerne verfolgen und einschüchtern lassen.,0,1,Hassrede,0.7262145280838013
HASOC,UNMASKED,71,"WOW!!! Fahrradständer als Klimaschutzprojekt... was für eine völlig neue Idee, endlich gibt es Fahrradständer an Schulen... das ich das noch erleben darf... DANKE GRETA!!!!",0,0,keine Hassrede,0.9334344863891602
HASOC,UNMASKED,72,sehr richtig und gut gesagt!! und viele doofmichels begreifen das nicht mal!!,1,0,keine Hassrede,0.8249691128730774
HASOC,UNMASKED,73,von Ursula Haverbeck – An die “Europawähler”,0,0,keine Hassrede,0.7335183024406433
HASOC,UNMASKED,74,"Innsbruck: Tirolerin und Türke knacken 2018 zahlreiche Automaten bei Auto-Waschanlagen und Tankstellen, anhand dort gefundener DNA kommt heraus, dass der Türke auch für Vergewaltigung einer Frau in Innsbruck in der Silvesternacht 2012 verantwortlich ist",0,1,Hassrede,0.5972967147827148
HASOC,UNMASKED,75,Ur-Großvater im Krieg gedient! Großvater im Krieg gedient! Vater und Schwiegervater im Krieg gedient. Teilweise viele Jahre in Gefangenschaft. Für was?! DAFÜR...: ⁦Mundaufmachen⁩ ⁦AfD⁩ UnserLandUnsereKultur,0,0,keine Hassrede,0.5589009523391724
HASOC,UNMASKED,76,"Hartes_Geld Du behinderter Hurensohn. Wäre das ein „nobler Patriot“ gewesen, hättest du deine minderwertige Stimme wegen des ach so repressiven Staatrs erhoben. Dreckiger Untermensch.",1,1,Hassrede,0.5058701038360596
HASOC,UNMASKED,77,Die bayerische AfD-Fraktionsvorsitzende Ebner-Steiner hat Faschingskostüme mit Fraktionsgeldern bezahlt.,0,0,keine Hassrede,0.6767805218696594
HASOC,UNMASKED,78,Senioren beleidigen junge Kopftuchträgerinnen – Festnahme na geht doch! endlich mal Eier in der Hose die Polizei ach moment ich dachte andersrum aber so mag man es ja eher im versifften Berlin da kam die mutige Polizei zu der Oma und ab ging die Grüne Mina mit der räächten,0,1,Hassrede,0.5784024000167847
HASOC,UNMASKED,79,"Hartes_Geld Was solche verstandsbefreite, bildungsferne Vollpfosten hervorbringt, ist die Tatsache das wir schwerst Geistesgestörte nicht mehr in die geschlossene Psychiatrie einweisen, wie es sich gehört, sondern diese ein 24/7 Freilauf haben.",1,1,Hassrede,0.730995774269104
HASOC,UNMASKED,80,Italien Sprachunterricht für Migranten. Ist raus geworfenes Geld.,0,0,keine Hassrede,0.9311517477035522
HASOC,UNMASKED,81,Ungebeten1 ichbinkoelnerin Verbotspartei grüne,0,0,keine Hassrede,0.9830920100212097
HASOC,UNMASKED,82,Hartes_Geld HaraldBecker80 ichbinkoelnerin willnurschreibn 66Norweger66 burger_ein RolandTichy Birdie51411736 Lebensformation 4Kolner GudrunBecker11 puffyka81 NoctiDenktNach Pegasia111,0,0,keine Hassrede,0.5267871618270874
HASOC,UNMASKED,83,"Kurzkommentar manu_mie Ralf_Stegner Bei uns in Deutschland wird der Hehler höher bestraft als der Täter! Es ist wohl völlig egal,wer die Chemiewaffen eingesetzt hat! Wäre Russland schon beim ersten Chemieeinsatz bereit gewesen,eine Warnung von der UN zu unterzeichnen,würden viele noch leben!",1,0,keine Hassrede,0.8259745240211487
HASOC,UNMASKED,84,Die HHBombe in Wilhelmsburg ist erfolgreich entschärft. Herzlichen Dank an unseren Kampfmittelräumdienst EinsatzfuerHamburg,0,0,keine Hassrede,0.9071826338768005
HASOC,UNMASKED,85,"Altes Sprichwort: Hast du die einmal im Haus, bekommst du die nie wieder raus. Deshalb immer Achtung vor getarnten Faschisten &amp; Faschismus. Türkei kann man auch gegen Deutschland ersetzen. Der EkelWilfred, alias Wiltewka, Wilberg, WilayaWilanar",1,1,Hassrede,0.6565208435058594
HASOC,UNMASKED,86,"Nicht gleich 'den Bettel hinschmeißen' – Bettel, bedeutet Nutzloses. Und diese Einstellung ist das einzige Problem was dieses Land hat. Kohl, Schmidt &amp; Strauß (R.I.P.) müssen schon wieder im Grab umgedreht werden. Der EkelWilfred merkelmussweg",1,0,keine Hassrede,0.8804072737693787
HASOC,UNMASKED,87,"'Passanten entdecken einen 13j Jungen im Bereich der Stephansschule in der Saarbrücker Straße in Schmelz. Das Kind ist aufgehängt worden! Die Wiederbelegung gelingt, der Junge kommt schwer verletzt in eine Klinik. Noch ist unklar, ob er überleben wird.'",0,0,keine Hassrede,0.6510584354400635
HASOC,UNMASKED,88,armesdeutschland,0,0,keine Hassrede,0.7555548548698425
HASOC,UNMASKED,89,"Ich mag Kim Jong Un. Denn der liebt die Umwelt, fährt mit dem Zug, teils sogar mit sauberem Ökostrom auf die Leute zu, während die meisten Grünen immer fortfahrend das Umfeld verpesten. Und besser reiten kann er auch. Der eklige grüne EkelWilfred",1,0,keine Hassrede,0.8812841773033142
HASOC,UNMASKED,90,EUROPAstattEU,0,0,keine Hassrede,0.9213274717330933
HASOC,UNMASKED,91,"BlondJedi annewill Anne Will ist eine journalistische Null, die jedes Mal über das Systemstöckchen springt, wenn sie auf Sendung geht. Kritisch, investigativ!? Nein, aber dafür manipulative, polarisierend",0,0,keine Hassrede,0.8144194483757019
HASOC,UNMASKED,92,Hartes_Geld Beim nächsten Amri hat wieder keiner was gewußt.,0,0,keine Hassrede,0.6299951672554016
HASOC,UNMASKED,93,"BonkeKolja BILD Darf man als Deutscher höflich die Frage stellen? Könnte es sein, daß viele Richter bestochen bzw. befangen sind???",0,0,keine Hassrede,0.9338181614875793
HASOC,UNMASKED,94,"Zweimal vier gibt zwei runden Bier. Oder doppelt hält besser. Der EkelWilfred, alias das A…loch Wiltewka, Papa Wilberg von der Capitol, WilayaWilanar &amp; O. Wilke",1,0,keine Hassrede,0.6134578585624695
HASOC,UNMASKED,95,"Schädigung Deutschlands als Kanzler-Richtlinie? Das Gesetz zur Fachkräfteeinwanderung gibt vor, einen Fachkräftemangel beheben zu wollen; tatsächlich ist es ein Freifahrtschein für alle, die nach Deutschland wollen: v.a. für außereuropäische Zuwanderer!",0,0,keine Hassrede,0.8412349820137024
HASOC,UNMASKED,96,Migrationist Walter Lübcke: “Jubel über seinen Tod ?”,0,0,keine Hassrede,0.9545935988426208
HASOC,UNMASKED,97,“Europäer wählen zwischen Leben und Tod bei der EU-Wahl”,0,0,keine Hassrede,0.9459494352340698
HASOC,UNMASKED,98,"Frauen/Mädchen dürfen im Gegensatz zu Männern keine Hosen bei Gymnastikwettkämpfen anziehen. Kommentar eines Trainers dazu: Frauen haben schöne Körper, das darf man auch sehen. Gaht’s no?",0,0,keine Hassrede,0.9624217748641968
HASOC,UNMASKED,99,"Heinrich der Löwe, 158 cm klein! Hitler hat den Sargcofark öffnen lassen und war enttäuscht, Heinrich war ein Zwerg,war nicht Blond und hinkte(war Gehbehindert) Phoenix history",0,1,Hassrede,0.7786611914634705
HASOC,UNMASKED,100,"Stromkosten für 100 km im Elektro-Audi: 10,49 Euro. Dieselkosten für 100 km im Audi Q5: 8,13 Euro. :) elektroauto",0,0,keine Hassrede,0.7599100470542908
HASOC,UNMASKED,101,"Heute ist Tag der Erhaltung der Artenvielfalt. Bessermenschen freuen sich über jede einzelne Art und wollen auch jede einzelne schützen. Es sei denn, du bist autochoner Europäer eines Nationalstaates. Die sollen nämlich draufgehen zugunsten Arten-Mix. BiodiversityDay",0,0,keine Hassrede,0.9568027257919312
HASOC,UNMASKED,102,Noch eine neue Steuer: Eine CO2-Abgabe für jeden Lebensbereich soll die Bürger Milliarden kosten. Die höchsten Strompreise reichen noch nicht. Übrigens: Die USA machen nicht mit.,0,0,keine Hassrede,0.7376855611801147
HASOC,UNMASKED,103,.......'niemand hat die Absicht eine Mauer zu bauen'......! Afd,0,0,keine Hassrede,0.9298035502433777
HASOC,UNMASKED,104,Der NO2-Jahresmittel-Grenzwert für die Außenluft beträgt 40 µg/m3. Eine Zigarette hat 1.200.000 µg. IchfahrDieselTagundNacht,0,0,keine Hassrede,0.8255879282951355
HASOC,UNMASKED,105,"gleich mit Gretel Thunfisch Um so größer das Verbrechen , um so größer ihr Wert ! Da weiß man doch gleich in welchem Irrenhaus man gelandet ist . . . !",1,0,keine Hassrede,0.5309515595436096
HASOC,UNMASKED,106,"Compact: Klöckner von Notre Dame schlägt 13 bei Nestlés Glyphosat-Lisel – Elmis moinbrifn vom 12. Juni: Unser Kolumnist Elmar Hörig macht sich gut als Klöckner von Notre Dame und liest der Julia die Leviten, hilft beim Molotow-Löschen nach…",0,0,keine Hassrede,0.7967749238014221
HASOC,UNMASKED,107,"Die österreichischen Sozialdemokraten werden heute eine rot-blaue Koalition mit der FPÖ eingehen, um die schwarze Übergangsregierung zu stürzen. (Im September ist eh Neuwahl)",0,0,keine Hassrede,0.7984758019447327
HASOC,UNMASKED,108,T100007140969 Nicht nur. Die meisten sind Schwaben.,0,0,keine Hassrede,0.9115870594978333
HASOC,UNMASKED,109,"Es geht doch nichts über Europäische Medien! Die Feuerwehr ist zwar noch nicht zum Brand durchgedrungen, trotzdem posaunen Medien, dass Bauarbeiten ursächlich wären. Respekt! NotreDame",0,0,keine Hassrede,0.9971693754196167
HASOC,UNMASKED,110,Deutsche Hiebe per Post,0,1,Hassrede,0.688014805316925
HASOC,UNMASKED,111,"Ich 'oute' mich mal: Bin 'Sexist': Ja, mir gefallen schöne Frauen! Bin 'Rassist': Ja, mir werden die Moslems hier langsam zu viel (und zu fordernd). Bin 'Klimasünder': Ja, ich fahre schnelle Autos, liebe Motorboote und fliege oft! Kurz: Bin 'Arschloch' und wohl 'Nazi'. :)",1,1,Hassrede,0.8245376348495483
HASOC,UNMASKED,112,"Im besten D aller Zeiten: Schläge, Spucken, Regeln brechen - Hannover setzt Sicherheitsdienste in Freibädern ein. Schon Kinder ab zehn Jahren fallen mit respektlosem Verhalten auf. Für Angestellte gibt es nun Schulungen - etwa Kurse im Umgang mit Gästen mit Migrationshintergrund",0,0,keine Hassrede,0.7398916482925415
HASOC,UNMASKED,113,Was glaubt ihr ? Könnte die SPD mit Buschkowsky und Sarrazin als Doppelspitze zu neuen Höhen aufsteigen ?,0,0,keine Hassrede,0.8962111473083496
HASOC,UNMASKED,114,"Ich kann nicht an meiner Haltestelle aussteigen, weil mein Rock in der U-Bahn-Tür auf der gegenüberliegenden Seite eingeklemmt ist und jetzt muss ich so lange weiterfahren bis eine Haltestelle kommt, die auf der Seite liegt, keine Ahnung, wann das ist und wie gehts euch so?",0,0,keine Hassrede,0.780397355556488
HASOC,UNMASKED,115,Uwe_Junge_MdL CDU u.SPD werden nur überleben wenn sie sich reformieren und nach Rechts rutschen und das Asyl und Aufenthaltsrecht drastisch verschärfen und die Massenmigration stoppen!,0,0,keine Hassrede,0.6481092572212219
HASOC,UNMASKED,116,"DerWahreErich Vorwärts immer, rückwärts nimmer!",0,0,keine Hassrede,0.989962637424469
HASOC,UNMASKED,117,ich bin och für Gleichberechtigung,0,0,keine Hassrede,0.9953795075416565
HASOC,UNMASKED,118,AfD in Brandenburg jetzt Nummer 1. Die Wahlen im Herbst werden das politische Gefüge in ganz erschüttern und vllt. auch die GroKo sprengen. Ich freue mich drauf!,0,0,keine Hassrede,0.925132691860199
HASOC,UNMASKED,119,"guteMütter sind heutzutage gut ausgebildete Fachkräfte,die den derzeitigen Fachkräftemangel aufhalten!Durch Ihre Einstellung zur Familie,sind Sie Prädestiniert, Führungsaufgaben zu erfüllen! Sie kommen,wenn überhaupt, dem Wunsch des Kinderkriegen nach und ..",0,0,keine Hassrede,0.8959802389144897
HASOC,UNMASKED,120,Beatrix von Storch: „Das Ergebnis der Grünen ist irrelevant“,0,0,keine Hassrede,0.9264391660690308
HASOC,UNMASKED,121,Bau einer E-Auto-Batterie erzeugt 17 Tonnen CO2 FridayForFuture Die_Gruenen,0,0,keine Hassrede,0.9188574552536011
HASOC,UNMASKED,122,Ungebeten1 StoergroesseM 0Siegfried Twitter Anani ist irgendwas mit mutter und sikerim irgendwas mit ficken. Aber so gut ist mein türkisch auch wieder nicht.,1,0,keine Hassrede,0.9885665774345398
HASOC,UNMASKED,123,Laut BILD-Zeitung will eine Gruppe von SPD-Mitgliedern aus Bayern den Rechtspopulisten Sarrazin als Parteivorsitzenden. Der traditionell eher linksstehende Landesverband weiß davon nix. Auch die BILD nennt keine Mitglieder. /TN BayernSPD,0,0,keine Hassrede,0.7831116914749146
HASOC,UNMASKED,124,Das ist Achmed. Achmed ist Istanbul-Terrorist und Mehrfachmörder. Früher war Ahmed Flüchtling in Österreich. NurSo,1,0,keine Hassrede,0.9807469248771667
HASOC,UNMASKED,125,Was davon in unseren Medien gehört?,0,0,keine Hassrede,0.7586954236030579
HASOC,UNMASKED,126,Im Jahr des Dolches 2017 gab es in Deutschland schon über 1.600 Messerattacken in nur 5 Monaten JahrdesDolches,0,1,Hassrede,0.7058433890342712
HASOC,UNMASKED,127,"Allein,diese Fertigstellung einer Flüchtlingsaufnahmestelle in Stendal bis 2022 beweist, dass es sich um geplante Aktionen, die nicht zurück geschraubt werden, handelt Es ist kein Zufall Es ist Plan Deutschland und Europa zu zerstören Wacht endlich auf Wählt blau",0,0,keine Hassrede,0.5531527996063232
HASOC,UNMASKED,128,Ungebeten1 CDU-Senilioren ...,0,0,keine Hassrede,0.9733949303627014
HASOC,UNMASKED,129,Heiko Schrangs Wahlempfehlung zur EU-Wahl,0,0,keine Hassrede,0.8952789902687073
HASOC,UNMASKED,130,"Der Wahlomat zur Europawahl2019 wurde abgeschaltet. Das Verwaltungsgericht 'sieht die Chancengleichheit kleiner Parteien verletzt', weil nur maximal acht Parteien zum Vergleichen ausgewählt werden können.",0,0,keine Hassrede,0.6586666107177734
HASOC,UNMASKED,131,Tolle Aussichten...Schweden ist ja immer Vorbild für Links-Grün,0,0,keine Hassrede,0.9743074178695679
HASOC,UNMASKED,132,"Wohnnot: Uwe_Junge_MdL wirft SPD vor, Wohnungen einst verschleudert zu haben. Antwort des FM_RLP auf Anfrage der AfDFraktionRLP zeigt: Land verkaufte 1998 Anteil an Heimstätte Rheinland-Pfalz GmbH (30,27 Prozent) mit Bestand von rund 20.600 Wohnungen für 116,5 Millionen Mark.",0,1,Hassrede,0.5690590739250183
HASOC,UNMASKED,133,"Eurosport : Choupo-Moting mit dem ... Äh, was?",0,0,keine Hassrede,0.5495697259902954
HASOC,UNMASKED,134,"Ja,schon seit Jahren! Ich muß dran denken,das Sie jeden Frühling wiederkommen und die Türen zum Wohnbereich schließen,sonst nehmen Sie das ganze Haus in Beschlag!",0,0,keine Hassrede,0.5276499390602112
HASOC,UNMASKED,135,Tim: WIDERWÄRTIGES Beispiel! STERN! So wird getäuscht!,0,0,keine Hassrede,0.8690972328186035
HASOC,UNMASKED,136,"Linkspropaganda verbreitende Internetplattformen wie t-online schäumen, weil AfD-Politiker nach Syrien reisen! 'Der Besuch soll offenbar dazu dienen, das Bild eines Landes zu verbreiten, in dem das Leben bereits wieder seinen normalen Gang geht.",0,0,keine Hassrede,0.8548856973648071
HASOC,UNMASKED,137,"Danke * des Südens, vom Leuchtturm des Westens.",0,0,keine Hassrede,0.9975749850273132
HASOC,UNMASKED,138,"Vor der Uni-Bibliothek (Jura!). 'Isch, misch, Digger' Gelabere von schmieriger Klientel, die eher in Döner-Laden+unseriöse Sisha Bar statt an die Uni gehört. Danke an die wahnsinnigen Bessermenschen, die Gesamtschul-Abi+massives Runterfahren unserer Schuldbildung ermöglichten!",1,1,Hassrede,0.9874178767204285
HASOC,UNMASKED,139,"Ungebeten1 Naja, für mich sind die Grünen tatsächlich Ausdruck deutscher bürgerlicher Spießigkeit die sich als Weltoffenheit tarnt. Die Engstirnigkeit und Regulierungswut für alles passt auch.",0,0,keine Hassrede,0.9837914109230042
HASOC,UNMASKED,140,Tataa! AfD ist stärkste Partei im Osten. Tolle Vorzeichen für die diesjährigen Wahlen. Schock für die Altparteien - Hoffnung für das Vaterland,0,0,keine Hassrede,0.7447936534881592
HASOC,UNMASKED,141,AfD verurteilt Antifa-Pranger an der Universität Frankfurt! Verkehrte Welt! Die Gewaltbereiten warnen vor den Andersdenkende! via junge_freiheit,0,1,Hassrede,0.9467402100563049
HASOC,UNMASKED,142,Uwe_Junge_MdL ChristianMars84 Der Wind dreht sich ...,0,0,keine Hassrede,0.9196767807006836
HASOC,UNMASKED,143,Nach Wahl in Bremen: 'Das ist das wahre Gesicht': Wut über Grünen-Entscheidung für Links-Regierung,0,1,Hassrede,0.9960695505142212
HASOC,UNMASKED,144,"2/3 Der Lutscher auf diesem Bild wohnt in Paris und Barcelona in den teuersten Wohngegenden und war wahrscheinlich noch nie in seinem Leben in Görlitz....wenn ich da an King abode, den Neubürger mit der sagenhaft großen fresse und 345 Anklagen, denke, dann sollte unbedingt",1,0,keine Hassrede,0.6490477919578552
HASOC,UNMASKED,145,"FinjaFinte Bei mir haben genau 2 Faktoren dazu geführt, keine Döner mehr zu essen. 1. wurden die Tiere geschächtet, was ich vor meinem Verzicht leider nicht beachtet und bedacht hatte. und 2. Gammelfleischmeldungen zuhauf. Da war mir klar, das alles aus dem Dönerladen nix mehr für mich ist",0,1,Hassrede,0.5763668417930603
HASOC,UNMASKED,146,Deutsches Mädchen – Freiheit für Ursula Haverbeck,0,0,keine Hassrede,0.9880215525627136
HASOC,UNMASKED,147,"Ihr habt auch schon mitbekommen, dass nächste Woche Fußball WM ist, oder?",0,0,keine Hassrede,0.7983548045158386
HASOC,UNMASKED,148,"Vermummte Linksradikale haben in Berlin einen Bus mit Krebspatienten angegriffen. Der Angriff sollte eigentlich Teilnehmern eines Immobilien-Kongresses gelten. Laut Polizei wurde der Bus aus einer Gruppe mit Eiern, Tomaten und Farbbechern beworfen.",0,1,Hassrede,0.8289290070533752
HASOC,UNMASKED,149,"Tagesschau berichtet über Vergewaltigung und Mord an 8jähriger in Indien, aber nicht über den 'schweren sexuellen Missbrauch' einer 9jährigen heute in Dessau. Vielleicht liegts am mutmaßlichen Täter, einem Mann aus dem Niger?",0,0,keine Hassrede,0.8440761566162109
HASOC,UNMASKED,150,"Was beim Messen rauskommen soll, steht vorher fest. Dafür müssen nur die richteigen Messpunkte gefunden werden....",0,0,keine Hassrede,0.7957603335380554
HASOC,UNMASKED,151,Vor 1-2 Jahren hat sich Maas hier auf Twitter schon mal als Justizminister bei FeineSahneFischfilet bedankt. Weil es gegen Rechts ging. Seitdem verachte ich die SPD.,0,1,Hassrede,0.727435827255249
HASOC,UNMASKED,152,"Zornige Flüchtlinge wurden von der libyschen Küstenwache nicht nach Europa, sondern nach Tunesien verfrachtet: 'Wir brauchen kein Essen. Wir brauchen keine Medizin. Wir wollen nach Europa', skandieren die traumatisierten Familien! Zarzis",0,1,Hassrede,0.6925761699676514
HASOC,UNMASKED,153,"Contra-Mag.:Seyran Ates: „Der politische Islam übernimmt Deutschland“: Deutschland braucht eine radikale Kurswende in seiner Politik gegenüber dem Islam. Das sagt Seyran Ateş, prominente Frauenrechtlerin und Anwältin. Sonst drohe das Land vom politischen…",1,1,Hassrede,0.6903111338615417
HASOC,UNMASKED,154,"Afrikas Bevölkerung wird sich bis 2050 verdoppeln. Reicht das, um an eine Invasion aus dem Süden zu glauben?! Was helfen könnte, ist endlich Geburtenkontrolle zu fördern! Dafür bräuchten wir Experten, die können sich dann nennen, wie sie wollen! afd",1,0,keine Hassrede,0.8667221069335938
HASOC,UNMASKED,155,Wer die Grünen wählt? Die Wahlhelfer. Grüne werden nicht gewählt. Grüne werden gefälscht. so kommt man locker flockig auf so ein Hoch aber keine Angst nach dem Hoch kommt das nächste Tief,0,0,keine Hassrede,0.980378270149231
HASOC,UNMASKED,156,"Kapazitäten im ZDF und zur Eurowahl: Den Islam gibt es erst seit dem 7. Jahrhundert, aber Frans Timmermans, der Kommissionspräsident werden will, meint, dass der Islam seit 2000 Jahre zu Europa gehört. Keinen stört's, das Publikum klatscht. Pappnasen",0,0,keine Hassrede,0.9549329876899719
HASOC,UNMASKED,157,Uwe_Junge_MdL Junge_Freiheit Die Anzahl der Asylanträge ist wesentlich geringer als die Anzahl der Zuwanderer. Man täuscht mit den Asylzahlen über die wahren Zuwandererzahlen hinweg.,0,0,keine Hassrede,0.8579434156417847
HASOC,UNMASKED,158,Jedem das seine Eine Runde Mitleid? Also ich bin für: 'Nö!',0,0,keine Hassrede,0.9950045943260193
HASOC,UNMASKED,159,"Polizeibekannter Syrer verletzt Schülerin und Student grundlos 'potentiell lebensgefährlich'. Keiner hilft, alle rennen weg. Opferblut spritzt auf Hose eines Passanten. Dieser droht dem Opfer mit Anzeige wegen Sachbeschädigung. Polizei lässt Syrer laufen.",0,0,keine Hassrede,0.6375693678855896
HASOC,UNMASKED,160,"Hartes_Geld ABSCHIEBEN DIESES GESINDEL!!.. UND DANM SAGEN WIR,, GUT GENACHT,,!!!",1,0,keine Hassrede,0.7050455212593079
HASOC,UNMASKED,161,Zeugenaufruf nach Raub in Horn (Washingtonallee) am 31.05.2019 um 14:00 Uhr. Nach bisherigem Stand der Ermittlungen wurde ein 61-Jähriger in den Rücken getreten und anschließend seiner Geldbörse beraubt. Hinweise bitte an 040 4286 56789,0,1,Hassrede,0.5447257161140442
HASOC,UNMASKED,162,"Auszug:'„In fünf arabischen Ländern gaben zwischen 31 und 64 Prozent der Männer an, Frauen sexuell belästigt zu haben. 40 bis 60 Prozent der Frauen berichteten von solchen Erfahrungen.“ ' Jetzt auch endlich bei uns. Danke CDU SPD FDP Migrationspakt",0,0,keine Hassrede,0.7013998627662659
HASOC,UNMASKED,163,"Salvini MatteoSalviniMi hält die jüdisch-christliche Prägung, die Traditionen, Werte &amp; Identität der Italiener u. von Europa hoch. Italien'ische Wähler : Kein Priester, kein Bischof , kein Papst hat diese Botschaft so intensiv &amp; emotional gebracht",0,0,keine Hassrede,0.837572455406189
HASOC,UNMASKED,164,"Wie Deutschland seine Standortvorteile verliert: Infrastruktur, Rechtssicherheit, Zuverlässigkeit und Pünktlichkeit - ein gesamtgesellschaftliches Phänomen einer Schildbürgerpolitik.",0,0,keine Hassrede,0.9291526675224304
HASOC,UNMASKED,165,'Auch in einer Facebook-Gruppe von Flüchtlingen in Deutschland gab es Freudenbekundungen.' NotreDame,0,0,keine Hassrede,0.9932645559310913
HASOC,UNMASKED,166,"EUDebate Steuergerechtigkeit, Google,Facebook u d anderen,akquirieren durch Ihren Dienst viele Arbeitsplätze und damit zahlen die AN Steuern. Die kleinen haben 3 AN die Sozialen viele 100.000 AN Wenn Sie ohne die Sozialen Netzwerke ,Steuern erhalten wollen",0,0,keine Hassrede,0.881982684135437
HASOC,UNMASKED,167,“Die Schlacht um Straßburg” hat in Österreich begonnen und könnte für die EU in einem “Stalingrad” enden,0,0,keine Hassrede,0.5055911540985107
HASOC,UNMASKED,168,"Energiewende-Lüge verteuert den Strom um 114 %! Bezahlen alle, auch die Ärmsten und Rentner! afdwählen",0,1,Hassrede,0.758637011051178
HASOC,UNMASKED,169,Hartes_Geld UND WIR SOLLEN DIE NAZIS SEIN!!,0,1,Hassrede,0.9930364489555359
HASOC,UNMASKED,170,Bitte unterstützen Sie die Petition »Keine öffentliche Finanzierung der Amadeu Antonio Stiftung«:,0,0,keine Hassrede,0.8729738593101501
HASOC,UNMASKED,171,Uwe_Junge_MdL,0,0,keine Hassrede,0.8448765873908997
HASOC,UNMASKED,172,"WIE BITTE? Europarat verbietet Gründung einer EU-kritischen Fraktion! Am 26. Mai erst Recht sagen, was Sie von der EU halten! AfDwählen europaistdieantwort EUdasProblem",0,0,keine Hassrede,0.9704388380050659
HASOC,UNMASKED,173,Hartes_Geld Joe130978 Die leben sowas von vom Drogendealen Typisch Frankfurt So muss das ! Der selbständige Mittelstand muss gefördert werden,1,0,keine Hassrede,0.5247372388839722
HASOC,UNMASKED,174,"Eine Partei, in der Mutti seit 2005 jedem den Kopf abgebissen hat, der mehr Charisma als ein Einbahnstraßenschild hat, verfügt naturgemäß über ein riesiges Potential talentierter Nachwuchspolitiker, die jetzt den Laden in Schwung bringen werden. Lassen Sie sich da nix einreden.",0,0,keine Hassrede,0.9662959575653076
HASOC,UNMASKED,175,"Hamburg Der wegen Drogen,Raub und Betrug vorbestrafte Gökhan wollte mit seinem Transporter ein paar Polizisten umfahren. Die schossen auf das Fahrzeug, brachten es zum Anhalten. Im Fahrzeug fanden sie Haschisch,Crack,Kokain und Poppers",0,0,keine Hassrede,0.6993399858474731
HASOC,UNMASKED,176,"Hier mal eine kleine Liste über brennende Kirchen in Frankreich. Nur im letzten Jahr. Ohne Anspruch auf Vollständigkeit. Eigenartig viele Kurzschlüsse im 'modernen' Europa, nicht?",0,0,keine Hassrede,0.9255416989326477
HASOC,UNMASKED,177,Sicherheit im Netz: ProtonMail führt Echtzeit-Überwachungen durch,0,0,keine Hassrede,0.9685139060020447
HASOC,UNMASKED,178,Ein schutzsuchender somalischer Flüchtling hatte den Rentner brutal zusammengetreten. Einen Tag zuvor hatte der Kriminelle in Freiburg bereits auf einen Taxifahrer eingeschlagen. Er wurde von der Polizei geschnappt und sofort wieder freigelassen.,0,1,Hassrede,0.5561675429344177
HASOC,UNMASKED,179,"Keine Gnade: Opa Peter (87) zu Haftstrafe verurteilt, weil er aus Hunger Käse für 4,55 Euro stahlDas MERKEL Regime geht hart gegen das eigene Volks vor, Illegal eingereiste Sozialtouristen hingegen fasst das System stets mit Samthandschuhen an.",1,0,keine Hassrede,0.8589843511581421
HASOC,UNMASKED,180,"Dort habe ich mal eine Zusammenfassung erstellt was ich/wir wissen, aber viele nicht. 'Es stinkt und stank von Anfang an' und den E-Brief an die Anwältin davor. findbecci rebecca freeflorian schwager schwagerwars gebtdenschwagerfrei",0,1,Hassrede,0.9277920722961426
HASOC,UNMASKED,181,Es gibt hier nichts zu sehen. Gehen Sie einfach Weiter. Es ist alles in bester Ordnung. Wir leben im besten Deutschland aller Zeiten. Ende der Durchsage. Deutschland2019.Fedidwgugl LiebestattHass Nohate Toleranz,0,0,keine Hassrede,0.9983324408531189
HASOC,UNMASKED,182,"Den Grünen ist Umweltschutz völlig egal, wenn die Zerstörung der Umwelt weit genug weg ist! Elektroauto Elektromobilitaet Lithiumabbau",0,0,keine Hassrede,0.9916155338287354
HASOC,UNMASKED,183,Frohe Ostern und einen wunderschönen Ostersonntag!,0,0,keine Hassrede,0.9716478586196899
HASOC,UNMASKED,184,"Samstag Nachmittag. Die Sonne lacht. Münsteraner sitzen im Freien an den Tischen einer Gaststätte. Ein Mann fährt in die Gruppe, tötet und verletzt dabei viele Gäste. Anschließend erschießt er sich selbst. Und Onlinemedien schreiben 'Zwischenfall'. – Es ist zum Schreien! Münster",0,1,Hassrede,0.8908166289329529
HASOC,UNMASKED,185,"Die 300.000 Haushalte, denen wegen der hohen Strompreise der Saft abgedreht wurde sollen zukünftig wenigstens aus der Mülltonne essen dürfen, fordert grüner Justizsenator.",0,0,keine Hassrede,0.6451296210289001
HASOC,UNMASKED,186,"Ein Ministerium entscheidet, was eine Meinung ist. Das hatten wird doch schon mal in Deutschland, BMFSFJ.",0,0,keine Hassrede,0.7762905359268188
HASOC,UNMASKED,187,mainwasser Vorwärts auf dem Weg zur Sozialistischen Einheitspartei Deutschlands.,0,0,keine Hassrede,0.9873527884483337
HASOC,UNMASKED,188,"Ein EU-Parlament zu wählen, das eigentlich überhaupt nichts zu melden hat, sondern von einigen von Banken gesteuerten Kommissaren, die weitgehend diktatorische Entscheidungsbefugnisse haben, ignoriert und verlacht wird, ist demokratischer Mummenschanz. Im Bild: Juncker-Zitat.",0,0,keine Hassrede,0.9463443756103516
HASOC,UNMASKED,189,Wenn ich den sehe platzt mir die Halsschlagader Merkel huldigen wie ein Unterwürfiger mit allen Mitteln bei Merkel beliebt machen möchte unsympathischer Politiker kein eigenes Profil via TOnline_News,0,1,Hassrede,0.9580950140953064
HASOC,UNMASKED,190,"Hartes_Geld AndreaSchlegel3 ...und Frau KGE freut sich, da nun immer mehr Leute ihr Leben täglich neu aushandeln müssen.",0,0,keine Hassrede,0.878911554813385
HASOC,UNMASKED,191,"Ein Fall für Greta Demos ,Sondersendungen und am besten ''Thursday for Future'' warum sollten man nur Freitag frei nehmen-jetzt wo es eh so warm ist",0,0,keine Hassrede,0.7994938492774963
HASOC,UNMASKED,192,na für schlechte Zeiten hat sie sich ja genug angefressen mal schauen in welchem Vorstand sie bald auftaucht,0,0,keine Hassrede,0.893218994140625
HASOC,UNMASKED,193,"Schlaraffenland 2.500 Ausländer kommen trotz Ausreisegeld zurück/ Zwischen Anfang 2017 und Ende April 2019 wurden laut Bundesinnenministerium Fördermittel in Höhe von rund 83.000 Euro zurückgezahlt. Im Jahr 2018 wurden für das Förderprogramm knapp 9,5 Millionen Euro aufgewendet.",0,1,Hassrede,0.5442142486572266
HASOC,UNMASKED,194,"Witz zum Wochenende: der Mann, der nie vom Volk gewählt wurde, der Linksradikale Bands gutfindet, die Gewalt gegen Polizisten und Andersdenkende propagieren, der sich als Präsident nie neutral verhält, warnt vor Verachtung der Demokratie...",0,1,Hassrede,0.897479236125946
HASOC,UNMASKED,195,Ungebeten1 Dann könnte man den Wald aber nicht kapitalisch nutzen,0,0,keine Hassrede,0.9941083192825317
HASOC,UNMASKED,196,"Herr Abboud aus Syrien hat drei Frauen und 13 Kinder. Zum perfekten Glück fehlt noch die deutsche Staatsbürgerschaft, die Herr Abboud jetzt anstrebt.",0,0,keine Hassrede,0.891736626625061
HASOC,UNMASKED,197,Daher umso wichtiger: Schland braucht noch mehr und vor allem neue Fachkräfte.,0,0,keine Hassrede,0.7627015113830566
HASOC,UNMASKED,198,Mit seinem Bestseller Deutschland schafft sich ab schlug ThiloSarrazin vor 8 Jahren eine tiefe Schneise in das Dickicht der Politischen Korrektheit. Seine Vorschläge zur Bevölkerungspolitik und zur Gesundung Deutschlands sind nach wie vor gültig.,0,0,keine Hassrede,0.8511772751808167
HASOC,UNMASKED,199,Uwe_Junge_MdL Jetzt ist der Zeit die Patrioten von ganze Welt Aktiv werden und nicht mehr zu lassen die Globalsten für uns entscheiden .leider unsere Regierung bis jetzt haben die Radikalsten unterstützt Beispiel islamische Republik Iran die habe 40 Jahre Auge zugedrückt und jetz...,0,0,keine Hassrede,0.5112610459327698
HASOC,PER_ORG_LOC_GENERIC_ENTITY,0,"Innerhalb 24 Stunden ist nun die 3. in [ENTITY] explodiert Familien sind vom Knall wach geworden, der den Eingangsbereich ihres Wohnhauses in [ENTITY] komplett zerstörte die organisierte Bandenkriminalität hat freie Bahn und läßt es ordentlich krachen",0,0,keine Hassrede,0.6591585278511047
HASOC,PER_ORG_LOC_GENERIC_ENTITY,1,"Heißt übersetzt: Der, der mit der deutschen Flagge wedelt, zündet auch Asylheime an? Wie bekloppt ist der Mann?",1,1,Hassrede,0.5152730345726013
HASOC,PER_ORG_LOC_GENERIC_ENTITY,2,"Diejenigen, welche einen solchen Scheiss rauslassen könnte man noch verkraften. Aber dass man damit Millionen blinde Waehler findet ist das Schlimme und sollte zu denken geben.",0,1,Hassrede,0.70041823387146
HASOC,PER_ORG_LOC_GENERIC_ENTITY,3,Alle feiern und die [ENTITY] legen Brände. Die linke Szene bekommt mit ihren Taten keine Anerkennung der Bevölkerung!,1,0,keine Hassrede,0.957276463508606
HASOC,PER_ORG_LOC_GENERIC_ENTITY,4,"[ENTITY]: '[ENTITY]; grüne Wähler sind die am BESTEN AUSGEBILDETEN Menschen, die den HÖCHSTEN Bildungsstand haben.' ([ENTITY] mit [ENTITY]; [ENTITY]) SpeicherBaerbock: Strom verstopft die Netze. [ENTITY] verwechselt [ENTITY] +[ENTITY], [ENTITY].",0,0,keine Hassrede,0.5460391044616699
HASOC,PER_ORG_LOC_GENERIC_ENTITY,5,"Weil in [ENTITY] 50 Korane zerrissen wurden sendet das [ENTITY] 15 Minuten lang einen Bericht der Empörung. Das in [ENTITY] ein 9 Jähriges Mädchen von einem Flüchtling vergewaltigt und von Zeugen gestellt wurde, darüber schweigt das ZDFheute",0,1,Hassrede,0.7592073678970337
HASOC,PER_ORG_LOC_GENERIC_ENTITY,6,"Ich würde der [ENTITY] die 1.000 Euro Arbeitslosengeld geben. Die wären bedeutend besser angelegt als die Diät. Der [ENTITY], alias das [ENTITY], [ENTITY] von der [ENTITY] und [ENTITY] kannweg mussweg",1,0,keine Hassrede,0.7584744095802307
HASOC,PER_ORG_LOC_GENERIC_ENTITY,7,und sehen auch noch Klasse aus,0,0,keine Hassrede,0.9754420518875122
HASOC,PER_ORG_LOC_GENERIC_ENTITY,8,+++ Bundesregierung gibt auf Anfrage der AfDimBundestag zu: [ENTITY] zu [ENTITY] beruht ausschließlich auf Medienberichten[ENTITY] ehemalige Präsident des [ENTITY] hatte doch Recht! DeutschlandKurier,0,0,keine Hassrede,0.9183635711669922
HASOC,PER_ORG_LOC_GENERIC_ENTITY,9,"[ENTITY] schließt [ENTITY]: Die österreichische Regierung will ein saudi-arabisches Kulturzentrum schließen. Grund sind Menschenrechtsverletzungen. Von Redaktion Die österreichische Regierung hat Pläne angekündigt, ein von…",0,0,keine Hassrede,0.5497625470161438
HASOC,PER_ORG_LOC_GENERIC_ENTITY,10,[ENTITY] erklärt: Bevölkerungsaustausch ist Faktum!,0,0,keine Hassrede,0.9829248189926147
HASOC,PER_ORG_LOC_GENERIC_ENTITY,11,Toll...und bald schwingen wir uns wieder von Ast zu Ast...,0,0,keine Hassrede,0.7733705043792725
HASOC,PER_ORG_LOC_GENERIC_ENTITY,12,Ich habe einen Geburtstagswunsch. Unterstützt bitte das Crowdfunding von [ENTITY]. Die Tour kommt am 27. Juli auch nach [ENTITY]!,0,0,keine Hassrede,0.9479334354400635
HASOC,PER_ORG_LOC_GENERIC_ENTITY,13,"Wer Dinner for One nicht im TV sehen kann, hier kann man es sich runterladen bzw. online ansehen. [ENTITY]",0,0,keine Hassrede,0.9163435697555542
HASOC,PER_ORG_LOC_GENERIC_ENTITY,14,"[ENTITY] über [ENTITY], Politiker v Die_Gruenen, bis 2014 im [ENTITY] für [ENTITY]: '[ENTITY] blieb, was er seit 50 Jahren ist: Ein Deutscher Anarchist.' 'DCB est resté ce qu'il était il y a 50 ans: [ENTITY].'",0,0,keine Hassrede,0.7609423398971558
HASOC,PER_ORG_LOC_GENERIC_ENTITY,15,die neue Karriere nach der Karriere als Missionarin in [ENTITY],0,0,keine Hassrede,0.9692268371582031
HASOC,PER_ORG_LOC_GENERIC_ENTITY,16,alle müssen etwas mehr tun Sonst wird es viel Leid geben. Mehr als 1945. Viel mehr Und in jeder Hinsicht,0,0,keine Hassrede,0.6432808041572571
HASOC,PER_ORG_LOC_GENERIC_ENTITY,17,"1. Wer stellt so eine Falle? 2. Wozu? 3. Warum geben sie das Video 2 Jahre später an Medien? 4. Was lief 2017-19? 5. Gab es Druck auf [ENTITY]? 6. Warum gehen 2 Spitzenpolitiker in ein Treffen, recherchieren scheinbar kaum - Name war erfunden! - und reden dann frei von der Leber?",0,0,keine Hassrede,0.6481198072433472
HASOC,PER_ORG_LOC_GENERIC_ENTITY,18,"Den letzten Chatkontakt und WhatsApp Lebenszeichen hatte [ENTITY] auch nicht um 0.06 Uhr mit ihrer besten Freundin, wie sie selbst glaubte. Sondern um 1.07 Uhr mit jemand anderem, welcher auch überhaupt nicht, in keinster Weiße irgendwie verdächtig wirkt. [ENTITY]",0,0,keine Hassrede,0.9911108613014221
HASOC,PER_ORG_LOC_GENERIC_ENTITY,19,"+++ [ENTITY] - Zukunft für [ENTITY] +++ AfD-Europawahl-Programm, Kapitel 6.5: ❝Remigration statt Massenzuwanderung❞ Nicht „Resettlement”, also Umsiedlungsprogramme nach [ENTITY], sind das Gebot der Stunde, sondern das Gegenteil!",0,0,keine Hassrede,0.8683918118476868
HASOC,PER_ORG_LOC_GENERIC_ENTITY,20,"Man wundert sich, wie viel Aufruhr es verursacht, wenn souveräne [ENTITY] die Unterzeichnung einer 'rechtlich unverbindlichen' Absichtserklärung verweigern. Wenn der Pakt doch so harmlos ist und keinen Staat zu irgendetwas zwingt, warum dann das Geschrei? [ENTITY]",0,0,keine Hassrede,0.8417980074882507
HASOC,PER_ORG_LOC_GENERIC_ENTITY,21,"[ENTITY] ist absolut Spitze! Ich habe einiges durch seine Videos lernen können, hat es mega drauf!!",0,0,keine Hassrede,0.8840376138687134
HASOC,PER_ORG_LOC_GENERIC_ENTITY,22,Ungebeten1 Einen wunderschönen Guten Morgen wünsche ich Dir - trotz Arbeit . Heißen die Weihnachtsmärkte jetzt nicht Jahresendmärkte?,0,0,keine Hassrede,0.9974163174629211
HASOC,PER_ORG_LOC_GENERIC_ENTITY,23,Nach suboptimalem Fahrverhalten zweier Autofahrer in [ENTITY] und [ENTITY] wurden ihre hochwertigen Fahrzeuge und die Führerscheine sichergestellt.,0,0,keine Hassrede,0.9006913900375366
HASOC,PER_ORG_LOC_GENERIC_ENTITY,24,da würden noch soviele Fressen mehr rein passen! aber leider platz mangel,1,0,keine Hassrede,0.9245628714561462
HASOC,PER_ORG_LOC_GENERIC_ENTITY,25,"Contra-Mag.:Washingtons Sucht nach Krieg durchbrechen: [ENTITY] ist in einem ständigen Zustand des [ENTITY]. Die Frage, wie man mit den globalen Herausforderungen umgehen soll, scheint immer mit der gleichen Antwort beantwortet zu werden:…",0,1,Hassrede,0.6189978718757629
HASOC,PER_ORG_LOC_GENERIC_ENTITY,26,"XYEinzelfall tantegerd1 Ein Vater kann seinen [ENTITY] nicht kidnappen! Wenn schon dann wurde er wegen Entzug der Sorge,verurteilt!",0,0,keine Hassrede,0.9343646168708801
HASOC,PER_ORG_LOC_GENERIC_ENTITY,27,"Nochmals zum [ENTITY]: Wer stellt Strafanzeige gegen [ENTITY] und SZ? Beachte: Die angesprochenen Medien haben offen zugegeben, dass sie wussten, dass es sich 'um eine Falle handelte'. (§ 201a StGB) strache ibizavideo",0,0,keine Hassrede,0.7461118102073669
HASOC,PER_ORG_LOC_GENERIC_ENTITY,28,+++ Brexit-Nachrichtenüberblick +++: Ökonom Sinn warnt vor harter Haltung gegenüber [ENTITY],0,0,keine Hassrede,0.8974491357803345
HASOC,PER_ORG_LOC_GENERIC_ENTITY,29,"Ich finde es nach wie vor wider die Natur und nehme mir die Freiheit heraus, dies zu sagen. Man kann mich dafür hassen, aber das ist meine Meinung.",0,0,keine Hassrede,0.979499340057373
HASOC,PER_ORG_LOC_GENERIC_ENTITY,30,"VenomStrike3 [ENTITY] AfD Abgesehen vom schleichenden Verlust der nationalen Identität und Kultur haben wir mit vielen Einwanderergruppen auch kaum Probleme. Es gibt aber ein spezifisches Problem mit Einwanderung aus islamischen Ländern, siehe [ENTITY] Buch. Viele Muslime wollen sich gar nicht ändern.",1,0,keine Hassrede,0.9038668870925903
HASOC,PER_ORG_LOC_GENERIC_ENTITY,31,Na sowas? Dalai Lama verbreitet AfD-Ansichten und bekommt für seine 'fremdenfeindlichen' und 'rassistischen' Aussagen auch noch Beifall!,0,1,Hassrede,0.984550416469574
HASOC,PER_ORG_LOC_GENERIC_ENTITY,32,"[ENTITY] wählt, bekommt NsDAP",0,0,keine Hassrede,0.9460633993148804
HASOC,PER_ORG_LOC_GENERIC_ENTITY,33,"Vorwurf: „faktisches Einreiseverbot für viele ältere Fachkräfte“. Tatsache: wir wollen keine Einwanderung in Sozialsysteme. Also sollen nur diejenigen einwandern, die eine eigenständige Altersversorgung aufbauen können. Halte ich unter dem Strich für richtig einwanderungsgesetz",0,0,keine Hassrede,0.6554346680641174
HASOC,PER_ORG_LOC_GENERIC_ENTITY,34,"[ENTITY] Experten nun Endlich nach [ENTITY] hatte der [ENTITY] aus Sicherheitsgründen den Zugang verwehrt! Problem : Das Kampfgas ist sehr flüchtig,und soll nach 7 Tagen,nicht mehr nachzuweisen zu sein! Nun wer das Normal findet,der kann nur ein Troll sein!",0,0,keine Hassrede,0.7913399934768677
HASOC,PER_ORG_LOC_GENERIC_ENTITY,35,[ENTITY] (54) wird durch Messerstich schwer verletzt - 17-Jähriger in Haft. Täter ein 17 Jahre alter syrischer Staatsangehöriger,0,0,keine Hassrede,0.5606351494789124
HASOC,PER_ORG_LOC_GENERIC_ENTITY,36,"Jetzt beginnt wieder diese Jahreszeit, in der man dauernd fremder Leute Tätowierungen ansehen muss.",0,0,keine Hassrede,0.8795040845870972
HASOC,PER_ORG_LOC_GENERIC_ENTITY,37,"[ENTITY] akk Unmöglich, das wären dann 'Nazimethoden' ;)",0,0,keine Hassrede,0.5889720916748047
HASOC,PER_ORG_LOC_GENERIC_ENTITY,38,"...es ist nur noch lächerlich...! Die [ENTITY] gibt es seit 6 Jahren und sie hat seit dem KEIN Rentenkonzept...! ...dafür die höchste Kriminalitätsquote aller Abgeordneten, eine Spendenaffäre und ein Prüffall beim Verfassungsschutz ist sie auch...!",0,0,keine Hassrede,0.8066586852073669
HASOC,PER_ORG_LOC_GENERIC_ENTITY,39,"Wir sind das einzige Land, in dem nun nachgewiesen gelenkte Staatspropaganda gegen die eigenen Bürger auch noch von selbigen selbst bezahlt werden müssen! [ENTITY] sofort abschaffen! [ENTITY]",0,1,Hassrede,0.9363173246383667
HASOC,PER_ORG_LOC_GENERIC_ENTITY,40,"[ENTITY] schlägt vor, illegale Einwanderer nur in Städten von [ENTITY] regiert unterzubringen, da [ENTITY] Abschiebungen Illegaler blockieren. Tolle Idee, sollte man auch hier anwenden.",0,0,keine Hassrede,0.7251503467559814
HASOC,PER_ORG_LOC_GENERIC_ENTITY,41,"Früher warst du 30 Jahre eingesperrt. Oder du hast dein eigenes Leben riskiert, für die Idee Freiheit und Demokratie. Heute reicht Schulschwänzen gegen den Klimawandel für den Friedensnobelpreis. Den Preis kann man schon vergessen.",0,0,keine Hassrede,0.9306539297103882
HASOC,PER_ORG_LOC_GENERIC_ENTITY,42,"MMNews: [ENTITY], [ENTITY]: AfD Bedrohung für [ENTITY]: Die Ministerpräsidenten von [ENTITY] und [ENTITY] warnen in einem gemeinsamen Interview vor einem weiteren Erstarken der Rechtspopulisten. [ENTITY]...",0,1,Hassrede,0.712300181388855
HASOC,PER_ORG_LOC_GENERIC_ENTITY,43,[ENTITY],0,0,keine Hassrede,0.9478079080581665
HASOC,PER_ORG_LOC_GENERIC_ENTITY,44,"Wer weite Teile der [ENTITY], Flüchtlingshelfer, Seenotretter, FridaysForFuture, YouTuber - diffamiert, der hat wirklich gar nichts verstanden. KonstantinNotz on fire bei der Debatte zum Migrationspaket",0,0,keine Hassrede,0.8600484728813171
HASOC,PER_ORG_LOC_GENERIC_ENTITY,45,[ENTITY] schon traurig wenn man nicht mal mehr im eigenen land sicher ist.,0,0,keine Hassrede,0.6185854077339172
HASOC,PER_ORG_LOC_GENERIC_ENTITY,46,"[ENTITY]: „Tatsachen schafft man nicht dadurch aus der Welt, dass man sie ignoriert!'",0,0,keine Hassrede,0.9891865253448486
HASOC,PER_ORG_LOC_GENERIC_ENTITY,47,[ENTITY] über die Ursachen des Zweiten Weltkrieges,0,0,keine Hassrede,0.6336166262626648
HASOC,PER_ORG_LOC_GENERIC_ENTITY,48,[ENTITY],0,0,keine Hassrede,0.9478079080581665
HASOC,PER_ORG_LOC_GENERIC_ENTITY,49,Die Strafanzeige der [ENTITY] zu einem nächtlichen Einsatz in [ENTITY] umfasst inzwischen einige Seiten.Nachbarn hatten sich wegen Ruhestörung beschwert.Die Polizei rückte schließlich mit 20 Beamten an und legte einen ZDF-Reporter in Handschellen.,0,0,keine Hassrede,0.5050600171089172
HASOC,PER_ORG_LOC_GENERIC_ENTITY,50,Gut wenn die Erfinder dieser Lügen Geschichte bestraft werden! FAKENEWS,0,0,keine Hassrede,0.729553759098053
HASOC,PER_ORG_LOC_GENERIC_ENTITY,51,"Ungebeten1 Moin, wünsche dir trotzdem einen schönen Tag!",0,0,keine Hassrede,0.9969764351844788
HASOC,PER_ORG_LOC_GENERIC_ENTITY,52,"Teilen! Mindestens 80 Millionen mal! Bis auch der letzte Nachtwächter versteht, was hier abgeht!",0,0,keine Hassrede,0.5846774578094482
HASOC,PER_ORG_LOC_GENERIC_ENTITY,53,[ENTITY]: Polizei schießt Attentäter am [ENTITY] an – Dann sprengt er sich in die Luft,0,0,keine Hassrede,0.6949852705001831
HASOC,PER_ORG_LOC_GENERIC_ENTITY,54,"[ENTITY] 9 Jahre alt, [ENTITY] 11 Jahre alt und [ENTITY] wird 8 Jahre vorsichtig die drei sind traumatisiert Am 24.April drang dieses Trio in ein Mehrfamilienhaus in der [ENTITY] in [ENTITY] ein In der Wohnung durchsuchten sie mehrereSchränke und klautenSchmuck",0,0,keine Hassrede,0.6658444404602051
HASOC,PER_ORG_LOC_GENERIC_ENTITY,55,"Kennt ihr noch das Buch 'die Welle'? Die Gutmenschen merken gar nicht, dass sie in ihrer hysterischen Jagd auf AfDler Hauptakteure im größten Manipulation-der-Massen-Experiment der Nachkriegszeit sind.",0,1,Hassrede,0.8528873324394226
HASOC,PER_ORG_LOC_GENERIC_ENTITY,56,"[ENTITY], anscheinend wieder angetrunken, wird zur Gefahr für sich und seine Umgebung.",0,0,keine Hassrede,0.6162551641464233
HASOC,PER_ORG_LOC_GENERIC_ENTITY,57,Ralf64904117 Das sind [ENTITY] im MedienVerkehr. ;),0,0,keine Hassrede,0.8964627981185913
HASOC,PER_ORG_LOC_GENERIC_ENTITY,58,Artikel vom 9.4.2019 'Täglich werden in [ENTITY] drei Gotteshäuser Opfer von Vandalismus. Von der [ENTITY] wurden die Vorfälle lange nicht an die große Glocke gehängt – jetzt finden sie größere Aufmerksamkeit. ',0,1,Hassrede,0.5295151472091675
HASOC,PER_ORG_LOC_GENERIC_ENTITY,59,"Dieser ganze EuropaistdieAntwort Kram klingt schlimmer als eine Sekte und hat überhaupt nichts mit [ENTITY] zu tun, sondern mit einem EU-'Sozialismus'Monster, indem indigene [ENTITY] ihre Kultur+Identität+Wohlstand aufgeben sollen.",0,0,keine Hassrede,0.9922058582305908
HASOC,PER_ORG_LOC_GENERIC_ENTITY,60,gute Versicherung wird immer wichtiger in [ENTITY],0,0,keine Hassrede,0.941142201423645
HASOC,PER_ORG_LOC_GENERIC_ENTITY,61,"Wenn Koran, Scharia und Hadithe sowie die 800 Kriegszüge &amp; [ENTITY] nicht mit [ENTITY] Botschaft vereinbar sind - dann sind selbige Einschränkungen/Vorschriften (Viel-/Kinderehe, Frauenrechte) nicht mit unserer säkularen [ENTITY] vereinbar.",0,0,keine Hassrede,0.611223578453064
HASOC,PER_ORG_LOC_GENERIC_ENTITY,62,Ralf64904117 Hat die überhaupt ein anerkanntes Hochseepatent. Ansonsten frage ich ob [ENTITY] wie 'Kapitän' [ENTITY] sind?,0,0,keine Hassrede,0.5126946568489075
HASOC,PER_ORG_LOC_GENERIC_ENTITY,63,[ENTITY] geht es Bergauf mit den Deutschen,0,0,keine Hassrede,0.9734946489334106
HASOC,PER_ORG_LOC_GENERIC_ENTITY,64,"2 Hammer Schlagzeilen auf der Hälfte der B-Zeitung! [ENTITY] Kommt [ENTITY] eigentlich noch klar? Liebe fleißigen Deutschen Staatsbürger,habt IHR dafür jahrzehnte geackert/gebuckelt um so als Rentner abgespeist zu werden? SO VIEL [ENTITY] GIBT’S NICHT DASS [ENTITY] ALLE [ENTITY]",0,0,keine Hassrede,0.6945950984954834
HASOC,PER_ORG_LOC_GENERIC_ENTITY,65,[ENTITY],0,0,keine Hassrede,0.947808027267456
HASOC,PER_ORG_LOC_GENERIC_ENTITY,66,[ENTITY] COHN-BENDIT - [ENTITY] [ENTITY] im INTERVIEW Mitschnitt mit Untertiteln von einem Video des heutigen [ENTITY] Abgeordneten der [ENTITY].,1,0,keine Hassrede,0.7406870126724243
HASOC,PER_ORG_LOC_GENERIC_ENTITY,67,Uwe_Junge_MdL WilhelmTell77 Er soll bitte wieder in [ENTITY] demonstrieren,0,0,keine Hassrede,0.8024091124534607
HASOC,PER_ORG_LOC_GENERIC_ENTITY,68,Das ist der Brüller des Monats.. 05.06.19 Satire kann unser Finanzminister,0,1,Hassrede,0.7247735857963562
HASOC,PER_ORG_LOC_GENERIC_ENTITY,69,[ENTITY] verschiebt offenbar [ENTITY] zur Rente AfD Rente,0,0,keine Hassrede,0.7689829468727112
HASOC,PER_ORG_LOC_GENERIC_ENTITY,70,[ENTITY] akk Sie würde Andersdenkende gerne verfolgen und einschüchtern lassen.,0,1,Hassrede,0.8011820912361145
HASOC,PER_ORG_LOC_GENERIC_ENTITY,71,"WOW!!! Fahrradständer als Klimaschutzprojekt... was für eine völlig neue Idee, endlich gibt es Fahrradständer an Schulen... das ich das noch erleben darf... DANKE GRETA!!!!",0,0,keine Hassrede,0.9334344863891602
HASOC,PER_ORG_LOC_GENERIC_ENTITY,72,sehr richtig und gut gesagt!! und viele doofmichels begreifen das nicht mal!!,1,0,keine Hassrede,0.8249691128730774
HASOC,PER_ORG_LOC_GENERIC_ENTITY,73,von [ENTITY] – An die “Europawähler”,0,0,keine Hassrede,0.6701555848121643
HASOC,PER_ORG_LOC_GENERIC_ENTITY,74,"[ENTITY]: [ENTITY] und [ENTITY] knacken 2018 zahlreiche Automaten bei Auto-Waschanlagen und Tankstellen, anhand dort gefundener DNA kommt heraus, dass der [ENTITY] auch für Vergewaltigung einer Frau in [ENTITY] in der Silvesternacht 2012 verantwortlich ist",0,1,Hassrede,0.6868727207183838
HASOC,PER_ORG_LOC_GENERIC_ENTITY,75,[ENTITY] im Krieg gedient! Großvater im Krieg gedient! Vater und Schwiegervater im Krieg gedient. Teilweise viele Jahre in Gefangenschaft. Für was?! [ENTITY]...: ⁦Mundaufmachen⁩ ⁦AfD⁩ UnserLandUnsereKultur,0,1,Hassrede,0.5230239629745483
HASOC,PER_ORG_LOC_GENERIC_ENTITY,76,"Hartes_Geld Du behinderter Hurensohn. Wäre das ein „nobler Patriot“ gewesen, hättest du deine minderwertige Stimme wegen des [ENTITY] so repressiven Staatrs erhoben. [ENTITY].",1,1,Hassrede,0.7109372019767761
HASOC,PER_ORG_LOC_GENERIC_ENTITY,77,Die bayerische AfD-Fraktionsvorsitzende [ENTITY] hat Faschingskostüme mit Fraktionsgeldern bezahlt.,0,1,Hassrede,0.5514339208602905
HASOC,PER_ORG_LOC_GENERIC_ENTITY,78,Senioren beleidigen junge Kopftuchträgerinnen – Festnahme na geht doch! endlich mal Eier in der Hose die Polizei ach moment ich dachte andersrum aber so mag man es ja eher im versifften [ENTITY] da kam die mutige Polizei zu der Oma und ab ging die [ENTITY] mit der räächten,0,0,keine Hassrede,0.6075169444084167
HASOC,PER_ORG_LOC_GENERIC_ENTITY,79,"Hartes_Geld Was solche verstandsbefreite, bildungsferne Vollpfosten hervorbringt, ist die Tatsache das wir schwerst [ENTITY] nicht mehr in die geschlossene Psychiatrie einweisen, wie es sich gehört, sondern diese ein 24/7 Freilauf haben.",1,1,Hassrede,0.7307065725326538
HASOC,PER_ORG_LOC_GENERIC_ENTITY,80,[ENTITY] Sprachunterricht für Migranten. Ist raus geworfenes Geld.,0,0,keine Hassrede,0.9646177291870117
HASOC,PER_ORG_LOC_GENERIC_ENTITY,81,Ungebeten1 ichbinkoelnerin [ENTITY] grüne,0,0,keine Hassrede,0.9849828481674194
HASOC,PER_ORG_LOC_GENERIC_ENTITY,82,[ENTITY] ichbinkoelnerin [ENTITY] 66Norweger66 burger_ein RolandTichy [ENTITY] Lebensformation 4Kolner GudrunBecker11 [ENTITY],0,0,keine Hassrede,0.727081835269928
HASOC,PER_ORG_LOC_GENERIC_ENTITY,83,"Kurzkommentar manu_mie Ralf_Stegner Bei uns in [ENTITY] wird der Hehler höher bestraft als der Täter! Es ist wohl völlig egal,wer die Chemiewaffen eingesetzt hat! Wäre [ENTITY] schon beim ersten Chemieeinsatz bereit gewesen,eine Warnung von der [ENTITY] zu unterzeichnen,würden viele noch leben!",1,0,keine Hassrede,0.7965935468673706
HASOC,PER_ORG_LOC_GENERIC_ENTITY,84,Die HHBombe in [ENTITY] ist erfolgreich entschärft. Herzlichen Dank an unseren Kampfmittelräumdienst [ENTITY],0,0,keine Hassrede,0.8808375597000122
HASOC,PER_ORG_LOC_GENERIC_ENTITY,85,"Altes Sprichwort: Hast du die einmal im Haus, bekommst du die nie wieder raus. Deshalb immer Achtung vor getarnten [ENTITY]; [ENTITY]. [ENTITY] kann man auch gegen [ENTITY] ersetzen. Der [ENTITY], alias [ENTITY], [ENTITY], [ENTITY]",1,0,keine Hassrede,0.5875009298324585
HASOC,PER_ORG_LOC_GENERIC_ENTITY,86,"Nicht gleich 'den Bettel hinschmeißen' – Bettel, bedeutet [ENTITY]. Und diese Einstellung ist das einzige Problem was dieses Land hat. [ENTITY], [ENTITY] (R.I.P.) müssen schon wieder im Grab umgedreht werden. Der [ENTITY] merkelmussweg",1,0,keine Hassrede,0.9502571225166321
HASOC,PER_ORG_LOC_GENERIC_ENTITY,87,"'Passanten entdecken einen 13j Jungen im Bereich der Stephansschule in der [ENTITY] in [ENTITY]. Das Kind ist aufgehängt worden! Die Wiederbelegung gelingt, der Junge kommt schwer verletzt in eine Klinik. Noch ist unklar, ob er überleben wird.'",0,0,keine Hassrede,0.6756357550621033
HASOC,PER_ORG_LOC_GENERIC_ENTITY,88,[ENTITY],0,0,keine Hassrede,0.9478079080581665
HASOC,PER_ORG_LOC_GENERIC_ENTITY,89,"Ich mag [ENTITY]. Denn der liebt die Umwelt, fährt mit dem Zug, teils sogar mit sauberem Ökostrom auf die Leute zu, während die meisten [ENTITY] immer fortfahrend das Umfeld verpesten. Und besser reiten kann er auch. Der eklige grüne EkelWilfred",1,0,keine Hassrede,0.8715528845787048
HASOC,PER_ORG_LOC_GENERIC_ENTITY,90,[ENTITY],0,0,keine Hassrede,0.9478079080581665
HASOC,PER_ORG_LOC_GENERIC_ENTITY,91,"[ENTITY] ist eine journalistische Null, die jedes Mal über das Systemstöckchen springt, wenn sie auf Sendung geht. Kritisch, investigativ!? Nein, aber dafür manipulative, polarisierend",0,0,keine Hassrede,0.8318620920181274
HASOC,PER_ORG_LOC_GENERIC_ENTITY,92,Hartes_Geld Beim nächsten [ENTITY] hat wieder keiner was gewußt.,0,0,keine Hassrede,0.6721171736717224
HASOC,PER_ORG_LOC_GENERIC_ENTITY,93,"[ENTITY] Darf man als Deutscher höflich die Frage stellen? Könnte es sein, daß viele Richter bestochen bzw. befangen sind???",0,0,keine Hassrede,0.9638269543647766
HASOC,PER_ORG_LOC_GENERIC_ENTITY,94,"Zweimal vier gibt zwei runden Bier. Oder doppelt hält besser. Der [ENTITY], alias das [ENTITY], [ENTITY] von der [ENTITY], [ENTITY] &amp; [ENTITY]",1,0,keine Hassrede,0.8584520220756531
HASOC,PER_ORG_LOC_GENERIC_ENTITY,95,"Schädigung [ENTITY] als Kanzler-Richtlinie? Das Gesetz zur Fachkräfteeinwanderung gibt vor, einen Fachkräftemangel beheben zu wollen; tatsächlich ist es ein Freifahrtschein für alle, die nach [ENTITY] wollen: v.a. für außereuropäische Zuwanderer!",0,0,keine Hassrede,0.9116268157958984
HASOC,PER_ORG_LOC_GENERIC_ENTITY,96,Migrationist [ENTITY]: “Jubel über seinen Tod ?”,0,0,keine Hassrede,0.8690716624259949
HASOC,PER_ORG_LOC_GENERIC_ENTITY,97,“[ENTITY] wählen zwischen Leben und Tod bei der [ENTITY]”,0,0,keine Hassrede,0.8175857067108154
HASOC,PER_ORG_LOC_GENERIC_ENTITY,98,"Frauen/Mädchen dürfen im Gegensatz zu Männern keine Hosen bei Gymnastikwettkämpfen anziehen. Kommentar eines Trainers dazu: Frauen haben schöne Körper, das darf man auch sehen. [ENTITY]’s no?",0,0,keine Hassrede,0.9602411985397339
HASOC,PER_ORG_LOC_GENERIC_ENTITY,99,"[ENTITY], 158 cm klein! [ENTITY] hat den [ENTITY] öffnen lassen und war enttäuscht, [ENTITY] war ein Zwerg,war nicht [ENTITY] und hinkte(war [ENTITY]) Phoenix history",0,0,keine Hassrede,0.7362975478172302
HASOC,PER_ORG_LOC_GENERIC_ENTITY,100,"Stromkosten für 100 km im [ENTITY]: 10,49 Euro. Dieselkosten für 100 km im Audi Q5: 8,13 Euro. :) elektroauto",0,0,keine Hassrede,0.7779701948165894
HASOC,PER_ORG_LOC_GENERIC_ENTITY,101,"Heute ist Tag der Erhaltung der Artenvielfalt. Bessermenschen freuen sich über jede einzelne Art und wollen auch jede einzelne schützen. Es sei denn, du bist autochoner [ENTITY] eines Nationalstaates. Die sollen nämlich draufgehen zugunsten [ENTITY]. [ENTITY]",0,0,keine Hassrede,0.9937089085578918
HASOC,PER_ORG_LOC_GENERIC_ENTITY,102,Noch eine neue Steuer: Eine CO2-Abgabe für jeden Lebensbereich soll die Bürger Milliarden kosten. Die höchsten Strompreise reichen noch nicht. Übrigens: Die [ENTITY] machen nicht mit.,0,0,keine Hassrede,0.7137703895568848
HASOC,PER_ORG_LOC_GENERIC_ENTITY,103,.......'niemand hat die Absicht eine Mauer zu bauen'......! Afd,0,0,keine Hassrede,0.9298035502433777
HASOC,PER_ORG_LOC_GENERIC_ENTITY,104,Der NO2-Jahresmittel-Grenzwert für die Außenluft beträgt 40 µg/m3. Eine Zigarette hat 1.200.000 µg. IchfahrDieselTagundNacht,0,0,keine Hassrede,0.8255873322486877
HASOC,PER_ORG_LOC_GENERIC_ENTITY,105,"gleich mit [ENTITY] Um so größer das Verbrechen , um so größer ihr Wert ! Da weiß man doch gleich in welchem Irrenhaus man gelandet ist . . . !",1,0,keine Hassrede,0.649692177772522
HASOC,PER_ORG_LOC_GENERIC_ENTITY,106,"Compact: [ENTITY] schlägt 13 bei [ENTITY] – [ENTITY] vom 12. Juni: Unser Kolumnist [ENTITY] macht sich gut als [ENTITY] von [ENTITY] und liest der [ENTITY], hilft beim [ENTITY] nach[ENTITY]",0,0,keine Hassrede,0.7947705388069153
HASOC,PER_ORG_LOC_GENERIC_ENTITY,107,"Die österreichischen [ENTITY] werden heute eine rot-blaue Koalition mit der [ENTITY] eingehen, um die schwarze Übergangsregierung zu stürzen. (Im September ist eh Neuwahl)",0,0,keine Hassrede,0.8510883450508118
HASOC,PER_ORG_LOC_GENERIC_ENTITY,108,T100007140969 Nicht nur. Die meisten sind [ENTITY].,0,0,keine Hassrede,0.9665257930755615
HASOC,PER_ORG_LOC_GENERIC_ENTITY,109,"Es geht doch nichts über Europäische Medien! Die Feuerwehr ist zwar noch nicht zum Brand durchgedrungen, trotzdem posaunen Medien, dass Bauarbeiten ursächlich wären. Respekt! NotreDame",0,0,keine Hassrede,0.9971693754196167
HASOC,PER_ORG_LOC_GENERIC_ENTITY,110,[ENTITY],0,0,keine Hassrede,0.9478079080581665
HASOC,PER_ORG_LOC_GENERIC_ENTITY,111,"Ich 'oute' mich mal: Bin 'Sexist': Ja, mir gefallen schöne Frauen! Bin 'Rassist': Ja, mir werden die Moslems hier langsam zu viel (und zu fordernd). [ENTITY]': Ja, ich fahre schnelle Autos, liebe Motorboote und fliege oft! Kurz: Bin 'Arschloch' und wohl 'Nazi'. :)",1,1,Hassrede,0.8725788593292236
HASOC,PER_ORG_LOC_GENERIC_ENTITY,112,"Im besten D aller Zeiten: Schläge, Spucken, Regeln brechen - [ENTITY] setzt Sicherheitsdienste in Freibädern ein. Schon Kinder ab zehn Jahren fallen mit respektlosem Verhalten auf. Für Angestellte gibt es nun Schulungen - etwa Kurse im Umgang mit Gästen mit Migrationshintergrund",0,0,keine Hassrede,0.5514311790466309
HASOC,PER_ORG_LOC_GENERIC_ENTITY,113,Was glaubt ihr ? Könnte die [ENTITY] mit [ENTITY] und [ENTITY] als Doppelspitze zu neuen Höhen aufsteigen ?,0,0,keine Hassrede,0.9173623919487
HASOC,PER_ORG_LOC_GENERIC_ENTITY,114,"Ich kann nicht an meiner Haltestelle aussteigen, weil mein Rock in der [ENTITY] auf der gegenüberliegenden Seite eingeklemmt ist und jetzt muss ich so lange weiterfahren bis eine Haltestelle kommt, die auf der Seite liegt, keine Ahnung, wann das ist und wie gehts euch so?",0,0,keine Hassrede,0.8010741472244263
HASOC,PER_ORG_LOC_GENERIC_ENTITY,115,Uwe_Junge_MdL [ENTITY] u.[ENTITY] werden nur überleben wenn sie sich reformieren und nach Rechts rutschen und das Asyl und Aufenthaltsrecht drastisch verschärfen und die Massenmigration stoppen!,0,0,keine Hassrede,0.660126268863678
HASOC,PER_ORG_LOC_GENERIC_ENTITY,116,"[ENTITY] immer, rückwärts nimmer!",0,0,keine Hassrede,0.727942168712616
HASOC,PER_ORG_LOC_GENERIC_ENTITY,117,ich bin och für Gleichberechtigung,0,0,keine Hassrede,0.9953795075416565
HASOC,PER_ORG_LOC_GENERIC_ENTITY,118,[ENTITY] in [ENTITY] jetzt Nummer 1. Die Wahlen im Herbst werden das politische Gefüge in ganz erschüttern und vllt. auch die [ENTITY] sprengen. Ich freue mich drauf!,0,0,keine Hassrede,0.8977543711662292
HASOC,PER_ORG_LOC_GENERIC_ENTITY,119,"[ENTITY] sind heutzutage gut ausgebildete Fachkräfte,die den derzeitigen Fachkräftemangel aufhalten!Durch Ihre Einstellung zur Familie,sind Sie Prädestiniert, Führungsaufgaben zu erfüllen! Sie kommen,wenn überhaupt, dem Wunsch des Kinderkriegen nach und ..",0,0,keine Hassrede,0.8288851976394653
HASOC,PER_ORG_LOC_GENERIC_ENTITY,120,[ENTITY]: „Das Ergebnis der [ENTITY] ist irrelevant“,0,0,keine Hassrede,0.8857334852218628
HASOC,PER_ORG_LOC_GENERIC_ENTITY,121,Bau einer E-Auto-Batterie erzeugt 17 Tonnen CO2 FridayForFuture Die_Gruenen,0,0,keine Hassrede,0.9188574552536011
HASOC,PER_ORG_LOC_GENERIC_ENTITY,122,Ungebeten1 StoergroesseM 0Siegfried Twitter Anani ist irgendwas mit mutter und [ENTITY] mit ficken. Aber so gut ist mein türkisch auch wieder nicht.,1,0,keine Hassrede,0.9704353213310242
HASOC,PER_ORG_LOC_GENERIC_ENTITY,123,Laut BILD-Zeitung will eine Gruppe von [ENTITY] aus [ENTITY] den Rechtspopulisten [ENTITY] als Parteivorsitzenden. Der traditionell eher linksstehende Landesverband weiß davon nix. Auch die [ENTITY] nennt keine Mitglieder. /TN BayernSPD,0,0,keine Hassrede,0.6540480852127075
HASOC,PER_ORG_LOC_GENERIC_ENTITY,124,Das ist [ENTITY]. [ENTITY] ist Istanbul-Terrorist und Mehrfachmörder. Früher war [ENTITY] Flüchtling in [ENTITY]. NurSo,1,0,keine Hassrede,0.9925446510314941
HASOC,PER_ORG_LOC_GENERIC_ENTITY,125,Was davon in unseren Medien gehört?,0,0,keine Hassrede,0.7586954236030579
HASOC,PER_ORG_LOC_GENERIC_ENTITY,126,Im Jahr des Dolches 2017 gab es in [ENTITY] schon über 1.600 Messerattacken in nur 5 Monaten JahrdesDolches,0,1,Hassrede,0.6306814551353455
HASOC,PER_ORG_LOC_GENERIC_ENTITY,127,"Allein,diese Fertigstellung einer Flüchtlingsaufnahmestelle in [ENTITY] bis 2022 beweist, dass es sich um geplante Aktionen, die nicht zurück geschraubt werden, handelt Es ist kein Zufall Es ist Plan [ENTITY] und [ENTITY] zu zerstören Wacht endlich auf Wählt blau",0,0,keine Hassrede,0.7706066370010376
HASOC,PER_ORG_LOC_GENERIC_ENTITY,128,Ungebeten1 CDU-Senilioren ...,0,0,keine Hassrede,0.9733949303627014
HASOC,PER_ORG_LOC_GENERIC_ENTITY,129,[ENTITY] Wahlempfehlung zur EU-Wahl,0,0,keine Hassrede,0.9810250401496887
HASOC,PER_ORG_LOC_GENERIC_ENTITY,130,"Der Wahlomat zur Europawahl2019 wurde abgeschaltet. Das Verwaltungsgericht 'sieht die Chancengleichheit kleiner Parteien verletzt', weil nur maximal acht Parteien zum Vergleichen ausgewählt werden können.",0,0,keine Hassrede,0.6586666107177734
HASOC,PER_ORG_LOC_GENERIC_ENTITY,131,Tolle Aussichten...[ENTITY] ist ja immer Vorbild für [ENTITY],0,0,keine Hassrede,0.9630535244941711
HASOC,PER_ORG_LOC_GENERIC_ENTITY,132,"[ENTITY]: Uwe_Junge_MdL wirft [ENTITY] vor, Wohnungen einst verschleudert zu haben. Antwort des FM_RLP auf Anfrage der [ENTITY] zeigt: [ENTITY] verkaufte 1998 Anteil an Heimstätte [ENTITY] (30,27 Prozent) mit Bestand von rund 20.600 Wohnungen für 116,5 Millionen Mark.",0,1,Hassrede,0.7367655634880066
HASOC,PER_ORG_LOC_GENERIC_ENTITY,133,"[ENTITY] : [ENTITY] mit dem ... Äh, was?",0,0,keine Hassrede,0.786624014377594
HASOC,PER_ORG_LOC_GENERIC_ENTITY,134,"Ja,schon seit Jahren! Ich muß dran denken,das Sie jeden Frühling wiederkommen und die Türen zum Wohnbereich schließen,sonst nehmen Sie das ganze Haus in Beschlag!",0,0,keine Hassrede,0.5276499390602112
HASOC,PER_ORG_LOC_GENERIC_ENTITY,135,Tim: [ENTITY] Beispiel! [ENTITY]! So wird getäuscht!,0,0,keine Hassrede,0.7814236879348755
HASOC,PER_ORG_LOC_GENERIC_ENTITY,136,"[ENTITY] verbreitende Internetplattformen wie t-online schäumen, weil AfD-Politiker nach [ENTITY] reisen! 'Der Besuch soll offenbar dazu dienen, das Bild eines [ENTITY] zu verbreiten, in dem das Leben bereits wieder seinen normalen Gang geht.",0,0,keine Hassrede,0.7574086785316467
HASOC,PER_ORG_LOC_GENERIC_ENTITY,137,"Danke * des Südens, vom [ENTITY].",0,0,keine Hassrede,0.9975842237472534
HASOC,PER_ORG_LOC_GENERIC_ENTITY,138,"Vor der [ENTITY] (Jura!). 'Isch, misch, Digger' Gelabere von schmieriger Klientel, die eher in Döner-Laden+unseriöse [ENTITY] statt an die [ENTITY] gehört. Danke an die wahnsinnigen Bessermenschen, die Gesamtschul-Abi+massives Runterfahren unserer Schuldbildung ermöglichten!",1,1,Hassrede,0.96676105260849
HASOC,PER_ORG_LOC_GENERIC_ENTITY,139,"Ungebeten1 Naja, für mich sind [ENTITY] tatsächlich Ausdruck deutscher bürgerlicher Spießigkeit die sich als Weltoffenheit tarnt. Die Engstirnigkeit und Regulierungswut für alles passt auch.",0,0,keine Hassrede,0.957330584526062
HASOC,PER_ORG_LOC_GENERIC_ENTITY,140,Tataa! AfD ist stärkste Partei im Osten. [ENTITY] Vorzeichen für die diesjährigen Wahlen. Schock für die Altparteien - Hoffnung für das Vaterland,0,0,keine Hassrede,0.5937854647636414
HASOC,PER_ORG_LOC_GENERIC_ENTITY,141,[ENTITY] verurteilt Antifa-Pranger an der [ENTITY]! Verkehrte Welt! Die Gewaltbereiten warnen vor den Andersdenkende! via junge_freiheit,0,1,Hassrede,0.9333222508430481
HASOC,PER_ORG_LOC_GENERIC_ENTITY,142,Uwe_Junge_MdL ChristianMars84 Der Wind dreht sich ...,0,0,keine Hassrede,0.9196767807006836
HASOC,PER_ORG_LOC_GENERIC_ENTITY,143,Nach Wahl in [ENTITY]: 'Das ist das wahre Gesicht': Wut über Grünen-Entscheidung für Links-Regierung,0,1,Hassrede,0.9950886368751526
HASOC,PER_ORG_LOC_GENERIC_ENTITY,144,"2/3 Der Lutscher auf diesem Bild wohnt in [ENTITY] und [ENTITY] in den teuersten Wohngegenden und war wahrscheinlich noch nie in seinem Leben in [ENTITY]....wenn ich da an King abode, den Neubürger mit der sagenhaft großen fresse und 345 Anklagen, denke, dann sollte unbedingt",1,0,keine Hassrede,0.6638791561126709
HASOC,PER_ORG_LOC_GENERIC_ENTITY,145,"FinjaFinte Bei mir haben genau 2 Faktoren dazu geführt, keine Döner mehr zu essen. 1. wurden die Tiere geschächtet, was ich vor meinem Verzicht leider nicht beachtet und bedacht hatte. und 2. Gammelfleischmeldungen zuhauf. Da war mir klar, das alles aus dem [ENTITY] nix mehr für mich ist",0,1,Hassrede,0.5687292814254761
HASOC,PER_ORG_LOC_GENERIC_ENTITY,146,Deutsches Mädchen – Freiheit für [ENTITY],0,0,keine Hassrede,0.9811204075813293
HASOC,PER_ORG_LOC_GENERIC_ENTITY,147,"Ihr habt auch schon mitbekommen, dass nächste Woche Fußball WM ist, oder?",0,0,keine Hassrede,0.7983548045158386
HASOC,PER_ORG_LOC_GENERIC_ENTITY,148,"Vermummte Linksradikale haben in [ENTITY] einen Bus mit Krebspatienten angegriffen. Der Angriff sollte eigentlich Teilnehmern eines Immobilien-Kongresses gelten. Laut Polizei wurde der Bus aus einer Gruppe mit Eiern, Tomaten und Farbbechern beworfen.",0,1,Hassrede,0.8718159198760986
HASOC,PER_ORG_LOC_GENERIC_ENTITY,149,"Tagesschau berichtet über Vergewaltigung und Mord an 8jähriger in [ENTITY], aber nicht über den 'schweren sexuellen Missbrauch' einer 9jährigen heute in [ENTITY]. Vielleicht liegts am mutmaßlichen Täter, einem Mann aus dem [ENTITY]?",0,0,keine Hassrede,0.7722152471542358
HASOC,PER_ORG_LOC_GENERIC_ENTITY,150,"Was beim Messen rauskommen soll, steht vorher fest. Dafür müssen nur die richteigen Messpunkte gefunden werden....",0,0,keine Hassrede,0.7957603335380554
HASOC,PER_ORG_LOC_GENERIC_ENTITY,151,Vor 1-2 Jahren hat sich [ENTITY] hier auf Twitter schon mal als Justizminister bei FeineSahneFischfilet bedankt. Weil es gegen Rechts ging. Seitdem verachte ich die [ENTITY].,0,1,Hassrede,0.7962112426757812
HASOC,PER_ORG_LOC_GENERIC_ENTITY,152,"Zornige Flüchtlinge wurden von der [ENTITY] nicht nach [ENTITY], sondern nach [ENTITY] verfrachtet: 'Wir brauchen kein Essen. Wir brauchen keine Medizin. Wir wollen nach [ENTITY]', skandieren die traumatisierten Familien! [ENTITY]",0,0,keine Hassrede,0.5897809863090515
HASOC,PER_ORG_LOC_GENERIC_ENTITY,153,"[ENTITY]: „Der politische Islam übernimmt [ENTITY]“: [ENTITY] braucht eine radikale Kurswende in seiner Politik gegenüber dem Islam. Das sagt [ENTITY], prominente Frauenrechtlerin und Anwältin. Sonst drohe das Land vom politischen…",1,1,Hassrede,0.7796635031700134
HASOC,PER_ORG_LOC_GENERIC_ENTITY,154,"[ENTITY] Bevölkerung wird sich bis 2050 verdoppeln. Reicht das, um an eine Invasion aus dem Süden zu glauben?! Was helfen könnte, ist endlich Geburtenkontrolle zu fördern! Dafür bräuchten wir Experten, die können sich dann nennen, wie sie wollen! afd",1,0,keine Hassrede,0.8189886808395386
HASOC,PER_ORG_LOC_GENERIC_ENTITY,155,Wer [ENTITY] wählt? Die Wahlhelfer. [ENTITY] werden nicht gewählt. [ENTITY] werden gefälscht. so kommt man locker flockig auf so ein Hoch aber keine Angst nach dem Hoch kommt das nächste Tief,0,0,keine Hassrede,0.9559895992279053
HASOC,PER_ORG_LOC_GENERIC_ENTITY,156,"Kapazitäten im [ENTITY] und zur [ENTITY]: Den Islam gibt es erst seit dem 7. Jahrhundert, aber [ENTITY], der Kommissionspräsident werden will, meint, dass der [ENTITY] seit 2000 Jahre zu [ENTITY] gehört. Keinen stört's, das Publikum klatscht. [ENTITY]",0,0,keine Hassrede,0.9208332896232605
HASOC,PER_ORG_LOC_GENERIC_ENTITY,157,Uwe_Junge_MdL Junge_Freiheit Die Anzahl der Asylanträge ist wesentlich geringer als die Anzahl der Zuwanderer. Man täuscht mit den Asylzahlen über die wahren Zuwandererzahlen hinweg.,0,0,keine Hassrede,0.8579434156417847
HASOC,PER_ORG_LOC_GENERIC_ENTITY,158,Jedem das seine Eine Runde Mitleid? Also ich bin für: 'Nö!',0,0,keine Hassrede,0.9950045943260193
HASOC,PER_ORG_LOC_GENERIC_ENTITY,159,"[ENTITY] Syrer verletzt Schülerin und Student grundlos 'potentiell lebensgefährlich'. Keiner hilft, alle rennen weg. [ENTITY] spritzt auf Hose eines Passanten. Dieser droht dem Opfer mit Anzeige wegen Sachbeschädigung. Polizei lässt [ENTITY] laufen.",0,1,Hassrede,0.542590856552124
HASOC,PER_ORG_LOC_GENERIC_ENTITY,160,"Hartes_Geld ABSCHIEBEN DIESES [ENTITY]!!.. UND DANM SAGEN WIR,, [ENTITY],,!!!",1,1,Hassrede,0.7569281458854675
HASOC,PER_ORG_LOC_GENERIC_ENTITY,161,Zeugenaufruf nach Raub in [ENTITY] ([ENTITY]) am 31.05.2019 um 14:00 Uhr. Nach bisherigem Stand der Ermittlungen wurde ein 61-Jähriger in den Rücken getreten und anschließend seiner Geldbörse beraubt. Hinweise bitte an 040 4286 56789,0,1,Hassrede,0.5103338360786438
HASOC,PER_ORG_LOC_GENERIC_ENTITY,162,"Auszug:'„In fünf arabischen Ländern gaben zwischen 31 und 64 Prozent der Männer an, Frauen sexuell belästigt zu haben. 40 bis 60 Prozent der Frauen berichteten von solchen Erfahrungen.“ ' Jetzt auch endlich bei uns. Danke [ENTITY] [ENTITY]",0,0,keine Hassrede,0.5484650135040283
HASOC,PER_ORG_LOC_GENERIC_ENTITY,163,"[ENTITY] hält die jüdisch-christliche Prägung, die Traditionen, Werte &amp; Identität der [ENTITY] u. von [ENTITY] hoch. [ENTITY] Wähler : Kein Priester, kein Bischof , kein Papst hat diese Botschaft so intensiv &amp; emotional gebracht",0,0,keine Hassrede,0.8526445627212524
HASOC,PER_ORG_LOC_GENERIC_ENTITY,164,"Wie [ENTITY] seine Standortvorteile verliert: Infrastruktur, Rechtssicherheit, Zuverlässigkeit und Pünktlichkeit - ein gesamtgesellschaftliches Phänomen einer Schildbürgerpolitik.",0,0,keine Hassrede,0.8971783518791199
HASOC,PER_ORG_LOC_GENERIC_ENTITY,165,'Auch in einer Facebook-Gruppe von Flüchtlingen in [ENTITY] gab es Freudenbekundungen.' NotreDame,0,0,keine Hassrede,0.9826669692993164
HASOC,PER_ORG_LOC_GENERIC_ENTITY,166,"EUDebate Steuergerechtigkeit, Google,Facebook u d anderen,akquirieren durch Ihren Dienst viele Arbeitsplätze und damit zahlen die AN Steuern. Die kleinen haben 3 AN die Sozialen viele 100.000 AN Wenn Sie ohne die Sozialen Netzwerke ,Steuern erhalten wollen",0,0,keine Hassrede,0.881982684135437
HASOC,PER_ORG_LOC_GENERIC_ENTITY,167,“Die Schlacht um Straßburg” hat in [ENTITY] begonnen und könnte für die [ENTITY] in einem “Stalingrad” enden,0,0,keine Hassrede,0.533675491809845
HASOC,PER_ORG_LOC_GENERIC_ENTITY,168,"[ENTITY] verteuert den Strom um 114 %! Bezahlen alle, auch die Ärmsten und Rentner! afdwählen",0,0,keine Hassrede,0.5611474514007568
HASOC,PER_ORG_LOC_GENERIC_ENTITY,169,Hartes_Geld UND [ENTITY] [ENTITY] DIE NAZIS SEIN!!,0,1,Hassrede,0.9935186505317688
HASOC,PER_ORG_LOC_GENERIC_ENTITY,170,Bitte unterstützen Sie die Petition »Keine öffentliche Finanzierung der [ENTITY]«:,0,0,keine Hassrede,0.9069744348526001
HASOC,PER_ORG_LOC_GENERIC_ENTITY,171,Uwe_Junge_MdL,0,0,keine Hassrede,0.8448765873908997
HASOC,PER_ORG_LOC_GENERIC_ENTITY,172,"[ENTITY] BITTE? [ENTITY] verbietet Gründung einer EU-kritischen Fraktion! Am 26. Mai erst Recht sagen, was Sie von der [ENTITY] halten! AfDwählen europaistdieantwort EUdasProblem",0,0,keine Hassrede,0.9742248058319092
HASOC,PER_ORG_LOC_GENERIC_ENTITY,173,[ENTITY] Joe130978 Die leben sowas von vom [ENTITY] Typisch Frankfurt So muss das ! Der selbständige Mittelstand muss gefördert werden,1,0,keine Hassrede,0.7887862324714661
HASOC,PER_ORG_LOC_GENERIC_ENTITY,174,"Eine Partei, in der Mutti seit 2005 jedem den Kopf abgebissen hat, der mehr Charisma als ein Einbahnstraßenschild hat, verfügt naturgemäß über ein riesiges Potential talentierter Nachwuchspolitiker, die jetzt den Laden in Schwung bringen werden. Lassen Sie sich da nix einreden.",0,0,keine Hassrede,0.9662959575653076
HASOC,PER_ORG_LOC_GENERIC_ENTITY,175,"[ENTITY] Der wegen Drogen,Raub und Betrug vorbestrafte [ENTITY] wollte mit seinem Transporter ein paar Polizisten umfahren. Die schossen auf das Fahrzeug, brachten es zum Anhalten. Im Fahrzeug fanden sie Haschisch,Crack,Kokain und [ENTITY]",0,0,keine Hassrede,0.7059232592582703
HASOC,PER_ORG_LOC_GENERIC_ENTITY,176,"Hier mal eine kleine Liste über brennende Kirchen in [ENTITY]. Nur im letzten Jahr. Ohne Anspruch auf Vollständigkeit. Eigenartig viele Kurzschlüsse im 'modernen' [ENTITY], nicht?",0,0,keine Hassrede,0.9667152762413025
HASOC,PER_ORG_LOC_GENERIC_ENTITY,177,Sicherheit im Netz: ProtonMail führt [ENTITY] durch,0,0,keine Hassrede,0.9517279863357544
HASOC,PER_ORG_LOC_GENERIC_ENTITY,178,Ein schutzsuchender somalischer Flüchtling hatte den Rentner brutal zusammengetreten. Einen Tag zuvor hatte der Kriminelle in [ENTITY] bereits auf einen Taxifahrer eingeschlagen. Er wurde von der Polizei geschnappt und sofort wieder freigelassen.,0,1,Hassrede,0.5679318904876709
HASOC,PER_ORG_LOC_GENERIC_ENTITY,179,"Keine Gnade: [ENTITY] (87) zu Haftstrafe verurteilt, weil er aus Hunger Käse für 4,55 Euro stahlDas MERKEL Regime geht hart gegen das eigene Volks vor, Illegal eingereiste Sozialtouristen hingegen fasst das System stets mit Samthandschuhen an.",1,0,keine Hassrede,0.8562864065170288
HASOC,PER_ORG_LOC_GENERIC_ENTITY,180,"Dort habe ich mal eine Zusammenfassung erstellt was ich/wir wissen, aber viele nicht. 'Es stinkt und stank von Anfang an' und den E-Brief an die Anwältin davor. [ENTITY] gebtdenschwagerfrei",0,1,Hassrede,0.9157599210739136
HASOC,PER_ORG_LOC_GENERIC_ENTITY,181,Es gibt hier nichts zu sehen. Gehen Sie einfach Weiter. Es ist alles in bester Ordnung. Wir leben im besten [ENTITY] aller Zeiten. Ende der Durchsage. [ENTITY] [ENTITY],0,0,keine Hassrede,0.9869128465652466
HASOC,PER_ORG_LOC_GENERIC_ENTITY,182,"[ENTITY] ist Umweltschutz völlig egal, wenn die Zerstörung der Umwelt weit genug weg ist! Elektroauto Elektromobilitaet Lithiumabbau",0,0,keine Hassrede,0.9902437925338745
HASOC,PER_ORG_LOC_GENERIC_ENTITY,183,[ENTITY] und einen wunderschönen Ostersonntag!,0,0,keine Hassrede,0.9304946660995483
HASOC,PER_ORG_LOC_GENERIC_ENTITY,184,"Samstag Nachmittag. Die Sonne lacht. [ENTITY] sitzen im Freien an den Tischen einer Gaststätte. Ein Mann fährt in die Gruppe, tötet und verletzt dabei viele Gäste. Anschließend erschießt er sich selbst. Und Onlinemedien schreiben 'Zwischenfall'. – Es ist zum Schreien! [ENTITY]",0,1,Hassrede,0.9268050193786621
HASOC,PER_ORG_LOC_GENERIC_ENTITY,185,"Die 300.000 Haushalte, denen wegen der hohen Strompreise der Saft abgedreht wurde sollen zukünftig wenigstens aus der Mülltonne essen dürfen, fordert grüner Justizsenator.",0,0,keine Hassrede,0.6451296210289001
HASOC,PER_ORG_LOC_GENERIC_ENTITY,186,"Ein [ENTITY] entscheidet, was eine Meinung ist. Das hatten wird doch schon mal in [ENTITY], [ENTITY].",0,0,keine Hassrede,0.9027605056762695
HASOC,PER_ORG_LOC_GENERIC_ENTITY,187,[ENTITY] auf dem Weg zur [ENTITY].,0,0,keine Hassrede,0.926264762878418
HASOC,PER_ORG_LOC_GENERIC_ENTITY,188,"Ein [ENTITY] zu wählen, das eigentlich überhaupt nichts zu melden hat, sondern von einigen von Banken gesteuerten Kommissaren, die weitgehend diktatorische Entscheidungsbefugnisse haben, ignoriert und verlacht wird, ist demokratischer Mummenschanz. Im Bild: [ENTITY].",0,0,keine Hassrede,0.9925825595855713
HASOC,PER_ORG_LOC_GENERIC_ENTITY,189,Wenn ich den sehe platzt mir die Halsschlagader [ENTITY] huldigen wie ein Unterwürfiger mit allen Mitteln bei [ENTITY] beliebt machen möchte unsympathischer Politiker kein eigenes Profil via [ENTITY],0,1,Hassrede,0.9034658074378967
HASOC,PER_ORG_LOC_GENERIC_ENTITY,190,"[ENTITY] ...und Frau [ENTITY] freut sich, da nun immer mehr Leute ihr Leben täglich neu aushandeln müssen.",0,0,keine Hassrede,0.9642869234085083
HASOC,PER_ORG_LOC_GENERIC_ENTITY,191,"Ein Fall für [ENTITY] ,Sondersendungen und am besten ''Thursday for Future'' warum sollten man nur Freitag frei nehmen-jetzt wo es eh so warm ist",0,0,keine Hassrede,0.7331770062446594
HASOC,PER_ORG_LOC_GENERIC_ENTITY,192,na für schlechte Zeiten hat sie sich ja genug angefressen mal schauen in welchem Vorstand sie bald auftaucht,0,0,keine Hassrede,0.893218994140625
HASOC,PER_ORG_LOC_GENERIC_ENTITY,193,"[ENTITY] 2.500 Ausländer kommen trotz [ENTITY] zurück/ Zwischen Anfang 2017 und Ende April 2019 wurden laut [ENTITY] Fördermittel in Höhe von rund 83.000 Euro zurückgezahlt. Im Jahr 2018 wurden für das Förderprogramm knapp 9,5 Millionen Euro aufgewendet.",0,0,keine Hassrede,0.7355076670646667
HASOC,PER_ORG_LOC_GENERIC_ENTITY,194,"Witz zum Wochenende: der Mann, der nie vom Volk gewählt wurde, der Linksradikale Bands gutfindet, die Gewalt gegen Polizisten und Andersdenkende propagieren, der sich als Präsident nie neutral verhält, warnt vor Verachtung der Demokratie...",0,1,Hassrede,0.897479236125946
HASOC,PER_ORG_LOC_GENERIC_ENTITY,195,Ungebeten1 Dann könnte man den Wald aber nicht kapitalisch nutzen,0,0,keine Hassrede,0.9941083192825317
HASOC,PER_ORG_LOC_GENERIC_ENTITY,196,"Herr Abboud aus [ENTITY] hat drei Frauen und 13 Kinder. Zum perfekten Glück fehlt noch die deutsche Staatsbürgerschaft, die Herr [ENTITY] jetzt anstrebt.",0,0,keine Hassrede,0.9059305787086487
HASOC,PER_ORG_LOC_GENERIC_ENTITY,197,Daher umso wichtiger: [ENTITY] braucht noch mehr und vor allem neue Fachkräfte.,0,0,keine Hassrede,0.7935149669647217
HASOC,PER_ORG_LOC_GENERIC_ENTITY,198,Mit seinem Bestseller [ENTITY] schafft sich ab schlug [ENTITY] vor 8 Jahren eine tiefe Schneise in das Dickicht der Politischen Korrektheit. Seine Vorschläge zur Bevölkerungspolitik und zur Gesundung [ENTITY] sind nach wie vor gültig.,0,0,keine Hassrede,0.7888508439064026
HASOC,PER_ORG_LOC_GENERIC_ENTITY,199,[ENTITY] ist der Zeit die Patrioten von ganze Welt Aktiv werden und nicht mehr zu lassen die Globalsten für uns entscheiden .leider unsere Regierung bis jetzt haben die Radikalsten unterstützt Beispiel islamische [ENTITY] die habe 40 Jahre Auge zugedrückt und jetz...,0,0,keine Hassrede,0.6770282983779907
HASOC,PER_ONLY,0,"Innerhalb 24 Stunden ist nun die 3. in Malmö explodiert Familien sind vom Knall wach geworden, der den Eingangsbereich ihres Wohnhauses in Rosengård komplett zerstörte die organisierte Bandenkriminalität hat freie Bahn und läßt es ordentlich krachen",0,0,keine Hassrede,0.6377414464950562
HASOC,PER_ONLY,1,"Heißt übersetzt: Der, der mit der deutschen Flagge wedelt, zündet auch Asylheime an? Wie bekloppt ist der Mann?",1,1,Hassrede,0.515274167060852
HASOC,PER_ONLY,2,"Diejenigen, welche einen solchen Scheiss rauslassen könnte man noch verkraften. Aber dass man damit Millionen blinde Waehler findet ist das Schlimme und sollte zu denken geben.",0,1,Hassrede,0.7004186511039734
HASOC,PER_ONLY,3,Alle feiern und die Linken legen Brände. Die linke Szene bekommt mit ihren Taten keine Anerkennung der Bevölkerung!,1,0,keine Hassrede,0.9430520534515381
HASOC,PER_ONLY,4,"[PER]: 'Die Grünen &amp; grüne Wähler sind die am BESTEN AUSGEBILDETEN Menschen, die den HÖCHSTEN Bildungsstand haben.' (N24-Interview mit Schumacher &amp; Tiedje) SpeicherBaerbock: Strom verstopft die Netze. [PER] verwechselt [PER] +Washington, Polen+Slowakei.",0,0,keine Hassrede,0.7110264301300049
HASOC,PER_ONLY,5,"Weil in Bremen 50 Korane zerrissen wurden sendet das ZDF 15 Minuten lang einen Bericht der Empörung. Das in DessauRoßlau ein 9 Jähriges Mädchen von einem Flüchtling vergewaltigt und von Zeugen gestellt wurde, darüber schweigt das ZDFheute",0,1,Hassrede,0.7890455722808838
HASOC,PER_ONLY,6,"Ich würde der Linken Chefin Kipping die 1.000 Euro Arbeitslosengeld geben. Die wären bedeutend besser angelegt als die Diät. Der EkelWilfred, alias das A…loch Wiltewka, [PER] von der Capitol und O. Wilke Linke Berlin kannweg mussweg",1,0,keine Hassrede,0.6419231295585632
HASOC,PER_ONLY,7,und sehen auch noch Klasse aus,0,0,keine Hassrede,0.9754419326782227
HASOC,PER_ONLY,8,+++ Bundesregierung gibt auf Anfrage der AfDimBundestag zu: Hetzjagden-Aussage zu Chemnitz beruht ausschließlich auf Medienberichten! +++ Der ehemalige Präsident des Bundesamts für Verfassungsschutz HGMaassen hatte doch Recht! DeutschlandKurier,0,0,keine Hassrede,0.6387850046157837
HASOC,PER_ONLY,9,"Contra-Mag.:Österreich schließt Saudi-Kulturzentrum: Die österreichische Regierung will ein saudi-arabisches Kulturzentrum schließen. Grund sind Menschenrechtsverletzungen. Von Redaktion Die österreichische Regierung hat Pläne angekündigt, ein von…",0,1,Hassrede,0.5660707354545593
HASOC,PER_ONLY,10,HC Strache erklärt: Bevölkerungsaustausch ist Faktum!,0,0,keine Hassrede,0.9866647720336914
HASOC,PER_ONLY,11,Toll...und bald schwingen wir uns wieder von Ast zu Ast...,0,0,keine Hassrede,0.7733705043792725
HASOC,PER_ONLY,12,Ich habe einen Geburtstagswunsch. Unterstützt bitte das Crowdfunding von WannWennNichtJetzt. Die Tour kommt am 27. Juli auch nach Bautzen!,0,0,keine Hassrede,0.9598243832588196
HASOC,PER_ONLY,13,"Wer Dinner for One nicht im TV sehen kann, hier kann man es sich runterladen bzw. online ansehen. [PER]",0,0,keine Hassrede,0.9366591572761536
HASOC,PER_ONLY,14,"[PER] über [PER], Politiker v Die_Gruenen, bis 2014 im EuropeanParliament für EuropeanGreens: '[PER] blieb, was er seit 50 Jahren ist: Ein Deutscher Anarchist.' 'DCB est resté ce qu'il était il y a 50 ans: [PER].'",0,0,keine Hassrede,0.8110983371734619
HASOC,PER_ONLY,15,die neue Karriere nach der Karriere als Missionarin in Israel,0,0,keine Hassrede,0.9728577136993408
HASOC,PER_ONLY,16,alle müssen etwas mehr tun Sonst wird es viel Leid geben. Mehr als 1945. Viel mehr Und in jeder Hinsicht,0,0,keine Hassrede,0.6432808041572571
HASOC,PER_ONLY,17,"1. Wer stellt so eine Falle? 2. Wozu? 3. Warum geben sie das Video 2 Jahre später an Medien? 4. Was lief 2017-19? 5. Gab es Druck auf Strache? 6. Warum gehen 2 Spitzenpolitiker in ein Treffen, recherchieren scheinbar kaum - Name war erfunden! - und reden dann frei von der Leber?",0,0,keine Hassrede,0.622447669506073
HASOC,PER_ONLY,18,"Den letzten Chatkontakt und WhatsApp Lebenszeichen hatte [PER] auch nicht um 0.06 Uhr mit ihrer besten Freundin, wie sie selbst glaubte. Sondern um 1.07 Uhr mit jemand anderem, welcher auch überhaupt nicht, in keinster Weiße irgendwie verdächtig wirkt. [PER]",0,0,keine Hassrede,0.9910172820091248
HASOC,PER_ONLY,19,"+++ AfD - Zukunft für Europa +++ AfD-Europawahl-Programm, Kapitel 6.5: ❝Remigration statt Massenzuwanderung❞ Nicht „Resettlement”, also Umsiedlungsprogramme nach Europa, sind das Gebot der Stunde, sondern das Gegenteil!",0,0,keine Hassrede,0.9207173585891724
HASOC,PER_ONLY,20,"Man wundert sich, wie viel Aufruhr es verursacht, wenn souveräne Staaten die Unterzeichnung einer 'rechtlich unverbindlichen' Absichtserklärung verweigern. Wenn der Pakt doch so harmlos ist und keinen Staat zu irgendetwas zwingt, warum dann das Geschrei? [PER]",0,0,keine Hassrede,0.8660413026809692
HASOC,PER_ONLY,21,"[PER] ist absolut Spitze! Ich habe einiges durch seine Videos lernen können, hat es mega drauf!!",0,0,keine Hassrede,0.8713459968566895
HASOC,PER_ONLY,22,Ungebeten1 Einen wunderschönen Guten Morgen wünsche ich Dir - trotz Arbeit . Heißen die Weihnachtsmärkte jetzt nicht Jahresendmärkte?,0,0,keine Hassrede,0.9974163174629211
HASOC,PER_ONLY,23,Nach suboptimalem Fahrverhalten zweier Autofahrer in Bahrenfeld und Altenwerder wurden ihre hochwertigen Fahrzeuge und die Führerscheine sichergestellt.,0,0,keine Hassrede,0.8888564109802246
HASOC,PER_ONLY,24,da würden noch soviele Fressen mehr rein passen! aber leider platz mangel,1,0,keine Hassrede,0.9245628714561462
HASOC,PER_ONLY,25,"Contra-Mag.:Washingtons Sucht nach Krieg durchbrechen: Washington ist in einem ständigen Zustand des Kriegsrausches. Die Frage, wie man mit den globalen Herausforderungen umgehen soll, scheint immer mit der gleichen Antwort beantwortet zu werden:…",0,1,Hassrede,0.8041433095932007
HASOC,PER_ONLY,26,"XYEinzelfall tantegerd1 Ein Vater kann seinen [PER] nicht kidnappen! Wenn schon dann wurde er wegen Entzug der Sorge,verurteilt!",0,0,keine Hassrede,0.9328644275665283
HASOC,PER_ONLY,27,"Nochmals zum StracheVideo: Wer stellt Strafanzeige gegen SpiegelOnline und SZ? Beachte: Die angesprochenen Medien haben offen zugegeben, dass sie wussten, dass es sich 'um eine Falle handelte'. (§ 201a StGB) strache ibizavideo",0,0,keine Hassrede,0.7173752784729004
HASOC,PER_ONLY,28,+++ Brexit-Nachrichtenüberblick +++: Ökonom Sinn warnt vor harter Haltung gegenüber Briten,0,0,keine Hassrede,0.795866072177887
HASOC,PER_ONLY,29,"Ich finde es nach wie vor wider die Natur und nehme mir die Freiheit heraus, dies zu sagen. Man kann mich dafür hassen, aber das ist meine Meinung.",0,0,keine Hassrede,0.979499340057373
HASOC,PER_ONLY,30,"VenomStrike3 ITUADE Dieter_Stein AfD Abgesehen vom schleichenden Verlust der nationalen Identität und Kultur haben wir mit vielen Einwanderergruppen auch kaum Probleme. Es gibt aber ein spezifisches Problem mit Einwanderung aus islamischen Ländern, siehe [PER] Buch. Viele Muslime wollen sich gar nicht ändern.",1,0,keine Hassrede,0.9056016206741333
HASOC,PER_ONLY,31,Na sowas? Dalai Lama verbreitet AfD-Ansichten und bekommt für seine 'fremdenfeindlichen' und 'rassistischen' Aussagen auch noch Beifall!,0,1,Hassrede,0.984550416469574
HASOC,PER_ONLY,32,"Uwe_Junge_MdL Wer AfD wählt, bekommt NsDAP",0,0,keine Hassrede,0.7429375648498535
HASOC,PER_ONLY,33,"Vorwurf: „faktisches Einreiseverbot für viele ältere Fachkräfte“. Tatsache: wir wollen keine Einwanderung in Sozialsysteme. Also sollen nur diejenigen einwandern, die eine eigenständige Altersversorgung aufbauen können. Halte ich unter dem Strich für richtig einwanderungsgesetz",0,0,keine Hassrede,0.6554346680641174
HASOC,PER_ONLY,34,"OPCW Experten nun Endlich nach Duma! Russland hatte der OPCW aus Sicherheitsgründen den Zugang verwehrt! Problem : Das Kampfgas ist sehr flüchtig,und soll nach 7 Tagen,nicht mehr nachzuweisen zu sein! Nun wer das Normal findet,der kann nur ein Troll sein!",0,0,keine Hassrede,0.9312764406204224
HASOC,PER_ONLY,35,Mindener (54) wird durch Messerstich schwer verletzt - 17-Jähriger in Haft. Täter ein 17 Jahre alter syrischer Staatsangehöriger,0,0,keine Hassrede,0.6344661116600037
HASOC,PER_ONLY,36,"Jetzt beginnt wieder diese Jahreszeit, in der man dauernd fremder Leute Tätowierungen ansehen muss.",0,0,keine Hassrede,0.8795040845870972
HASOC,PER_ONLY,37,"BlondJedi akk Unmöglich, das wären dann 'Nazimethoden' ;)",0,0,keine Hassrede,0.7532252073287964
HASOC,PER_ONLY,38,"...es ist nur noch lächerlich...! Die Afd gibt es seit 6 Jahren und sie hat seit dem KEIN Rentenkonzept...! ...dafür die höchste Kriminalitätsquote aller Abgeordneten, eine Spendenaffäre und ein Prüffall beim Verfassungsschutz ist sie auch...!",0,0,keine Hassrede,0.8095957040786743
HASOC,PER_ONLY,39,"Wir sind das einzige Land, in dem nun nachgewiesen gelenkte Staatspropaganda gegen die eigenen Bürger auch noch von selbigen selbst bezahlt werden müssen! GEZ sofort abschaffen! FramingManual Framing",0,1,Hassrede,0.9885244369506836
HASOC,PER_ONLY,40,"[PER] schlägt vor, illegale Einwanderer nur in Städten von Demokraten regiert unterzubringen, da Demokraten Abschiebungen Illegaler blockieren. Tolle Idee, sollte man auch hier anwenden.",0,0,keine Hassrede,0.8410202860832214
HASOC,PER_ONLY,41,"Früher warst du 30 Jahre eingesperrt. Oder du hast dein eigenes Leben riskiert, für die Idee Freiheit und Demokratie. Heute reicht Schulschwänzen gegen den Klimawandel für den Friedensnobelpreis. Den Preis kann man schon vergessen.",0,0,keine Hassrede,0.9306539297103882
HASOC,PER_ONLY,42,"MMNews: [PER], [PER]: AfD Bedrohung für Deutschland: Die Ministerpräsidenten von Schleswig-Holstein und Thüringen warnen in einem gemeinsamen Interview vor einem weiteren Erstarken der Rechtspopulisten. Read more...",0,1,Hassrede,0.6044686436653137
HASOC,PER_ONLY,43,[PER],0,0,keine Hassrede,0.8983983397483826
HASOC,PER_ONLY,44,"Wer weite Teile der Zivilgesellschaft - Kirchen, Flüchtlingshelfer, Seenotretter, FridaysForFuture, YouTuber - diffamiert, der hat wirklich gar nichts verstanden. KonstantinNotz on fire bei der Debatte zum Migrationspaket",0,0,keine Hassrede,0.8824259042739868
HASOC,PER_ONLY,45,[PER] schon traurig wenn man nicht mal mehr im eigenen land sicher ist.,0,0,keine Hassrede,0.6128079295158386
HASOC,PER_ONLY,46,"[PER]: „Tatsachen schafft man nicht dadurch aus der Welt, dass man sie ignoriert!'",0,0,keine Hassrede,0.9940170645713806
HASOC,PER_ONLY,47,Schultze-Rhonhof über die Ursachen des Zweiten Weltkrieges,0,1,Hassrede,0.5317321419715881
HASOC,PER_ONLY,48,realJohr,0,0,keine Hassrede,0.8282067775726318
HASOC,PER_ONLY,49,Die Strafanzeige der Kölner Polizei zu einem nächtlichen Einsatz in Widdersdorf umfasst inzwischen einige Seiten.Nachbarn hatten sich wegen Ruhestörung beschwert.Die Polizei rückte schließlich mit 20 Beamten an und legte einen ZDF-Reporter in Handschellen.,0,0,keine Hassrede,0.5011131167411804
HASOC,PER_ONLY,50,Gut wenn die Erfinder dieser Lügen Geschichte bestraft werden! FAKENEWS,0,0,keine Hassrede,0.729553759098053
HASOC,PER_ONLY,51,"Ungebeten1 Moin, wünsche dir trotzdem einen schönen Tag!",0,0,keine Hassrede,0.9969764351844788
HASOC,PER_ONLY,52,"Teilen! Mindestens 80 Millionen mal! Bis auch der letzte Nachtwächter versteht, was hier abgeht!",0,0,keine Hassrede,0.5846774578094482
HASOC,PER_ONLY,53,Istanbul: Polizei schießt Attentäter am Flughafen an – Dann sprengt er sich in die Luft,0,0,keine Hassrede,0.8500849008560181
HASOC,PER_ONLY,54,"Schandal 9 Jahre alt, [PER] 11 Jahre alt und [PER] wird 8 Jahre vorsichtig die drei sind traumatisiert Am 24.April drang dieses Trio in ein Mehrfamilienhaus in der Bismarckstraße in Bochum-Wattenscheid ein In der Wohnung durchsuchten sie mehrereSchränke und klautenSchmuck",0,0,keine Hassrede,0.5712798237800598
HASOC,PER_ONLY,55,"Kennt ihr noch das Buch 'die Welle'? Die Gutmenschen merken gar nicht, dass sie in ihrer hysterischen Jagd auf AfDler Hauptakteure im größten Manipulation-der-Massen-Experiment der Nachkriegszeit sind.",0,1,Hassrede,0.8528873324394226
HASOC,PER_ONLY,56,"[PER], anscheinend wieder angetrunken, wird zur Gefahr für sich und seine Umgebung.",0,0,keine Hassrede,0.743094265460968
HASOC,PER_ONLY,57,Ralf64904117 Das sind [PER] im MedienVerkehr. ;),0,0,keine Hassrede,0.8926423192024231
HASOC,PER_ONLY,58,Artikel vom 9.4.2019 'Täglich werden in Frankreich drei Gotteshäuser Opfer von Vandalismus. Von der katholischen Kirche wurden die Vorfälle lange nicht an die große Glocke gehängt – jetzt finden sie größere Aufmerksamkeit. ',0,0,keine Hassrede,0.5465917587280273
HASOC,PER_ONLY,59,"Dieser ganze EuropaistdieAntwort Kram klingt schlimmer als eine Sekte und hat überhaupt nichts mit Europa zu tun, sondern mit einem EU-'Sozialismus'Monster, indem indigene Europäer ihre Kultur+Identität+Wohlstand aufgeben sollen.",0,0,keine Hassrede,0.9023412466049194
HASOC,PER_ONLY,60,gute Versicherung wird immer wichtiger in Deutschland,0,0,keine Hassrede,0.9022572636604309
HASOC,PER_ONLY,61,"Wenn Koran, Scharia und Hadithe sowie die 800 Kriegszüge &amp; [PER] nicht mit [PER] Botschaft vereinbar sind - dann sind selbige Einschränkungen/Vorschriften (Viel-/Kinderehe, Frauenrechte) nicht mit unserer säkularen FDGO vereinbar.",0,0,keine Hassrede,0.5593476295471191
HASOC,PER_ONLY,62,Ralf64904117 Hat die überhaupt ein anerkanntes Hochseepatent. Ansonsten frage ich ob [PER] wie 'Kapitän' [PER] sind?,0,0,keine Hassrede,0.5658920407295227
HASOC,PER_ONLY,63,na endlich geht es Bergauf mit den Deutschen,0,0,keine Hassrede,0.964392364025116
HASOC,PER_ONLY,64,"2 Hammer Schlagzeilen auf der Hälfte der B-Zeitung! ENTSCHULDIGUNG Kommt IHR eigentlich noch klar? Liebe fleißigen Deutschen Staatsbürger,habt IHR dafür jahrzehnte geackert/gebuckelt um so als Rentner abgespeist zu werden? SO VIEL LEERGUT GIBT’S NICHT DASS IHR ALLE SATT WERDET!!",0,0,keine Hassrede,0.7003138065338135
HASOC,PER_ONLY,65,Schlachtbetrieb AfD,0,1,Hassrede,0.8943279981613159
HASOC,PER_ONLY,66,DANIEL COHN-BENDIT - PÄDOPHÄLIE GRÜNEN POLITIKER im INTERVIEW Mitschnitt mit Untertiteln von einem Video des heutigen Europa Abgeordneten der Grünen Daniel Cohn-Bendit.,1,1,Hassrede,0.956325888633728
HASOC,PER_ONLY,67,Uwe_Junge_MdL WilhelmTell77 Er soll bitte wieder in Russland demonstrieren,0,0,keine Hassrede,0.8024777770042419
HASOC,PER_ONLY,68,Das ist der Brüller des Monats.. 05.06.19 Satire kann unser Finanzminister,0,1,Hassrede,0.7247735857963562
HASOC,PER_ONLY,69,AfD verschiebt offenbar Sonderparteitag zur Rente AfD Rente,0,0,keine Hassrede,0.8489605188369751
HASOC,PER_ONLY,70,BlondJedi akk Sie würde Andersdenkende gerne verfolgen und einschüchtern lassen.,0,1,Hassrede,0.7262145280838013
HASOC,PER_ONLY,71,"WOW!!! Fahrradständer als Klimaschutzprojekt... was für eine völlig neue Idee, endlich gibt es Fahrradständer an Schulen... das ich das noch erleben darf... DANKE GRETA!!!!",0,0,keine Hassrede,0.9334344863891602
HASOC,PER_ONLY,72,sehr richtig und gut gesagt!! und viele doofmichels begreifen das nicht mal!!,1,0,keine Hassrede,0.8249691128730774
HASOC,PER_ONLY,73,von [PER] – An die “Europawähler”,0,0,keine Hassrede,0.8338330984115601
HASOC,PER_ONLY,74,"Innsbruck: Tirolerin und Türke knacken 2018 zahlreiche Automaten bei Auto-Waschanlagen und Tankstellen, anhand dort gefundener DNA kommt heraus, dass der Türke auch für Vergewaltigung einer Frau in Innsbruck in der Silvesternacht 2012 verantwortlich ist",0,1,Hassrede,0.5972967147827148
HASOC,PER_ONLY,75,[PER] im Krieg gedient! Großvater im Krieg gedient! Vater und Schwiegervater im Krieg gedient. Teilweise viele Jahre in Gefangenschaft. Für was?! DAFÜR...: ⁦Mundaufmachen⁩ ⁦AfD⁩ UnserLandUnsereKultur,0,0,keine Hassrede,0.5465052127838135
HASOC,PER_ONLY,76,"Hartes_Geld Du behinderter Hurensohn. Wäre das ein „nobler Patriot“ gewesen, hättest du deine minderwertige Stimme wegen des ach so repressiven Staatrs erhoben. Dreckiger Untermensch.",1,1,Hassrede,0.5058701038360596
HASOC,PER_ONLY,77,Die bayerische AfD-Fraktionsvorsitzende [PER] hat Faschingskostüme mit Fraktionsgeldern bezahlt.,0,0,keine Hassrede,0.614764928817749
HASOC,PER_ONLY,78,Senioren beleidigen junge Kopftuchträgerinnen – Festnahme na geht doch! endlich mal Eier in der Hose die Polizei ach moment ich dachte andersrum aber so mag man es ja eher im versifften Berlin da kam die mutige Polizei zu der Oma und ab ging die Grüne Mina mit der räächten,0,1,Hassrede,0.5784024000167847
HASOC,PER_ONLY,79,"Hartes_Geld Was solche verstandsbefreite, bildungsferne Vollpfosten hervorbringt, ist die Tatsache das wir schwerst [PER] nicht mehr in die geschlossene Psychiatrie einweisen, wie es sich gehört, sondern diese ein 24/7 Freilauf haben.",1,1,Hassrede,0.7426496744155884
HASOC,PER_ONLY,80,Italien Sprachunterricht für Migranten. Ist raus geworfenes Geld.,0,0,keine Hassrede,0.9311517477035522
HASOC,PER_ONLY,81,Ungebeten1 ichbinkoelnerin Verbotspartei grüne,0,0,keine Hassrede,0.9830920100212097
HASOC,PER_ONLY,82,[PER] ichbinkoelnerin [PER] 66Norweger66 burger_ein RolandTichy Birdie51411736 Lebensformation 4Kolner GudrunBecker11 puffyka81 NoctiDenktNach Pegasia111,0,0,keine Hassrede,0.745765745639801
HASOC,PER_ONLY,83,"Kurzkommentar manu_mie Ralf_Stegner Bei uns in Deutschland wird der Hehler höher bestraft als der Täter! Es ist wohl völlig egal,wer die Chemiewaffen eingesetzt hat! Wäre Russland schon beim ersten Chemieeinsatz bereit gewesen,eine Warnung von der UN zu unterzeichnen,würden viele noch leben!",1,0,keine Hassrede,0.8259745240211487
HASOC,PER_ONLY,84,Die HHBombe in Wilhelmsburg ist erfolgreich entschärft. Herzlichen Dank an unseren Kampfmittelräumdienst EinsatzfuerHamburg,0,0,keine Hassrede,0.9071826338768005
HASOC,PER_ONLY,85,"Altes Sprichwort: Hast du die einmal im Haus, bekommst du die nie wieder raus. Deshalb immer Achtung vor getarnten Faschisten &amp; Faschismus. Türkei kann man auch gegen Deutschland ersetzen. Der EkelWilfred, alias [PER], Wilberg, WilayaWilanar",1,1,Hassrede,0.6780757904052734
HASOC,PER_ONLY,86,"Nicht gleich 'den Bettel hinschmeißen' – Bettel, bedeutet [PER]. Und diese Einstellung ist das einzige Problem was dieses Land hat. [PER], Schmidt &amp; Strauß (R.I.P.) müssen schon wieder im Grab umgedreht werden. Der EkelWilfred merkelmussweg",1,0,keine Hassrede,0.7842658758163452
HASOC,PER_ONLY,87,"'Passanten entdecken einen 13j Jungen im Bereich der Stephansschule in der Saarbrücker Straße in Schmelz. Das Kind ist aufgehängt worden! Die Wiederbelegung gelingt, der Junge kommt schwer verletzt in eine Klinik. Noch ist unklar, ob er überleben wird.'",0,0,keine Hassrede,0.6510584354400635
HASOC,PER_ONLY,88,[PER],0,0,keine Hassrede,0.8983983397483826
HASOC,PER_ONLY,89,"Ich mag [PER]. Denn der liebt die Umwelt, fährt mit dem Zug, teils sogar mit sauberem Ökostrom auf die Leute zu, während die meisten Grünen immer fortfahrend das Umfeld verpesten. Und besser reiten kann er auch. Der eklige grüne EkelWilfred",1,0,keine Hassrede,0.9043843746185303
HASOC,PER_ONLY,90,EUROPAstattEU,0,0,keine Hassrede,0.9213274717330933
HASOC,PER_ONLY,91,"[PER] ist eine journalistische Null, die jedes Mal über das Systemstöckchen springt, wenn sie auf Sendung geht. Kritisch, investigativ!? Nein, aber dafür manipulative, polarisierend",0,0,keine Hassrede,0.8029751777648926
HASOC,PER_ONLY,92,Hartes_Geld Beim nächsten Amri hat wieder keiner was gewußt.,0,0,keine Hassrede,0.6299951672554016
HASOC,PER_ONLY,93,"BonkeKolja BILD Darf man als Deutscher höflich die Frage stellen? Könnte es sein, daß viele Richter bestochen bzw. befangen sind???",0,0,keine Hassrede,0.9338181614875793
HASOC,PER_ONLY,94,"Zweimal vier gibt zwei runden Bier. Oder doppelt hält besser. Der EkelWilfred, alias das A…loch Wiltewka, [PER] von der Capitol, WilayaWilanar &amp; [PER]",1,0,keine Hassrede,0.5798729658126831
HASOC,PER_ONLY,95,"Schädigung Deutschlands als Kanzler-Richtlinie? Das Gesetz zur Fachkräfteeinwanderung gibt vor, einen Fachkräftemangel beheben zu wollen; tatsächlich ist es ein Freifahrtschein für alle, die nach Deutschland wollen: v.a. für außereuropäische Zuwanderer!",0,0,keine Hassrede,0.8412349820137024
HASOC,PER_ONLY,96,Migrationist [PER]: “Jubel über seinen Tod ?”,0,0,keine Hassrede,0.872978687286377
HASOC,PER_ONLY,97,“Europäer wählen zwischen Leben und Tod bei der EU-Wahl”,0,0,keine Hassrede,0.9459494352340698
HASOC,PER_ONLY,98,"Frauen/Mädchen dürfen im Gegensatz zu Männern keine Hosen bei Gymnastikwettkämpfen anziehen. Kommentar eines Trainers dazu: Frauen haben schöne Körper, das darf man auch sehen. [PER]’s no?",0,0,keine Hassrede,0.9516125917434692
HASOC,PER_ONLY,99,"[PER], 158 cm klein! [PER] hat den Sargcofark öffnen lassen und war enttäuscht, [PER] war ein Zwerg,war nicht [PER] und hinkte(war [PER]) Phoenix history",0,1,Hassrede,0.6293259859085083
HASOC,PER_ONLY,100,"Stromkosten für 100 km im Elektro-Audi: 10,49 Euro. Dieselkosten für 100 km im Audi Q5: 8,13 Euro. :) elektroauto",0,0,keine Hassrede,0.7599100470542908
HASOC,PER_ONLY,101,"Heute ist Tag der Erhaltung der Artenvielfalt. Bessermenschen freuen sich über jede einzelne Art und wollen auch jede einzelne schützen. Es sei denn, du bist autochoner Europäer eines Nationalstaates. Die sollen nämlich draufgehen zugunsten Arten-Mix. BiodiversityDay",0,0,keine Hassrede,0.9568027257919312
HASOC,PER_ONLY,102,Noch eine neue Steuer: Eine CO2-Abgabe für jeden Lebensbereich soll die Bürger Milliarden kosten. Die höchsten Strompreise reichen noch nicht. Übrigens: Die USA machen nicht mit.,0,0,keine Hassrede,0.7376855611801147
HASOC,PER_ONLY,103,.......'niemand hat die Absicht eine Mauer zu bauen'......! Afd,0,0,keine Hassrede,0.9298035502433777
HASOC,PER_ONLY,104,Der NO2-Jahresmittel-Grenzwert für die Außenluft beträgt 40 µg/m3. Eine Zigarette hat 1.200.000 µg. IchfahrDieselTagundNacht,0,0,keine Hassrede,0.8255873322486877
HASOC,PER_ONLY,105,"gleich mit [PER] Um so größer das Verbrechen , um so größer ihr Wert ! Da weiß man doch gleich in welchem Irrenhaus man gelandet ist . . . !",1,0,keine Hassrede,0.6297670602798462
HASOC,PER_ONLY,106,"Compact: Klöckner von Notre Dame schlägt 13 bei [PER] – [PER] vom 12. Juni: Unser Kolumnist [PER] macht sich gut als [PER] von Notre Dame und liest der [PER], hilft beim Molotow-Löschen nach…",0,0,keine Hassrede,0.8869746923446655
HASOC,PER_ONLY,107,"Die österreichischen Sozialdemokraten werden heute eine rot-blaue Koalition mit der FPÖ eingehen, um die schwarze Übergangsregierung zu stürzen. (Im September ist eh Neuwahl)",0,0,keine Hassrede,0.7984755635261536
HASOC,PER_ONLY,108,T100007140969 Nicht nur. Die meisten sind Schwaben.,0,0,keine Hassrede,0.9115874171257019
HASOC,PER_ONLY,109,"Es geht doch nichts über Europäische Medien! Die Feuerwehr ist zwar noch nicht zum Brand durchgedrungen, trotzdem posaunen Medien, dass Bauarbeiten ursächlich wären. Respekt! NotreDame",0,0,keine Hassrede,0.9971693754196167
HASOC,PER_ONLY,110,Deutsche Hiebe per Post,0,1,Hassrede,0.6880134344100952
HASOC,PER_ONLY,111,"Ich 'oute' mich mal: Bin 'Sexist': Ja, mir gefallen schöne Frauen! Bin 'Rassist': Ja, mir werden die Moslems hier langsam zu viel (und zu fordernd). [PER]': Ja, ich fahre schnelle Autos, liebe Motorboote und fliege oft! Kurz: Bin 'Arschloch' und wohl 'Nazi'. :)",1,1,Hassrede,0.8924542665481567
HASOC,PER_ONLY,112,"Im besten D aller Zeiten: Schläge, Spucken, Regeln brechen - Hannover setzt Sicherheitsdienste in Freibädern ein. Schon Kinder ab zehn Jahren fallen mit respektlosem Verhalten auf. Für Angestellte gibt es nun Schulungen - etwa Kurse im Umgang mit Gästen mit Migrationshintergrund",0,0,keine Hassrede,0.7398916482925415
HASOC,PER_ONLY,113,Was glaubt ihr ? Könnte die SPD mit [PER] und [PER] als Doppelspitze zu neuen Höhen aufsteigen ?,0,0,keine Hassrede,0.8899651169776917
HASOC,PER_ONLY,114,"Ich kann nicht an meiner Haltestelle aussteigen, weil mein Rock in der U-Bahn-Tür auf der gegenüberliegenden Seite eingeklemmt ist und jetzt muss ich so lange weiterfahren bis eine Haltestelle kommt, die auf der Seite liegt, keine Ahnung, wann das ist und wie gehts euch so?",0,0,keine Hassrede,0.780397355556488
HASOC,PER_ONLY,115,Uwe_Junge_MdL CDU u.SPD werden nur überleben wenn sie sich reformieren und nach Rechts rutschen und das Asyl und Aufenthaltsrecht drastisch verschärfen und die Massenmigration stoppen!,0,0,keine Hassrede,0.6481092572212219
HASOC,PER_ONLY,116,"DerWahreErich Vorwärts immer, rückwärts nimmer!",0,0,keine Hassrede,0.989962637424469
HASOC,PER_ONLY,117,ich bin och für Gleichberechtigung,0,0,keine Hassrede,0.9953795075416565
HASOC,PER_ONLY,118,AfD in Brandenburg jetzt Nummer 1. Die Wahlen im Herbst werden das politische Gefüge in ganz erschüttern und vllt. auch die GroKo sprengen. Ich freue mich drauf!,0,0,keine Hassrede,0.925132691860199
HASOC,PER_ONLY,119,"guteMütter sind heutzutage gut ausgebildete Fachkräfte,die den derzeitigen Fachkräftemangel aufhalten!Durch Ihre Einstellung zur Familie,sind Sie Prädestiniert, Führungsaufgaben zu erfüllen! Sie kommen,wenn überhaupt, dem Wunsch des Kinderkriegen nach und ..",0,0,keine Hassrede,0.8959802389144897
HASOC,PER_ONLY,120,[PER]: „Das Ergebnis der Grünen ist irrelevant“,0,0,keine Hassrede,0.9183399677276611
HASOC,PER_ONLY,121,Bau einer E-Auto-Batterie erzeugt 17 Tonnen CO2 FridayForFuture Die_Gruenen,0,0,keine Hassrede,0.9188574552536011
HASOC,PER_ONLY,122,Ungebeten1 StoergroesseM 0Siegfried Twitter Anani ist irgendwas mit mutter und [PER] mit ficken. Aber so gut ist mein türkisch auch wieder nicht.,1,0,keine Hassrede,0.9726454019546509
HASOC,PER_ONLY,123,Laut BILD-Zeitung will eine Gruppe von SPD-Mitgliedern aus Bayern den Rechtspopulisten [PER] als Parteivorsitzenden. Der traditionell eher linksstehende Landesverband weiß davon nix. Auch die BILD nennt keine Mitglieder. /TN BayernSPD,0,0,keine Hassrede,0.7774477601051331
HASOC,PER_ONLY,124,Das ist [PER]. [PER] ist Istanbul-Terrorist und Mehrfachmörder. Früher war [PER] Flüchtling in Österreich. NurSo,1,0,keine Hassrede,0.9812912940979004
HASOC,PER_ONLY,125,Was davon in unseren Medien gehört?,0,0,keine Hassrede,0.7586954236030579
HASOC,PER_ONLY,126,Im Jahr des Dolches 2017 gab es in Deutschland schon über 1.600 Messerattacken in nur 5 Monaten JahrdesDolches,0,1,Hassrede,0.7058433890342712
HASOC,PER_ONLY,127,"Allein,diese Fertigstellung einer Flüchtlingsaufnahmestelle in Stendal bis 2022 beweist, dass es sich um geplante Aktionen, die nicht zurück geschraubt werden, handelt Es ist kein Zufall Es ist Plan Deutschland und Europa zu zerstören Wacht endlich auf Wählt blau",0,0,keine Hassrede,0.5531527996063232
HASOC,PER_ONLY,128,Ungebeten1 CDU-Senilioren ...,0,0,keine Hassrede,0.9733949303627014
HASOC,PER_ONLY,129,[PER] Wahlempfehlung zur EU-Wahl,0,0,keine Hassrede,0.9921796321868896
HASOC,PER_ONLY,130,"Der Wahlomat zur Europawahl2019 wurde abgeschaltet. Das Verwaltungsgericht 'sieht die Chancengleichheit kleiner Parteien verletzt', weil nur maximal acht Parteien zum Vergleichen ausgewählt werden können.",0,0,keine Hassrede,0.6586666107177734
HASOC,PER_ONLY,131,Tolle Aussichten...Schweden ist ja immer Vorbild für Links-Grün,0,0,keine Hassrede,0.9743074178695679
HASOC,PER_ONLY,132,"[PER]: Uwe_Junge_MdL wirft SPD vor, Wohnungen einst verschleudert zu haben. Antwort des FM_RLP auf Anfrage der AfDFraktionRLP zeigt: Land verkaufte 1998 Anteil an Heimstätte Rheinland-Pfalz GmbH (30,27 Prozent) mit Bestand von rund 20.600 Wohnungen für 116,5 Millionen Mark.",0,1,Hassrede,0.6055768132209778
HASOC,PER_ONLY,133,"Eurosport : Choupo-Moting mit dem ... Äh, was?",0,0,keine Hassrede,0.5495697259902954
HASOC,PER_ONLY,134,"Ja,schon seit Jahren! Ich muß dran denken,das Sie jeden Frühling wiederkommen und die Türen zum Wohnbereich schließen,sonst nehmen Sie das ganze Haus in Beschlag!",0,0,keine Hassrede,0.5276499390602112
HASOC,PER_ONLY,135,Tim: WIDERWÄRTIGES Beispiel! STERN! So wird getäuscht!,0,0,keine Hassrede,0.8690972328186035
HASOC,PER_ONLY,136,"[PER] verbreitende Internetplattformen wie t-online schäumen, weil AfD-Politiker nach Syrien reisen! 'Der Besuch soll offenbar dazu dienen, das Bild eines Landes zu verbreiten, in dem das Leben bereits wieder seinen normalen Gang geht.",0,0,keine Hassrede,0.8671347498893738
HASOC,PER_ONLY,137,"Danke * des Südens, vom Leuchtturm des Westens.",0,0,keine Hassrede,0.9975749850273132
HASOC,PER_ONLY,138,"Vor der Uni-Bibliothek (Jura!). 'Isch, misch, Digger' Gelabere von schmieriger Klientel, die eher in Döner-Laden+unseriöse Sisha Bar statt an die Uni gehört. Danke an die wahnsinnigen Bessermenschen, die Gesamtschul-Abi+massives Runterfahren unserer Schuldbildung ermöglichten!",1,1,Hassrede,0.9874178767204285
HASOC,PER_ONLY,139,"Ungebeten1 Naja, für mich sind die Grünen tatsächlich Ausdruck deutscher bürgerlicher Spießigkeit die sich als Weltoffenheit tarnt. Die Engstirnigkeit und Regulierungswut für alles passt auch.",0,0,keine Hassrede,0.9837914109230042
HASOC,PER_ONLY,140,Tataa! AfD ist stärkste Partei im Osten. Tolle Vorzeichen für die diesjährigen Wahlen. Schock für die Altparteien - Hoffnung für das Vaterland,0,0,keine Hassrede,0.7447936534881592
HASOC,PER_ONLY,141,AfD verurteilt Antifa-Pranger an der Universität Frankfurt! Verkehrte Welt! Die Gewaltbereiten warnen vor den Andersdenkende! via junge_freiheit,0,1,Hassrede,0.9467402100563049
HASOC,PER_ONLY,142,Uwe_Junge_MdL ChristianMars84 Der Wind dreht sich ...,0,0,keine Hassrede,0.9196767807006836
HASOC,PER_ONLY,143,Nach Wahl in Bremen: 'Das ist das wahre Gesicht': Wut über Grünen-Entscheidung für Links-Regierung,0,1,Hassrede,0.9960695505142212
HASOC,PER_ONLY,144,"2/3 Der Lutscher auf diesem Bild wohnt in Paris und Barcelona in den teuersten Wohngegenden und war wahrscheinlich noch nie in seinem Leben in Görlitz....wenn ich da an King abode, den Neubürger mit der sagenhaft großen fresse und 345 Anklagen, denke, dann sollte unbedingt",1,0,keine Hassrede,0.6490477919578552
HASOC,PER_ONLY,145,"FinjaFinte Bei mir haben genau 2 Faktoren dazu geführt, keine Döner mehr zu essen. 1. wurden die Tiere geschächtet, was ich vor meinem Verzicht leider nicht beachtet und bedacht hatte. und 2. Gammelfleischmeldungen zuhauf. Da war mir klar, das alles aus dem Dönerladen nix mehr für mich ist",0,1,Hassrede,0.5763668417930603
HASOC,PER_ONLY,146,Deutsches Mädchen – Freiheit für [PER],0,0,keine Hassrede,0.9861814379692078
HASOC,PER_ONLY,147,"Ihr habt auch schon mitbekommen, dass nächste Woche Fußball WM ist, oder?",0,0,keine Hassrede,0.7983548045158386
HASOC,PER_ONLY,148,"Vermummte Linksradikale haben in Berlin einen Bus mit Krebspatienten angegriffen. Der Angriff sollte eigentlich Teilnehmern eines Immobilien-Kongresses gelten. Laut Polizei wurde der Bus aus einer Gruppe mit Eiern, Tomaten und Farbbechern beworfen.",0,1,Hassrede,0.8289290070533752
HASOC,PER_ONLY,149,"Tagesschau berichtet über Vergewaltigung und Mord an 8jähriger in Indien, aber nicht über den 'schweren sexuellen Missbrauch' einer 9jährigen heute in Dessau. Vielleicht liegts am mutmaßlichen Täter, einem Mann aus dem Niger?",0,0,keine Hassrede,0.8440761566162109
HASOC,PER_ONLY,150,"Was beim Messen rauskommen soll, steht vorher fest. Dafür müssen nur die richteigen Messpunkte gefunden werden....",0,0,keine Hassrede,0.7957603335380554
HASOC,PER_ONLY,151,Vor 1-2 Jahren hat sich [PER] hier auf Twitter schon mal als Justizminister bei FeineSahneFischfilet bedankt. Weil es gegen Rechts ging. Seitdem verachte ich die SPD.,0,1,Hassrede,0.736671507358551
HASOC,PER_ONLY,152,"Zornige Flüchtlinge wurden von der libyschen Küstenwache nicht nach Europa, sondern nach Tunesien verfrachtet: 'Wir brauchen kein Essen. Wir brauchen keine Medizin. Wir wollen nach Europa', skandieren die traumatisierten Familien! [PER]",0,1,Hassrede,0.6852610111236572
HASOC,PER_ONLY,153,"[PER]: „Der politische Islam übernimmt Deutschland“: Deutschland braucht eine radikale Kurswende in seiner Politik gegenüber dem Islam. Das sagt [PER], prominente Frauenrechtlerin und Anwältin. Sonst drohe das Land vom politischen…",1,1,Hassrede,0.7404299974441528
HASOC,PER_ONLY,154,"Afrikas Bevölkerung wird sich bis 2050 verdoppeln. Reicht das, um an eine Invasion aus dem Süden zu glauben?! Was helfen könnte, ist endlich Geburtenkontrolle zu fördern! Dafür bräuchten wir Experten, die können sich dann nennen, wie sie wollen! afd",1,0,keine Hassrede,0.8667221069335938
HASOC,PER_ONLY,155,Wer die Grünen wählt? Die Wahlhelfer. Grüne werden nicht gewählt. Grüne werden gefälscht. so kommt man locker flockig auf so ein Hoch aber keine Angst nach dem Hoch kommt das nächste Tief,0,0,keine Hassrede,0.980378270149231
HASOC,PER_ONLY,156,"Kapazitäten im ZDF und zur Eurowahl: Den Islam gibt es erst seit dem 7. Jahrhundert, aber [PER], der Kommissionspräsident werden will, meint, dass der Islam seit 2000 Jahre zu Europa gehört. Keinen stört's, das Publikum klatscht. [PER]",0,0,keine Hassrede,0.9505167603492737
HASOC,PER_ONLY,157,Uwe_Junge_MdL Junge_Freiheit Die Anzahl der Asylanträge ist wesentlich geringer als die Anzahl der Zuwanderer. Man täuscht mit den Asylzahlen über die wahren Zuwandererzahlen hinweg.,0,0,keine Hassrede,0.8579434156417847
HASOC,PER_ONLY,158,Jedem das seine Eine Runde Mitleid? Also ich bin für: 'Nö!',0,0,keine Hassrede,0.9950045943260193
HASOC,PER_ONLY,159,"[PER] Syrer verletzt Schülerin und Student grundlos 'potentiell lebensgefährlich'. Keiner hilft, alle rennen weg. [PER] spritzt auf Hose eines Passanten. Dieser droht dem Opfer mit Anzeige wegen Sachbeschädigung. Polizei lässt Syrer laufen.",0,1,Hassrede,0.625450849533081
HASOC,PER_ONLY,160,"Hartes_Geld ABSCHIEBEN DIESES GESINDEL!!.. UND DANM SAGEN WIR,, GUT GENACHT,,!!!",1,0,keine Hassrede,0.7050455212593079
HASOC,PER_ONLY,161,Zeugenaufruf nach Raub in Horn (Washingtonallee) am 31.05.2019 um 14:00 Uhr. Nach bisherigem Stand der Ermittlungen wurde ein 61-Jähriger in den Rücken getreten und anschließend seiner Geldbörse beraubt. Hinweise bitte an 040 4286 56789,0,1,Hassrede,0.5447257161140442
HASOC,PER_ONLY,162,"Auszug:'„In fünf arabischen Ländern gaben zwischen 31 und 64 Prozent der Männer an, Frauen sexuell belästigt zu haben. 40 bis 60 Prozent der Frauen berichteten von solchen Erfahrungen.“ ' Jetzt auch endlich bei uns. Danke CDU SPD FDP Migrationspakt",0,0,keine Hassrede,0.7013998627662659
HASOC,PER_ONLY,163,"[PER] hält die jüdisch-christliche Prägung, die Traditionen, Werte &amp; Identität der Italiener u. von Europa hoch. [PER] Wähler : Kein Priester, kein Bischof , kein Papst hat diese Botschaft so intensiv &amp; emotional gebracht",0,0,keine Hassrede,0.9007720947265625
HASOC,PER_ONLY,164,"Wie Deutschland seine Standortvorteile verliert: Infrastruktur, Rechtssicherheit, Zuverlässigkeit und Pünktlichkeit - ein gesamtgesellschaftliches Phänomen einer Schildbürgerpolitik.",0,0,keine Hassrede,0.9291526675224304
HASOC,PER_ONLY,165,'Auch in einer Facebook-Gruppe von Flüchtlingen in Deutschland gab es Freudenbekundungen.' NotreDame,0,0,keine Hassrede,0.9932645559310913
HASOC,PER_ONLY,166,"EUDebate Steuergerechtigkeit, Google,Facebook u d anderen,akquirieren durch Ihren Dienst viele Arbeitsplätze und damit zahlen die AN Steuern. Die kleinen haben 3 AN die Sozialen viele 100.000 AN Wenn Sie ohne die Sozialen Netzwerke ,Steuern erhalten wollen",0,0,keine Hassrede,0.881982684135437
HASOC,PER_ONLY,167,“Die Schlacht um Straßburg” hat in Österreich begonnen und könnte für die EU in einem “Stalingrad” enden,0,0,keine Hassrede,0.5055911540985107
HASOC,PER_ONLY,168,"Energiewende-Lüge verteuert den Strom um 114 %! Bezahlen alle, auch die Ärmsten und Rentner! afdwählen",0,1,Hassrede,0.758637011051178
HASOC,PER_ONLY,169,Hartes_Geld UND WIR SOLLEN DIE NAZIS SEIN!!,0,1,Hassrede,0.9930364489555359
HASOC,PER_ONLY,170,Bitte unterstützen Sie die Petition »Keine öffentliche Finanzierung der Amadeu Antonio Stiftung«:,0,0,keine Hassrede,0.8729738593101501
HASOC,PER_ONLY,171,Uwe_Junge_MdL,0,0,keine Hassrede,0.8448765873908997
HASOC,PER_ONLY,172,"WIE BITTE? Europarat verbietet Gründung einer EU-kritischen Fraktion! Am 26. Mai erst Recht sagen, was Sie von der EU halten! AfDwählen europaistdieantwort EUdasProblem",0,0,keine Hassrede,0.9704388380050659
HASOC,PER_ONLY,173,Hartes_Geld Joe130978 Die leben sowas von vom Drogendealen Typisch Frankfurt So muss das ! Der selbständige Mittelstand muss gefördert werden,1,0,keine Hassrede,0.5247372388839722
HASOC,PER_ONLY,174,"Eine Partei, in der Mutti seit 2005 jedem den Kopf abgebissen hat, der mehr Charisma als ein Einbahnstraßenschild hat, verfügt naturgemäß über ein riesiges Potential talentierter Nachwuchspolitiker, die jetzt den Laden in Schwung bringen werden. Lassen Sie sich da nix einreden.",0,0,keine Hassrede,0.9662959575653076
HASOC,PER_ONLY,175,"Hamburg Der wegen Drogen,Raub und Betrug vorbestrafte [PER] wollte mit seinem Transporter ein paar Polizisten umfahren. Die schossen auf das Fahrzeug, brachten es zum Anhalten. Im Fahrzeug fanden sie Haschisch,Crack,Kokain und [PER]",0,0,keine Hassrede,0.8207426071166992
HASOC,PER_ONLY,176,"Hier mal eine kleine Liste über brennende Kirchen in Frankreich. Nur im letzten Jahr. Ohne Anspruch auf Vollständigkeit. Eigenartig viele Kurzschlüsse im 'modernen' Europa, nicht?",0,0,keine Hassrede,0.9255416989326477
HASOC,PER_ONLY,177,Sicherheit im Netz: ProtonMail führt Echtzeit-Überwachungen durch,0,0,keine Hassrede,0.9685139060020447
HASOC,PER_ONLY,178,Ein schutzsuchender somalischer Flüchtling hatte den Rentner brutal zusammengetreten. Einen Tag zuvor hatte der Kriminelle in Freiburg bereits auf einen Taxifahrer eingeschlagen. Er wurde von der Polizei geschnappt und sofort wieder freigelassen.,0,1,Hassrede,0.5561675429344177
HASOC,PER_ONLY,179,"Keine Gnade: [PER] (87) zu Haftstrafe verurteilt, weil er aus Hunger Käse für 4,55 Euro stahlDas MERKEL Regime geht hart gegen das eigene Volks vor, Illegal eingereiste Sozialtouristen hingegen fasst das System stets mit Samthandschuhen an.",1,0,keine Hassrede,0.8639657497406006
HASOC,PER_ONLY,180,"Dort habe ich mal eine Zusammenfassung erstellt was ich/wir wissen, aber viele nicht. 'Es stinkt und stank von Anfang an' und den E-Brief an die Anwältin davor. [PER] gebtdenschwagerfrei",0,1,Hassrede,0.8864342570304871
HASOC,PER_ONLY,181,Es gibt hier nichts zu sehen. Gehen Sie einfach Weiter. Es ist alles in bester Ordnung. Wir leben im besten Deutschland aller Zeiten. Ende der Durchsage. Deutschland2019.Fedidwgugl LiebestattHass Nohate Toleranz,0,0,keine Hassrede,0.9983324408531189
HASOC,PER_ONLY,182,"Den Grünen ist Umweltschutz völlig egal, wenn die Zerstörung der Umwelt weit genug weg ist! Elektroauto Elektromobilitaet Lithiumabbau",0,0,keine Hassrede,0.9916155338287354
HASOC,PER_ONLY,183,[PER] und einen wunderschönen Ostersonntag!,0,0,keine Hassrede,0.9847415089607239
HASOC,PER_ONLY,184,"Samstag Nachmittag. Die Sonne lacht. Münsteraner sitzen im Freien an den Tischen einer Gaststätte. Ein Mann fährt in die Gruppe, tötet und verletzt dabei viele Gäste. Anschließend erschießt er sich selbst. Und Onlinemedien schreiben 'Zwischenfall'. – Es ist zum Schreien! Münster",0,1,Hassrede,0.8908166289329529
HASOC,PER_ONLY,185,"Die 300.000 Haushalte, denen wegen der hohen Strompreise der Saft abgedreht wurde sollen zukünftig wenigstens aus der Mülltonne essen dürfen, fordert grüner Justizsenator.",0,0,keine Hassrede,0.6451296210289001
HASOC,PER_ONLY,186,"Ein Ministerium entscheidet, was eine Meinung ist. Das hatten wird doch schon mal in Deutschland, BMFSFJ.",0,0,keine Hassrede,0.7762905359268188
HASOC,PER_ONLY,187,mainwasser Vorwärts auf dem Weg zur Sozialistischen Einheitspartei Deutschlands.,0,0,keine Hassrede,0.9873527884483337
HASOC,PER_ONLY,188,"Ein EU-Parlament zu wählen, das eigentlich überhaupt nichts zu melden hat, sondern von einigen von Banken gesteuerten Kommissaren, die weitgehend diktatorische Entscheidungsbefugnisse haben, ignoriert und verlacht wird, ist demokratischer Mummenschanz. Im Bild: Juncker-Zitat.",0,0,keine Hassrede,0.9463443756103516
HASOC,PER_ONLY,189,Wenn ich den sehe platzt mir die Halsschlagader [PER] huldigen wie ein Unterwürfiger mit allen Mitteln bei [PER] beliebt machen möchte unsympathischer Politiker kein eigenes Profil via [PER],0,1,Hassrede,0.9133565425872803
HASOC,PER_ONLY,190,"[PER] ...und Frau KGE freut sich, da nun immer mehr Leute ihr Leben täglich neu aushandeln müssen.",0,0,keine Hassrede,0.9919503331184387
HASOC,PER_ONLY,191,"Ein Fall für [PER] ,Sondersendungen und am besten ''Thursday for Future'' warum sollten man nur Freitag frei nehmen-jetzt wo es eh so warm ist",0,0,keine Hassrede,0.6908227801322937
HASOC,PER_ONLY,192,na für schlechte Zeiten hat sie sich ja genug angefressen mal schauen in welchem Vorstand sie bald auftaucht,0,0,keine Hassrede,0.893218994140625
HASOC,PER_ONLY,193,"Schlaraffenland 2.500 Ausländer kommen trotz [PER] zurück/ Zwischen Anfang 2017 und Ende April 2019 wurden laut Bundesinnenministerium Fördermittel in Höhe von rund 83.000 Euro zurückgezahlt. Im Jahr 2018 wurden für das Förderprogramm knapp 9,5 Millionen Euro aufgewendet.",0,0,keine Hassrede,0.52944016456604
HASOC,PER_ONLY,194,"Witz zum Wochenende: der Mann, der nie vom Volk gewählt wurde, der Linksradikale Bands gutfindet, die Gewalt gegen Polizisten und Andersdenkende propagieren, der sich als Präsident nie neutral verhält, warnt vor Verachtung der Demokratie...",0,1,Hassrede,0.897479236125946
HASOC,PER_ONLY,195,Ungebeten1 Dann könnte man den Wald aber nicht kapitalisch nutzen,0,0,keine Hassrede,0.9941083192825317
HASOC,PER_ONLY,196,"Herr Abboud aus Syrien hat drei Frauen und 13 Kinder. Zum perfekten Glück fehlt noch die deutsche Staatsbürgerschaft, die Herr [PER] jetzt anstrebt.",0,0,keine Hassrede,0.8893018960952759
HASOC,PER_ONLY,197,Daher umso wichtiger: Schland braucht noch mehr und vor allem neue Fachkräfte.,0,0,keine Hassrede,0.7627015113830566
HASOC,PER_ONLY,198,Mit seinem Bestseller Deutschland schafft sich ab schlug ThiloSarrazin vor 8 Jahren eine tiefe Schneise in das Dickicht der Politischen Korrektheit. Seine Vorschläge zur Bevölkerungspolitik und zur Gesundung Deutschlands sind nach wie vor gültig.,0,0,keine Hassrede,0.8511772751808167
HASOC,PER_ONLY,199,Uwe_Junge_MdL Jetzt ist der Zeit die Patrioten von ganze Welt Aktiv werden und nicht mehr zu lassen die Globalsten für uns entscheiden .leider unsere Regierung bis jetzt haben die Radikalsten unterstützt Beispiel islamische Republik Iran die habe 40 Jahre Auge zugedrückt und jetz...,0,0,keine Hassrede,0.5112610459327698
HASOC,ORG_ONLY,0,"Innerhalb 24 Stunden ist nun die 3. in Malmö explodiert Familien sind vom Knall wach geworden, der den Eingangsbereich ihres Wohnhauses in Rosengård komplett zerstörte die organisierte Bandenkriminalität hat freie Bahn und läßt es ordentlich krachen",0,0,keine Hassrede,0.6377414464950562
HASOC,ORG_ONLY,1,"Heißt übersetzt: Der, der mit der deutschen Flagge wedelt, zündet auch Asylheime an? Wie bekloppt ist der Mann?",1,1,Hassrede,0.515274167060852
HASOC,ORG_ONLY,2,"Diejenigen, welche einen solchen Scheiss rauslassen könnte man noch verkraften. Aber dass man damit Millionen blinde Waehler findet ist das Schlimme und sollte zu denken geben.",0,1,Hassrede,0.7004186511039734
HASOC,ORG_ONLY,3,Alle feiern und die [ORG] legen Brände. Die linke Szene bekommt mit ihren Taten keine Anerkennung der Bevölkerung!,1,0,keine Hassrede,0.9602510333061218
HASOC,ORG_ONLY,4,"Yeah Claudia Roth: '[ORG]; grüne Wähler sind die am BESTEN AUSGEBILDETEN Menschen, die den HÖCHSTEN Bildungsstand haben.' (N24-Interview mit [ORG]; [ORG]) SpeicherBaerbock: Strom verstopft die Netze. Künast verwechselt Lincoln +Washington, Polen+Slowakei.",0,0,keine Hassrede,0.6612527966499329
HASOC,ORG_ONLY,5,"Weil in Bremen 50 Korane zerrissen wurden sendet das [ORG] 15 Minuten lang einen Bericht der Empörung. Das in DessauRoßlau ein 9 Jähriges Mädchen von einem Flüchtling vergewaltigt und von Zeugen gestellt wurde, darüber schweigt das ZDFheute",0,1,Hassrede,0.7883778214454651
HASOC,ORG_ONLY,6,"Ich würde der [ORG] die 1.000 Euro Arbeitslosengeld geben. Die wären bedeutend besser angelegt als die Diät. Der [ORG], alias das A…loch Wiltewka, Papa Wilberg von der Capitol und O. Wilke Linke Berlin kannweg mussweg",1,0,keine Hassrede,0.6731774806976318
HASOC,ORG_ONLY,7,und sehen auch noch Klasse aus,0,0,keine Hassrede,0.9754419326782227
HASOC,ORG_ONLY,8,+++ Bundesregierung gibt auf Anfrage der AfDimBundestag zu: Hetzjagden-Aussage zu Chemnitz beruht ausschließlich auf Medienberichten[ORG] ehemalige Präsident des [ORG] hatte doch Recht! DeutschlandKurier,0,0,keine Hassrede,0.6591147780418396
HASOC,ORG_ONLY,9,"Contra-Mag.:Österreich schließt Saudi-Kulturzentrum: Die österreichische Regierung will ein saudi-arabisches Kulturzentrum schließen. Grund sind Menschenrechtsverletzungen. Von Redaktion Die österreichische Regierung hat Pläne angekündigt, ein von…",0,1,Hassrede,0.5660707354545593
HASOC,ORG_ONLY,10,[ORG] erklärt: Bevölkerungsaustausch ist Faktum!,0,0,keine Hassrede,0.9903023838996887
HASOC,ORG_ONLY,11,Toll...und bald schwingen wir uns wieder von Ast zu Ast...,0,0,keine Hassrede,0.7733705043792725
HASOC,ORG_ONLY,12,Ich habe einen Geburtstagswunsch. Unterstützt bitte das Crowdfunding von WannWennNichtJetzt. Die Tour kommt am 27. Juli auch nach Bautzen!,0,0,keine Hassrede,0.9598243832588196
HASOC,ORG_ONLY,13,"Wer Dinner for One nicht im TV sehen kann, hier kann man es sich runterladen bzw. online ansehen. Silvester",0,0,keine Hassrede,0.930740237236023
HASOC,ORG_ONLY,14,"Eric Zemmour über Daniel Cohn-Bendit, Politiker v Die_Gruenen, bis 2014 im [ORG] für [ORG]: 'Cohn-Bendit blieb, was er seit 50 Jahren ist: Ein Deutscher Anarchist.' 'DCB est resté ce qu'il était il y a 50 ans: Anarchiste Allemand.'",0,0,keine Hassrede,0.6261689066886902
HASOC,ORG_ONLY,15,die neue Karriere nach der Karriere als Missionarin in Israel,0,0,keine Hassrede,0.9728577136993408
HASOC,ORG_ONLY,16,alle müssen etwas mehr tun Sonst wird es viel Leid geben. Mehr als 1945. Viel mehr Und in jeder Hinsicht,0,0,keine Hassrede,0.6432808041572571
HASOC,ORG_ONLY,17,"1. Wer stellt so eine Falle? 2. Wozu? 3. Warum geben sie das Video 2 Jahre später an Medien? 4. Was lief 2017-19? 5. Gab es Druck auf [ORG]? 6. Warum gehen 2 Spitzenpolitiker in ein Treffen, recherchieren scheinbar kaum - Name war erfunden! - und reden dann frei von der Leber?",0,0,keine Hassrede,0.6636785268783569
HASOC,ORG_ONLY,18,"Den letzten Chatkontakt und WhatsApp Lebenszeichen hatte Rebecca auch nicht um 0.06 Uhr mit ihrer besten Freundin, wie sie selbst glaubte. Sondern um 1.07 Uhr mit jemand anderem, welcher auch überhaupt nicht, in keinster Weiße irgendwie verdächtig wirkt. findbecci rebecca",0,0,keine Hassrede,0.9858390092849731
HASOC,ORG_ONLY,19,"+++ [ORG] - Zukunft für Europa +++ AfD-Europawahl-Programm, Kapitel 6.5: ❝Remigration statt Massenzuwanderung❞ Nicht „Resettlement”, also Umsiedlungsprogramme nach Europa, sind das Gebot der Stunde, sondern das Gegenteil!",0,0,keine Hassrede,0.9177024960517883
HASOC,ORG_ONLY,20,"Man wundert sich, wie viel Aufruhr es verursacht, wenn souveräne Staaten die Unterzeichnung einer 'rechtlich unverbindlichen' Absichtserklärung verweigern. Wenn der Pakt doch so harmlos ist und keinen Staat zu irgendetwas zwingt, warum dann das Geschrei? Migrationspaktstoppen",0,0,keine Hassrede,0.8638015389442444
HASOC,ORG_ONLY,21,"Korrektheiten Amir ist absolut Spitze! Ich habe einiges durch seine Videos lernen können, hat es mega drauf!!",0,0,keine Hassrede,0.8948317766189575
HASOC,ORG_ONLY,22,Ungebeten1 Einen wunderschönen Guten Morgen wünsche ich Dir - trotz Arbeit . Heißen die Weihnachtsmärkte jetzt nicht Jahresendmärkte?,0,0,keine Hassrede,0.9974163174629211
HASOC,ORG_ONLY,23,Nach suboptimalem Fahrverhalten zweier Autofahrer in Bahrenfeld und Altenwerder wurden ihre hochwertigen Fahrzeuge und die Führerscheine sichergestellt.,0,0,keine Hassrede,0.8888564109802246
HASOC,ORG_ONLY,24,da würden noch soviele Fressen mehr rein passen! aber leider platz mangel,1,0,keine Hassrede,0.9245628714561462
HASOC,ORG_ONLY,25,"Contra-Mag.:Washingtons Sucht nach Krieg durchbrechen: Washington ist in einem ständigen Zustand des Kriegsrausches. Die Frage, wie man mit den globalen Herausforderungen umgehen soll, scheint immer mit der gleichen Antwort beantwortet zu werden:…",0,1,Hassrede,0.8041433095932007
HASOC,ORG_ONLY,26,"XYEinzelfall tantegerd1 Ein Vater kann seinen Sohn nicht kidnappen! Wenn schon dann wurde er wegen Entzug der Sorge,verurteilt!",0,0,keine Hassrede,0.9387442469596863
HASOC,ORG_ONLY,27,"Nochmals zum StracheVideo: Wer stellt Strafanzeige gegen [ORG] und SZ? Beachte: Die angesprochenen Medien haben offen zugegeben, dass sie wussten, dass es sich 'um eine Falle handelte'. (§ 201a StGB) strache ibizavideo",0,0,keine Hassrede,0.7339663505554199
HASOC,ORG_ONLY,28,+++ Brexit-Nachrichtenüberblick +++: Ökonom Sinn warnt vor harter Haltung gegenüber Briten,0,0,keine Hassrede,0.795866072177887
HASOC,ORG_ONLY,29,"Ich finde es nach wie vor wider die Natur und nehme mir die Freiheit heraus, dies zu sagen. Man kann mich dafür hassen, aber das ist meine Meinung.",0,0,keine Hassrede,0.979499340057373
HASOC,ORG_ONLY,30,"VenomStrike3 [ORG] AfD Abgesehen vom schleichenden Verlust der nationalen Identität und Kultur haben wir mit vielen Einwanderergruppen auch kaum Probleme. Es gibt aber ein spezifisches Problem mit Einwanderung aus islamischen Ländern, siehe Sarrazins Buch. Viele Muslime wollen sich gar nicht ändern.",1,0,keine Hassrede,0.8789660930633545
HASOC,ORG_ONLY,31,Na sowas? Dalai Lama verbreitet AfD-Ansichten und bekommt für seine 'fremdenfeindlichen' und 'rassistischen' Aussagen auch noch Beifall!,0,1,Hassrede,0.984550416469574
HASOC,ORG_ONLY,32,"[ORG] wählt, bekommt NsDAP",0,0,keine Hassrede,0.9211378693580627
HASOC,ORG_ONLY,33,"Vorwurf: „faktisches Einreiseverbot für viele ältere Fachkräfte“. Tatsache: wir wollen keine Einwanderung in Sozialsysteme. Also sollen nur diejenigen einwandern, die eine eigenständige Altersversorgung aufbauen können. Halte ich unter dem Strich für richtig einwanderungsgesetz",0,0,keine Hassrede,0.6554346680641174
HASOC,ORG_ONLY,34,"[ORG] Experten nun Endlich nach [ORG] hatte der [ORG] aus Sicherheitsgründen den Zugang verwehrt! Problem : Das Kampfgas ist sehr flüchtig,und soll nach 7 Tagen,nicht mehr nachzuweisen zu sein! Nun wer das Normal findet,der kann nur ein Troll sein!",0,0,keine Hassrede,0.8114452362060547
HASOC,ORG_ONLY,35,Mindener (54) wird durch Messerstich schwer verletzt - 17-Jähriger in Haft. Täter ein 17 Jahre alter syrischer Staatsangehöriger,0,0,keine Hassrede,0.6344661116600037
HASOC,ORG_ONLY,36,"Jetzt beginnt wieder diese Jahreszeit, in der man dauernd fremder Leute Tätowierungen ansehen muss.",0,0,keine Hassrede,0.8795040845870972
HASOC,ORG_ONLY,37,"[ORG] akk Unmöglich, das wären dann 'Nazimethoden' ;)",0,1,Hassrede,0.5849494934082031
HASOC,ORG_ONLY,38,"...es ist nur noch lächerlich...! Die [ORG] gibt es seit 6 Jahren und sie hat seit dem KEIN Rentenkonzept...! ...dafür die höchste Kriminalitätsquote aller Abgeordneten, eine Spendenaffäre und ein Prüffall beim Verfassungsschutz ist sie auch...!",0,0,keine Hassrede,0.790840208530426
HASOC,ORG_ONLY,39,"Wir sind das einzige Land, in dem nun nachgewiesen gelenkte Staatspropaganda gegen die eigenen Bürger auch noch von selbigen selbst bezahlt werden müssen! [ORG] sofort abschaffen! [ORG]",0,1,Hassrede,0.9626732468605042
HASOC,ORG_ONLY,40,"Trump schlägt vor, illegale Einwanderer nur in Städten von [ORG] regiert unterzubringen, da [ORG] Abschiebungen Illegaler blockieren. Tolle Idee, sollte man auch hier anwenden.",0,0,keine Hassrede,0.8716269731521606
HASOC,ORG_ONLY,41,"Früher warst du 30 Jahre eingesperrt. Oder du hast dein eigenes Leben riskiert, für die Idee Freiheit und Demokratie. Heute reicht Schulschwänzen gegen den Klimawandel für den Friedensnobelpreis. Den Preis kann man schon vergessen.",0,0,keine Hassrede,0.9306539297103882
HASOC,ORG_ONLY,42,"MMNews: Ramelow, Günther: AfD Bedrohung für Deutschland: Die Ministerpräsidenten von Schleswig-Holstein und Thüringen warnen in einem gemeinsamen Interview vor einem weiteren Erstarken der Rechtspopulisten. [ORG]...",0,1,Hassrede,0.6999480128288269
HASOC,ORG_ONLY,43,AdivonPoes reissmann _donalphonso,0,0,keine Hassrede,0.9118899703025818
HASOC,ORG_ONLY,44,"Wer weite Teile der [ORG], Flüchtlingshelfer, Seenotretter, FridaysForFuture, YouTuber - diffamiert, der hat wirklich gar nichts verstanden. KonstantinNotz on fire bei der Debatte zum Migrationspaket",0,0,keine Hassrede,0.8966715931892395
HASOC,ORG_ONLY,45,Hartes_Geld schon traurig wenn man nicht mal mehr im eigenen land sicher ist.,0,0,keine Hassrede,0.6602252125740051
HASOC,ORG_ONLY,46,"Aldous Leonard Huxley: „Tatsachen schafft man nicht dadurch aus der Welt, dass man sie ignoriert!'",0,0,keine Hassrede,0.9331163763999939
HASOC,ORG_ONLY,47,Schultze-Rhonhof über die Ursachen des Zweiten Weltkrieges,0,1,Hassrede,0.5317321419715881
HASOC,ORG_ONLY,48,[ORG],0,0,keine Hassrede,0.9416525363922119
HASOC,ORG_ONLY,49,Die Strafanzeige der [ORG] zu einem nächtlichen Einsatz in Widdersdorf umfasst inzwischen einige Seiten.Nachbarn hatten sich wegen Ruhestörung beschwert.Die Polizei rückte schließlich mit 20 Beamten an und legte einen ZDF-Reporter in Handschellen.,0,1,Hassrede,0.5053481459617615
HASOC,ORG_ONLY,50,Gut wenn die Erfinder dieser Lügen Geschichte bestraft werden! FAKENEWS,0,0,keine Hassrede,0.729553759098053
HASOC,ORG_ONLY,51,"Ungebeten1 Moin, wünsche dir trotzdem einen schönen Tag!",0,0,keine Hassrede,0.9969764351844788
HASOC,ORG_ONLY,52,"Teilen! Mindestens 80 Millionen mal! Bis auch der letzte Nachtwächter versteht, was hier abgeht!",0,0,keine Hassrede,0.5846774578094482
HASOC,ORG_ONLY,53,Istanbul: Polizei schießt Attentäter am Flughafen an – Dann sprengt er sich in die Luft,0,0,keine Hassrede,0.8500849008560181
HASOC,ORG_ONLY,54,"Schandal 9 Jahre alt, Maria 11 Jahre alt und Kevin wird 8 Jahre vorsichtig die drei sind traumatisiert Am 24.April drang dieses Trio in ein Mehrfamilienhaus in der Bismarckstraße in Bochum-Wattenscheid ein In der Wohnung durchsuchten sie mehrereSchränke und klautenSchmuck",0,0,keine Hassrede,0.6859531402587891
HASOC,ORG_ONLY,55,"Kennt ihr noch das Buch 'die Welle'? Die Gutmenschen merken gar nicht, dass sie in ihrer hysterischen Jagd auf AfDler Hauptakteure im größten Manipulation-der-Massen-Experiment der Nachkriegszeit sind.",0,1,Hassrede,0.8528873324394226
HASOC,ORG_ONLY,56,"Juncker, anscheinend wieder angetrunken, wird zur Gefahr für sich und seine Umgebung.",0,0,keine Hassrede,0.7926458120346069
HASOC,ORG_ONLY,57,Ralf64904117 Das sind Dienstleiterinnen im MedienVerkehr. ;),0,0,keine Hassrede,0.9062308073043823
HASOC,ORG_ONLY,58,Artikel vom 9.4.2019 'Täglich werden in Frankreich drei Gotteshäuser Opfer von Vandalismus. Von der [ORG] wurden die Vorfälle lange nicht an die große Glocke gehängt – jetzt finden sie größere Aufmerksamkeit. ',0,0,keine Hassrede,0.5222418308258057
HASOC,ORG_ONLY,59,"Dieser ganze EuropaistdieAntwort Kram klingt schlimmer als eine Sekte und hat überhaupt nichts mit Europa zu tun, sondern mit einem EU-'Sozialismus'Monster, indem indigene Europäer ihre Kultur+Identität+Wohlstand aufgeben sollen.",0,0,keine Hassrede,0.9023412466049194
HASOC,ORG_ONLY,60,gute Versicherung wird immer wichtiger in Deutschland,0,0,keine Hassrede,0.9022572636604309
HASOC,ORG_ONLY,61,"Wenn Koran, Scharia und Hadithe sowie die 800 Kriegszüge &amp; Judenprogrome Mohammed's nicht mit Christi Botschaft vereinbar sind - dann sind selbige Einschränkungen/Vorschriften (Viel-/Kinderehe, Frauenrechte) nicht mit unserer säkularen [ORG] vereinbar.",0,1,Hassrede,0.54103022813797
HASOC,ORG_ONLY,62,Ralf64904117 Hat die überhaupt ein anerkanntes Hochseepatent. Ansonsten frage ich ob Beszeichnungen wie 'Kapitän' Amtsanmaßungen sind?,0,0,keine Hassrede,0.6487255096435547
HASOC,ORG_ONLY,63,na endlich geht es Bergauf mit den Deutschen,0,0,keine Hassrede,0.964392364025116
HASOC,ORG_ONLY,64,"2 Hammer Schlagzeilen auf der Hälfte der B-Zeitung! [ORG] Kommt [ORG] eigentlich noch klar? Liebe fleißigen Deutschen Staatsbürger,habt IHR dafür jahrzehnte geackert/gebuckelt um so als Rentner abgespeist zu werden? SO VIEL [ORG] GIBT’S NICHT DASS [ORG] ALLE [ORG]",0,0,keine Hassrede,0.6512243151664734
HASOC,ORG_ONLY,65,[ORG],0,0,keine Hassrede,0.9416525363922119
HASOC,ORG_ONLY,66,DANIEL COHN-BENDIT - [ORG] POLITIKER im INTERVIEW Mitschnitt mit Untertiteln von einem Video des heutigen Europa Abgeordneten der [ORG].,1,0,keine Hassrede,0.7726927399635315
HASOC,ORG_ONLY,67,Uwe_Junge_MdL WilhelmTell77 Er soll bitte wieder in Russland demonstrieren,0,0,keine Hassrede,0.8024778366088867
HASOC,ORG_ONLY,68,Das ist der Brüller des Monats.. 05.06.19 Satire kann unser Finanzminister,0,1,Hassrede,0.7247760891914368
HASOC,ORG_ONLY,69,[ORG] verschiebt offenbar [ORG] zur Rente AfD Rente,0,0,keine Hassrede,0.806151270866394
HASOC,ORG_ONLY,70,[ORG] akk Sie würde Andersdenkende gerne verfolgen und einschüchtern lassen.,0,1,Hassrede,0.7397828698158264
HASOC,ORG_ONLY,71,"WOW!!! Fahrradständer als Klimaschutzprojekt... was für eine völlig neue Idee, endlich gibt es Fahrradständer an Schulen... das ich das noch erleben darf... DANKE GRETA!!!!",0,0,keine Hassrede,0.9334347248077393
HASOC,ORG_ONLY,72,sehr richtig und gut gesagt!! und viele doofmichels begreifen das nicht mal!!,1,0,keine Hassrede,0.8249691128730774
HASOC,ORG_ONLY,73,von Ursula Haverbeck – An die “Europawähler”,0,0,keine Hassrede,0.7335183024406433
HASOC,ORG_ONLY,74,"Innsbruck: Tirolerin und Türke knacken 2018 zahlreiche Automaten bei Auto-Waschanlagen und Tankstellen, anhand dort gefundener DNA kommt heraus, dass der Türke auch für Vergewaltigung einer Frau in Innsbruck in der Silvesternacht 2012 verantwortlich ist",0,1,Hassrede,0.5972967147827148
HASOC,ORG_ONLY,75,Ur-Großvater im Krieg gedient! Großvater im Krieg gedient! Vater und Schwiegervater im Krieg gedient. Teilweise viele Jahre in Gefangenschaft. Für was?! [ORG]...: ⁦Mundaufmachen⁩ ⁦AfD⁩ UnserLandUnsereKultur,0,0,keine Hassrede,0.6226409673690796
HASOC,ORG_ONLY,76,"Hartes_Geld Du behinderter Hurensohn. Wäre das ein „nobler Patriot“ gewesen, hättest du deine minderwertige Stimme wegen des [ORG] so repressiven Staatrs erhoben. [ORG].",1,1,Hassrede,0.7568455934524536
HASOC,ORG_ONLY,77,Die bayerische AfD-Fraktionsvorsitzende Ebner-Steiner hat Faschingskostüme mit Fraktionsgeldern bezahlt.,0,0,keine Hassrede,0.6767805218696594
HASOC,ORG_ONLY,78,Senioren beleidigen junge Kopftuchträgerinnen – Festnahme na geht doch! endlich mal Eier in der Hose die Polizei ach moment ich dachte andersrum aber so mag man es ja eher im versifften Berlin da kam die mutige Polizei zu der Oma und ab ging die [ORG] mit der räächten,0,1,Hassrede,0.6279990673065186
HASOC,ORG_ONLY,79,"Hartes_Geld Was solche verstandsbefreite, bildungsferne Vollpfosten hervorbringt, ist die Tatsache das wir schwerst Geistesgestörte nicht mehr in die geschlossene Psychiatrie einweisen, wie es sich gehört, sondern diese ein 24/7 Freilauf haben.",1,1,Hassrede,0.730995774269104
HASOC,ORG_ONLY,80,Italien Sprachunterricht für Migranten. Ist raus geworfenes Geld.,0,0,keine Hassrede,0.9311517477035522
HASOC,ORG_ONLY,81,Ungebeten1 ichbinkoelnerin Verbotspartei grüne,0,0,keine Hassrede,0.9830920100212097
HASOC,ORG_ONLY,82,Hartes_Geld HaraldBecker80 ichbinkoelnerin willnurschreibn 66Norweger66 burger_ein RolandTichy [ORG] Lebensformation 4Kolner GudrunBecker11 [ORG],0,1,Hassrede,0.8504966497421265
HASOC,ORG_ONLY,83,"Kurzkommentar manu_mie Ralf_Stegner Bei uns in Deutschland wird der Hehler höher bestraft als der Täter! Es ist wohl völlig egal,wer die Chemiewaffen eingesetzt hat! Wäre Russland schon beim ersten Chemieeinsatz bereit gewesen,eine Warnung von der [ORG] zu unterzeichnen,würden viele noch leben!",1,0,keine Hassrede,0.7960667610168457
HASOC,ORG_ONLY,84,Die HHBombe in Wilhelmsburg ist erfolgreich entschärft. Herzlichen Dank an unseren Kampfmittelräumdienst EinsatzfuerHamburg,0,0,keine Hassrede,0.9071826338768005
HASOC,ORG_ONLY,85,"Altes Sprichwort: Hast du die einmal im Haus, bekommst du die nie wieder raus. Deshalb immer Achtung vor getarnten [ORG]; [ORG]. Türkei kann man auch gegen [ORG] ersetzen. Der [ORG], alias Wiltewka, Wilberg, WilayaWilanar",1,0,keine Hassrede,0.6752488017082214
HASOC,ORG_ONLY,86,"Nicht gleich 'den Bettel hinschmeißen' – Bettel, bedeutet Nutzloses. Und diese Einstellung ist das einzige Problem was dieses Land hat. Kohl, [ORG] (R.I.P.) müssen schon wieder im Grab umgedreht werden. Der [ORG] merkelmussweg",1,0,keine Hassrede,0.9362093210220337
HASOC,ORG_ONLY,87,"'Passanten entdecken einen 13j Jungen im Bereich der Stephansschule in der Saarbrücker Straße in Schmelz. Das Kind ist aufgehängt worden! Die Wiederbelegung gelingt, der Junge kommt schwer verletzt in eine Klinik. Noch ist unklar, ob er überleben wird.'",0,0,keine Hassrede,0.6510584354400635
HASOC,ORG_ONLY,88,armesdeutschland,0,0,keine Hassrede,0.7555548548698425
HASOC,ORG_ONLY,89,"Ich mag Kim Jong Un. Denn der liebt die Umwelt, fährt mit dem Zug, teils sogar mit sauberem Ökostrom auf die Leute zu, während die meisten [ORG] immer fortfahrend das Umfeld verpesten. Und besser reiten kann er auch. Der eklige grüne EkelWilfred",1,0,keine Hassrede,0.8819171190261841
HASOC,ORG_ONLY,90,EUROPAstattEU,0,0,keine Hassrede,0.9213274717330933
HASOC,ORG_ONLY,91,"BlondJedi annewill Anne Will ist eine journalistische Null, die jedes Mal über das Systemstöckchen springt, wenn sie auf Sendung geht. Kritisch, investigativ!? Nein, aber dafür manipulative, polarisierend",0,0,keine Hassrede,0.8144194483757019
HASOC,ORG_ONLY,92,Hartes_Geld Beim nächsten Amri hat wieder keiner was gewußt.,0,0,keine Hassrede,0.6299951672554016
HASOC,ORG_ONLY,93,"[ORG] Darf man als Deutscher höflich die Frage stellen? Könnte es sein, daß viele Richter bestochen bzw. befangen sind???",0,0,keine Hassrede,0.9452623724937439
HASOC,ORG_ONLY,94,"Zweimal vier gibt zwei runden Bier. Oder doppelt hält besser. Der [ORG], alias das A…loch Wiltewka, Papa Wilberg von der Capitol, [ORG] &amp; O. Wilke",1,0,keine Hassrede,0.8476232290267944
HASOC,ORG_ONLY,95,"Schädigung Deutschlands als Kanzler-Richtlinie? Das Gesetz zur Fachkräfteeinwanderung gibt vor, einen Fachkräftemangel beheben zu wollen; tatsächlich ist es ein Freifahrtschein für alle, die nach Deutschland wollen: v.a. für außereuropäische Zuwanderer!",0,0,keine Hassrede,0.8412349820137024
HASOC,ORG_ONLY,96,Migrationist Walter Lübcke: “Jubel über seinen Tod ?”,0,0,keine Hassrede,0.9545935988426208
HASOC,ORG_ONLY,97,“Europäer wählen zwischen Leben und Tod bei der [ORG]”,0,0,keine Hassrede,0.9437442421913147
HASOC,ORG_ONLY,98,"Frauen/Mädchen dürfen im Gegensatz zu Männern keine Hosen bei Gymnastikwettkämpfen anziehen. Kommentar eines Trainers dazu: Frauen haben schöne Körper, das darf man auch sehen. Gaht’s no?",0,0,keine Hassrede,0.9624217748641968
HASOC,ORG_ONLY,99,"Heinrich der Löwe, 158 cm klein! Hitler hat den Sargcofark öffnen lassen und war enttäuscht, Heinrich war ein Zwerg,war nicht Blond und hinkte(war Gehbehindert) Phoenix history",0,1,Hassrede,0.7786611914634705
HASOC,ORG_ONLY,100,"Stromkosten für 100 km im Elektro-Audi: 10,49 Euro. Dieselkosten für 100 km im Audi Q5: 8,13 Euro. :) elektroauto",0,0,keine Hassrede,0.7599100470542908
HASOC,ORG_ONLY,101,"Heute ist Tag der Erhaltung der Artenvielfalt. Bessermenschen freuen sich über jede einzelne Art und wollen auch jede einzelne schützen. Es sei denn, du bist autochoner Europäer eines Nationalstaates. Die sollen nämlich draufgehen zugunsten Arten-Mix. [ORG]",0,0,keine Hassrede,0.989698052406311
HASOC,ORG_ONLY,102,Noch eine neue Steuer: Eine CO2-Abgabe für jeden Lebensbereich soll die Bürger Milliarden kosten. Die höchsten Strompreise reichen noch nicht. Übrigens: Die USA machen nicht mit.,0,0,keine Hassrede,0.7376855611801147
HASOC,ORG_ONLY,103,.......'niemand hat die Absicht eine Mauer zu bauen'......! Afd,0,0,keine Hassrede,0.9298035502433777
HASOC,ORG_ONLY,104,Der NO2-Jahresmittel-Grenzwert für die Außenluft beträgt 40 µg/m3. Eine Zigarette hat 1.200.000 µg. IchfahrDieselTagundNacht,0,0,keine Hassrede,0.8255879282951355
HASOC,ORG_ONLY,105,"gleich mit Gretel Thunfisch Um so größer das Verbrechen , um so größer ihr Wert ! Da weiß man doch gleich in welchem Irrenhaus man gelandet ist . . . !",1,0,keine Hassrede,0.5309515595436096
HASOC,ORG_ONLY,106,"Compact: [ORG] schlägt 13 bei Nestlés Glyphosat-Lisel – Elmis moinbrifn vom 12. Juni: Unser Kolumnist Elmar Hörig macht sich gut als Klöckner von [ORG] und liest der Julia die Leviten, hilft beim Molotow-Löschen nach…",0,0,keine Hassrede,0.8230275511741638
HASOC,ORG_ONLY,107,"Die österreichischen [ORG] werden heute eine rot-blaue Koalition mit der [ORG] eingehen, um die schwarze Übergangsregierung zu stürzen. (Im September ist eh Neuwahl)",0,0,keine Hassrede,0.8602007031440735
HASOC,ORG_ONLY,108,T100007140969 Nicht nur. Die meisten sind Schwaben.,0,0,keine Hassrede,0.9115870594978333
HASOC,ORG_ONLY,109,"Es geht doch nichts über Europäische Medien! Die Feuerwehr ist zwar noch nicht zum Brand durchgedrungen, trotzdem posaunen Medien, dass Bauarbeiten ursächlich wären. Respekt! NotreDame",0,0,keine Hassrede,0.9971693754196167
HASOC,ORG_ONLY,110,[ORG],0,0,keine Hassrede,0.941652238368988
HASOC,ORG_ONLY,111,"Ich 'oute' mich mal: Bin 'Sexist': Ja, mir gefallen schöne Frauen! Bin 'Rassist': Ja, mir werden die Moslems hier langsam zu viel (und zu fordernd). Bin 'Klimasünder': Ja, ich fahre schnelle Autos, liebe Motorboote und fliege oft! Kurz: Bin 'Arschloch' und wohl 'Nazi'. :)",1,1,Hassrede,0.8245376348495483
HASOC,ORG_ONLY,112,"Im besten D aller Zeiten: Schläge, Spucken, Regeln brechen - Hannover setzt Sicherheitsdienste in Freibädern ein. Schon Kinder ab zehn Jahren fallen mit respektlosem Verhalten auf. Für Angestellte gibt es nun Schulungen - etwa Kurse im Umgang mit Gästen mit Migrationshintergrund",0,0,keine Hassrede,0.7398916482925415
HASOC,ORG_ONLY,113,Was glaubt ihr ? Könnte die [ORG] mit Buschkowsky und Sarrazin als Doppelspitze zu neuen Höhen aufsteigen ?,0,0,keine Hassrede,0.9114891290664673
HASOC,ORG_ONLY,114,"Ich kann nicht an meiner Haltestelle aussteigen, weil mein Rock in der U-Bahn-Tür auf der gegenüberliegenden Seite eingeklemmt ist und jetzt muss ich so lange weiterfahren bis eine Haltestelle kommt, die auf der Seite liegt, keine Ahnung, wann das ist und wie gehts euch so?",0,0,keine Hassrede,0.780397355556488
HASOC,ORG_ONLY,115,Uwe_Junge_MdL [ORG] u.[ORG] werden nur überleben wenn sie sich reformieren und nach Rechts rutschen und das Asyl und Aufenthaltsrecht drastisch verschärfen und die Massenmigration stoppen!,0,0,keine Hassrede,0.6563452482223511
HASOC,ORG_ONLY,116,"[ORG] immer, rückwärts nimmer!",0,0,keine Hassrede,0.789452850818634
HASOC,ORG_ONLY,117,ich bin och für Gleichberechtigung,0,0,keine Hassrede,0.9953795075416565
HASOC,ORG_ONLY,118,[ORG] in Brandenburg jetzt Nummer 1. Die Wahlen im Herbst werden das politische Gefüge in ganz erschüttern und vllt. auch die [ORG] sprengen. Ich freue mich drauf!,0,0,keine Hassrede,0.927176833152771
HASOC,ORG_ONLY,119,"[ORG] sind heutzutage gut ausgebildete Fachkräfte,die den derzeitigen Fachkräftemangel aufhalten!Durch Ihre Einstellung zur Familie,sind Sie Prädestiniert, Führungsaufgaben zu erfüllen! Sie kommen,wenn überhaupt, dem Wunsch des Kinderkriegen nach und ..",0,0,keine Hassrede,0.8603018522262573
HASOC,ORG_ONLY,120,Beatrix von Storch: „Das Ergebnis der [ORG] ist irrelevant“,0,0,keine Hassrede,0.9018044471740723
HASOC,ORG_ONLY,121,Bau einer E-Auto-Batterie erzeugt 17 Tonnen CO2 FridayForFuture Die_Gruenen,0,0,keine Hassrede,0.9188574552536011
HASOC,ORG_ONLY,122,Ungebeten1 StoergroesseM 0Siegfried Twitter Anani ist irgendwas mit mutter und sikerim irgendwas mit ficken. Aber so gut ist mein türkisch auch wieder nicht.,1,0,keine Hassrede,0.9885665774345398
HASOC,ORG_ONLY,123,Laut BILD-Zeitung will eine Gruppe von [ORG] aus Bayern den Rechtspopulisten Sarrazin als Parteivorsitzenden. Der traditionell eher linksstehende Landesverband weiß davon nix. Auch die [ORG] nennt keine Mitglieder. /TN BayernSPD,0,0,keine Hassrede,0.7219046354293823
HASOC,ORG_ONLY,124,Das ist Achmed. Achmed ist Istanbul-Terrorist und Mehrfachmörder. Früher war Ahmed Flüchtling in Österreich. NurSo,1,0,keine Hassrede,0.9807469248771667
HASOC,ORG_ONLY,125,Was davon in unseren Medien gehört?,0,0,keine Hassrede,0.7586954236030579
HASOC,ORG_ONLY,126,Im Jahr des Dolches 2017 gab es in Deutschland schon über 1.600 Messerattacken in nur 5 Monaten JahrdesDolches,0,1,Hassrede,0.7058433890342712
HASOC,ORG_ONLY,127,"Allein,diese Fertigstellung einer Flüchtlingsaufnahmestelle in Stendal bis 2022 beweist, dass es sich um geplante Aktionen, die nicht zurück geschraubt werden, handelt Es ist kein Zufall Es ist Plan Deutschland und Europa zu zerstören Wacht endlich auf Wählt blau",0,0,keine Hassrede,0.5531527996063232
HASOC,ORG_ONLY,128,Ungebeten1 CDU-Senilioren ...,0,0,keine Hassrede,0.9733949303627014
HASOC,ORG_ONLY,129,Heiko Schrangs Wahlempfehlung zur EU-Wahl,0,0,keine Hassrede,0.8952789902687073
HASOC,ORG_ONLY,130,"Der Wahlomat zur Europawahl2019 wurde abgeschaltet. Das Verwaltungsgericht 'sieht die Chancengleichheit kleiner Parteien verletzt', weil nur maximal acht Parteien zum Vergleichen ausgewählt werden können.",0,0,keine Hassrede,0.6586666107177734
HASOC,ORG_ONLY,131,Tolle Aussichten...Schweden ist ja immer Vorbild für [ORG],0,0,keine Hassrede,0.9435323476791382
HASOC,ORG_ONLY,132,"Wohnnot: Uwe_Junge_MdL wirft [ORG] vor, Wohnungen einst verschleudert zu haben. Antwort des FM_RLP auf Anfrage der AfDFraktionRLP zeigt: Land verkaufte 1998 Anteil an Heimstätte [ORG] (30,27 Prozent) mit Bestand von rund 20.600 Wohnungen für 116,5 Millionen Mark.",0,1,Hassrede,0.7545393705368042
HASOC,ORG_ONLY,133,"[ORG] : [ORG] mit dem ... Äh, was?",0,0,keine Hassrede,0.8623363375663757
HASOC,ORG_ONLY,134,"Ja,schon seit Jahren! Ich muß dran denken,das Sie jeden Frühling wiederkommen und die Türen zum Wohnbereich schließen,sonst nehmen Sie das ganze Haus in Beschlag!",0,0,keine Hassrede,0.5276499390602112
HASOC,ORG_ONLY,135,Tim: [ORG] Beispiel! [ORG]! So wird getäuscht!,0,0,keine Hassrede,0.7432262301445007
HASOC,ORG_ONLY,136,"Linkspropaganda verbreitende Internetplattformen wie t-online schäumen, weil AfD-Politiker nach Syrien reisen! 'Der Besuch soll offenbar dazu dienen, das Bild eines Landes zu verbreiten, in dem das Leben bereits wieder seinen normalen Gang geht.",0,0,keine Hassrede,0.8548856973648071
HASOC,ORG_ONLY,137,"Danke * des Südens, vom Leuchtturm des Westens.",0,0,keine Hassrede,0.9975749850273132
HASOC,ORG_ONLY,138,"Vor der Uni-Bibliothek (Jura!). 'Isch, misch, Digger' Gelabere von schmieriger Klientel, die eher in Döner-Laden+unseriöse Sisha Bar statt an die [ORG] gehört. Danke an die wahnsinnigen Bessermenschen, die Gesamtschul-Abi+massives Runterfahren unserer Schuldbildung ermöglichten!",1,1,Hassrede,0.9860981702804565
HASOC,ORG_ONLY,139,"Ungebeten1 Naja, für mich sind [ORG] tatsächlich Ausdruck deutscher bürgerlicher Spießigkeit die sich als Weltoffenheit tarnt. Die Engstirnigkeit und Regulierungswut für alles passt auch.",0,0,keine Hassrede,0.9551900625228882
HASOC,ORG_ONLY,140,Tataa! AfD ist stärkste Partei im Osten. Tolle Vorzeichen für die diesjährigen Wahlen. Schock für die Altparteien - Hoffnung für das Vaterland,0,0,keine Hassrede,0.7447936534881592
HASOC,ORG_ONLY,141,[ORG] verurteilt Antifa-Pranger an der [ORG]! Verkehrte Welt! Die Gewaltbereiten warnen vor den Andersdenkende! via junge_freiheit,0,1,Hassrede,0.9368633031845093
HASOC,ORG_ONLY,142,Uwe_Junge_MdL ChristianMars84 Der Wind dreht sich ...,0,0,keine Hassrede,0.9196767807006836
HASOC,ORG_ONLY,143,Nach Wahl in Bremen: 'Das ist das wahre Gesicht': Wut über Grünen-Entscheidung für Links-Regierung,0,1,Hassrede,0.9960695505142212
HASOC,ORG_ONLY,144,"2/3 Der Lutscher auf diesem Bild wohnt in Paris und Barcelona in den teuersten Wohngegenden und war wahrscheinlich noch nie in seinem Leben in Görlitz....wenn ich da an King abode, den Neubürger mit der sagenhaft großen fresse und 345 Anklagen, denke, dann sollte unbedingt",1,0,keine Hassrede,0.6490477919578552
HASOC,ORG_ONLY,145,"FinjaFinte Bei mir haben genau 2 Faktoren dazu geführt, keine Döner mehr zu essen. 1. wurden die Tiere geschächtet, was ich vor meinem Verzicht leider nicht beachtet und bedacht hatte. und 2. Gammelfleischmeldungen zuhauf. Da war mir klar, das alles aus dem Dönerladen nix mehr für mich ist",0,1,Hassrede,0.5763668417930603
HASOC,ORG_ONLY,146,Deutsches Mädchen – Freiheit für Ursula Haverbeck,0,0,keine Hassrede,0.9880215525627136
HASOC,ORG_ONLY,147,"Ihr habt auch schon mitbekommen, dass nächste Woche Fußball WM ist, oder?",0,0,keine Hassrede,0.7983548045158386
HASOC,ORG_ONLY,148,"Vermummte Linksradikale haben in Berlin einen Bus mit Krebspatienten angegriffen. Der Angriff sollte eigentlich Teilnehmern eines Immobilien-Kongresses gelten. Laut Polizei wurde der Bus aus einer Gruppe mit Eiern, Tomaten und Farbbechern beworfen.",0,1,Hassrede,0.8289290070533752
HASOC,ORG_ONLY,149,"Tagesschau berichtet über Vergewaltigung und Mord an 8jähriger in Indien, aber nicht über den 'schweren sexuellen Missbrauch' einer 9jährigen heute in Dessau. Vielleicht liegts am mutmaßlichen Täter, einem Mann aus dem Niger?",0,0,keine Hassrede,0.8440761566162109
HASOC,ORG_ONLY,150,"Was beim Messen rauskommen soll, steht vorher fest. Dafür müssen nur die richteigen Messpunkte gefunden werden....",0,0,keine Hassrede,0.7957603335380554
HASOC,ORG_ONLY,151,Vor 1-2 Jahren hat sich Maas hier auf Twitter schon mal als Justizminister bei FeineSahneFischfilet bedankt. Weil es gegen Rechts ging. Seitdem verachte ich die [ORG].,0,1,Hassrede,0.6350447535514832
HASOC,ORG_ONLY,152,"Zornige Flüchtlinge wurden von der [ORG] nicht nach Europa, sondern nach Tunesien verfrachtet: 'Wir brauchen kein Essen. Wir brauchen keine Medizin. Wir wollen nach Europa', skandieren die traumatisierten Familien! Zarzis",0,1,Hassrede,0.6063868403434753
HASOC,ORG_ONLY,153,"Contra-Mag.:Seyran Ates: „Der politische Islam übernimmt Deutschland“: Deutschland braucht eine radikale Kurswende in seiner Politik gegenüber dem Islam. Das sagt Seyran Ateş, prominente Frauenrechtlerin und Anwältin. Sonst drohe das Land vom politischen…",1,1,Hassrede,0.6903111338615417
HASOC,ORG_ONLY,154,"Afrikas Bevölkerung wird sich bis 2050 verdoppeln. Reicht das, um an eine Invasion aus dem Süden zu glauben?! Was helfen könnte, ist endlich Geburtenkontrolle zu fördern! Dafür bräuchten wir Experten, die können sich dann nennen, wie sie wollen! afd",1,0,keine Hassrede,0.8667221069335938
HASOC,ORG_ONLY,155,Wer [ORG] wählt? Die Wahlhelfer. [ORG] werden nicht gewählt. [ORG] werden gefälscht. so kommt man locker flockig auf so ein Hoch aber keine Angst nach dem Hoch kommt das nächste Tief,0,0,keine Hassrede,0.9747068285942078
HASOC,ORG_ONLY,156,"Kapazitäten im [ORG] und zur [ORG]: Den Islam gibt es erst seit dem 7. Jahrhundert, aber Frans Timmermans, der Kommissionspräsident werden will, meint, dass der [ORG] seit 2000 Jahre zu Europa gehört. Keinen stört's, das Publikum klatscht. Pappnasen",0,0,keine Hassrede,0.8835621476173401
HASOC,ORG_ONLY,157,Uwe_Junge_MdL Junge_Freiheit Die Anzahl der Asylanträge ist wesentlich geringer als die Anzahl der Zuwanderer. Man täuscht mit den Asylzahlen über die wahren Zuwandererzahlen hinweg.,0,0,keine Hassrede,0.8579434156417847
HASOC,ORG_ONLY,158,Jedem das seine Eine Runde Mitleid? Also ich bin für: 'Nö!',0,0,keine Hassrede,0.9950045943260193
HASOC,ORG_ONLY,159,"Polizeibekannter Syrer verletzt Schülerin und Student grundlos 'potentiell lebensgefährlich'. Keiner hilft, alle rennen weg. Opferblut spritzt auf Hose eines Passanten. Dieser droht dem Opfer mit Anzeige wegen Sachbeschädigung. Polizei lässt Syrer laufen.",0,0,keine Hassrede,0.6375693678855896
HASOC,ORG_ONLY,160,"Hartes_Geld ABSCHIEBEN DIESES [ORG]!!.. UND DANM SAGEN WIR,, [ORG],,!!!",1,1,Hassrede,0.6153176426887512
HASOC,ORG_ONLY,161,Zeugenaufruf nach Raub in Horn (Washingtonallee) am 31.05.2019 um 14:00 Uhr. Nach bisherigem Stand der Ermittlungen wurde ein 61-Jähriger in den Rücken getreten und anschließend seiner Geldbörse beraubt. Hinweise bitte an 040 4286 56789,0,1,Hassrede,0.5447257161140442
HASOC,ORG_ONLY,162,"Auszug:'„In fünf arabischen Ländern gaben zwischen 31 und 64 Prozent der Männer an, Frauen sexuell belästigt zu haben. 40 bis 60 Prozent der Frauen berichteten von solchen Erfahrungen.“ ' Jetzt auch endlich bei uns. Danke [ORG] [ORG]",0,0,keine Hassrede,0.5339630246162415
HASOC,ORG_ONLY,163,"Salvini MatteoSalviniMi hält die jüdisch-christliche Prägung, die Traditionen, Werte &amp; Identität der Italiener u. von Europa hoch. Italien'ische Wähler : Kein Priester, kein Bischof , kein Papst hat diese Botschaft so intensiv &amp; emotional gebracht",0,0,keine Hassrede,0.837572455406189
HASOC,ORG_ONLY,164,"Wie Deutschland seine Standortvorteile verliert: Infrastruktur, Rechtssicherheit, Zuverlässigkeit und Pünktlichkeit - ein gesamtgesellschaftliches Phänomen einer Schildbürgerpolitik.",0,0,keine Hassrede,0.9291526675224304
HASOC,ORG_ONLY,165,'Auch in einer Facebook-Gruppe von Flüchtlingen in Deutschland gab es Freudenbekundungen.' NotreDame,0,0,keine Hassrede,0.9932645559310913
HASOC,ORG_ONLY,166,"EUDebate Steuergerechtigkeit, Google,Facebook u d anderen,akquirieren durch Ihren Dienst viele Arbeitsplätze und damit zahlen die AN Steuern. Die kleinen haben 3 AN die Sozialen viele 100.000 AN Wenn Sie ohne die Sozialen Netzwerke ,Steuern erhalten wollen",0,0,keine Hassrede,0.881982684135437
HASOC,ORG_ONLY,167,“Die Schlacht um Straßburg” hat in Österreich begonnen und könnte für die [ORG] in einem “Stalingrad” enden,0,0,keine Hassrede,0.6989198923110962
HASOC,ORG_ONLY,168,"Energiewende-Lüge verteuert den Strom um 114 %! Bezahlen alle, auch die Ärmsten und Rentner! afdwählen",0,1,Hassrede,0.758637011051178
HASOC,ORG_ONLY,169,Hartes_Geld UND [ORG] [ORG] DIE NAZIS SEIN!!,0,1,Hassrede,0.9950980544090271
HASOC,ORG_ONLY,170,Bitte unterstützen Sie die Petition »Keine öffentliche Finanzierung der [ORG]«:,0,0,keine Hassrede,0.9013379812240601
HASOC,ORG_ONLY,171,Uwe_Junge_MdL,0,0,keine Hassrede,0.8448765873908997
HASOC,ORG_ONLY,172,"[ORG] BITTE? [ORG] verbietet Gründung einer EU-kritischen Fraktion! Am 26. Mai erst Recht sagen, was Sie von der [ORG] halten! AfDwählen europaistdieantwort EUdasProblem",0,0,keine Hassrede,0.9792541861534119
HASOC,ORG_ONLY,173,Hartes_Geld Joe130978 Die leben sowas von vom [ORG] Typisch Frankfurt So muss das ! Der selbständige Mittelstand muss gefördert werden,1,0,keine Hassrede,0.7092178463935852
HASOC,ORG_ONLY,174,"Eine Partei, in der Mutti seit 2005 jedem den Kopf abgebissen hat, der mehr Charisma als ein Einbahnstraßenschild hat, verfügt naturgemäß über ein riesiges Potential talentierter Nachwuchspolitiker, die jetzt den Laden in Schwung bringen werden. Lassen Sie sich da nix einreden.",0,0,keine Hassrede,0.9662959575653076
HASOC,ORG_ONLY,175,"Hamburg Der wegen Drogen,Raub und Betrug vorbestrafte Gökhan wollte mit seinem Transporter ein paar Polizisten umfahren. Die schossen auf das Fahrzeug, brachten es zum Anhalten. Im Fahrzeug fanden sie Haschisch,Crack,Kokain und Poppers",0,0,keine Hassrede,0.6993399858474731
HASOC,ORG_ONLY,176,"Hier mal eine kleine Liste über brennende Kirchen in Frankreich. Nur im letzten Jahr. Ohne Anspruch auf Vollständigkeit. Eigenartig viele Kurzschlüsse im 'modernen' Europa, nicht?",0,0,keine Hassrede,0.9255416989326477
HASOC,ORG_ONLY,177,Sicherheit im Netz: ProtonMail führt Echtzeit-Überwachungen durch,0,0,keine Hassrede,0.9685139060020447
HASOC,ORG_ONLY,178,Ein schutzsuchender somalischer Flüchtling hatte den Rentner brutal zusammengetreten. Einen Tag zuvor hatte der Kriminelle in Freiburg bereits auf einen Taxifahrer eingeschlagen. Er wurde von der Polizei geschnappt und sofort wieder freigelassen.,0,1,Hassrede,0.5561675429344177
HASOC,ORG_ONLY,179,"Keine Gnade: Opa Peter (87) zu Haftstrafe verurteilt, weil er aus Hunger Käse für 4,55 Euro stahlDas MERKEL Regime geht hart gegen das eigene Volks vor, Illegal eingereiste Sozialtouristen hingegen fasst das System stets mit Samthandschuhen an.",1,0,keine Hassrede,0.8589843511581421
HASOC,ORG_ONLY,180,"Dort habe ich mal eine Zusammenfassung erstellt was ich/wir wissen, aber viele nicht. 'Es stinkt und stank von Anfang an' und den E-Brief an die Anwältin davor. findbecci rebecca freeflorian schwager schwagerwars gebtdenschwagerfrei",0,1,Hassrede,0.9277920722961426
HASOC,ORG_ONLY,181,Es gibt hier nichts zu sehen. Gehen Sie einfach Weiter. Es ist alles in bester Ordnung. Wir leben im besten Deutschland aller Zeiten. Ende der Durchsage. [ORG] [ORG],0,0,keine Hassrede,0.9838656187057495
HASOC,ORG_ONLY,182,"[ORG] ist Umweltschutz völlig egal, wenn die Zerstörung der Umwelt weit genug weg ist! Elektroauto Elektromobilitaet Lithiumabbau",0,0,keine Hassrede,0.9944551587104797
HASOC,ORG_ONLY,183,Frohe Ostern und einen wunderschönen Ostersonntag!,0,0,keine Hassrede,0.9716478586196899
HASOC,ORG_ONLY,184,"Samstag Nachmittag. Die Sonne lacht. Münsteraner sitzen im Freien an den Tischen einer Gaststätte. Ein Mann fährt in die Gruppe, tötet und verletzt dabei viele Gäste. Anschließend erschießt er sich selbst. Und Onlinemedien schreiben 'Zwischenfall'. – Es ist zum Schreien! Münster",0,1,Hassrede,0.8908166289329529
HASOC,ORG_ONLY,185,"Die 300.000 Haushalte, denen wegen der hohen Strompreise der Saft abgedreht wurde sollen zukünftig wenigstens aus der Mülltonne essen dürfen, fordert grüner Justizsenator.",0,0,keine Hassrede,0.6451296210289001
HASOC,ORG_ONLY,186,"Ein [ORG] entscheidet, was eine Meinung ist. Das hatten wird doch schon mal in Deutschland, [ORG].",0,0,keine Hassrede,0.8678013682365417
HASOC,ORG_ONLY,187,[ORG] auf dem Weg zur [ORG].,0,0,keine Hassrede,0.9279361367225647
HASOC,ORG_ONLY,188,"Ein [ORG] zu wählen, das eigentlich überhaupt nichts zu melden hat, sondern von einigen von Banken gesteuerten Kommissaren, die weitgehend diktatorische Entscheidungsbefugnisse haben, ignoriert und verlacht wird, ist demokratischer Mummenschanz. Im Bild: Juncker-Zitat.",0,0,keine Hassrede,0.9871554374694824
HASOC,ORG_ONLY,189,Wenn ich den sehe platzt mir die Halsschlagader Merkel huldigen wie ein Unterwürfiger mit allen Mitteln bei Merkel beliebt machen möchte unsympathischer Politiker kein eigenes Profil via TOnline_News,0,1,Hassrede,0.9580950140953064
HASOC,ORG_ONLY,190,"Hartes_Geld AndreaSchlegel3 ...und Frau [ORG] freut sich, da nun immer mehr Leute ihr Leben täglich neu aushandeln müssen.",0,0,keine Hassrede,0.7559229731559753
HASOC,ORG_ONLY,191,"Ein Fall für Greta Demos ,Sondersendungen und am besten ''Thursday for Future'' warum sollten man nur Freitag frei nehmen-jetzt wo es eh so warm ist",0,0,keine Hassrede,0.7994938492774963
HASOC,ORG_ONLY,192,na für schlechte Zeiten hat sie sich ja genug angefressen mal schauen in welchem Vorstand sie bald auftaucht,0,0,keine Hassrede,0.893218994140625
HASOC,ORG_ONLY,193,"Schlaraffenland 2.500 Ausländer kommen trotz Ausreisegeld zurück/ Zwischen Anfang 2017 und Ende April 2019 wurden laut Bundesinnenministerium Fördermittel in Höhe von rund 83.000 Euro zurückgezahlt. Im Jahr 2018 wurden für das Förderprogramm knapp 9,5 Millionen Euro aufgewendet.",0,1,Hassrede,0.5442142486572266
HASOC,ORG_ONLY,194,"Witz zum Wochenende: der Mann, der nie vom Volk gewählt wurde, der Linksradikale Bands gutfindet, die Gewalt gegen Polizisten und Andersdenkende propagieren, der sich als Präsident nie neutral verhält, warnt vor Verachtung der Demokratie...",0,1,Hassrede,0.897479236125946
HASOC,ORG_ONLY,195,Ungebeten1 Dann könnte man den Wald aber nicht kapitalisch nutzen,0,0,keine Hassrede,0.9941083192825317
HASOC,ORG_ONLY,196,"Herr Abboud aus Syrien hat drei Frauen und 13 Kinder. Zum perfekten Glück fehlt noch die deutsche Staatsbürgerschaft, die Herr Abboud jetzt anstrebt.",0,0,keine Hassrede,0.891736626625061
HASOC,ORG_ONLY,197,Daher umso wichtiger: Schland braucht noch mehr und vor allem neue Fachkräfte.,0,0,keine Hassrede,0.7627015113830566
HASOC,ORG_ONLY,198,Mit seinem Bestseller Deutschland schafft sich ab schlug [ORG] vor 8 Jahren eine tiefe Schneise in das Dickicht der Politischen Korrektheit. Seine Vorschläge zur Bevölkerungspolitik und zur Gesundung Deutschlands sind nach wie vor gültig.,0,0,keine Hassrede,0.8744202852249146
HASOC,ORG_ONLY,199,Uwe_Junge_MdL Jetzt ist der Zeit die Patrioten von ganze Welt Aktiv werden und nicht mehr zu lassen die Globalsten für uns entscheiden .leider unsere Regierung bis jetzt haben die Radikalsten unterstützt Beispiel islamische Republik Iran die habe 40 Jahre Auge zugedrückt und jetz...,0,0,keine Hassrede,0.5112610459327698
HASOC,LOC_ONLY,0,"Innerhalb 24 Stunden ist nun die 3. in [LOC] explodiert Familien sind vom Knall wach geworden, der den Eingangsbereich ihres Wohnhauses in [LOC] komplett zerstörte die organisierte Bandenkriminalität hat freie Bahn und läßt es ordentlich krachen",0,0,keine Hassrede,0.6390565037727356
HASOC,LOC_ONLY,1,"Heißt übersetzt: Der, der mit der deutschen Flagge wedelt, zündet auch Asylheime an? Wie bekloppt ist der Mann?",1,1,Hassrede,0.515274167060852
HASOC,LOC_ONLY,2,"Diejenigen, welche einen solchen Scheiss rauslassen könnte man noch verkraften. Aber dass man damit Millionen blinde Waehler findet ist das Schlimme und sollte zu denken geben.",0,1,Hassrede,0.7004186511039734
HASOC,LOC_ONLY,3,Alle feiern und die Linken legen Brände. Die linke Szene bekommt mit ihren Taten keine Anerkennung der Bevölkerung!,1,0,keine Hassrede,0.9430520534515381
HASOC,LOC_ONLY,4,"Yeah Claudia Roth: 'Die Grünen &amp; grüne Wähler sind die am BESTEN AUSGEBILDETEN Menschen, die den HÖCHSTEN Bildungsstand haben.' ([LOC] mit Schumacher &amp; Tiedje) SpeicherBaerbock: Strom verstopft die Netze. Künast verwechselt Lincoln +[LOC], [LOC].",0,0,keine Hassrede,0.6618034243583679
HASOC,LOC_ONLY,5,"Weil in [LOC] 50 Korane zerrissen wurden sendet das ZDF 15 Minuten lang einen Bericht der Empörung. Das in [LOC] ein 9 Jähriges Mädchen von einem Flüchtling vergewaltigt und von Zeugen gestellt wurde, darüber schweigt das ZDFheute",0,1,Hassrede,0.7307677865028381
HASOC,LOC_ONLY,6,"Ich würde der Linken Chefin Kipping die 1.000 Euro Arbeitslosengeld geben. Die wären bedeutend besser angelegt als die Diät. Der EkelWilfred, alias das [LOC], Papa Wilberg von der [LOC] und [LOC] kannweg mussweg",1,0,keine Hassrede,0.6447693705558777
HASOC,LOC_ONLY,7,und sehen auch noch Klasse aus,0,0,keine Hassrede,0.9754419326782227
HASOC,LOC_ONLY,8,+++ Bundesregierung gibt auf Anfrage der AfDimBundestag zu: [LOC] zu [LOC] beruht ausschließlich auf Medienberichten! +++ Der ehemalige Präsident des Bundesamts für Verfassungsschutz HGMaassen hatte doch Recht! DeutschlandKurier,0,0,keine Hassrede,0.8309089541435242
HASOC,LOC_ONLY,9,"[LOC] schließt [LOC]: Die österreichische Regierung will ein saudi-arabisches Kulturzentrum schließen. Grund sind Menschenrechtsverletzungen. Von Redaktion Die österreichische Regierung hat Pläne angekündigt, ein von…",0,0,keine Hassrede,0.560786247253418
HASOC,LOC_ONLY,10,HC Strache erklärt: Bevölkerungsaustausch ist Faktum!,0,0,keine Hassrede,0.9866647720336914
HASOC,LOC_ONLY,11,Toll...und bald schwingen wir uns wieder von Ast zu Ast...,0,0,keine Hassrede,0.7733705043792725
HASOC,LOC_ONLY,12,Ich habe einen Geburtstagswunsch. Unterstützt bitte das Crowdfunding von [LOC]. Die Tour kommt am 27. Juli auch nach [LOC]!,0,0,keine Hassrede,0.9605100750923157
HASOC,LOC_ONLY,13,"Wer Dinner for One nicht im TV sehen kann, hier kann man es sich runterladen bzw. online ansehen. Silvester",0,0,keine Hassrede,0.930740237236023
HASOC,LOC_ONLY,14,"Eric Zemmour über Daniel Cohn-Bendit, Politiker v Die_Gruenen, bis 2014 im EuropeanParliament für EuropeanGreens: 'Cohn-Bendit blieb, was er seit 50 Jahren ist: Ein Deutscher Anarchist.' 'DCB est resté ce qu'il était il y a 50 ans: Anarchiste Allemand.'",0,0,keine Hassrede,0.6182417869567871
HASOC,LOC_ONLY,15,die neue Karriere nach der Karriere als Missionarin in [LOC],0,0,keine Hassrede,0.9746068716049194
HASOC,LOC_ONLY,16,alle müssen etwas mehr tun Sonst wird es viel Leid geben. Mehr als 1945. Viel mehr Und in jeder Hinsicht,0,0,keine Hassrede,0.6432808041572571
HASOC,LOC_ONLY,17,"1. Wer stellt so eine Falle? 2. Wozu? 3. Warum geben sie das Video 2 Jahre später an Medien? 4. Was lief 2017-19? 5. Gab es Druck auf Strache? 6. Warum gehen 2 Spitzenpolitiker in ein Treffen, recherchieren scheinbar kaum - Name war erfunden! - und reden dann frei von der Leber?",0,0,keine Hassrede,0.622447669506073
HASOC,LOC_ONLY,18,"Den letzten Chatkontakt und WhatsApp Lebenszeichen hatte Rebecca auch nicht um 0.06 Uhr mit ihrer besten Freundin, wie sie selbst glaubte. Sondern um 1.07 Uhr mit jemand anderem, welcher auch überhaupt nicht, in keinster Weiße irgendwie verdächtig wirkt. findbecci rebecca",0,0,keine Hassrede,0.9858390092849731
HASOC,LOC_ONLY,19,"+++ AfD - Zukunft für [LOC] +++ AfD-Europawahl-Programm, Kapitel 6.5: ❝Remigration statt Massenzuwanderung❞ Nicht „Resettlement”, also Umsiedlungsprogramme nach [LOC], sind das Gebot der Stunde, sondern das Gegenteil!",0,0,keine Hassrede,0.9134624600410461
HASOC,LOC_ONLY,20,"Man wundert sich, wie viel Aufruhr es verursacht, wenn souveräne [LOC] die Unterzeichnung einer 'rechtlich unverbindlichen' Absichtserklärung verweigern. Wenn der Pakt doch so harmlos ist und keinen Staat zu irgendetwas zwingt, warum dann das Geschrei? Migrationspaktstoppen",0,0,keine Hassrede,0.8567820191383362
HASOC,LOC_ONLY,21,"Korrektheiten Amir ist absolut Spitze! Ich habe einiges durch seine Videos lernen können, hat es mega drauf!!",0,0,keine Hassrede,0.8948317766189575
HASOC,LOC_ONLY,22,Ungebeten1 Einen wunderschönen Guten Morgen wünsche ich Dir - trotz Arbeit . Heißen die Weihnachtsmärkte jetzt nicht Jahresendmärkte?,0,0,keine Hassrede,0.9974163174629211
HASOC,LOC_ONLY,23,Nach suboptimalem Fahrverhalten zweier Autofahrer in [LOC] und [LOC] wurden ihre hochwertigen Fahrzeuge und die Führerscheine sichergestellt.,0,0,keine Hassrede,0.8993034362792969
HASOC,LOC_ONLY,24,da würden noch soviele Fressen mehr rein passen! aber leider platz mangel,1,0,keine Hassrede,0.9245628714561462
HASOC,LOC_ONLY,25,"Contra-Mag.:Washingtons Sucht nach Krieg durchbrechen: [LOC] ist in einem ständigen Zustand des [LOC]. Die Frage, wie man mit den globalen Herausforderungen umgehen soll, scheint immer mit der gleichen Antwort beantwortet zu werden:…",0,1,Hassrede,0.7299961447715759
HASOC,LOC_ONLY,26,"XYEinzelfall tantegerd1 Ein Vater kann seinen Sohn nicht kidnappen! Wenn schon dann wurde er wegen Entzug der Sorge,verurteilt!",0,0,keine Hassrede,0.9387442469596863
HASOC,LOC_ONLY,27,"Nochmals zum [LOC]: Wer stellt Strafanzeige gegen SpiegelOnline und SZ? Beachte: Die angesprochenen Medien haben offen zugegeben, dass sie wussten, dass es sich 'um eine Falle handelte'. (§ 201a StGB) strache ibizavideo",0,0,keine Hassrede,0.7333528399467468
HASOC,LOC_ONLY,28,+++ Brexit-Nachrichtenüberblick +++: Ökonom Sinn warnt vor harter Haltung gegenüber [LOC],0,0,keine Hassrede,0.9479306936264038
HASOC,LOC_ONLY,29,"Ich finde es nach wie vor wider die Natur und nehme mir die Freiheit heraus, dies zu sagen. Man kann mich dafür hassen, aber das ist meine Meinung.",0,0,keine Hassrede,0.979499340057373
HASOC,LOC_ONLY,30,"VenomStrike3 ITUADE Dieter_Stein AfD Abgesehen vom schleichenden Verlust der nationalen Identität und Kultur haben wir mit vielen Einwanderergruppen auch kaum Probleme. Es gibt aber ein spezifisches Problem mit Einwanderung aus islamischen Ländern, siehe Sarrazins Buch. Viele Muslime wollen sich gar nicht ändern.",1,0,keine Hassrede,0.8874337077140808
HASOC,LOC_ONLY,31,Na sowas? Dalai Lama verbreitet AfD-Ansichten und bekommt für seine 'fremdenfeindlichen' und 'rassistischen' Aussagen auch noch Beifall!,0,1,Hassrede,0.984550416469574
HASOC,LOC_ONLY,32,"Uwe_Junge_MdL Wer AfD wählt, bekommt NsDAP",0,0,keine Hassrede,0.7429375648498535
HASOC,LOC_ONLY,33,"Vorwurf: „faktisches Einreiseverbot für viele ältere Fachkräfte“. Tatsache: wir wollen keine Einwanderung in Sozialsysteme. Also sollen nur diejenigen einwandern, die eine eigenständige Altersversorgung aufbauen können. Halte ich unter dem Strich für richtig einwanderungsgesetz",0,0,keine Hassrede,0.6554346680641174
HASOC,LOC_ONLY,34,"OPCW Experten nun Endlich nach Duma! Russland hatte der OPCW aus Sicherheitsgründen den Zugang verwehrt! Problem : Das Kampfgas ist sehr flüchtig,und soll nach 7 Tagen,nicht mehr nachzuweisen zu sein! Nun wer das Normal findet,der kann nur ein Troll sein!",0,0,keine Hassrede,0.9312764406204224
HASOC,LOC_ONLY,35,[LOC] (54) wird durch Messerstich schwer verletzt - 17-Jähriger in Haft. Täter ein 17 Jahre alter syrischer Staatsangehöriger,0,0,keine Hassrede,0.6808576583862305
HASOC,LOC_ONLY,36,"Jetzt beginnt wieder diese Jahreszeit, in der man dauernd fremder Leute Tätowierungen ansehen muss.",0,0,keine Hassrede,0.8795040845870972
HASOC,LOC_ONLY,37,"BlondJedi akk Unmöglich, das wären dann 'Nazimethoden' ;)",0,0,keine Hassrede,0.7532252073287964
HASOC,LOC_ONLY,38,"...es ist nur noch lächerlich...! Die Afd gibt es seit 6 Jahren und sie hat seit dem KEIN Rentenkonzept...! ...dafür die höchste Kriminalitätsquote aller Abgeordneten, eine Spendenaffäre und ein Prüffall beim Verfassungsschutz ist sie auch...!",0,0,keine Hassrede,0.8095957040786743
HASOC,LOC_ONLY,39,"Wir sind das einzige Land, in dem nun nachgewiesen gelenkte Staatspropaganda gegen die eigenen Bürger auch noch von selbigen selbst bezahlt werden müssen! GEZ sofort abschaffen! FramingManual Framing",0,1,Hassrede,0.9885244369506836
HASOC,LOC_ONLY,40,"Trump schlägt vor, illegale Einwanderer nur in Städten von Demokraten regiert unterzubringen, da Demokraten Abschiebungen Illegaler blockieren. Tolle Idee, sollte man auch hier anwenden.",0,0,keine Hassrede,0.9006558060646057
HASOC,LOC_ONLY,41,"Früher warst du 30 Jahre eingesperrt. Oder du hast dein eigenes Leben riskiert, für die Idee Freiheit und Demokratie. Heute reicht Schulschwänzen gegen den Klimawandel für den Friedensnobelpreis. Den Preis kann man schon vergessen.",0,0,keine Hassrede,0.9306539297103882
HASOC,LOC_ONLY,42,"MMNews: Ramelow, Günther: AfD Bedrohung für [LOC]: Die Ministerpräsidenten von [LOC] und [LOC] warnen in einem gemeinsamen Interview vor einem weiteren Erstarken der Rechtspopulisten. Read more...",0,1,Hassrede,0.5114405155181885
HASOC,LOC_ONLY,43,AdivonPoes reissmann _donalphonso,0,0,keine Hassrede,0.9118899703025818
HASOC,LOC_ONLY,44,"Wer weite Teile der Zivilgesellschaft - Kirchen, Flüchtlingshelfer, Seenotretter, FridaysForFuture, YouTuber - diffamiert, der hat wirklich gar nichts verstanden. KonstantinNotz on fire bei der Debatte zum Migrationspaket",0,0,keine Hassrede,0.8824259042739868
HASOC,LOC_ONLY,45,Hartes_Geld schon traurig wenn man nicht mal mehr im eigenen land sicher ist.,0,0,keine Hassrede,0.6602252125740051
HASOC,LOC_ONLY,46,"Aldous Leonard Huxley: „Tatsachen schafft man nicht dadurch aus der Welt, dass man sie ignoriert!'",0,0,keine Hassrede,0.9331163763999939
HASOC,LOC_ONLY,47,[LOC] über die Ursachen des Zweiten Weltkrieges,0,0,keine Hassrede,0.6632717251777649
HASOC,LOC_ONLY,48,realJohr,0,0,keine Hassrede,0.8282067775726318
HASOC,LOC_ONLY,49,Die Strafanzeige der Kölner Polizei zu einem nächtlichen Einsatz in [LOC] umfasst inzwischen einige Seiten.Nachbarn hatten sich wegen Ruhestörung beschwert.Die Polizei rückte schließlich mit 20 Beamten an und legte einen ZDF-Reporter in Handschellen.,0,1,Hassrede,0.5562177896499634
HASOC,LOC_ONLY,50,Gut wenn die Erfinder dieser Lügen Geschichte bestraft werden! FAKENEWS,0,0,keine Hassrede,0.729553759098053
HASOC,LOC_ONLY,51,"Ungebeten1 Moin, wünsche dir trotzdem einen schönen Tag!",0,0,keine Hassrede,0.9969764351844788
HASOC,LOC_ONLY,52,"Teilen! Mindestens 80 Millionen mal! Bis auch der letzte Nachtwächter versteht, was hier abgeht!",0,0,keine Hassrede,0.5846774578094482
HASOC,LOC_ONLY,53,[LOC]: Polizei schießt Attentäter am [LOC] an – Dann sprengt er sich in die Luft,0,0,keine Hassrede,0.7970209717750549
HASOC,LOC_ONLY,54,"[LOC] 9 Jahre alt, Maria 11 Jahre alt und Kevin wird 8 Jahre vorsichtig die drei sind traumatisiert Am 24.April drang dieses Trio in ein Mehrfamilienhaus in der [LOC] in [LOC] ein In der Wohnung durchsuchten sie mehrereSchränke und klautenSchmuck",0,0,keine Hassrede,0.6670410633087158
HASOC,LOC_ONLY,55,"Kennt ihr noch das Buch 'die Welle'? Die Gutmenschen merken gar nicht, dass sie in ihrer hysterischen Jagd auf AfDler Hauptakteure im größten Manipulation-der-Massen-Experiment der Nachkriegszeit sind.",0,1,Hassrede,0.8528873324394226
HASOC,LOC_ONLY,56,"Juncker, anscheinend wieder angetrunken, wird zur Gefahr für sich und seine Umgebung.",0,0,keine Hassrede,0.7926458120346069
HASOC,LOC_ONLY,57,Ralf64904117 Das sind Dienstleiterinnen im MedienVerkehr. ;),0,0,keine Hassrede,0.9062308073043823
HASOC,LOC_ONLY,58,Artikel vom 9.4.2019 'Täglich werden in [LOC] drei Gotteshäuser Opfer von Vandalismus. Von der katholischen Kirche wurden die Vorfälle lange nicht an die große Glocke gehängt – jetzt finden sie größere Aufmerksamkeit. ',0,0,keine Hassrede,0.5371715426445007
HASOC,LOC_ONLY,59,"Dieser ganze EuropaistdieAntwort Kram klingt schlimmer als eine Sekte und hat überhaupt nichts mit [LOC] zu tun, sondern mit einem EU-'Sozialismus'Monster, indem indigene [LOC] ihre Kultur+Identität+Wohlstand aufgeben sollen.",0,0,keine Hassrede,0.9916309118270874
HASOC,LOC_ONLY,60,gute Versicherung wird immer wichtiger in [LOC],0,0,keine Hassrede,0.9740453958511353
HASOC,LOC_ONLY,61,"Wenn Koran, Scharia und Hadithe sowie die 800 Kriegszüge &amp; Judenprogrome Mohammed's nicht mit Christi Botschaft vereinbar sind - dann sind selbige Einschränkungen/Vorschriften (Viel-/Kinderehe, Frauenrechte) nicht mit unserer säkularen FDGO vereinbar.",0,1,Hassrede,0.5332441926002502
HASOC,LOC_ONLY,62,Ralf64904117 Hat die überhaupt ein anerkanntes Hochseepatent. Ansonsten frage ich ob Beszeichnungen wie 'Kapitän' Amtsanmaßungen sind?,0,0,keine Hassrede,0.6487255096435547
HASOC,LOC_ONLY,63,[LOC] geht es Bergauf mit den Deutschen,0,0,keine Hassrede,0.9159284234046936
HASOC,LOC_ONLY,64,"2 Hammer Schlagzeilen auf der Hälfte der B-Zeitung! ENTSCHULDIGUNG Kommt IHR eigentlich noch klar? Liebe fleißigen Deutschen Staatsbürger,habt IHR dafür jahrzehnte geackert/gebuckelt um so als Rentner abgespeist zu werden? SO VIEL LEERGUT GIBT’S NICHT DASS IHR ALLE SATT WERDET!!",0,0,keine Hassrede,0.7003138065338135
HASOC,LOC_ONLY,65,Schlachtbetrieb AfD,0,1,Hassrede,0.8943279981613159
HASOC,LOC_ONLY,66,[LOC] COHN-BENDIT - PÄDOPHÄLIE GRÜNEN [LOC] im INTERVIEW Mitschnitt mit Untertiteln von einem Video des heutigen [LOC] Abgeordneten der Grünen Daniel Cohn-Bendit.,1,1,Hassrede,0.8576682209968567
HASOC,LOC_ONLY,67,Uwe_Junge_MdL WilhelmTell77 Er soll bitte wieder in [LOC] demonstrieren,0,0,keine Hassrede,0.8086127638816833
HASOC,LOC_ONLY,68,Das ist der Brüller des Monats.. 05.06.19 Satire kann unser Finanzminister,0,1,Hassrede,0.7247735857963562
HASOC,LOC_ONLY,69,AfD verschiebt offenbar Sonderparteitag zur Rente AfD Rente,0,0,keine Hassrede,0.8489605188369751
HASOC,LOC_ONLY,70,BlondJedi akk Sie würde Andersdenkende gerne verfolgen und einschüchtern lassen.,0,1,Hassrede,0.7262145280838013
HASOC,LOC_ONLY,71,"WOW!!! Fahrradständer als Klimaschutzprojekt... was für eine völlig neue Idee, endlich gibt es Fahrradständer an Schulen... das ich das noch erleben darf... DANKE GRETA!!!!",0,0,keine Hassrede,0.9334344863891602
HASOC,LOC_ONLY,72,sehr richtig und gut gesagt!! und viele doofmichels begreifen das nicht mal!!,1,0,keine Hassrede,0.8249691128730774
HASOC,LOC_ONLY,73,von Ursula Haverbeck – An die “Europawähler”,0,0,keine Hassrede,0.7335183024406433
HASOC,LOC_ONLY,74,"[LOC]: [LOC] und [LOC] knacken 2018 zahlreiche Automaten bei Auto-Waschanlagen und Tankstellen, anhand dort gefundener DNA kommt heraus, dass der [LOC] auch für Vergewaltigung einer Frau in [LOC] in der Silvesternacht 2012 verantwortlich ist",0,1,Hassrede,0.680202305316925
HASOC,LOC_ONLY,75,Ur-Großvater im Krieg gedient! Großvater im Krieg gedient! Vater und Schwiegervater im Krieg gedient. Teilweise viele Jahre in Gefangenschaft. Für was?! DAFÜR...: ⁦Mundaufmachen⁩ ⁦AfD⁩ UnserLandUnsereKultur,0,0,keine Hassrede,0.5589009523391724
HASOC,LOC_ONLY,76,"Hartes_Geld Du behinderter Hurensohn. Wäre das ein „nobler Patriot“ gewesen, hättest du deine minderwertige Stimme wegen des ach so repressiven Staatrs erhoben. Dreckiger Untermensch.",1,1,Hassrede,0.5058701038360596
HASOC,LOC_ONLY,77,Die bayerische AfD-Fraktionsvorsitzende Ebner-Steiner hat Faschingskostüme mit Fraktionsgeldern bezahlt.,0,0,keine Hassrede,0.6767805218696594
HASOC,LOC_ONLY,78,Senioren beleidigen junge Kopftuchträgerinnen – Festnahme na geht doch! endlich mal Eier in der Hose die Polizei ach moment ich dachte andersrum aber so mag man es ja eher im versifften [LOC] da kam die mutige Polizei zu der Oma und ab ging die Grüne Mina mit der räächten,0,1,Hassrede,0.6290236115455627
HASOC,LOC_ONLY,79,"Hartes_Geld Was solche verstandsbefreite, bildungsferne Vollpfosten hervorbringt, ist die Tatsache das wir schwerst Geistesgestörte nicht mehr in die geschlossene Psychiatrie einweisen, wie es sich gehört, sondern diese ein 24/7 Freilauf haben.",1,1,Hassrede,0.730995774269104
HASOC,LOC_ONLY,80,[LOC] Sprachunterricht für Migranten. Ist raus geworfenes Geld.,0,0,keine Hassrede,0.9404181241989136
HASOC,LOC_ONLY,81,Ungebeten1 ichbinkoelnerin [LOC] grüne,0,0,keine Hassrede,0.9760753512382507
HASOC,LOC_ONLY,82,Hartes_Geld HaraldBecker80 ichbinkoelnerin willnurschreibn 66Norweger66 burger_ein RolandTichy Birdie51411736 Lebensformation 4Kolner GudrunBecker11 puffyka81 NoctiDenktNach Pegasia111,0,0,keine Hassrede,0.5267871618270874
HASOC,LOC_ONLY,83,"Kurzkommentar manu_mie Ralf_Stegner Bei uns in [LOC] wird der Hehler höher bestraft als der Täter! Es ist wohl völlig egal,wer die Chemiewaffen eingesetzt hat! Wäre [LOC] schon beim ersten Chemieeinsatz bereit gewesen,eine Warnung von der UN zu unterzeichnen,würden viele noch leben!",1,0,keine Hassrede,0.7512165307998657
HASOC,LOC_ONLY,84,Die HHBombe in [LOC] ist erfolgreich entschärft. Herzlichen Dank an unseren Kampfmittelräumdienst [LOC],0,0,keine Hassrede,0.936198353767395
HASOC,LOC_ONLY,85,"Altes Sprichwort: Hast du die einmal im Haus, bekommst du die nie wieder raus. Deshalb immer Achtung vor getarnten Faschisten &amp; Faschismus. [LOC] kann man auch gegen Deutschland ersetzen. Der EkelWilfred, alias Wiltewka, [LOC], [LOC]",1,1,Hassrede,0.7395175695419312
HASOC,LOC_ONLY,86,"Nicht gleich 'den Bettel hinschmeißen' – Bettel, bedeutet Nutzloses. Und diese Einstellung ist das einzige Problem was dieses Land hat. Kohl, Schmidt &amp; Strauß (R.I.P.) müssen schon wieder im Grab umgedreht werden. Der EkelWilfred merkelmussweg",1,0,keine Hassrede,0.8804072737693787
HASOC,LOC_ONLY,87,"'Passanten entdecken einen 13j Jungen im Bereich der Stephansschule in der [LOC] in [LOC]. Das Kind ist aufgehängt worden! Die Wiederbelegung gelingt, der Junge kommt schwer verletzt in eine Klinik. Noch ist unklar, ob er überleben wird.'",0,0,keine Hassrede,0.6328621506690979
HASOC,LOC_ONLY,88,armesdeutschland,0,0,keine Hassrede,0.7555548548698425
HASOC,LOC_ONLY,89,"Ich mag Kim Jong Un. Denn der liebt die Umwelt, fährt mit dem Zug, teils sogar mit sauberem Ökostrom auf die Leute zu, während die meisten Grünen immer fortfahrend das Umfeld verpesten. Und besser reiten kann er auch. Der eklige grüne EkelWilfred",1,0,keine Hassrede,0.8812841773033142
HASOC,LOC_ONLY,90,[LOC],0,0,keine Hassrede,0.9604694843292236
HASOC,LOC_ONLY,91,"BlondJedi annewill Anne Will ist eine journalistische Null, die jedes Mal über das Systemstöckchen springt, wenn sie auf Sendung geht. Kritisch, investigativ!? Nein, aber dafür manipulative, polarisierend",0,0,keine Hassrede,0.8144194483757019
HASOC,LOC_ONLY,92,Hartes_Geld Beim nächsten [LOC] hat wieder keiner was gewußt.,0,0,keine Hassrede,0.7399498224258423
HASOC,LOC_ONLY,93,"BonkeKolja BILD Darf man als Deutscher höflich die Frage stellen? Könnte es sein, daß viele Richter bestochen bzw. befangen sind???",0,0,keine Hassrede,0.9338181614875793
HASOC,LOC_ONLY,94,"Zweimal vier gibt zwei runden Bier. Oder doppelt hält besser. Der EkelWilfred, alias das [LOC], Papa Wilberg von der [LOC], WilayaWilanar &amp; O. Wilke",1,0,keine Hassrede,0.6764333248138428
HASOC,LOC_ONLY,95,"Schädigung [LOC] als Kanzler-Richtlinie? Das Gesetz zur Fachkräfteeinwanderung gibt vor, einen Fachkräftemangel beheben zu wollen; tatsächlich ist es ein Freifahrtschein für alle, die nach [LOC] wollen: v.a. für außereuropäische Zuwanderer!",0,0,keine Hassrede,0.8790556192398071
HASOC,LOC_ONLY,96,Migrationist Walter Lübcke: “Jubel über seinen Tod ?”,0,0,keine Hassrede,0.9545935988426208
HASOC,LOC_ONLY,97,“[LOC] wählen zwischen Leben und Tod bei der EU-Wahl”,0,0,keine Hassrede,0.9156127572059631
HASOC,LOC_ONLY,98,"Frauen/Mädchen dürfen im Gegensatz zu Männern keine Hosen bei Gymnastikwettkämpfen anziehen. Kommentar eines Trainers dazu: Frauen haben schöne Körper, das darf man auch sehen. Gaht’s no?",0,0,keine Hassrede,0.9624217748641968
HASOC,LOC_ONLY,99,"Heinrich der Löwe, 158 cm klein! Hitler hat den [LOC] öffnen lassen und war enttäuscht, Heinrich war ein Zwerg,war nicht Blond und hinkte(war Gehbehindert) Phoenix history",0,0,keine Hassrede,0.6301722526550293
HASOC,LOC_ONLY,100,"Stromkosten für 100 km im [LOC]: 10,49 Euro. Dieselkosten für 100 km im Audi Q5: 8,13 Euro. :) elektroauto",0,0,keine Hassrede,0.7986390590667725
HASOC,LOC_ONLY,101,"Heute ist Tag der Erhaltung der Artenvielfalt. Bessermenschen freuen sich über jede einzelne Art und wollen auch jede einzelne schützen. Es sei denn, du bist autochoner [LOC] eines Nationalstaates. Die sollen nämlich draufgehen zugunsten [LOC]. BiodiversityDay",0,0,keine Hassrede,0.9736659526824951
HASOC,LOC_ONLY,102,Noch eine neue Steuer: Eine CO2-Abgabe für jeden Lebensbereich soll die Bürger Milliarden kosten. Die höchsten Strompreise reichen noch nicht. Übrigens: Die [LOC] machen nicht mit.,0,0,keine Hassrede,0.7213242053985596
HASOC,LOC_ONLY,103,.......'niemand hat die Absicht eine Mauer zu bauen'......! Afd,0,0,keine Hassrede,0.9298035502433777
HASOC,LOC_ONLY,104,Der NO2-Jahresmittel-Grenzwert für die Außenluft beträgt 40 µg/m3. Eine Zigarette hat 1.200.000 µg. IchfahrDieselTagundNacht,0,0,keine Hassrede,0.8255879282951355
HASOC,LOC_ONLY,105,"gleich mit Gretel Thunfisch Um so größer das Verbrechen , um so größer ihr Wert ! Da weiß man doch gleich in welchem Irrenhaus man gelandet ist . . . !",1,0,keine Hassrede,0.5309515595436096
HASOC,LOC_ONLY,106,"Compact: Klöckner von Notre Dame schlägt 13 bei Nestlés Glyphosat-Lisel – Elmis moinbrifn vom 12. Juni: Unser Kolumnist Elmar Hörig macht sich gut als Klöckner von Notre Dame und liest der Julia die Leviten, hilft beim [LOC] nach[LOC]",0,0,keine Hassrede,0.7993302345275879
HASOC,LOC_ONLY,107,"Die österreichischen Sozialdemokraten werden heute eine rot-blaue Koalition mit der FPÖ eingehen, um die schwarze Übergangsregierung zu stürzen. (Im September ist eh Neuwahl)",0,0,keine Hassrede,0.7984758019447327
HASOC,LOC_ONLY,108,T100007140969 Nicht nur. Die meisten sind [LOC].,0,0,keine Hassrede,0.9573861360549927
HASOC,LOC_ONLY,109,"Es geht doch nichts über Europäische Medien! Die Feuerwehr ist zwar noch nicht zum Brand durchgedrungen, trotzdem posaunen Medien, dass Bauarbeiten ursächlich wären. Respekt! NotreDame",0,0,keine Hassrede,0.9971693754196167
HASOC,LOC_ONLY,110,Deutsche Hiebe per Post,0,1,Hassrede,0.688014805316925
HASOC,LOC_ONLY,111,"Ich 'oute' mich mal: Bin 'Sexist': Ja, mir gefallen schöne Frauen! Bin 'Rassist': Ja, mir werden die Moslems hier langsam zu viel (und zu fordernd). Bin 'Klimasünder': Ja, ich fahre schnelle Autos, liebe Motorboote und fliege oft! Kurz: Bin 'Arschloch' und wohl 'Nazi'. :)",1,1,Hassrede,0.8245376348495483
HASOC,LOC_ONLY,112,"Im besten D aller Zeiten: Schläge, Spucken, Regeln brechen - [LOC] setzt Sicherheitsdienste in Freibädern ein. Schon Kinder ab zehn Jahren fallen mit respektlosem Verhalten auf. Für Angestellte gibt es nun Schulungen - etwa Kurse im Umgang mit Gästen mit Migrationshintergrund",0,1,Hassrede,0.5255283117294312
HASOC,LOC_ONLY,113,Was glaubt ihr ? Könnte die SPD mit Buschkowsky und Sarrazin als Doppelspitze zu neuen Höhen aufsteigen ?,0,0,keine Hassrede,0.8962111473083496
HASOC,LOC_ONLY,114,"Ich kann nicht an meiner Haltestelle aussteigen, weil mein Rock in der [LOC] auf der gegenüberliegenden Seite eingeklemmt ist und jetzt muss ich so lange weiterfahren bis eine Haltestelle kommt, die auf der Seite liegt, keine Ahnung, wann das ist und wie gehts euch so?",0,0,keine Hassrede,0.8061559796333313
HASOC,LOC_ONLY,115,Uwe_Junge_MdL CDU u.SPD werden nur überleben wenn sie sich reformieren und nach Rechts rutschen und das Asyl und Aufenthaltsrecht drastisch verschärfen und die Massenmigration stoppen!,0,0,keine Hassrede,0.6481092572212219
HASOC,LOC_ONLY,116,"DerWahreErich Vorwärts immer, rückwärts nimmer!",0,0,keine Hassrede,0.989962637424469
HASOC,LOC_ONLY,117,ich bin och für Gleichberechtigung,0,0,keine Hassrede,0.9953795075416565
HASOC,LOC_ONLY,118,AfD in [LOC] jetzt Nummer 1. Die Wahlen im Herbst werden das politische Gefüge in ganz erschüttern und vllt. auch die GroKo sprengen. Ich freue mich drauf!,0,0,keine Hassrede,0.9054563641548157
HASOC,LOC_ONLY,119,"guteMütter sind heutzutage gut ausgebildete Fachkräfte,die den derzeitigen Fachkräftemangel aufhalten!Durch Ihre Einstellung zur Familie,sind Sie Prädestiniert, Führungsaufgaben zu erfüllen! Sie kommen,wenn überhaupt, dem Wunsch des Kinderkriegen nach und ..",0,0,keine Hassrede,0.8959802389144897
HASOC,LOC_ONLY,120,Beatrix von Storch: „Das Ergebnis der Grünen ist irrelevant“,0,0,keine Hassrede,0.9264391660690308
HASOC,LOC_ONLY,121,Bau einer E-Auto-Batterie erzeugt 17 Tonnen CO2 FridayForFuture Die_Gruenen,0,0,keine Hassrede,0.9188574552536011
HASOC,LOC_ONLY,122,Ungebeten1 StoergroesseM 0Siegfried Twitter Anani ist irgendwas mit mutter und sikerim irgendwas mit ficken. Aber so gut ist mein türkisch auch wieder nicht.,1,0,keine Hassrede,0.9885665774345398
HASOC,LOC_ONLY,123,Laut BILD-Zeitung will eine Gruppe von SPD-Mitgliedern aus [LOC] den Rechtspopulisten Sarrazin als Parteivorsitzenden. Der traditionell eher linksstehende Landesverband weiß davon nix. Auch die BILD nennt keine Mitglieder. /TN BayernSPD,0,0,keine Hassrede,0.7916479110717773
HASOC,LOC_ONLY,124,Das ist Achmed. Achmed ist Istanbul-Terrorist und Mehrfachmörder. Früher war Ahmed Flüchtling in [LOC]. NurSo,1,0,keine Hassrede,0.989037811756134
HASOC,LOC_ONLY,125,Was davon in unseren Medien gehört?,0,0,keine Hassrede,0.7586954236030579
HASOC,LOC_ONLY,126,Im Jahr des Dolches 2017 gab es in [LOC] schon über 1.600 Messerattacken in nur 5 Monaten JahrdesDolches,0,1,Hassrede,0.642473042011261
HASOC,LOC_ONLY,127,"Allein,diese Fertigstellung einer Flüchtlingsaufnahmestelle in [LOC] bis 2022 beweist, dass es sich um geplante Aktionen, die nicht zurück geschraubt werden, handelt Es ist kein Zufall Es ist Plan [LOC] und [LOC] zu zerstören Wacht endlich auf Wählt blau",0,0,keine Hassrede,0.7529712915420532
HASOC,LOC_ONLY,128,Ungebeten1 CDU-Senilioren ...,0,0,keine Hassrede,0.9733949303627014
HASOC,LOC_ONLY,129,Heiko Schrangs Wahlempfehlung zur EU-Wahl,0,0,keine Hassrede,0.8952789902687073
HASOC,LOC_ONLY,130,"Der Wahlomat zur Europawahl2019 wurde abgeschaltet. Das Verwaltungsgericht 'sieht die Chancengleichheit kleiner Parteien verletzt', weil nur maximal acht Parteien zum Vergleichen ausgewählt werden können.",0,0,keine Hassrede,0.6586666107177734
HASOC,LOC_ONLY,131,Tolle Aussichten...[LOC] ist ja immer Vorbild für Links-Grün,0,0,keine Hassrede,0.9531329274177551
HASOC,LOC_ONLY,132,"Wohnnot: Uwe_Junge_MdL wirft SPD vor, Wohnungen einst verschleudert zu haben. Antwort des FM_RLP auf Anfrage der [LOC] zeigt: [LOC] verkaufte 1998 Anteil an Heimstätte Rheinland-Pfalz GmbH (30,27 Prozent) mit Bestand von rund 20.600 Wohnungen für 116,5 Millionen Mark.",0,1,Hassrede,0.5500461459159851
HASOC,LOC_ONLY,133,"Eurosport : Choupo-Moting mit dem ... Äh, was?",0,0,keine Hassrede,0.5495697259902954
HASOC,LOC_ONLY,134,"Ja,schon seit Jahren! Ich muß dran denken,das Sie jeden Frühling wiederkommen und die Türen zum Wohnbereich schließen,sonst nehmen Sie das ganze Haus in Beschlag!",0,0,keine Hassrede,0.5276499390602112
HASOC,LOC_ONLY,135,Tim: WIDERWÄRTIGES Beispiel! STERN! So wird getäuscht!,0,0,keine Hassrede,0.8690972328186035
HASOC,LOC_ONLY,136,"Linkspropaganda verbreitende Internetplattformen wie t-online schäumen, weil AfD-Politiker nach [LOC] reisen! 'Der Besuch soll offenbar dazu dienen, das Bild eines [LOC] zu verbreiten, in dem das Leben bereits wieder seinen normalen Gang geht.",0,0,keine Hassrede,0.7643302083015442
HASOC,LOC_ONLY,137,"Danke * des Südens, vom [LOC].",0,0,keine Hassrede,0.997259259223938
HASOC,LOC_ONLY,138,"Vor der [LOC] (Jura!). 'Isch, misch, Digger' Gelabere von schmieriger Klientel, die eher in Döner-Laden+unseriöse [LOC] statt an die Uni gehört. Danke an die wahnsinnigen Bessermenschen, die Gesamtschul-Abi+massives Runterfahren unserer Schuldbildung ermöglichten!",1,1,Hassrede,0.9868725538253784
HASOC,LOC_ONLY,139,"Ungebeten1 Naja, für mich sind die Grünen tatsächlich Ausdruck deutscher bürgerlicher Spießigkeit die sich als Weltoffenheit tarnt. Die Engstirnigkeit und Regulierungswut für alles passt auch.",0,0,keine Hassrede,0.9837914109230042
HASOC,LOC_ONLY,140,Tataa! AfD ist stärkste Partei im Osten. [LOC] Vorzeichen für die diesjährigen Wahlen. Schock für die Altparteien - Hoffnung für das Vaterland,0,0,keine Hassrede,0.5562555193901062
HASOC,LOC_ONLY,141,AfD verurteilt Antifa-Pranger an der Universität Frankfurt! Verkehrte Welt! Die Gewaltbereiten warnen vor den Andersdenkende! via junge_freiheit,0,1,Hassrede,0.9467402100563049
HASOC,LOC_ONLY,142,Uwe_Junge_MdL ChristianMars84 Der Wind dreht sich ...,0,0,keine Hassrede,0.9196767807006836
HASOC,LOC_ONLY,143,Nach Wahl in [LOC]: 'Das ist das wahre Gesicht': Wut über Grünen-Entscheidung für Links-Regierung,0,1,Hassrede,0.9948947429656982
HASOC,LOC_ONLY,144,"2/3 Der Lutscher auf diesem Bild wohnt in [LOC] und [LOC] in den teuersten Wohngegenden und war wahrscheinlich noch nie in seinem Leben in [LOC]....wenn ich da an King abode, den Neubürger mit der sagenhaft großen fresse und 345 Anklagen, denke, dann sollte unbedingt",1,0,keine Hassrede,0.6443341970443726
HASOC,LOC_ONLY,145,"FinjaFinte Bei mir haben genau 2 Faktoren dazu geführt, keine Döner mehr zu essen. 1. wurden die Tiere geschächtet, was ich vor meinem Verzicht leider nicht beachtet und bedacht hatte. und 2. Gammelfleischmeldungen zuhauf. Da war mir klar, das alles aus dem [LOC] nix mehr für mich ist",0,1,Hassrede,0.5737814903259277
HASOC,LOC_ONLY,146,Deutsches Mädchen – Freiheit für Ursula Haverbeck,0,0,keine Hassrede,0.9880215525627136
HASOC,LOC_ONLY,147,"Ihr habt auch schon mitbekommen, dass nächste Woche Fußball WM ist, oder?",0,0,keine Hassrede,0.7983548045158386
HASOC,LOC_ONLY,148,"Vermummte Linksradikale haben in [LOC] einen Bus mit Krebspatienten angegriffen. Der Angriff sollte eigentlich Teilnehmern eines Immobilien-Kongresses gelten. Laut Polizei wurde der Bus aus einer Gruppe mit Eiern, Tomaten und Farbbechern beworfen.",0,1,Hassrede,0.8613463044166565
HASOC,LOC_ONLY,149,"Tagesschau berichtet über Vergewaltigung und Mord an 8jähriger in [LOC], aber nicht über den 'schweren sexuellen Missbrauch' einer 9jährigen heute in [LOC]. Vielleicht liegts am mutmaßlichen Täter, einem Mann aus dem [LOC]?",0,0,keine Hassrede,0.7442425489425659
HASOC,LOC_ONLY,150,"Was beim Messen rauskommen soll, steht vorher fest. Dafür müssen nur die richteigen Messpunkte gefunden werden....",0,0,keine Hassrede,0.7957603335380554
HASOC,LOC_ONLY,151,Vor 1-2 Jahren hat sich Maas hier auf Twitter schon mal als Justizminister bei FeineSahneFischfilet bedankt. Weil es gegen Rechts ging. Seitdem verachte ich die SPD.,0,1,Hassrede,0.727435827255249
HASOC,LOC_ONLY,152,"Zornige Flüchtlinge wurden von der libyschen Küstenwache nicht nach [LOC], sondern nach [LOC] verfrachtet: 'Wir brauchen kein Essen. Wir brauchen keine Medizin. Wir wollen nach [LOC]', skandieren die traumatisierten Familien! Zarzis",0,1,Hassrede,0.5461655855178833
HASOC,LOC_ONLY,153,"Contra-Mag.:Seyran Ates: „Der politische Islam übernimmt [LOC]“: [LOC] braucht eine radikale Kurswende in seiner Politik gegenüber dem Islam. Das sagt Seyran Ateş, prominente Frauenrechtlerin und Anwältin. Sonst drohe das Land vom politischen…",1,1,Hassrede,0.619983971118927
HASOC,LOC_ONLY,154,"[LOC] Bevölkerung wird sich bis 2050 verdoppeln. Reicht das, um an eine Invasion aus dem Süden zu glauben?! Was helfen könnte, ist endlich Geburtenkontrolle zu fördern! Dafür bräuchten wir Experten, die können sich dann nennen, wie sie wollen! afd",1,0,keine Hassrede,0.8463318347930908
HASOC,LOC_ONLY,155,Wer die Grünen wählt? Die Wahlhelfer. Grüne werden nicht gewählt. Grüne werden gefälscht. so kommt man locker flockig auf so ein Hoch aber keine Angst nach dem Hoch kommt das nächste Tief,0,0,keine Hassrede,0.980378270149231
HASOC,LOC_ONLY,156,"Kapazitäten im ZDF und zur Eurowahl: Den Islam gibt es erst seit dem 7. Jahrhundert, aber Frans Timmermans, der Kommissionspräsident werden will, meint, dass der Islam seit 2000 Jahre zu [LOC] gehört. Keinen stört's, das Publikum klatscht. Pappnasen",0,0,keine Hassrede,0.9284612536430359
HASOC,LOC_ONLY,157,Uwe_Junge_MdL Junge_Freiheit Die Anzahl der Asylanträge ist wesentlich geringer als die Anzahl der Zuwanderer. Man täuscht mit den Asylzahlen über die wahren Zuwandererzahlen hinweg.,0,0,keine Hassrede,0.8579434156417847
HASOC,LOC_ONLY,158,Jedem das seine Eine Runde Mitleid? Also ich bin für: 'Nö!',0,0,keine Hassrede,0.9950045943260193
HASOC,LOC_ONLY,159,"Polizeibekannter Syrer verletzt Schülerin und Student grundlos 'potentiell lebensgefährlich'. Keiner hilft, alle rennen weg. Opferblut spritzt auf Hose eines Passanten. Dieser droht dem Opfer mit Anzeige wegen Sachbeschädigung. Polizei lässt [LOC] laufen.",0,0,keine Hassrede,0.7221668362617493
HASOC,LOC_ONLY,160,"Hartes_Geld ABSCHIEBEN DIESES GESINDEL!!.. UND DANM SAGEN WIR,, GUT GENACHT,,!!!",1,0,keine Hassrede,0.7050455212593079
HASOC,LOC_ONLY,161,Zeugenaufruf nach Raub in [LOC] ([LOC]) am 31.05.2019 um 14:00 Uhr. Nach bisherigem Stand der Ermittlungen wurde ein 61-Jähriger in den Rücken getreten und anschließend seiner Geldbörse beraubt. Hinweise bitte an 040 4286 56789,0,0,keine Hassrede,0.5068314671516418
HASOC,LOC_ONLY,162,"Auszug:'„In fünf arabischen Ländern gaben zwischen 31 und 64 Prozent der Männer an, Frauen sexuell belästigt zu haben. 40 bis 60 Prozent der Frauen berichteten von solchen Erfahrungen.“ ' Jetzt auch endlich bei uns. Danke CDU SPD FDP Migrationspakt",0,0,keine Hassrede,0.7013998627662659
HASOC,LOC_ONLY,163,"Salvini MatteoSalviniMi hält die jüdisch-christliche Prägung, die Traditionen, Werte &amp; Identität der [LOC] u. von [LOC] hoch. Italien'ische Wähler : Kein Priester, kein Bischof , kein Papst hat diese Botschaft so intensiv &amp; emotional gebracht",0,0,keine Hassrede,0.8467127680778503
HASOC,LOC_ONLY,164,"Wie [LOC] seine Standortvorteile verliert: Infrastruktur, Rechtssicherheit, Zuverlässigkeit und Pünktlichkeit - ein gesamtgesellschaftliches Phänomen einer Schildbürgerpolitik.",0,0,keine Hassrede,0.9448740482330322
HASOC,LOC_ONLY,165,'Auch in einer Facebook-Gruppe von Flüchtlingen in [LOC] gab es Freudenbekundungen.' NotreDame,0,0,keine Hassrede,0.9841963052749634
HASOC,LOC_ONLY,166,"EUDebate Steuergerechtigkeit, Google,Facebook u d anderen,akquirieren durch Ihren Dienst viele Arbeitsplätze und damit zahlen die AN Steuern. Die kleinen haben 3 AN die Sozialen viele 100.000 AN Wenn Sie ohne die Sozialen Netzwerke ,Steuern erhalten wollen",0,0,keine Hassrede,0.881982684135437
HASOC,LOC_ONLY,167,“Die Schlacht um Straßburg” hat in [LOC] begonnen und könnte für die EU in einem “Stalingrad” enden,0,0,keine Hassrede,0.5891342759132385
HASOC,LOC_ONLY,168,"[LOC] verteuert den Strom um 114 %! Bezahlen alle, auch die Ärmsten und Rentner! afdwählen",0,0,keine Hassrede,0.5264329314231873
HASOC,LOC_ONLY,169,Hartes_Geld UND WIR SOLLEN DIE NAZIS SEIN!!,0,1,Hassrede,0.9930364489555359
HASOC,LOC_ONLY,170,Bitte unterstützen Sie die Petition »Keine öffentliche Finanzierung der Amadeu Antonio Stiftung«:,0,0,keine Hassrede,0.8729738593101501
HASOC,LOC_ONLY,171,Uwe_Junge_MdL,0,0,keine Hassrede,0.8448765873908997
HASOC,LOC_ONLY,172,"WIE BITTE? Europarat verbietet Gründung einer EU-kritischen Fraktion! Am 26. Mai erst Recht sagen, was Sie von der EU halten! AfDwählen europaistdieantwort EUdasProblem",0,0,keine Hassrede,0.9704388380050659
HASOC,LOC_ONLY,173,[LOC] Joe130978 Die leben sowas von vom Drogendealen Typisch Frankfurt So muss das ! Der selbständige Mittelstand muss gefördert werden,1,0,keine Hassrede,0.8097981214523315
HASOC,LOC_ONLY,174,"Eine Partei, in der Mutti seit 2005 jedem den Kopf abgebissen hat, der mehr Charisma als ein Einbahnstraßenschild hat, verfügt naturgemäß über ein riesiges Potential talentierter Nachwuchspolitiker, die jetzt den Laden in Schwung bringen werden. Lassen Sie sich da nix einreden.",0,0,keine Hassrede,0.9662959575653076
HASOC,LOC_ONLY,175,"[LOC] Der wegen Drogen,Raub und Betrug vorbestrafte Gökhan wollte mit seinem Transporter ein paar Polizisten umfahren. Die schossen auf das Fahrzeug, brachten es zum Anhalten. Im Fahrzeug fanden sie Haschisch,Crack,Kokain und Poppers",0,0,keine Hassrede,0.7068966031074524
HASOC,LOC_ONLY,176,"Hier mal eine kleine Liste über brennende Kirchen in [LOC]. Nur im letzten Jahr. Ohne Anspruch auf Vollständigkeit. Eigenartig viele Kurzschlüsse im 'modernen' [LOC], nicht?",0,0,keine Hassrede,0.8832935690879822
HASOC,LOC_ONLY,177,Sicherheit im Netz: ProtonMail führt [LOC] durch,0,0,keine Hassrede,0.9640883803367615
HASOC,LOC_ONLY,178,Ein schutzsuchender somalischer Flüchtling hatte den Rentner brutal zusammengetreten. Einen Tag zuvor hatte der Kriminelle in [LOC] bereits auf einen Taxifahrer eingeschlagen. Er wurde von der Polizei geschnappt und sofort wieder freigelassen.,0,1,Hassrede,0.5494377613067627
HASOC,LOC_ONLY,179,"Keine Gnade: Opa Peter (87) zu Haftstrafe verurteilt, weil er aus Hunger Käse für 4,55 Euro stahlDas MERKEL Regime geht hart gegen das eigene Volks vor, Illegal eingereiste Sozialtouristen hingegen fasst das System stets mit Samthandschuhen an.",1,0,keine Hassrede,0.8589843511581421
HASOC,LOC_ONLY,180,"Dort habe ich mal eine Zusammenfassung erstellt was ich/wir wissen, aber viele nicht. 'Es stinkt und stank von Anfang an' und den E-Brief an die Anwältin davor. findbecci rebecca freeflorian schwager schwagerwars gebtdenschwagerfrei",0,1,Hassrede,0.9277920722961426
HASOC,LOC_ONLY,181,Es gibt hier nichts zu sehen. Gehen Sie einfach Weiter. Es ist alles in bester Ordnung. Wir leben im besten [LOC] aller Zeiten. Ende der Durchsage. Deutschland2019.Fedidwgugl LiebestattHass Nohate Toleranz,0,0,keine Hassrede,0.9983240962028503
HASOC,LOC_ONLY,182,"Den Grünen ist Umweltschutz völlig egal, wenn die Zerstörung der Umwelt weit genug weg ist! Elektroauto Elektromobilitaet Lithiumabbau",0,0,keine Hassrede,0.9916155338287354
HASOC,LOC_ONLY,183,Frohe Ostern und einen wunderschönen Ostersonntag!,0,0,keine Hassrede,0.9716478586196899
HASOC,LOC_ONLY,184,"Samstag Nachmittag. Die Sonne lacht. [LOC] sitzen im Freien an den Tischen einer Gaststätte. Ein Mann fährt in die Gruppe, tötet und verletzt dabei viele Gäste. Anschließend erschießt er sich selbst. Und Onlinemedien schreiben 'Zwischenfall'. – Es ist zum Schreien! [LOC]",0,1,Hassrede,0.9290686249732971
HASOC,LOC_ONLY,185,"Die 300.000 Haushalte, denen wegen der hohen Strompreise der Saft abgedreht wurde sollen zukünftig wenigstens aus der Mülltonne essen dürfen, fordert grüner Justizsenator.",0,0,keine Hassrede,0.6451296210289001
HASOC,LOC_ONLY,186,"Ein Ministerium entscheidet, was eine Meinung ist. Das hatten wird doch schon mal in [LOC], BMFSFJ.",0,0,keine Hassrede,0.7739257216453552
HASOC,LOC_ONLY,187,mainwasser Vorwärts auf dem Weg zur Sozialistischen Einheitspartei Deutschlands.,0,0,keine Hassrede,0.9873527884483337
HASOC,LOC_ONLY,188,"Ein EU-Parlament zu wählen, das eigentlich überhaupt nichts zu melden hat, sondern von einigen von Banken gesteuerten Kommissaren, die weitgehend diktatorische Entscheidungsbefugnisse haben, ignoriert und verlacht wird, ist demokratischer Mummenschanz. Im Bild: [LOC].",0,0,keine Hassrede,0.9738502502441406
HASOC,LOC_ONLY,189,Wenn ich den sehe platzt mir die Halsschlagader Merkel huldigen wie ein Unterwürfiger mit allen Mitteln bei Merkel beliebt machen möchte unsympathischer Politiker kein eigenes Profil via TOnline_News,0,1,Hassrede,0.9580950140953064
HASOC,LOC_ONLY,190,"Hartes_Geld AndreaSchlegel3 ...und Frau KGE freut sich, da nun immer mehr Leute ihr Leben täglich neu aushandeln müssen.",0,0,keine Hassrede,0.878911554813385
HASOC,LOC_ONLY,191,"Ein Fall für Greta Demos ,Sondersendungen und am besten ''Thursday for Future'' warum sollten man nur Freitag frei nehmen-jetzt wo es eh so warm ist",0,0,keine Hassrede,0.7994938492774963
HASOC,LOC_ONLY,192,na für schlechte Zeiten hat sie sich ja genug angefressen mal schauen in welchem Vorstand sie bald auftaucht,0,0,keine Hassrede,0.893218994140625
HASOC,LOC_ONLY,193,"[LOC] 2.500 Ausländer kommen trotz Ausreisegeld zurück/ Zwischen Anfang 2017 und Ende April 2019 wurden laut [LOC] Fördermittel in Höhe von rund 83.000 Euro zurückgezahlt. Im Jahr 2018 wurden für das Förderprogramm knapp 9,5 Millionen Euro aufgewendet.",0,0,keine Hassrede,0.7170670032501221
HASOC,LOC_ONLY,194,"Witz zum Wochenende: der Mann, der nie vom Volk gewählt wurde, der Linksradikale Bands gutfindet, die Gewalt gegen Polizisten und Andersdenkende propagieren, der sich als Präsident nie neutral verhält, warnt vor Verachtung der Demokratie...",0,1,Hassrede,0.897479236125946
HASOC,LOC_ONLY,195,Ungebeten1 Dann könnte man den Wald aber nicht kapitalisch nutzen,0,0,keine Hassrede,0.9941083192825317
HASOC,LOC_ONLY,196,"Herr Abboud aus [LOC] hat drei Frauen und 13 Kinder. Zum perfekten Glück fehlt noch die deutsche Staatsbürgerschaft, die Herr Abboud jetzt anstrebt.",0,0,keine Hassrede,0.8924128413200378
HASOC,LOC_ONLY,197,Daher umso wichtiger: [LOC] braucht noch mehr und vor allem neue Fachkräfte.,0,0,keine Hassrede,0.7893476486206055
HASOC,LOC_ONLY,198,Mit seinem Bestseller [LOC] schafft sich ab schlug ThiloSarrazin vor 8 Jahren eine tiefe Schneise in das Dickicht der Politischen Korrektheit. Seine Vorschläge zur Bevölkerungspolitik und zur Gesundung [LOC] sind nach wie vor gültig.,0,0,keine Hassrede,0.7758636474609375
HASOC,LOC_ONLY,199,[LOC] ist der Zeit die Patrioten von ganze Welt Aktiv werden und nicht mehr zu lassen die Globalsten für uns entscheiden .leider unsere Regierung bis jetzt haben die Radikalsten unterstützt Beispiel islamische [LOC] die habe 40 Jahre Auge zugedrückt und jetz...,0,0,keine Hassrede,0.543514609336853
HASOC,PER_ORG_LOC_TYPED,0,"Innerhalb 24 Stunden ist nun die 3. in [LOC] explodiert Familien sind vom Knall wach geworden, der den Eingangsbereich ihres Wohnhauses in [LOC] komplett zerstörte die organisierte Bandenkriminalität hat freie Bahn und läßt es ordentlich krachen",0,0,keine Hassrede,0.6390565037727356
HASOC,PER_ORG_LOC_TYPED,1,"Heißt übersetzt: Der, der mit der deutschen Flagge wedelt, zündet auch Asylheime an? Wie bekloppt ist der Mann?",1,1,Hassrede,0.515274167060852
HASOC,PER_ORG_LOC_TYPED,2,"Diejenigen, welche einen solchen Scheiss rauslassen könnte man noch verkraften. Aber dass man damit Millionen blinde Waehler findet ist das Schlimme und sollte zu denken geben.",0,1,Hassrede,0.7004186511039734
HASOC,PER_ORG_LOC_TYPED,3,Alle feiern und die [ORG] legen Brände. Die linke Szene bekommt mit ihren Taten keine Anerkennung der Bevölkerung!,1,0,keine Hassrede,0.9602510333061218
HASOC,PER_ORG_LOC_TYPED,4,"[PER]: '[ORG]; grüne Wähler sind die am BESTEN AUSGEBILDETEN Menschen, die den HÖCHSTEN Bildungsstand haben.' ([LOC] mit [ORG]; [ORG]) SpeicherBaerbock: Strom verstopft die Netze. [PER] verwechselt [PER] +[LOC], [LOC].",0,0,keine Hassrede,0.5420324206352234
HASOC,PER_ORG_LOC_TYPED,5,"Weil in [LOC] 50 Korane zerrissen wurden sendet das [ORG] 15 Minuten lang einen Bericht der Empörung. Das in [LOC] ein 9 Jähriges Mädchen von einem Flüchtling vergewaltigt und von Zeugen gestellt wurde, darüber schweigt das ZDFheute",0,1,Hassrede,0.7460253834724426
HASOC,PER_ORG_LOC_TYPED,6,"Ich würde der [ORG] die 1.000 Euro Arbeitslosengeld geben. Die wären bedeutend besser angelegt als die Diät. Der [ORG], alias das [LOC], [PER] von der [LOC] und [LOC] kannweg mussweg",1,0,keine Hassrede,0.7502423524856567
HASOC,PER_ORG_LOC_TYPED,7,und sehen auch noch Klasse aus,0,0,keine Hassrede,0.9754419326782227
HASOC,PER_ORG_LOC_TYPED,8,+++ Bundesregierung gibt auf Anfrage der AfDimBundestag zu: [LOC] zu [LOC] beruht ausschließlich auf Medienberichten[ORG] ehemalige Präsident des [ORG] hatte doch Recht! DeutschlandKurier,0,0,keine Hassrede,0.8455613851547241
HASOC,PER_ORG_LOC_TYPED,9,"[LOC] schließt [LOC]: Die österreichische Regierung will ein saudi-arabisches Kulturzentrum schließen. Grund sind Menschenrechtsverletzungen. Von Redaktion Die österreichische Regierung hat Pläne angekündigt, ein von…",0,0,keine Hassrede,0.560786247253418
HASOC,PER_ORG_LOC_TYPED,10,[ORG] erklärt: Bevölkerungsaustausch ist Faktum!,0,0,keine Hassrede,0.9903023838996887
HASOC,PER_ORG_LOC_TYPED,11,Toll...und bald schwingen wir uns wieder von Ast zu Ast...,0,0,keine Hassrede,0.7733705043792725
HASOC,PER_ORG_LOC_TYPED,12,Ich habe einen Geburtstagswunsch. Unterstützt bitte das Crowdfunding von [LOC]. Die Tour kommt am 27. Juli auch nach [LOC]!,0,0,keine Hassrede,0.9605100750923157
HASOC,PER_ORG_LOC_TYPED,13,"Wer Dinner for One nicht im TV sehen kann, hier kann man es sich runterladen bzw. online ansehen. [PER]",0,0,keine Hassrede,0.9366591572761536
HASOC,PER_ORG_LOC_TYPED,14,"[PER] über [PER], Politiker v Die_Gruenen, bis 2014 im [ORG] für [ORG]: '[PER] blieb, was er seit 50 Jahren ist: Ein Deutscher Anarchist.' 'DCB est resté ce qu'il était il y a 50 ans: [PER].'",0,0,keine Hassrede,0.7841619849205017
HASOC,PER_ORG_LOC_TYPED,15,die neue Karriere nach der Karriere als Missionarin in [LOC],0,0,keine Hassrede,0.9746068716049194
HASOC,PER_ORG_LOC_TYPED,16,alle müssen etwas mehr tun Sonst wird es viel Leid geben. Mehr als 1945. Viel mehr Und in jeder Hinsicht,0,0,keine Hassrede,0.6432808041572571
HASOC,PER_ORG_LOC_TYPED,17,"1. Wer stellt so eine Falle? 2. Wozu? 3. Warum geben sie das Video 2 Jahre später an Medien? 4. Was lief 2017-19? 5. Gab es Druck auf [ORG]? 6. Warum gehen 2 Spitzenpolitiker in ein Treffen, recherchieren scheinbar kaum - Name war erfunden! - und reden dann frei von der Leber?",0,0,keine Hassrede,0.6636785268783569
HASOC,PER_ORG_LOC_TYPED,18,"Den letzten Chatkontakt und WhatsApp Lebenszeichen hatte [PER] auch nicht um 0.06 Uhr mit ihrer besten Freundin, wie sie selbst glaubte. Sondern um 1.07 Uhr mit jemand anderem, welcher auch überhaupt nicht, in keinster Weiße irgendwie verdächtig wirkt. [PER]",0,0,keine Hassrede,0.9910172820091248
HASOC,PER_ORG_LOC_TYPED,19,"+++ [ORG] - Zukunft für [LOC] +++ AfD-Europawahl-Programm, Kapitel 6.5: ❝Remigration statt Massenzuwanderung❞ Nicht „Resettlement”, also Umsiedlungsprogramme nach [LOC], sind das Gebot der Stunde, sondern das Gegenteil!",0,0,keine Hassrede,0.8876229524612427
HASOC,PER_ORG_LOC_TYPED,20,"Man wundert sich, wie viel Aufruhr es verursacht, wenn souveräne [LOC] die Unterzeichnung einer 'rechtlich unverbindlichen' Absichtserklärung verweigern. Wenn der Pakt doch so harmlos ist und keinen Staat zu irgendetwas zwingt, warum dann das Geschrei? [PER]",0,0,keine Hassrede,0.8719711303710938
HASOC,PER_ORG_LOC_TYPED,21,"[PER] ist absolut Spitze! Ich habe einiges durch seine Videos lernen können, hat es mega drauf!!",0,0,keine Hassrede,0.8713459968566895
HASOC,PER_ORG_LOC_TYPED,22,Ungebeten1 Einen wunderschönen Guten Morgen wünsche ich Dir - trotz Arbeit . Heißen die Weihnachtsmärkte jetzt nicht Jahresendmärkte?,0,0,keine Hassrede,0.9974163174629211
HASOC,PER_ORG_LOC_TYPED,23,Nach suboptimalem Fahrverhalten zweier Autofahrer in [LOC] und [LOC] wurden ihre hochwertigen Fahrzeuge und die Führerscheine sichergestellt.,0,0,keine Hassrede,0.8993034362792969
HASOC,PER_ORG_LOC_TYPED,24,da würden noch soviele Fressen mehr rein passen! aber leider platz mangel,1,0,keine Hassrede,0.9245628714561462
HASOC,PER_ORG_LOC_TYPED,25,"Contra-Mag.:Washingtons Sucht nach Krieg durchbrechen: [LOC] ist in einem ständigen Zustand des [LOC]. Die Frage, wie man mit den globalen Herausforderungen umgehen soll, scheint immer mit der gleichen Antwort beantwortet zu werden:…",0,1,Hassrede,0.7299961447715759
HASOC,PER_ORG_LOC_TYPED,26,"XYEinzelfall tantegerd1 Ein Vater kann seinen [PER] nicht kidnappen! Wenn schon dann wurde er wegen Entzug der Sorge,verurteilt!",0,0,keine Hassrede,0.9328644275665283
HASOC,PER_ORG_LOC_TYPED,27,"Nochmals zum [LOC]: Wer stellt Strafanzeige gegen [ORG] und SZ? Beachte: Die angesprochenen Medien haben offen zugegeben, dass sie wussten, dass es sich 'um eine Falle handelte'. (§ 201a StGB) strache ibizavideo",0,0,keine Hassrede,0.705032467842102
HASOC,PER_ORG_LOC_TYPED,28,+++ Brexit-Nachrichtenüberblick +++: Ökonom Sinn warnt vor harter Haltung gegenüber [LOC],0,0,keine Hassrede,0.9479306936264038
HASOC,PER_ORG_LOC_TYPED,29,"Ich finde es nach wie vor wider die Natur und nehme mir die Freiheit heraus, dies zu sagen. Man kann mich dafür hassen, aber das ist meine Meinung.",0,0,keine Hassrede,0.979499340057373
HASOC,PER_ORG_LOC_TYPED,30,"VenomStrike3 [ORG] AfD Abgesehen vom schleichenden Verlust der nationalen Identität und Kultur haben wir mit vielen Einwanderergruppen auch kaum Probleme. Es gibt aber ein spezifisches Problem mit Einwanderung aus islamischen Ländern, siehe [PER] Buch. Viele Muslime wollen sich gar nicht ändern.",1,0,keine Hassrede,0.9051728248596191
HASOC,PER_ORG_LOC_TYPED,31,Na sowas? Dalai Lama verbreitet AfD-Ansichten und bekommt für seine 'fremdenfeindlichen' und 'rassistischen' Aussagen auch noch Beifall!,0,1,Hassrede,0.984550416469574
HASOC,PER_ORG_LOC_TYPED,32,"[ORG] wählt, bekommt NsDAP",0,0,keine Hassrede,0.9211378693580627
HASOC,PER_ORG_LOC_TYPED,33,"Vorwurf: „faktisches Einreiseverbot für viele ältere Fachkräfte“. Tatsache: wir wollen keine Einwanderung in Sozialsysteme. Also sollen nur diejenigen einwandern, die eine eigenständige Altersversorgung aufbauen können. Halte ich unter dem Strich für richtig einwanderungsgesetz",0,0,keine Hassrede,0.6554346680641174
HASOC,PER_ORG_LOC_TYPED,34,"[ORG] Experten nun Endlich nach [ORG] hatte der [ORG] aus Sicherheitsgründen den Zugang verwehrt! Problem : Das Kampfgas ist sehr flüchtig,und soll nach 7 Tagen,nicht mehr nachzuweisen zu sein! Nun wer das Normal findet,der kann nur ein Troll sein!",0,0,keine Hassrede,0.8114452362060547
HASOC,PER_ORG_LOC_TYPED,35,[LOC] (54) wird durch Messerstich schwer verletzt - 17-Jähriger in Haft. Täter ein 17 Jahre alter syrischer Staatsangehöriger,0,0,keine Hassrede,0.6808576583862305
HASOC,PER_ORG_LOC_TYPED,36,"Jetzt beginnt wieder diese Jahreszeit, in der man dauernd fremder Leute Tätowierungen ansehen muss.",0,0,keine Hassrede,0.8795040845870972
HASOC,PER_ORG_LOC_TYPED,37,"[ORG] akk Unmöglich, das wären dann 'Nazimethoden' ;)",0,1,Hassrede,0.5849494934082031
HASOC,PER_ORG_LOC_TYPED,38,"...es ist nur noch lächerlich...! Die [ORG] gibt es seit 6 Jahren und sie hat seit dem KEIN Rentenkonzept...! ...dafür die höchste Kriminalitätsquote aller Abgeordneten, eine Spendenaffäre und ein Prüffall beim Verfassungsschutz ist sie auch...!",0,0,keine Hassrede,0.790840208530426
HASOC,PER_ORG_LOC_TYPED,39,"Wir sind das einzige Land, in dem nun nachgewiesen gelenkte Staatspropaganda gegen die eigenen Bürger auch noch von selbigen selbst bezahlt werden müssen! [ORG] sofort abschaffen! [ORG]",0,1,Hassrede,0.9626732468605042
HASOC,PER_ORG_LOC_TYPED,40,"[PER] schlägt vor, illegale Einwanderer nur in Städten von [ORG] regiert unterzubringen, da [ORG] Abschiebungen Illegaler blockieren. Tolle Idee, sollte man auch hier anwenden.",0,0,keine Hassrede,0.8311691880226135
HASOC,PER_ORG_LOC_TYPED,41,"Früher warst du 30 Jahre eingesperrt. Oder du hast dein eigenes Leben riskiert, für die Idee Freiheit und Demokratie. Heute reicht Schulschwänzen gegen den Klimawandel für den Friedensnobelpreis. Den Preis kann man schon vergessen.",0,0,keine Hassrede,0.9306539297103882
HASOC,PER_ORG_LOC_TYPED,42,"MMNews: [PER], [PER]: AfD Bedrohung für [LOC]: Die Ministerpräsidenten von [LOC] und [LOC] warnen in einem gemeinsamen Interview vor einem weiteren Erstarken der Rechtspopulisten. [ORG]...",0,1,Hassrede,0.662577211856842
HASOC,PER_ORG_LOC_TYPED,43,[PER],0,0,keine Hassrede,0.8983983397483826
HASOC,PER_ORG_LOC_TYPED,44,"Wer weite Teile der [ORG], Flüchtlingshelfer, Seenotretter, FridaysForFuture, YouTuber - diffamiert, der hat wirklich gar nichts verstanden. KonstantinNotz on fire bei der Debatte zum Migrationspaket",0,0,keine Hassrede,0.8966715931892395
HASOC,PER_ORG_LOC_TYPED,45,[PER] schon traurig wenn man nicht mal mehr im eigenen land sicher ist.,0,0,keine Hassrede,0.6128079295158386
HASOC,PER_ORG_LOC_TYPED,46,"[PER]: „Tatsachen schafft man nicht dadurch aus der Welt, dass man sie ignoriert!'",0,0,keine Hassrede,0.9940170645713806
HASOC,PER_ORG_LOC_TYPED,47,[LOC] über die Ursachen des Zweiten Weltkrieges,0,0,keine Hassrede,0.6632717251777649
HASOC,PER_ORG_LOC_TYPED,48,[ORG],0,0,keine Hassrede,0.9416525363922119
HASOC,PER_ORG_LOC_TYPED,49,Die Strafanzeige der [ORG] zu einem nächtlichen Einsatz in [LOC] umfasst inzwischen einige Seiten.Nachbarn hatten sich wegen Ruhestörung beschwert.Die Polizei rückte schließlich mit 20 Beamten an und legte einen ZDF-Reporter in Handschellen.,0,1,Hassrede,0.5327743887901306
HASOC,PER_ORG_LOC_TYPED,50,Gut wenn die Erfinder dieser Lügen Geschichte bestraft werden! FAKENEWS,0,0,keine Hassrede,0.729553759098053
HASOC,PER_ORG_LOC_TYPED,51,"Ungebeten1 Moin, wünsche dir trotzdem einen schönen Tag!",0,0,keine Hassrede,0.9969764351844788
HASOC,PER_ORG_LOC_TYPED,52,"Teilen! Mindestens 80 Millionen mal! Bis auch der letzte Nachtwächter versteht, was hier abgeht!",0,0,keine Hassrede,0.5846774578094482
HASOC,PER_ORG_LOC_TYPED,53,[LOC]: Polizei schießt Attentäter am [LOC] an – Dann sprengt er sich in die Luft,0,0,keine Hassrede,0.7970209717750549
HASOC,PER_ORG_LOC_TYPED,54,"[LOC] 9 Jahre alt, [PER] 11 Jahre alt und [PER] wird 8 Jahre vorsichtig die drei sind traumatisiert Am 24.April drang dieses Trio in ein Mehrfamilienhaus in der [LOC] in [LOC] ein In der Wohnung durchsuchten sie mehrereSchränke und klautenSchmuck",0,0,keine Hassrede,0.6754990220069885
HASOC,PER_ORG_LOC_TYPED,55,"Kennt ihr noch das Buch 'die Welle'? Die Gutmenschen merken gar nicht, dass sie in ihrer hysterischen Jagd auf AfDler Hauptakteure im größten Manipulation-der-Massen-Experiment der Nachkriegszeit sind.",0,1,Hassrede,0.8528873324394226
HASOC,PER_ORG_LOC_TYPED,56,"[PER], anscheinend wieder angetrunken, wird zur Gefahr für sich und seine Umgebung.",0,0,keine Hassrede,0.743094265460968
HASOC,PER_ORG_LOC_TYPED,57,Ralf64904117 Das sind [PER] im MedienVerkehr. ;),0,0,keine Hassrede,0.8926423192024231
HASOC,PER_ORG_LOC_TYPED,58,Artikel vom 9.4.2019 'Täglich werden in [LOC] drei Gotteshäuser Opfer von Vandalismus. Von der [ORG] wurden die Vorfälle lange nicht an die große Glocke gehängt – jetzt finden sie größere Aufmerksamkeit. ',0,0,keine Hassrede,0.5069087743759155
HASOC,PER_ORG_LOC_TYPED,59,"Dieser ganze EuropaistdieAntwort Kram klingt schlimmer als eine Sekte und hat überhaupt nichts mit [LOC] zu tun, sondern mit einem EU-'Sozialismus'Monster, indem indigene [LOC] ihre Kultur+Identität+Wohlstand aufgeben sollen.",0,0,keine Hassrede,0.9916309118270874
HASOC,PER_ORG_LOC_TYPED,60,gute Versicherung wird immer wichtiger in [LOC],0,0,keine Hassrede,0.9740453958511353
HASOC,PER_ORG_LOC_TYPED,61,"Wenn Koran, Scharia und Hadithe sowie die 800 Kriegszüge &amp; [PER] nicht mit [PER] Botschaft vereinbar sind - dann sind selbige Einschränkungen/Vorschriften (Viel-/Kinderehe, Frauenrechte) nicht mit unserer säkularen [ORG] vereinbar.",0,0,keine Hassrede,0.5047261118888855
HASOC,PER_ORG_LOC_TYPED,62,Ralf64904117 Hat die überhaupt ein anerkanntes Hochseepatent. Ansonsten frage ich ob [PER] wie 'Kapitän' [PER] sind?,0,0,keine Hassrede,0.5658920407295227
HASOC,PER_ORG_LOC_TYPED,63,[LOC] geht es Bergauf mit den Deutschen,0,0,keine Hassrede,0.9159284234046936
HASOC,PER_ORG_LOC_TYPED,64,"2 Hammer Schlagzeilen auf der Hälfte der B-Zeitung! [ORG] Kommt [ORG] eigentlich noch klar? Liebe fleißigen Deutschen Staatsbürger,habt IHR dafür jahrzehnte geackert/gebuckelt um so als Rentner abgespeist zu werden? SO VIEL [ORG] GIBT’S NICHT DASS [ORG] ALLE [ORG]",0,0,keine Hassrede,0.6512243151664734
HASOC,PER_ORG_LOC_TYPED,65,[ORG],0,0,keine Hassrede,0.9416525363922119
HASOC,PER_ORG_LOC_TYPED,66,[LOC] COHN-BENDIT - [ORG] [LOC] im INTERVIEW Mitschnitt mit Untertiteln von einem Video des heutigen [LOC] Abgeordneten der [ORG].,1,0,keine Hassrede,0.7436614632606506
HASOC,PER_ORG_LOC_TYPED,67,Uwe_Junge_MdL WilhelmTell77 Er soll bitte wieder in [LOC] demonstrieren,0,0,keine Hassrede,0.8086137771606445
HASOC,PER_ORG_LOC_TYPED,68,Das ist der Brüller des Monats.. 05.06.19 Satire kann unser Finanzminister,0,1,Hassrede,0.7247760891914368
HASOC,PER_ORG_LOC_TYPED,69,[ORG] verschiebt offenbar [ORG] zur Rente AfD Rente,0,0,keine Hassrede,0.806151270866394
HASOC,PER_ORG_LOC_TYPED,70,[ORG] akk Sie würde Andersdenkende gerne verfolgen und einschüchtern lassen.,0,1,Hassrede,0.7397828698158264
HASOC,PER_ORG_LOC_TYPED,71,"WOW!!! Fahrradständer als Klimaschutzprojekt... was für eine völlig neue Idee, endlich gibt es Fahrradständer an Schulen... das ich das noch erleben darf... DANKE GRETA!!!!",0,0,keine Hassrede,0.9334347248077393
HASOC,PER_ORG_LOC_TYPED,72,sehr richtig und gut gesagt!! und viele doofmichels begreifen das nicht mal!!,1,0,keine Hassrede,0.8249691128730774
HASOC,PER_ORG_LOC_TYPED,73,von [PER] – An die “Europawähler”,0,0,keine Hassrede,0.8338330984115601
HASOC,PER_ORG_LOC_TYPED,74,"[LOC]: [LOC] und [LOC] knacken 2018 zahlreiche Automaten bei Auto-Waschanlagen und Tankstellen, anhand dort gefundener DNA kommt heraus, dass der [LOC] auch für Vergewaltigung einer Frau in [LOC] in der Silvesternacht 2012 verantwortlich ist",0,1,Hassrede,0.680202305316925
HASOC,PER_ORG_LOC_TYPED,75,[PER] im Krieg gedient! Großvater im Krieg gedient! Vater und Schwiegervater im Krieg gedient. Teilweise viele Jahre in Gefangenschaft. Für was?! [ORG]...: ⁦Mundaufmachen⁩ ⁦AfD⁩ UnserLandUnsereKultur,0,0,keine Hassrede,0.556525707244873
HASOC,PER_ORG_LOC_TYPED,76,"Hartes_Geld Du behinderter Hurensohn. Wäre das ein „nobler Patriot“ gewesen, hättest du deine minderwertige Stimme wegen des [ORG] so repressiven Staatrs erhoben. [ORG].",1,1,Hassrede,0.7568455934524536
HASOC,PER_ORG_LOC_TYPED,77,Die bayerische AfD-Fraktionsvorsitzende [PER] hat Faschingskostüme mit Fraktionsgeldern bezahlt.,0,0,keine Hassrede,0.614764928817749
HASOC,PER_ORG_LOC_TYPED,78,Senioren beleidigen junge Kopftuchträgerinnen – Festnahme na geht doch! endlich mal Eier in der Hose die Polizei ach moment ich dachte andersrum aber so mag man es ja eher im versifften [LOC] da kam die mutige Polizei zu der Oma und ab ging die [ORG] mit der räächten,0,1,Hassrede,0.6172489523887634
HASOC,PER_ORG_LOC_TYPED,79,"Hartes_Geld Was solche verstandsbefreite, bildungsferne Vollpfosten hervorbringt, ist die Tatsache das wir schwerst [PER] nicht mehr in die geschlossene Psychiatrie einweisen, wie es sich gehört, sondern diese ein 24/7 Freilauf haben.",1,1,Hassrede,0.7426496744155884
HASOC,PER_ORG_LOC_TYPED,80,[LOC] Sprachunterricht für Migranten. Ist raus geworfenes Geld.,0,0,keine Hassrede,0.9404181241989136
HASOC,PER_ORG_LOC_TYPED,81,Ungebeten1 ichbinkoelnerin [LOC] grüne,0,0,keine Hassrede,0.9760753512382507
HASOC,PER_ORG_LOC_TYPED,82,[PER] ichbinkoelnerin [PER] 66Norweger66 burger_ein RolandTichy [ORG] Lebensformation 4Kolner GudrunBecker11 [ORG],0,0,keine Hassrede,0.8100481629371643
HASOC,PER_ORG_LOC_TYPED,83,"Kurzkommentar manu_mie Ralf_Stegner Bei uns in [LOC] wird der Hehler höher bestraft als der Täter! Es ist wohl völlig egal,wer die Chemiewaffen eingesetzt hat! Wäre [LOC] schon beim ersten Chemieeinsatz bereit gewesen,eine Warnung von der [ORG] zu unterzeichnen,würden viele noch leben!",1,0,keine Hassrede,0.797666609287262
HASOC,PER_ORG_LOC_TYPED,84,Die HHBombe in [LOC] ist erfolgreich entschärft. Herzlichen Dank an unseren Kampfmittelräumdienst [LOC],0,0,keine Hassrede,0.936198353767395
HASOC,PER_ORG_LOC_TYPED,85,"Altes Sprichwort: Hast du die einmal im Haus, bekommst du die nie wieder raus. Deshalb immer Achtung vor getarnten [ORG]; [ORG]. [LOC] kann man auch gegen [ORG] ersetzen. Der [ORG], alias [PER], [LOC], [LOC]",1,0,keine Hassrede,0.5461219549179077
HASOC,PER_ORG_LOC_TYPED,86,"Nicht gleich 'den Bettel hinschmeißen' – Bettel, bedeutet [PER]. Und diese Einstellung ist das einzige Problem was dieses Land hat. [PER], [ORG] (R.I.P.) müssen schon wieder im Grab umgedreht werden. Der [ORG] merkelmussweg",1,0,keine Hassrede,0.8789246082305908
HASOC,PER_ORG_LOC_TYPED,87,"'Passanten entdecken einen 13j Jungen im Bereich der Stephansschule in der [LOC] in [LOC]. Das Kind ist aufgehängt worden! Die Wiederbelegung gelingt, der Junge kommt schwer verletzt in eine Klinik. Noch ist unklar, ob er überleben wird.'",0,0,keine Hassrede,0.6328621506690979
HASOC,PER_ORG_LOC_TYPED,88,[PER],0,0,keine Hassrede,0.8983983397483826
HASOC,PER_ORG_LOC_TYPED,89,"Ich mag [PER]. Denn der liebt die Umwelt, fährt mit dem Zug, teils sogar mit sauberem Ökostrom auf die Leute zu, während die meisten [ORG] immer fortfahrend das Umfeld verpesten. Und besser reiten kann er auch. Der eklige grüne EkelWilfred",1,0,keine Hassrede,0.8705083131790161
HASOC,PER_ORG_LOC_TYPED,90,[LOC],0,0,keine Hassrede,0.9604694843292236
HASOC,PER_ORG_LOC_TYPED,91,"[PER] ist eine journalistische Null, die jedes Mal über das Systemstöckchen springt, wenn sie auf Sendung geht. Kritisch, investigativ!? Nein, aber dafür manipulative, polarisierend",0,0,keine Hassrede,0.8029751777648926
HASOC,PER_ORG_LOC_TYPED,92,Hartes_Geld Beim nächsten [LOC] hat wieder keiner was gewußt.,0,0,keine Hassrede,0.7399498224258423
HASOC,PER_ORG_LOC_TYPED,93,"[ORG] Darf man als Deutscher höflich die Frage stellen? Könnte es sein, daß viele Richter bestochen bzw. befangen sind???",0,0,keine Hassrede,0.9452623724937439
HASOC,PER_ORG_LOC_TYPED,94,"Zweimal vier gibt zwei runden Bier. Oder doppelt hält besser. Der [ORG], alias das [LOC], [PER] von der [LOC], [ORG] &amp; [PER]",1,0,keine Hassrede,0.7887147068977356
HASOC,PER_ORG_LOC_TYPED,95,"Schädigung [LOC] als Kanzler-Richtlinie? Das Gesetz zur Fachkräfteeinwanderung gibt vor, einen Fachkräftemangel beheben zu wollen; tatsächlich ist es ein Freifahrtschein für alle, die nach [LOC] wollen: v.a. für außereuropäische Zuwanderer!",0,0,keine Hassrede,0.8790556192398071
HASOC,PER_ORG_LOC_TYPED,96,Migrationist [PER]: “Jubel über seinen Tod ?”,0,0,keine Hassrede,0.872978687286377
HASOC,PER_ORG_LOC_TYPED,97,“[LOC] wählen zwischen Leben und Tod bei der [ORG]”,0,0,keine Hassrede,0.886851966381073
HASOC,PER_ORG_LOC_TYPED,98,"Frauen/Mädchen dürfen im Gegensatz zu Männern keine Hosen bei Gymnastikwettkämpfen anziehen. Kommentar eines Trainers dazu: Frauen haben schöne Körper, das darf man auch sehen. [PER]’s no?",0,0,keine Hassrede,0.9516125917434692
HASOC,PER_ORG_LOC_TYPED,99,"[PER], 158 cm klein! [PER] hat den [LOC] öffnen lassen und war enttäuscht, [PER] war ein Zwerg,war nicht [PER] und hinkte(war [PER]) Phoenix history",0,0,keine Hassrede,0.7829684019088745
HASOC,PER_ORG_LOC_TYPED,100,"Stromkosten für 100 km im [LOC]: 10,49 Euro. Dieselkosten für 100 km im Audi Q5: 8,13 Euro. :) elektroauto",0,0,keine Hassrede,0.7986390590667725
HASOC,PER_ORG_LOC_TYPED,101,"Heute ist Tag der Erhaltung der Artenvielfalt. Bessermenschen freuen sich über jede einzelne Art und wollen auch jede einzelne schützen. Es sei denn, du bist autochoner [LOC] eines Nationalstaates. Die sollen nämlich draufgehen zugunsten [LOC]. [ORG]",0,0,keine Hassrede,0.9937459826469421
HASOC,PER_ORG_LOC_TYPED,102,Noch eine neue Steuer: Eine CO2-Abgabe für jeden Lebensbereich soll die Bürger Milliarden kosten. Die höchsten Strompreise reichen noch nicht. Übrigens: Die [LOC] machen nicht mit.,0,0,keine Hassrede,0.7213242053985596
HASOC,PER_ORG_LOC_TYPED,103,.......'niemand hat die Absicht eine Mauer zu bauen'......! Afd,0,0,keine Hassrede,0.9298035502433777
HASOC,PER_ORG_LOC_TYPED,104,Der NO2-Jahresmittel-Grenzwert für die Außenluft beträgt 40 µg/m3. Eine Zigarette hat 1.200.000 µg. IchfahrDieselTagundNacht,0,0,keine Hassrede,0.8255873322486877
HASOC,PER_ORG_LOC_TYPED,105,"gleich mit [PER] Um so größer das Verbrechen , um so größer ihr Wert ! Da weiß man doch gleich in welchem Irrenhaus man gelandet ist . . . !",1,0,keine Hassrede,0.6297670602798462
HASOC,PER_ORG_LOC_TYPED,106,"Compact: [ORG] schlägt 13 bei [PER] – [PER] vom 12. Juni: Unser Kolumnist [PER] macht sich gut als [PER] von [ORG] und liest der [PER], hilft beim [LOC] nach[LOC]",0,0,keine Hassrede,0.9137936234474182
HASOC,PER_ORG_LOC_TYPED,107,"Die österreichischen [ORG] werden heute eine rot-blaue Koalition mit der [ORG] eingehen, um die schwarze Übergangsregierung zu stürzen. (Im September ist eh Neuwahl)",0,0,keine Hassrede,0.8602002859115601
HASOC,PER_ORG_LOC_TYPED,108,T100007140969 Nicht nur. Die meisten sind [LOC].,0,0,keine Hassrede,0.9573860168457031
HASOC,PER_ORG_LOC_TYPED,109,"Es geht doch nichts über Europäische Medien! Die Feuerwehr ist zwar noch nicht zum Brand durchgedrungen, trotzdem posaunen Medien, dass Bauarbeiten ursächlich wären. Respekt! NotreDame",0,0,keine Hassrede,0.9971693754196167
HASOC,PER_ORG_LOC_TYPED,110,[ORG],0,0,keine Hassrede,0.9416525363922119
HASOC,PER_ORG_LOC_TYPED,111,"Ich 'oute' mich mal: Bin 'Sexist': Ja, mir gefallen schöne Frauen! Bin 'Rassist': Ja, mir werden die Moslems hier langsam zu viel (und zu fordernd). [PER]': Ja, ich fahre schnelle Autos, liebe Motorboote und fliege oft! Kurz: Bin 'Arschloch' und wohl 'Nazi'. :)",1,1,Hassrede,0.8924542665481567
HASOC,PER_ORG_LOC_TYPED,112,"Im besten D aller Zeiten: Schläge, Spucken, Regeln brechen - [LOC] setzt Sicherheitsdienste in Freibädern ein. Schon Kinder ab zehn Jahren fallen mit respektlosem Verhalten auf. Für Angestellte gibt es nun Schulungen - etwa Kurse im Umgang mit Gästen mit Migrationshintergrund",0,1,Hassrede,0.5255283117294312
HASOC,PER_ORG_LOC_TYPED,113,Was glaubt ihr ? Könnte die [ORG] mit [PER] und [PER] als Doppelspitze zu neuen Höhen aufsteigen ?,0,0,keine Hassrede,0.9183905720710754
HASOC,PER_ORG_LOC_TYPED,114,"Ich kann nicht an meiner Haltestelle aussteigen, weil mein Rock in der [LOC] auf der gegenüberliegenden Seite eingeklemmt ist und jetzt muss ich so lange weiterfahren bis eine Haltestelle kommt, die auf der Seite liegt, keine Ahnung, wann das ist und wie gehts euch so?",0,0,keine Hassrede,0.8061559796333313
HASOC,PER_ORG_LOC_TYPED,115,Uwe_Junge_MdL [ORG] u.[ORG] werden nur überleben wenn sie sich reformieren und nach Rechts rutschen und das Asyl und Aufenthaltsrecht drastisch verschärfen und die Massenmigration stoppen!,0,0,keine Hassrede,0.6563452482223511
HASOC,PER_ORG_LOC_TYPED,116,"[ORG] immer, rückwärts nimmer!",0,0,keine Hassrede,0.789452850818634
HASOC,PER_ORG_LOC_TYPED,117,ich bin och für Gleichberechtigung,0,0,keine Hassrede,0.9953795075416565
HASOC,PER_ORG_LOC_TYPED,118,[ORG] in [LOC] jetzt Nummer 1. Die Wahlen im Herbst werden das politische Gefüge in ganz erschüttern und vllt. auch die [ORG] sprengen. Ich freue mich drauf!,0,0,keine Hassrede,0.9129387140274048
HASOC,PER_ORG_LOC_TYPED,119,"[ORG] sind heutzutage gut ausgebildete Fachkräfte,die den derzeitigen Fachkräftemangel aufhalten!Durch Ihre Einstellung zur Familie,sind Sie Prädestiniert, Führungsaufgaben zu erfüllen! Sie kommen,wenn überhaupt, dem Wunsch des Kinderkriegen nach und ..",0,0,keine Hassrede,0.8603018522262573
HASOC,PER_ORG_LOC_TYPED,120,[PER]: „Das Ergebnis der [ORG] ist irrelevant“,0,0,keine Hassrede,0.9001333713531494
HASOC,PER_ORG_LOC_TYPED,121,Bau einer E-Auto-Batterie erzeugt 17 Tonnen CO2 FridayForFuture Die_Gruenen,0,0,keine Hassrede,0.9188574552536011
HASOC,PER_ORG_LOC_TYPED,122,Ungebeten1 StoergroesseM 0Siegfried Twitter Anani ist irgendwas mit mutter und [PER] mit ficken. Aber so gut ist mein türkisch auch wieder nicht.,1,0,keine Hassrede,0.9726454019546509
HASOC,PER_ORG_LOC_TYPED,123,Laut BILD-Zeitung will eine Gruppe von [ORG] aus [LOC] den Rechtspopulisten [PER] als Parteivorsitzenden. Der traditionell eher linksstehende Landesverband weiß davon nix. Auch die [ORG] nennt keine Mitglieder. /TN BayernSPD,0,0,keine Hassrede,0.7126652598381042
HASOC,PER_ORG_LOC_TYPED,124,Das ist [PER]. [PER] ist Istanbul-Terrorist und Mehrfachmörder. Früher war [PER] Flüchtling in [LOC]. NurSo,1,0,keine Hassrede,0.9930542707443237
HASOC,PER_ORG_LOC_TYPED,125,Was davon in unseren Medien gehört?,0,0,keine Hassrede,0.7586954236030579
HASOC,PER_ORG_LOC_TYPED,126,Im Jahr des Dolches 2017 gab es in [LOC] schon über 1.600 Messerattacken in nur 5 Monaten JahrdesDolches,0,1,Hassrede,0.642473042011261
HASOC,PER_ORG_LOC_TYPED,127,"Allein,diese Fertigstellung einer Flüchtlingsaufnahmestelle in [LOC] bis 2022 beweist, dass es sich um geplante Aktionen, die nicht zurück geschraubt werden, handelt Es ist kein Zufall Es ist Plan [LOC] und [LOC] zu zerstören Wacht endlich auf Wählt blau",0,0,keine Hassrede,0.7529712915420532
HASOC,PER_ORG_LOC_TYPED,128,Ungebeten1 CDU-Senilioren ...,0,0,keine Hassrede,0.9733949303627014
HASOC,PER_ORG_LOC_TYPED,129,[PER] Wahlempfehlung zur EU-Wahl,0,0,keine Hassrede,0.9921796321868896
HASOC,PER_ORG_LOC_TYPED,130,"Der Wahlomat zur Europawahl2019 wurde abgeschaltet. Das Verwaltungsgericht 'sieht die Chancengleichheit kleiner Parteien verletzt', weil nur maximal acht Parteien zum Vergleichen ausgewählt werden können.",0,0,keine Hassrede,0.6586666107177734
HASOC,PER_ORG_LOC_TYPED,131,Tolle Aussichten...[LOC] ist ja immer Vorbild für [ORG],0,0,keine Hassrede,0.9543368220329285
HASOC,PER_ORG_LOC_TYPED,132,"[PER]: Uwe_Junge_MdL wirft [ORG] vor, Wohnungen einst verschleudert zu haben. Antwort des FM_RLP auf Anfrage der [LOC] zeigt: [LOC] verkaufte 1998 Anteil an Heimstätte [ORG] (30,27 Prozent) mit Bestand von rund 20.600 Wohnungen für 116,5 Millionen Mark.",0,1,Hassrede,0.7645958662033081
HASOC,PER_ORG_LOC_TYPED,133,"[ORG] : [ORG] mit dem ... Äh, was?",0,0,keine Hassrede,0.8623363375663757
HASOC,PER_ORG_LOC_TYPED,134,"Ja,schon seit Jahren! Ich muß dran denken,das Sie jeden Frühling wiederkommen und die Türen zum Wohnbereich schließen,sonst nehmen Sie das ganze Haus in Beschlag!",0,0,keine Hassrede,0.5276499390602112
HASOC,PER_ORG_LOC_TYPED,135,Tim: [ORG] Beispiel! [ORG]! So wird getäuscht!,0,0,keine Hassrede,0.7432262301445007
HASOC,PER_ORG_LOC_TYPED,136,"[PER] verbreitende Internetplattformen wie t-online schäumen, weil AfD-Politiker nach [LOC] reisen! 'Der Besuch soll offenbar dazu dienen, das Bild eines [LOC] zu verbreiten, in dem das Leben bereits wieder seinen normalen Gang geht.",0,0,keine Hassrede,0.7631379961967468
HASOC,PER_ORG_LOC_TYPED,137,"Danke * des Südens, vom [LOC].",0,0,keine Hassrede,0.997259259223938
HASOC,PER_ORG_LOC_TYPED,138,"Vor der [LOC] (Jura!). 'Isch, misch, Digger' Gelabere von schmieriger Klientel, die eher in Döner-Laden+unseriöse [LOC] statt an die [ORG] gehört. Danke an die wahnsinnigen Bessermenschen, die Gesamtschul-Abi+massives Runterfahren unserer Schuldbildung ermöglichten!",1,1,Hassrede,0.9867073893547058
HASOC,PER_ORG_LOC_TYPED,139,"Ungebeten1 Naja, für mich sind [ORG] tatsächlich Ausdruck deutscher bürgerlicher Spießigkeit die sich als Weltoffenheit tarnt. Die Engstirnigkeit und Regulierungswut für alles passt auch.",0,0,keine Hassrede,0.9551900625228882
HASOC,PER_ORG_LOC_TYPED,140,Tataa! AfD ist stärkste Partei im Osten. [LOC] Vorzeichen für die diesjährigen Wahlen. Schock für die Altparteien - Hoffnung für das Vaterland,0,0,keine Hassrede,0.5562555193901062
HASOC,PER_ORG_LOC_TYPED,141,[ORG] verurteilt Antifa-Pranger an der [ORG]! Verkehrte Welt! Die Gewaltbereiten warnen vor den Andersdenkende! via junge_freiheit,0,1,Hassrede,0.9368633031845093
HASOC,PER_ORG_LOC_TYPED,142,Uwe_Junge_MdL ChristianMars84 Der Wind dreht sich ...,0,0,keine Hassrede,0.9196767807006836
HASOC,PER_ORG_LOC_TYPED,143,Nach Wahl in [LOC]: 'Das ist das wahre Gesicht': Wut über Grünen-Entscheidung für Links-Regierung,0,1,Hassrede,0.9948947429656982
HASOC,PER_ORG_LOC_TYPED,144,"2/3 Der Lutscher auf diesem Bild wohnt in [LOC] und [LOC] in den teuersten Wohngegenden und war wahrscheinlich noch nie in seinem Leben in [LOC]....wenn ich da an King abode, den Neubürger mit der sagenhaft großen fresse und 345 Anklagen, denke, dann sollte unbedingt",1,0,keine Hassrede,0.6443341970443726
HASOC,PER_ORG_LOC_TYPED,145,"FinjaFinte Bei mir haben genau 2 Faktoren dazu geführt, keine Döner mehr zu essen. 1. wurden die Tiere geschächtet, was ich vor meinem Verzicht leider nicht beachtet und bedacht hatte. und 2. Gammelfleischmeldungen zuhauf. Da war mir klar, das alles aus dem [LOC] nix mehr für mich ist",0,1,Hassrede,0.5737814903259277
HASOC,PER_ORG_LOC_TYPED,146,Deutsches Mädchen – Freiheit für [PER],0,0,keine Hassrede,0.9861814379692078
HASOC,PER_ORG_LOC_TYPED,147,"Ihr habt auch schon mitbekommen, dass nächste Woche Fußball WM ist, oder?",0,0,keine Hassrede,0.7983548045158386
HASOC,PER_ORG_LOC_TYPED,148,"Vermummte Linksradikale haben in [LOC] einen Bus mit Krebspatienten angegriffen. Der Angriff sollte eigentlich Teilnehmern eines Immobilien-Kongresses gelten. Laut Polizei wurde der Bus aus einer Gruppe mit Eiern, Tomaten und Farbbechern beworfen.",0,1,Hassrede,0.8613463044166565
HASOC,PER_ORG_LOC_TYPED,149,"Tagesschau berichtet über Vergewaltigung und Mord an 8jähriger in [LOC], aber nicht über den 'schweren sexuellen Missbrauch' einer 9jährigen heute in [LOC]. Vielleicht liegts am mutmaßlichen Täter, einem Mann aus dem [LOC]?",0,0,keine Hassrede,0.7442425489425659
HASOC,PER_ORG_LOC_TYPED,150,"Was beim Messen rauskommen soll, steht vorher fest. Dafür müssen nur die richteigen Messpunkte gefunden werden....",0,0,keine Hassrede,0.7957603335380554
HASOC,PER_ORG_LOC_TYPED,151,Vor 1-2 Jahren hat sich [PER] hier auf Twitter schon mal als Justizminister bei FeineSahneFischfilet bedankt. Weil es gegen Rechts ging. Seitdem verachte ich die [ORG].,0,1,Hassrede,0.677435040473938
HASOC,PER_ORG_LOC_TYPED,152,"Zornige Flüchtlinge wurden von der [ORG] nicht nach [LOC], sondern nach [LOC] verfrachtet: 'Wir brauchen kein Essen. Wir brauchen keine Medizin. Wir wollen nach [LOC]', skandieren die traumatisierten Familien! [PER]",0,0,keine Hassrede,0.502484917640686
HASOC,PER_ORG_LOC_TYPED,153,"[PER]: „Der politische Islam übernimmt [LOC]“: [LOC] braucht eine radikale Kurswende in seiner Politik gegenüber dem Islam. Das sagt [PER], prominente Frauenrechtlerin und Anwältin. Sonst drohe das Land vom politischen…",1,1,Hassrede,0.7435898780822754
HASOC,PER_ORG_LOC_TYPED,154,"[LOC] Bevölkerung wird sich bis 2050 verdoppeln. Reicht das, um an eine Invasion aus dem Süden zu glauben?! Was helfen könnte, ist endlich Geburtenkontrolle zu fördern! Dafür bräuchten wir Experten, die können sich dann nennen, wie sie wollen! afd",1,0,keine Hassrede,0.8463318347930908
HASOC,PER_ORG_LOC_TYPED,155,Wer [ORG] wählt? Die Wahlhelfer. [ORG] werden nicht gewählt. [ORG] werden gefälscht. so kommt man locker flockig auf so ein Hoch aber keine Angst nach dem Hoch kommt das nächste Tief,0,0,keine Hassrede,0.9747068285942078
HASOC,PER_ORG_LOC_TYPED,156,"Kapazitäten im [ORG] und zur [ORG]: Den Islam gibt es erst seit dem 7. Jahrhundert, aber [PER], der Kommissionspräsident werden will, meint, dass der [ORG] seit 2000 Jahre zu [LOC] gehört. Keinen stört's, das Publikum klatscht. [PER]",0,0,keine Hassrede,0.9323489665985107
HASOC,PER_ORG_LOC_TYPED,157,Uwe_Junge_MdL Junge_Freiheit Die Anzahl der Asylanträge ist wesentlich geringer als die Anzahl der Zuwanderer. Man täuscht mit den Asylzahlen über die wahren Zuwandererzahlen hinweg.,0,0,keine Hassrede,0.8579434156417847
HASOC,PER_ORG_LOC_TYPED,158,Jedem das seine Eine Runde Mitleid? Also ich bin für: 'Nö!',0,0,keine Hassrede,0.9950045943260193
HASOC,PER_ORG_LOC_TYPED,159,"[PER] Syrer verletzt Schülerin und Student grundlos 'potentiell lebensgefährlich'. Keiner hilft, alle rennen weg. [PER] spritzt auf Hose eines Passanten. Dieser droht dem Opfer mit Anzeige wegen Sachbeschädigung. Polizei lässt [LOC] laufen.",0,0,keine Hassrede,0.5441488027572632
HASOC,PER_ORG_LOC_TYPED,160,"Hartes_Geld ABSCHIEBEN DIESES [ORG]!!.. UND DANM SAGEN WIR,, [ORG],,!!!",1,1,Hassrede,0.6153176426887512
HASOC,PER_ORG_LOC_TYPED,161,Zeugenaufruf nach Raub in [LOC] ([LOC]) am 31.05.2019 um 14:00 Uhr. Nach bisherigem Stand der Ermittlungen wurde ein 61-Jähriger in den Rücken getreten und anschließend seiner Geldbörse beraubt. Hinweise bitte an 040 4286 56789,0,0,keine Hassrede,0.5068314671516418
HASOC,PER_ORG_LOC_TYPED,162,"Auszug:'„In fünf arabischen Ländern gaben zwischen 31 und 64 Prozent der Männer an, Frauen sexuell belästigt zu haben. 40 bis 60 Prozent der Frauen berichteten von solchen Erfahrungen.“ ' Jetzt auch endlich bei uns. Danke [ORG] [ORG]",0,0,keine Hassrede,0.5339630246162415
HASOC,PER_ORG_LOC_TYPED,163,"[PER] hält die jüdisch-christliche Prägung, die Traditionen, Werte &amp; Identität der [LOC] u. von [LOC] hoch. [PER] Wähler : Kein Priester, kein Bischof , kein Papst hat diese Botschaft so intensiv &amp; emotional gebracht",0,0,keine Hassrede,0.8809921145439148
HASOC,PER_ORG_LOC_TYPED,164,"Wie [LOC] seine Standortvorteile verliert: Infrastruktur, Rechtssicherheit, Zuverlässigkeit und Pünktlichkeit - ein gesamtgesellschaftliches Phänomen einer Schildbürgerpolitik.",0,0,keine Hassrede,0.9448740482330322
HASOC,PER_ORG_LOC_TYPED,165,'Auch in einer Facebook-Gruppe von Flüchtlingen in [LOC] gab es Freudenbekundungen.' NotreDame,0,0,keine Hassrede,0.9841963052749634
HASOC,PER_ORG_LOC_TYPED,166,"EUDebate Steuergerechtigkeit, Google,Facebook u d anderen,akquirieren durch Ihren Dienst viele Arbeitsplätze und damit zahlen die AN Steuern. Die kleinen haben 3 AN die Sozialen viele 100.000 AN Wenn Sie ohne die Sozialen Netzwerke ,Steuern erhalten wollen",0,0,keine Hassrede,0.881982684135437
HASOC,PER_ORG_LOC_TYPED,167,“Die Schlacht um Straßburg” hat in [LOC] begonnen und könnte für die [ORG] in einem “Stalingrad” enden,0,0,keine Hassrede,0.590248167514801
HASOC,PER_ORG_LOC_TYPED,168,"[LOC] verteuert den Strom um 114 %! Bezahlen alle, auch die Ärmsten und Rentner! afdwählen",0,0,keine Hassrede,0.5264329314231873
HASOC,PER_ORG_LOC_TYPED,169,Hartes_Geld UND [ORG] [ORG] DIE NAZIS SEIN!!,0,1,Hassrede,0.9950980544090271
HASOC,PER_ORG_LOC_TYPED,170,Bitte unterstützen Sie die Petition »Keine öffentliche Finanzierung der [ORG]«:,0,0,keine Hassrede,0.9013379812240601
HASOC,PER_ORG_LOC_TYPED,171,Uwe_Junge_MdL,0,0,keine Hassrede,0.8448765873908997
HASOC,PER_ORG_LOC_TYPED,172,"[ORG] BITTE? [ORG] verbietet Gründung einer EU-kritischen Fraktion! Am 26. Mai erst Recht sagen, was Sie von der [ORG] halten! AfDwählen europaistdieantwort EUdasProblem",0,0,keine Hassrede,0.9792541861534119
HASOC,PER_ORG_LOC_TYPED,173,[LOC] Joe130978 Die leben sowas von vom [ORG] Typisch Frankfurt So muss das ! Der selbständige Mittelstand muss gefördert werden,1,0,keine Hassrede,0.8655127286911011
HASOC,PER_ORG_LOC_TYPED,174,"Eine Partei, in der Mutti seit 2005 jedem den Kopf abgebissen hat, der mehr Charisma als ein Einbahnstraßenschild hat, verfügt naturgemäß über ein riesiges Potential talentierter Nachwuchspolitiker, die jetzt den Laden in Schwung bringen werden. Lassen Sie sich da nix einreden.",0,0,keine Hassrede,0.9662959575653076
HASOC,PER_ORG_LOC_TYPED,175,"[LOC] Der wegen Drogen,Raub und Betrug vorbestrafte [PER] wollte mit seinem Transporter ein paar Polizisten umfahren. Die schossen auf das Fahrzeug, brachten es zum Anhalten. Im Fahrzeug fanden sie Haschisch,Crack,Kokain und [PER]",0,0,keine Hassrede,0.7302567958831787
HASOC,PER_ORG_LOC_TYPED,176,"Hier mal eine kleine Liste über brennende Kirchen in [LOC]. Nur im letzten Jahr. Ohne Anspruch auf Vollständigkeit. Eigenartig viele Kurzschlüsse im 'modernen' [LOC], nicht?",0,0,keine Hassrede,0.8832935690879822
HASOC,PER_ORG_LOC_TYPED,177,Sicherheit im Netz: ProtonMail führt [LOC] durch,0,0,keine Hassrede,0.9640883803367615
HASOC,PER_ORG_LOC_TYPED,178,Ein schutzsuchender somalischer Flüchtling hatte den Rentner brutal zusammengetreten. Einen Tag zuvor hatte der Kriminelle in [LOC] bereits auf einen Taxifahrer eingeschlagen. Er wurde von der Polizei geschnappt und sofort wieder freigelassen.,0,1,Hassrede,0.5494377613067627
HASOC,PER_ORG_LOC_TYPED,179,"Keine Gnade: [PER] (87) zu Haftstrafe verurteilt, weil er aus Hunger Käse für 4,55 Euro stahlDas MERKEL Regime geht hart gegen das eigene Volks vor, Illegal eingereiste Sozialtouristen hingegen fasst das System stets mit Samthandschuhen an.",1,0,keine Hassrede,0.8639657497406006
HASOC,PER_ORG_LOC_TYPED,180,"Dort habe ich mal eine Zusammenfassung erstellt was ich/wir wissen, aber viele nicht. 'Es stinkt und stank von Anfang an' und den E-Brief an die Anwältin davor. [PER] gebtdenschwagerfrei",0,1,Hassrede,0.8864342570304871
HASOC,PER_ORG_LOC_TYPED,181,Es gibt hier nichts zu sehen. Gehen Sie einfach Weiter. Es ist alles in bester Ordnung. Wir leben im besten [LOC] aller Zeiten. Ende der Durchsage. [ORG] [ORG],0,0,keine Hassrede,0.9830355644226074
HASOC,PER_ORG_LOC_TYPED,182,"[ORG] ist Umweltschutz völlig egal, wenn die Zerstörung der Umwelt weit genug weg ist! Elektroauto Elektromobilitaet Lithiumabbau",0,0,keine Hassrede,0.9944551587104797
HASOC,PER_ORG_LOC_TYPED,183,[PER] und einen wunderschönen Ostersonntag!,0,0,keine Hassrede,0.9847415089607239
HASOC,PER_ORG_LOC_TYPED,184,"Samstag Nachmittag. Die Sonne lacht. [LOC] sitzen im Freien an den Tischen einer Gaststätte. Ein Mann fährt in die Gruppe, tötet und verletzt dabei viele Gäste. Anschließend erschießt er sich selbst. Und Onlinemedien schreiben 'Zwischenfall'. – Es ist zum Schreien! [LOC]",0,1,Hassrede,0.9290686249732971
HASOC,PER_ORG_LOC_TYPED,185,"Die 300.000 Haushalte, denen wegen der hohen Strompreise der Saft abgedreht wurde sollen zukünftig wenigstens aus der Mülltonne essen dürfen, fordert grüner Justizsenator.",0,0,keine Hassrede,0.6451296210289001
HASOC,PER_ORG_LOC_TYPED,186,"Ein [ORG] entscheidet, was eine Meinung ist. Das hatten wird doch schon mal in [LOC], [ORG].",0,0,keine Hassrede,0.8689568638801575
HASOC,PER_ORG_LOC_TYPED,187,[ORG] auf dem Weg zur [ORG].,0,0,keine Hassrede,0.9279361367225647
HASOC,PER_ORG_LOC_TYPED,188,"Ein [ORG] zu wählen, das eigentlich überhaupt nichts zu melden hat, sondern von einigen von Banken gesteuerten Kommissaren, die weitgehend diktatorische Entscheidungsbefugnisse haben, ignoriert und verlacht wird, ist demokratischer Mummenschanz. Im Bild: [LOC].",0,0,keine Hassrede,0.9890462756156921
HASOC,PER_ORG_LOC_TYPED,189,Wenn ich den sehe platzt mir die Halsschlagader [PER] huldigen wie ein Unterwürfiger mit allen Mitteln bei [PER] beliebt machen möchte unsympathischer Politiker kein eigenes Profil via [PER],0,1,Hassrede,0.9133565425872803
HASOC,PER_ORG_LOC_TYPED,190,"[PER] ...und Frau [ORG] freut sich, da nun immer mehr Leute ihr Leben täglich neu aushandeln müssen.",0,0,keine Hassrede,0.976481556892395
HASOC,PER_ORG_LOC_TYPED,191,"Ein Fall für [PER] ,Sondersendungen und am besten ''Thursday for Future'' warum sollten man nur Freitag frei nehmen-jetzt wo es eh so warm ist",0,0,keine Hassrede,0.6908227801322937
HASOC,PER_ORG_LOC_TYPED,192,na für schlechte Zeiten hat sie sich ja genug angefressen mal schauen in welchem Vorstand sie bald auftaucht,0,0,keine Hassrede,0.893218994140625
HASOC,PER_ORG_LOC_TYPED,193,"[LOC] 2.500 Ausländer kommen trotz [PER] zurück/ Zwischen Anfang 2017 und Ende April 2019 wurden laut [LOC] Fördermittel in Höhe von rund 83.000 Euro zurückgezahlt. Im Jahr 2018 wurden für das Förderprogramm knapp 9,5 Millionen Euro aufgewendet.",0,0,keine Hassrede,0.6987990736961365
HASOC,PER_ORG_LOC_TYPED,194,"Witz zum Wochenende: der Mann, der nie vom Volk gewählt wurde, der Linksradikale Bands gutfindet, die Gewalt gegen Polizisten und Andersdenkende propagieren, der sich als Präsident nie neutral verhält, warnt vor Verachtung der Demokratie...",0,1,Hassrede,0.897479236125946
HASOC,PER_ORG_LOC_TYPED,195,Ungebeten1 Dann könnte man den Wald aber nicht kapitalisch nutzen,0,0,keine Hassrede,0.9941083192825317
HASOC,PER_ORG_LOC_TYPED,196,"Herr Abboud aus [LOC] hat drei Frauen und 13 Kinder. Zum perfekten Glück fehlt noch die deutsche Staatsbürgerschaft, die Herr [PER] jetzt anstrebt.",0,0,keine Hassrede,0.8956121206283569
HASOC,PER_ORG_LOC_TYPED,197,Daher umso wichtiger: [LOC] braucht noch mehr und vor allem neue Fachkräfte.,0,0,keine Hassrede,0.7893476486206055
HASOC,PER_ORG_LOC_TYPED,198,Mit seinem Bestseller [LOC] schafft sich ab schlug [ORG] vor 8 Jahren eine tiefe Schneise in das Dickicht der Politischen Korrektheit. Seine Vorschläge zur Bevölkerungspolitik und zur Gesundung [LOC] sind nach wie vor gültig.,0,0,keine Hassrede,0.7996442317962646
HASOC,PER_ORG_LOC_TYPED,199,[LOC] ist der Zeit die Patrioten von ganze Welt Aktiv werden und nicht mehr zu lassen die Globalsten für uns entscheiden .leider unsere Regierung bis jetzt haben die Radikalsten unterstützt Beispiel islamische [LOC] die habe 40 Jahre Auge zugedrückt und jetz...,0,0,keine Hassrede,0.543514609336853
HASOC,X_LENGTH,0,"Innerhalb 24 Stunden ist nun die 3. in XXXXX explodiert Familien sind vom Knall wach geworden, der den Eingangsbereich ihres Wohnhauses in XXXXXXXXX komplett zerstörte die organisierte Bandenkriminalität hat freie Bahn und läßt es ordentlich krachen",0,0,keine Hassrede,0.6629126667976379
HASOC,X_LENGTH,1,"Heißt übersetzt: Der, der mit der deutschen Flagge wedelt, zündet auch Asylheime an? Wie bekloppt ist der Mann?",1,1,Hassrede,0.515274167060852
HASOC,X_LENGTH,2,"Diejenigen, welche einen solchen Scheiss rauslassen könnte man noch verkraften. Aber dass man damit Millionen blinde Waehler findet ist das Schlimme und sollte zu denken geben.",0,1,Hassrede,0.7004186511039734
HASOC,X_LENGTH,3,Alle feiern und die XXXXXX legen Brände. Die linke Szene bekommt mit ihren Taten keine Anerkennung der Bevölkerung!,1,0,keine Hassrede,0.9534450173377991
HASOC,X_LENGTH,4,"XXXXXXXXXXXXXXXXX: 'XXXXXXXXXXXXXXX; grüne Wähler sind die am BESTEN AUSGEBILDETEN Menschen, die den HÖCHSTEN Bildungsstand haben.' (XXXXXXXXXXXXX mit XXXXXXXXXXXXXXX; XXXXXX) SpeicherBaerbock: Strom verstopft die Netze. XXXXXX verwechselt XXXXXXX +XXXXXXXXXX, XXXXXXXXXXXXXX.",0,0,keine Hassrede,0.5399021506309509
HASOC,X_LENGTH,5,"Weil in XXXXXX 50 Korane zerrissen wurden sendet das XXX 15 Minuten lang einen Bericht der Empörung. Das in XXXXXXXXXXXX ein 9 Jähriges Mädchen von einem Flüchtling vergewaltigt und von Zeugen gestellt wurde, darüber schweigt das ZDFheute",0,1,Hassrede,0.8139984607696533
HASOC,X_LENGTH,6,"Ich würde der XXXXXXXXXXXXXXXXXXXXX die 1.000 Euro Arbeitslosengeld geben. Die wären bedeutend besser angelegt als die Diät. Der XXXXXXXXXXX, alias das XXXXXXXXXXXXXXX, XXXXXXXXXXXX von der XXXXXXX und XXXXXXXXXXXXXXXXXXXXX kannweg mussweg",1,0,keine Hassrede,0.7019018530845642
HASOC,X_LENGTH,7,und sehen auch noch Klasse aus,0,0,keine Hassrede,0.9754419326782227
HASOC,X_LENGTH,8,+++ Bundesregierung gibt auf Anfrage der AfDimBundestag zu: XXXXXXXXXXXXXXXXXX zu XXXXXXXX beruht ausschließlich auf MedienberichtenXXXXXXXXX ehemalige Präsident des XXXXXXXXXXXXXXXXXXXXXXXXXXXXXXXXXXXXXXXXXX hatte doch Recht! DeutschlandKurier,0,0,keine Hassrede,0.780667245388031
HASOC,X_LENGTH,9,"XXXXXXXXXXXXXXXXXXXXXX schließt XXXXXXXXXXXXXXXXXXX: Die österreichische Regierung will ein saudi-arabisches Kulturzentrum schließen. Grund sind Menschenrechtsverletzungen. Von Redaktion Die österreichische Regierung hat Pläne angekündigt, ein von…",0,1,Hassrede,0.6558622717857361
HASOC,X_LENGTH,10,XXXXXXXXXX erklärt: Bevölkerungsaustausch ist Faktum!,0,0,keine Hassrede,0.9861905574798584
HASOC,X_LENGTH,11,Toll...und bald schwingen wir uns wieder von Ast zu Ast...,0,0,keine Hassrede,0.7733705043792725
HASOC,X_LENGTH,12,Ich habe einen Geburtstagswunsch. Unterstützt bitte das Crowdfunding von XXXXXXXXXXXXXXXXXX. Die Tour kommt am 27. Juli auch nach XXXXXXX!,0,0,keine Hassrede,0.9009158611297607
HASOC,X_LENGTH,13,"Wer Dinner for One nicht im TV sehen kann, hier kann man es sich runterladen bzw. online ansehen. XXXXXXXXX",0,0,keine Hassrede,0.8975011110305786
HASOC,X_LENGTH,14,"XXXXXXXXXXXX über XXXXXXXXXXXXXXXXXX, Politiker v Die_Gruenen, bis 2014 im XXXXXXXXXXXXXXXXXX für XXXXXXXXXXXXXX: 'XXXXXXXXXXX blieb, was er seit 50 Jahren ist: Ein Deutscher Anarchist.' 'DCB est resté ce qu'il était il y a 50 ans: XXXXXXXXXXXXXXXXXXX.'",0,0,keine Hassrede,0.8015444278717041
HASOC,X_LENGTH,15,die neue Karriere nach der Karriere als Missionarin in XXXXXX,0,0,keine Hassrede,0.9469573497772217
HASOC,X_LENGTH,16,alle müssen etwas mehr tun Sonst wird es viel Leid geben. Mehr als 1945. Viel mehr Und in jeder Hinsicht,0,0,keine Hassrede,0.6432808041572571
HASOC,X_LENGTH,17,"1. Wer stellt so eine Falle? 2. Wozu? 3. Warum geben sie das Video 2 Jahre später an Medien? 4. Was lief 2017-19? 5. Gab es Druck auf XXXXXXX? 6. Warum gehen 2 Spitzenpolitiker in ein Treffen, recherchieren scheinbar kaum - Name war erfunden! - und reden dann frei von der Leber?",0,0,keine Hassrede,0.660674512386322
HASOC,X_LENGTH,18,"Den letzten Chatkontakt und WhatsApp Lebenszeichen hatte XXXXXXX auch nicht um 0.06 Uhr mit ihrer besten Freundin, wie sie selbst glaubte. Sondern um 1.07 Uhr mit jemand anderem, welcher auch überhaupt nicht, in keinster Weiße irgendwie verdächtig wirkt. XXXXXXXXXXXXXXXXX",0,0,keine Hassrede,0.9798212051391602
HASOC,X_LENGTH,19,"+++ XXX - Zukunft für XXXXXX +++ AfD-Europawahl-Programm, Kapitel 6.5: ❝Remigration statt Massenzuwanderung❞ Nicht „Resettlement”, also Umsiedlungsprogramme nach XXXXXX, sind das Gebot der Stunde, sondern das Gegenteil!",0,0,keine Hassrede,0.9033442139625549
HASOC,X_LENGTH,20,"Man wundert sich, wie viel Aufruhr es verursacht, wenn souveräne XXXXXXX die Unterzeichnung einer 'rechtlich unverbindlichen' Absichtserklärung verweigern. Wenn der Pakt doch so harmlos ist und keinen Staat zu irgendetwas zwingt, warum dann das Geschrei? XXXXXXXXXXXXXXXXXXXXX",0,0,keine Hassrede,0.7988336682319641
HASOC,X_LENGTH,21,"XXXXXXXXXXXXXXXXXX ist absolut Spitze! Ich habe einiges durch seine Videos lernen können, hat es mega drauf!!",0,0,keine Hassrede,0.8507285714149475
HASOC,X_LENGTH,22,Ungebeten1 Einen wunderschönen Guten Morgen wünsche ich Dir - trotz Arbeit . Heißen die Weihnachtsmärkte jetzt nicht Jahresendmärkte?,0,0,keine Hassrede,0.9974163174629211
HASOC,X_LENGTH,23,Nach suboptimalem Fahrverhalten zweier Autofahrer in XXXXXXXXXX und XXXXXXXXXXX wurden ihre hochwertigen Fahrzeuge und die Führerscheine sichergestellt.,0,0,keine Hassrede,0.8452498912811279
HASOC,X_LENGTH,24,da würden noch soviele Fressen mehr rein passen! aber leider platz mangel,1,0,keine Hassrede,0.9245628714561462
HASOC,X_LENGTH,25,"Contra-Mag.:Washingtons Sucht nach Krieg durchbrechen: XXXXXXXXXX ist in einem ständigen Zustand des XXXXXXXXXXXXXX. Die Frage, wie man mit den globalen Herausforderungen umgehen soll, scheint immer mit der gleichen Antwort beantwortet zu werden:…",0,1,Hassrede,0.7467291951179504
HASOC,X_LENGTH,26,"XYEinzelfall tantegerd1 Ein Vater kann seinen XXXX nicht kidnappen! Wenn schon dann wurde er wegen Entzug der Sorge,verurteilt!",0,0,keine Hassrede,0.9519640207290649
HASOC,X_LENGTH,27,"Nochmals zum XXXXXXXXXXXX: Wer stellt Strafanzeige gegen XXXXXXXXXXXXX und SZ? Beachte: Die angesprochenen Medien haben offen zugegeben, dass sie wussten, dass es sich 'um eine Falle handelte'. (§ 201a StGB) strache ibizavideo",0,0,keine Hassrede,0.6416903138160706
HASOC,X_LENGTH,28,+++ Brexit-Nachrichtenüberblick +++: Ökonom Sinn warnt vor harter Haltung gegenüber XXXXXX,0,0,keine Hassrede,0.8697744607925415
HASOC,X_LENGTH,29,"Ich finde es nach wie vor wider die Natur und nehme mir die Freiheit heraus, dies zu sagen. Man kann mich dafür hassen, aber das ist meine Meinung.",0,0,keine Hassrede,0.979499340057373
HASOC,X_LENGTH,30,"VenomStrike3 XXXXXXXXXXXXXXXXXXX AfD Abgesehen vom schleichenden Verlust der nationalen Identität und Kultur haben wir mit vielen Einwanderergruppen auch kaum Probleme. Es gibt aber ein spezifisches Problem mit Einwanderung aus islamischen Ländern, siehe XXXXXXXXX Buch. Viele Muslime wollen sich gar nicht ändern.",1,0,keine Hassrede,0.9261830449104309
HASOC,X_LENGTH,31,Na sowas? Dalai Lama verbreitet AfD-Ansichten und bekommt für seine 'fremdenfeindlichen' und 'rassistischen' Aussagen auch noch Beifall!,0,1,Hassrede,0.984550416469574
HASOC,X_LENGTH,32,"XXXXXXXXXXXXXXXXXXXXX wählt, bekommt NsDAP",0,0,keine Hassrede,0.5002534985542297
HASOC,X_LENGTH,33,"Vorwurf: „faktisches Einreiseverbot für viele ältere Fachkräfte“. Tatsache: wir wollen keine Einwanderung in Sozialsysteme. Also sollen nur diejenigen einwandern, die eine eigenständige Altersversorgung aufbauen können. Halte ich unter dem Strich für richtig einwanderungsgesetz",0,0,keine Hassrede,0.6554346680641174
HASOC,X_LENGTH,34,"XXXX Experten nun Endlich nach XXXXXXXXXXXXXX hatte der XXXX aus Sicherheitsgründen den Zugang verwehrt! Problem : Das Kampfgas ist sehr flüchtig,und soll nach 7 Tagen,nicht mehr nachzuweisen zu sein! Nun wer das Normal findet,der kann nur ein Troll sein!",0,0,keine Hassrede,0.8381077647209167
HASOC,X_LENGTH,35,XXXXXXXX (54) wird durch Messerstich schwer verletzt - 17-Jähriger in Haft. Täter ein 17 Jahre alter syrischer Staatsangehöriger,0,0,keine Hassrede,0.6169096231460571
HASOC,X_LENGTH,36,"Jetzt beginnt wieder diese Jahreszeit, in der man dauernd fremder Leute Tätowierungen ansehen muss.",0,0,keine Hassrede,0.8795040845870972
HASOC,X_LENGTH,37,"XXXXXXXXX akk Unmöglich, das wären dann 'Nazimethoden' ;)",0,1,Hassrede,0.7070953249931335
HASOC,X_LENGTH,38,"...es ist nur noch lächerlich...! Die XXX gibt es seit 6 Jahren und sie hat seit dem KEIN Rentenkonzept...! ...dafür die höchste Kriminalitätsquote aller Abgeordneten, eine Spendenaffäre und ein Prüffall beim Verfassungsschutz ist sie auch...!",0,0,keine Hassrede,0.8217978477478027
HASOC,X_LENGTH,39,"Wir sind das einzige Land, in dem nun nachgewiesen gelenkte Staatspropaganda gegen die eigenen Bürger auch noch von selbigen selbst bezahlt werden müssen! XXX sofort abschaffen! XXXXXXXXXXXXXXXXXXXXX",0,1,Hassrede,0.9867640137672424
HASOC,X_LENGTH,40,"XXXXX schlägt vor, illegale Einwanderer nur in Städten von XXXXXXXXXX regiert unterzubringen, da XXXXXXXXXX Abschiebungen Illegaler blockieren. Tolle Idee, sollte man auch hier anwenden.",0,0,keine Hassrede,0.7665620446205139
HASOC,X_LENGTH,41,"Früher warst du 30 Jahre eingesperrt. Oder du hast dein eigenes Leben riskiert, für die Idee Freiheit und Demokratie. Heute reicht Schulschwänzen gegen den Klimawandel für den Friedensnobelpreis. Den Preis kann man schon vergessen.",0,0,keine Hassrede,0.9306539297103882
HASOC,X_LENGTH,42,"MMNews: XXXXXXX, XXXXXXX: AfD Bedrohung für XXXXXXXXXXX: Die Ministerpräsidenten von XXXXXXXXXXXXXXXXXX und XXXXXXXXX warnen in einem gemeinsamen Interview vor einem weiteren Erstarken der Rechtspopulisten. XXXXXXXXX...",0,1,Hassrede,0.7621076107025146
HASOC,X_LENGTH,43,XXXXXXXXXXXXXXXXXXXXXXXXXXXXXXXXX,0,1,Hassrede,0.7924103140830994
HASOC,X_LENGTH,44,"Wer weite Teile der XXXXXXXXXXXXXXXXXXXXXXXXXXX, Flüchtlingshelfer, Seenotretter, FridaysForFuture, YouTuber - diffamiert, der hat wirklich gar nichts verstanden. KonstantinNotz on fire bei der Debatte zum Migrationspaket",0,0,keine Hassrede,0.8599209189414978
HASOC,X_LENGTH,45,XXXXXXXXXXX schon traurig wenn man nicht mal mehr im eigenen land sicher ist.,0,1,Hassrede,0.5632191896438599
HASOC,X_LENGTH,46,"XXXXXXXXXXXXXXXXXXXXX: „Tatsachen schafft man nicht dadurch aus der Welt, dass man sie ignoriert!'",0,0,keine Hassrede,0.981904923915863
HASOC,X_LENGTH,47,XXXXXXXXXXXXXXXX über die Ursachen des Zweiten Weltkrieges,0,1,Hassrede,0.6629096865653992
HASOC,X_LENGTH,48,XXXXXXXX,0,0,keine Hassrede,0.532888650894165
HASOC,X_LENGTH,49,Die Strafanzeige der XXXXXXXXXXXXXX zu einem nächtlichen Einsatz in XXXXXXXXXXX umfasst inzwischen einige Seiten.Nachbarn hatten sich wegen Ruhestörung beschwert.Die Polizei rückte schließlich mit 20 Beamten an und legte einen ZDF-Reporter in Handschellen.,0,1,Hassrede,0.5202826857566833
HASOC,X_LENGTH,50,Gut wenn die Erfinder dieser Lügen Geschichte bestraft werden! FAKENEWS,0,0,keine Hassrede,0.729553759098053
HASOC,X_LENGTH,51,"Ungebeten1 Moin, wünsche dir trotzdem einen schönen Tag!",0,0,keine Hassrede,0.9969764351844788
HASOC,X_LENGTH,52,"Teilen! Mindestens 80 Millionen mal! Bis auch der letzte Nachtwächter versteht, was hier abgeht!",0,0,keine Hassrede,0.5846774578094482
HASOC,X_LENGTH,53,XXXXXXXX: Polizei schießt Attentäter am XXXXXXXXX an – Dann sprengt er sich in die Luft,0,0,keine Hassrede,0.6642900705337524
HASOC,X_LENGTH,54,"XXXXXXXX 9 Jahre alt, XXXXX 11 Jahre alt und XXXXX wird 8 Jahre vorsichtig die drei sind traumatisiert Am 24.April drang dieses Trio in ein Mehrfamilienhaus in der XXXXXXXXXXXXXX in XXXXXXXXXXXXXXXXXXX ein In der Wohnung durchsuchten sie mehrereSchränke und klautenSchmuck",0,0,keine Hassrede,0.6137087941169739
HASOC,X_LENGTH,55,"Kennt ihr noch das Buch 'die Welle'? Die Gutmenschen merken gar nicht, dass sie in ihrer hysterischen Jagd auf AfDler Hauptakteure im größten Manipulation-der-Massen-Experiment der Nachkriegszeit sind.",0,1,Hassrede,0.8528873324394226
HASOC,X_LENGTH,56,"XXXXXXX, anscheinend wieder angetrunken, wird zur Gefahr für sich und seine Umgebung.",0,0,keine Hassrede,0.6978943347930908
HASOC,X_LENGTH,57,Ralf64904117 Das sind XXXXXXXXXXXXXXXXX im MedienVerkehr. ;),0,0,keine Hassrede,0.7100661396980286
HASOC,X_LENGTH,58,Artikel vom 9.4.2019 'Täglich werden in XXXXXXXXXX drei Gotteshäuser Opfer von Vandalismus. Von der XXXXXXXXXXXXXXXXXXX wurden die Vorfälle lange nicht an die große Glocke gehängt – jetzt finden sie größere Aufmerksamkeit. ',0,1,Hassrede,0.5418604016304016
HASOC,X_LENGTH,59,"Dieser ganze EuropaistdieAntwort Kram klingt schlimmer als eine Sekte und hat überhaupt nichts mit XXXXXX zu tun, sondern mit einem EU-'Sozialismus'Monster, indem indigene XXXXXXXX ihre Kultur+Identität+Wohlstand aufgeben sollen.",0,0,keine Hassrede,0.9923565983772278
HASOC,X_LENGTH,60,gute Versicherung wird immer wichtiger in XXXXXXXXXXX,0,0,keine Hassrede,0.9260003566741943
HASOC,X_LENGTH,61,"Wenn Koran, Scharia und Hadithe sowie die 800 Kriegszüge &amp; XXXXXXXXXXXXXXXXXXXXXXXX nicht mit XXXXXXX Botschaft vereinbar sind - dann sind selbige Einschränkungen/Vorschriften (Viel-/Kinderehe, Frauenrechte) nicht mit unserer säkularen XXXX vereinbar.",0,0,keine Hassrede,0.5450875163078308
HASOC,X_LENGTH,62,Ralf64904117 Hat die überhaupt ein anerkanntes Hochseepatent. Ansonsten frage ich ob XXXXXXXXXXXXXX wie 'Kapitän' XXXXXXXXXXXXXX sind?,0,1,Hassrede,0.566678524017334
HASOC,X_LENGTH,63,XXXXXXXXXX geht es Bergauf mit den Deutschen,0,0,keine Hassrede,0.5381101965904236
HASOC,X_LENGTH,64,"2 Hammer Schlagzeilen auf der Hälfte der B-Zeitung! XXXXXXXXXXXXXX Kommt XXX eigentlich noch klar? Liebe fleißigen Deutschen Staatsbürger,habt IHR dafür jahrzehnte geackert/gebuckelt um so als Rentner abgespeist zu werden? SO VIEL XXXXXXX GIBT’S NICHT DASS XXX ALLE XXXXXXXXXXXXX",0,1,Hassrede,0.5298733711242676
HASOC,X_LENGTH,65,XXXXXXXXXXXXXXXXXXX,0,1,Hassrede,0.8662558197975159
HASOC,X_LENGTH,66,XXXXXX COHN-BENDIT - XXXXXXXXXXXXXXXXX XXXXXXXXX im INTERVIEW Mitschnitt mit Untertiteln von einem Video des heutigen XXXXXX Abgeordneten der XXXXXXXXXXXXXXXXXXXXXXXXX.,1,1,Hassrede,0.6085742712020874
HASOC,X_LENGTH,67,Uwe_Junge_MdL WilhelmTell77 Er soll bitte wieder in XXXXXXXX demonstrieren,0,0,keine Hassrede,0.7744756937026978
HASOC,X_LENGTH,68,Das ist der Brüller des Monats.. 05.06.19 Satire kann unser Finanzminister,0,1,Hassrede,0.7247760891914368
HASOC,X_LENGTH,69,XXX verschiebt offenbar XXXXXXXXXXXXXXX zur Rente AfD Rente,0,0,keine Hassrede,0.6410022377967834
HASOC,X_LENGTH,70,XXXXXXXXX akk Sie würde Andersdenkende gerne verfolgen und einschüchtern lassen.,0,1,Hassrede,0.8375462889671326
HASOC,X_LENGTH,71,"WOW!!! Fahrradständer als Klimaschutzprojekt... was für eine völlig neue Idee, endlich gibt es Fahrradständer an Schulen... das ich das noch erleben darf... DANKE GRETA!!!!",0,0,keine Hassrede,0.9334347248077393
HASOC,X_LENGTH,72,sehr richtig und gut gesagt!! und viele doofmichels begreifen das nicht mal!!,1,0,keine Hassrede,0.8249691128730774
HASOC,X_LENGTH,73,von XXXXXXXXXXXXXXXX – An die “Europawähler”,0,1,Hassrede,0.6729036569595337
HASOC,X_LENGTH,74,"XXXXXXXXX: XXXXXXXXX und XXXXX knacken 2018 zahlreiche Automaten bei Auto-Waschanlagen und Tankstellen, anhand dort gefundener DNA kommt heraus, dass der XXXXX auch für Vergewaltigung einer Frau in XXXXXXXXX in der Silvesternacht 2012 verantwortlich ist",0,1,Hassrede,0.6310209631919861
HASOC,X_LENGTH,75,XXXXXXXXXXXX im Krieg gedient! Großvater im Krieg gedient! Vater und Schwiegervater im Krieg gedient. Teilweise viele Jahre in Gefangenschaft. Für was?! XXXXX...: ⁦Mundaufmachen⁩ ⁦AfD⁩ UnserLandUnsereKultur,0,0,keine Hassrede,0.5254839658737183
HASOC,X_LENGTH,76,"Hartes_Geld Du behinderter Hurensohn. Wäre das ein „nobler Patriot“ gewesen, hättest du deine minderwertige Stimme wegen des XXX so repressiven Staatrs erhoben. XXXXXXXXXXXXXXXXXXXXX.",1,1,Hassrede,0.7922686338424683
HASOC,X_LENGTH,77,Die bayerische AfD-Fraktionsvorsitzende XXXXXXXXXXXXX hat Faschingskostüme mit Fraktionsgeldern bezahlt.,0,0,keine Hassrede,0.5911910533905029
HASOC,X_LENGTH,78,Senioren beleidigen junge Kopftuchträgerinnen – Festnahme na geht doch! endlich mal Eier in der Hose die Polizei ach moment ich dachte andersrum aber so mag man es ja eher im versifften XXXXXX da kam die mutige Polizei zu der Oma und ab ging die XXXXXXXXXX mit der räächten,0,1,Hassrede,0.6666711568832397
HASOC,X_LENGTH,79,"Hartes_Geld Was solche verstandsbefreite, bildungsferne Vollpfosten hervorbringt, ist die Tatsache das wir schwerst XXXXXXXXXXXXXXX nicht mehr in die geschlossene Psychiatrie einweisen, wie es sich gehört, sondern diese ein 24/7 Freilauf haben.",1,1,Hassrede,0.8099775314331055
HASOC,X_LENGTH,80,XXXXXXX Sprachunterricht für Migranten. Ist raus geworfenes Geld.,0,0,keine Hassrede,0.8161126971244812
HASOC,X_LENGTH,81,Ungebeten1 ichbinkoelnerin XXXXXXXXXXXXX grüne,0,0,keine Hassrede,0.9374192953109741
HASOC,X_LENGTH,82,XXXXXXXXXXXXXXXXXXXXXXXXXX ichbinkoelnerin XXXXXXXXXXXXXXX 66Norweger66 burger_ein RolandTichy XXXXXXXXXXXXXX Lebensformation 4Kolner GudrunBecker11 XXXXXXXXXXXXXXXXXXXXXXXXXXXXXXXXXXX,0,0,keine Hassrede,0.5022499561309814
HASOC,X_LENGTH,83,"Kurzkommentar manu_mie Ralf_Stegner Bei uns in XXXXXXXXXXX wird der Hehler höher bestraft als der Täter! Es ist wohl völlig egal,wer die Chemiewaffen eingesetzt hat! Wäre XXXXXXXX schon beim ersten Chemieeinsatz bereit gewesen,eine Warnung von der XX zu unterzeichnen,würden viele noch leben!",1,0,keine Hassrede,0.7304777503013611
HASOC,X_LENGTH,84,Die HHBombe in XXXXXXXXXXXX ist erfolgreich entschärft. Herzlichen Dank an unseren Kampfmittelräumdienst XXXXXXXXXXXXXXXXXX,0,0,keine Hassrede,0.8391028642654419
HASOC,X_LENGTH,85,"Altes Sprichwort: Hast du die einmal im Haus, bekommst du die nie wieder raus. Deshalb immer Achtung vor getarnten XXXXXXXXXXXXXXX; XXXXXXXXXX. XXXXXX kann man auch gegen XXXXXXXXXXX ersetzen. Der XXXXXXXXXXX, alias XXXXXXXX, XXXXXXX, XXXXXXXXXXXXX",1,1,Hassrede,0.5147836208343506
HASOC,X_LENGTH,86,"Nicht gleich 'den Bettel hinschmeißen' – Bettel, bedeutet XXXXXXXXX. Und diese Einstellung ist das einzige Problem was dieses Land hat. XXXX, XXXXXXXXXXXXXXXXXXXX (R.I.P.) müssen schon wieder im Grab umgedreht werden. Der XXXXXXXXXXX merkelmussweg",1,0,keine Hassrede,0.9356206655502319
HASOC,X_LENGTH,87,"'Passanten entdecken einen 13j Jungen im Bereich der Stephansschule in der XXXXXXXXXXXXXXXXXX in XXXXXXX. Das Kind ist aufgehängt worden! Die Wiederbelegung gelingt, der Junge kommt schwer verletzt in eine Klinik. Noch ist unklar, ob er überleben wird.'",0,0,keine Hassrede,0.6813617944717407
HASOC,X_LENGTH,88,XXXXXXXXXXXXXXXX,0,1,Hassrede,0.7641230225563049
HASOC,X_LENGTH,89,"Ich mag XXXXXXXXXXX. Denn der liebt die Umwelt, fährt mit dem Zug, teils sogar mit sauberem Ökostrom auf die Leute zu, während die meisten XXXXXX immer fortfahrend das Umfeld verpesten. Und besser reiten kann er auch. Der eklige grüne EkelWilfred",1,0,keine Hassrede,0.880186915397644
HASOC,X_LENGTH,90,XXXXXXXXXXXXX,0,1,Hassrede,0.8520739674568176
HASOC,X_LENGTH,91,"XXXXXXXXXXXXXXXXXXXXXXXXXXXX ist eine journalistische Null, die jedes Mal über das Systemstöckchen springt, wenn sie auf Sendung geht. Kritisch, investigativ!? Nein, aber dafür manipulative, polarisierend",0,0,keine Hassrede,0.5377528071403503
HASOC,X_LENGTH,92,Hartes_Geld Beim nächsten XXXX hat wieder keiner was gewußt.,0,0,keine Hassrede,0.7110570669174194
HASOC,X_LENGTH,93,"XXXXXXXXXXXXXXX Darf man als Deutscher höflich die Frage stellen? Könnte es sein, daß viele Richter bestochen bzw. befangen sind???",0,0,keine Hassrede,0.8952705264091492
HASOC,X_LENGTH,94,"Zweimal vier gibt zwei runden Bier. Oder doppelt hält besser. Der XXXXXXXXXXX, alias das XXXXXXXXXXXXXXX, XXXXXXXXXXXX von der XXXXXXX, XXXXXXXXXXXXX &amp; XXXXXXXX",1,0,keine Hassrede,0.7254225015640259
HASOC,X_LENGTH,95,"Schädigung XXXXXXXXXXXX als Kanzler-Richtlinie? Das Gesetz zur Fachkräfteeinwanderung gibt vor, einen Fachkräftemangel beheben zu wollen; tatsächlich ist es ein Freifahrtschein für alle, die nach XXXXXXXXXXX wollen: v.a. für außereuropäische Zuwanderer!",0,0,keine Hassrede,0.8573223948478699
HASOC,X_LENGTH,96,Migrationist XXXXXXXXXXXXX: “Jubel über seinen Tod ?”,0,0,keine Hassrede,0.8284261226654053
HASOC,X_LENGTH,97,“XXXXXXXX wählen zwischen Leben und Tod bei der XXXXXXX”,0,0,keine Hassrede,0.8100221157073975
HASOC,X_LENGTH,98,"Frauen/Mädchen dürfen im Gegensatz zu Männern keine Hosen bei Gymnastikwettkämpfen anziehen. Kommentar eines Trainers dazu: Frauen haben schöne Körper, das darf man auch sehen. XXXX’s no?",0,0,keine Hassrede,0.9797182083129883
HASOC,X_LENGTH,99,"XXXXXXXXXXXXXXXXX, 158 cm klein! XXXXXX hat den XXXXXXXXXX öffnen lassen und war enttäuscht, XXXXXXXX war ein Zwerg,war nicht XXXXX und hinkte(war XXXXXXXXXXXX) Phoenix history",0,0,keine Hassrede,0.7387714385986328
HASOC,X_LENGTH,100,"Stromkosten für 100 km im XXXXXXXXXXXX: 10,49 Euro. Dieselkosten für 100 km im Audi Q5: 8,13 Euro. :) elektroauto",0,0,keine Hassrede,0.7706282138824463
HASOC,X_LENGTH,101,"Heute ist Tag der Erhaltung der Artenvielfalt. Bessermenschen freuen sich über jede einzelne Art und wollen auch jede einzelne schützen. Es sei denn, du bist autochoner XXXXXXXX eines Nationalstaates. Die sollen nämlich draufgehen zugunsten XXXXXXXXX. XXXXXXXXXXXXXXX",0,0,keine Hassrede,0.9945101141929626
HASOC,X_LENGTH,102,Noch eine neue Steuer: Eine CO2-Abgabe für jeden Lebensbereich soll die Bürger Milliarden kosten. Die höchsten Strompreise reichen noch nicht. Übrigens: Die XXX machen nicht mit.,0,0,keine Hassrede,0.743585467338562
HASOC,X_LENGTH,103,.......'niemand hat die Absicht eine Mauer zu bauen'......! Afd,0,0,keine Hassrede,0.9298035502433777
HASOC,X_LENGTH,104,Der NO2-Jahresmittel-Grenzwert für die Außenluft beträgt 40 µg/m3. Eine Zigarette hat 1.200.000 µg. IchfahrDieselTagundNacht,0,0,keine Hassrede,0.8255879282951355
HASOC,X_LENGTH,105,"gleich mit XXXXXXXXXXXXXXXX Um so größer das Verbrechen , um so größer ihr Wert ! Da weiß man doch gleich in welchem Irrenhaus man gelandet ist . . . !",1,1,Hassrede,0.5766894221305847
HASOC,X_LENGTH,106,"Compact: XXXXXXXXXXXXXXXXXXXXXXX schlägt 13 bei XXXXXXXXXXXXXXXXXXXXXXX – XXXXXXXXXXXXXXX vom 12. Juni: Unser Kolumnist XXXXXXXXXXX macht sich gut als XXXXXXXX von XXXXXXXXXX und liest der XXXXXXXXXXXXXXXXX, hilft beim XXXXXXXXXXXXXXX nachX",0,0,keine Hassrede,0.8055643439292908
HASOC,X_LENGTH,107,"Die österreichischen XXXXXXXXXXXXXXXX werden heute eine rot-blaue Koalition mit der XXX eingehen, um die schwarze Übergangsregierung zu stürzen. (Im September ist eh Neuwahl)",0,0,keine Hassrede,0.5602590441703796
HASOC,X_LENGTH,108,T100007140969 Nicht nur. Die meisten sind XXXXXXXX.,0,0,keine Hassrede,0.8970361948013306
HASOC,X_LENGTH,109,"Es geht doch nichts über Europäische Medien! Die Feuerwehr ist zwar noch nicht zum Brand durchgedrungen, trotzdem posaunen Medien, dass Bauarbeiten ursächlich wären. Respekt! NotreDame",0,0,keine Hassrede,0.9971693754196167
HASOC,X_LENGTH,110,XXXXXXXXXXXXXXXXXXXXXXX,0,1,Hassrede,0.8507899045944214
HASOC,X_LENGTH,111,"Ich 'oute' mich mal: Bin 'Sexist': Ja, mir gefallen schöne Frauen! Bin 'Rassist': Ja, mir werden die Moslems hier langsam zu viel (und zu fordernd). XXXXXXXXXXXXXXXX': Ja, ich fahre schnelle Autos, liebe Motorboote und fliege oft! Kurz: Bin 'Arschloch' und wohl 'Nazi'. :)",1,1,Hassrede,0.8777522444725037
HASOC,X_LENGTH,112,"Im besten D aller Zeiten: Schläge, Spucken, Regeln brechen - XXXXXXXX setzt Sicherheitsdienste in Freibädern ein. Schon Kinder ab zehn Jahren fallen mit respektlosem Verhalten auf. Für Angestellte gibt es nun Schulungen - etwa Kurse im Umgang mit Gästen mit Migrationshintergrund",0,0,keine Hassrede,0.5413477420806885
HASOC,X_LENGTH,113,Was glaubt ihr ? Könnte die XXX mit XXXXXXXXXXX und XXXXXXXX als Doppelspitze zu neuen Höhen aufsteigen ?,0,0,keine Hassrede,0.8362220525741577
HASOC,X_LENGTH,114,"Ich kann nicht an meiner Haltestelle aussteigen, weil mein Rock in der XXXXXXXXXX auf der gegenüberliegenden Seite eingeklemmt ist und jetzt muss ich so lange weiterfahren bis eine Haltestelle kommt, die auf der Seite liegt, keine Ahnung, wann das ist und wie gehts euch so?",0,0,keine Hassrede,0.7594842314720154
HASOC,X_LENGTH,115,Uwe_Junge_MdL XXX u.XXX werden nur überleben wenn sie sich reformieren und nach Rechts rutschen und das Asyl und Aufenthaltsrecht drastisch verschärfen und die Massenmigration stoppen!,0,0,keine Hassrede,0.5231197476387024
HASOC,X_LENGTH,116,"XXXXXXXXXXXXXXXXXXXXXX immer, rückwärts nimmer!",0,1,Hassrede,0.643572986125946
HASOC,X_LENGTH,117,ich bin och für Gleichberechtigung,0,0,keine Hassrede,0.9953795075416565
HASOC,X_LENGTH,118,XXX in XXXXXXXXXXX jetzt Nummer 1. Die Wahlen im Herbst werden das politische Gefüge in ganz erschüttern und vllt. auch die XXXXX sprengen. Ich freue mich drauf!,0,0,keine Hassrede,0.8067997097969055
HASOC,X_LENGTH,119,"XXXXXXXXXX sind heutzutage gut ausgebildete Fachkräfte,die den derzeitigen Fachkräftemangel aufhalten!Durch Ihre Einstellung zur Familie,sind Sie Prädestiniert, Führungsaufgaben zu erfüllen! Sie kommen,wenn überhaupt, dem Wunsch des Kinderkriegen nach und ..",0,0,keine Hassrede,0.840281069278717
HASOC,X_LENGTH,120,XXXXXXXXXXXXXXXXXX: „Das Ergebnis der XXXXXX ist irrelevant“,0,0,keine Hassrede,0.891865611076355
HASOC,X_LENGTH,121,Bau einer E-Auto-Batterie erzeugt 17 Tonnen CO2 FridayForFuture Die_Gruenen,0,0,keine Hassrede,0.9188574552536011
HASOC,X_LENGTH,122,Ungebeten1 StoergroesseM 0Siegfried Twitter Anani ist irgendwas mit mutter und XXXXXXXXXXXXXXXXX mit ficken. Aber so gut ist mein türkisch auch wieder nicht.,1,0,keine Hassrede,0.958094596862793
HASOC,X_LENGTH,123,Laut BILD-Zeitung will eine Gruppe von XXXXXXXXXXXXXXX aus XXXXXX den Rechtspopulisten XXXXXXXX als Parteivorsitzenden. Der traditionell eher linksstehende Landesverband weiß davon nix. Auch die XXXX nennt keine Mitglieder. /TN BayernSPD,0,0,keine Hassrede,0.6269412040710449
HASOC,X_LENGTH,124,Das ist XXXXXX. XXXXXX ist Istanbul-Terrorist und Mehrfachmörder. Früher war XXXXX Flüchtling in XXXXXXXXXX. NurSo,1,0,keine Hassrede,0.9952435493469238
HASOC,X_LENGTH,125,Was davon in unseren Medien gehört?,0,0,keine Hassrede,0.7586954236030579
HASOC,X_LENGTH,126,Im Jahr des Dolches 2017 gab es in XXXXXXXXXXX schon über 1.600 Messerattacken in nur 5 Monaten JahrdesDolches,0,1,Hassrede,0.6882989406585693
HASOC,X_LENGTH,127,"Allein,diese Fertigstellung einer Flüchtlingsaufnahmestelle in XXXXXXX bis 2022 beweist, dass es sich um geplante Aktionen, die nicht zurück geschraubt werden, handelt Es ist kein Zufall Es ist Plan XXXXXXXXXXX und XXXXXX zu zerstören Wacht endlich auf Wählt blau",0,0,keine Hassrede,0.6763266324996948
HASOC,X_LENGTH,128,Ungebeten1 CDU-Senilioren ...,0,0,keine Hassrede,0.9733949303627014
HASOC,X_LENGTH,129,XXXXXXXXXXXXXX Wahlempfehlung zur EU-Wahl,0,0,keine Hassrede,0.9430960416793823
HASOC,X_LENGTH,130,"Der Wahlomat zur Europawahl2019 wurde abgeschaltet. Das Verwaltungsgericht 'sieht die Chancengleichheit kleiner Parteien verletzt', weil nur maximal acht Parteien zum Vergleichen ausgewählt werden können.",0,0,keine Hassrede,0.6586666107177734
HASOC,X_LENGTH,131,Tolle Aussichten...XXXXXXXX ist ja immer Vorbild für XXXXXXXXXX,0,0,keine Hassrede,0.905879020690918
HASOC,X_LENGTH,132,"XXXXXXX: Uwe_Junge_MdL wirft XXX vor, Wohnungen einst verschleudert zu haben. Antwort des FM_RLP auf Anfrage der XXXXXXXXXXXXXX zeigt: XXXX verkaufte 1998 Anteil an Heimstätte XXXXXXXXXXXXXXXXXXXX (30,27 Prozent) mit Bestand von rund 20.600 Wohnungen für 116,5 Millionen Mark.",0,1,Hassrede,0.7725399732589722
HASOC,X_LENGTH,133,"XXXXXXXXX : XXXXXXXXXXXXX mit dem ... Äh, was?",0,0,keine Hassrede,0.5079146027565002
HASOC,X_LENGTH,134,"Ja,schon seit Jahren! Ich muß dran denken,das Sie jeden Frühling wiederkommen und die Türen zum Wohnbereich schließen,sonst nehmen Sie das ganze Haus in Beschlag!",0,0,keine Hassrede,0.5276499390602112
HASOC,X_LENGTH,135,Tim: XXXXXXXXXXXXX Beispiel! XXXXX! So wird getäuscht!,0,0,keine Hassrede,0.670143723487854
HASOC,X_LENGTH,136,"XXXXXXXXXXXXXXX verbreitende Internetplattformen wie t-online schäumen, weil AfD-Politiker nach XXXXXX reisen! 'Der Besuch soll offenbar dazu dienen, das Bild eines XXXXXX zu verbreiten, in dem das Leben bereits wieder seinen normalen Gang geht.",0,0,keine Hassrede,0.6191194653511047
HASOC,X_LENGTH,137,"Danke * des Südens, vom XXXXXXXXXXXXXXXXXXXXXX.",0,0,keine Hassrede,0.9942495822906494
HASOC,X_LENGTH,138,"Vor der XXXXXXXXXXXXXX (Jura!). 'Isch, misch, Digger' Gelabere von schmieriger Klientel, die eher in Döner-Laden+unseriöse XXXXXXXXX statt an die XXX gehört. Danke an die wahnsinnigen Bessermenschen, die Gesamtschul-Abi+massives Runterfahren unserer Schuldbildung ermöglichten!",1,1,Hassrede,0.975429356098175
HASOC,X_LENGTH,139,"Ungebeten1 Naja, für mich sind XXXXXXXXXX tatsächlich Ausdruck deutscher bürgerlicher Spießigkeit die sich als Weltoffenheit tarnt. Die Engstirnigkeit und Regulierungswut für alles passt auch.",0,0,keine Hassrede,0.9148262739181519
HASOC,X_LENGTH,140,Tataa! AfD ist stärkste Partei im Osten. XXXXX Vorzeichen für die diesjährigen Wahlen. Schock für die Altparteien - Hoffnung für das Vaterland,0,0,keine Hassrede,0.5765380859375
HASOC,X_LENGTH,141,XXX verurteilt Antifa-Pranger an der XXXXXXXXXXXXXXXXXXXXX! Verkehrte Welt! Die Gewaltbereiten warnen vor den Andersdenkende! via junge_freiheit,0,1,Hassrede,0.9652186036109924
HASOC,X_LENGTH,142,Uwe_Junge_MdL ChristianMars84 Der Wind dreht sich ...,0,0,keine Hassrede,0.9196767807006836
HASOC,X_LENGTH,143,Nach Wahl in XXXXXX: 'Das ist das wahre Gesicht': Wut über Grünen-Entscheidung für Links-Regierung,0,1,Hassrede,0.9951468110084534
HASOC,X_LENGTH,144,"2/3 Der Lutscher auf diesem Bild wohnt in XXXXX und XXXXXXXXX in den teuersten Wohngegenden und war wahrscheinlich noch nie in seinem Leben in XXXXXXX....wenn ich da an King abode, den Neubürger mit der sagenhaft großen fresse und 345 Anklagen, denke, dann sollte unbedingt",1,0,keine Hassrede,0.599281907081604
HASOC,X_LENGTH,145,"FinjaFinte Bei mir haben genau 2 Faktoren dazu geführt, keine Döner mehr zu essen. 1. wurden die Tiere geschächtet, was ich vor meinem Verzicht leider nicht beachtet und bedacht hatte. und 2. Gammelfleischmeldungen zuhauf. Da war mir klar, das alles aus dem XXXXXXXXXX nix mehr für mich ist",0,1,Hassrede,0.5790315866470337
HASOC,X_LENGTH,146,Deutsches Mädchen – Freiheit für XXXXXXXXXXXXXXXX,0,0,keine Hassrede,0.9320080876350403
HASOC,X_LENGTH,147,"Ihr habt auch schon mitbekommen, dass nächste Woche Fußball WM ist, oder?",0,0,keine Hassrede,0.7983548045158386
HASOC,X_LENGTH,148,"Vermummte Linksradikale haben in XXXXXX einen Bus mit Krebspatienten angegriffen. Der Angriff sollte eigentlich Teilnehmern eines Immobilien-Kongresses gelten. Laut Polizei wurde der Bus aus einer Gruppe mit Eiern, Tomaten und Farbbechern beworfen.",0,1,Hassrede,0.8751986622810364
HASOC,X_LENGTH,149,"Tagesschau berichtet über Vergewaltigung und Mord an 8jähriger in XXXXXX, aber nicht über den 'schweren sexuellen Missbrauch' einer 9jährigen heute in XXXXXX. Vielleicht liegts am mutmaßlichen Täter, einem Mann aus dem XXXXX?",0,0,keine Hassrede,0.7535044550895691
HASOC,X_LENGTH,150,"Was beim Messen rauskommen soll, steht vorher fest. Dafür müssen nur die richteigen Messpunkte gefunden werden....",0,0,keine Hassrede,0.7957603335380554
HASOC,X_LENGTH,151,Vor 1-2 Jahren hat sich XXXX hier auf Twitter schon mal als Justizminister bei FeineSahneFischfilet bedankt. Weil es gegen Rechts ging. Seitdem verachte ich die XXX.,0,1,Hassrede,0.9583420157432556
HASOC,X_LENGTH,152,"Zornige Flüchtlinge wurden von der XXXXXXXXXXXXXXXXXXXXX nicht nach XXXXXX, sondern nach XXXXXXXX verfrachtet: 'Wir brauchen kein Essen. Wir brauchen keine Medizin. Wir wollen nach XXXXXX', skandieren die traumatisierten Familien! XXXXXX",0,1,Hassrede,0.8585378527641296
HASOC,X_LENGTH,153,"XXXXXXXXXXXXXXXXXXXXXXX: „Der politische Islam übernimmt XXXXXXXXXXX“: XXXXXXXXXXX braucht eine radikale Kurswende in seiner Politik gegenüber dem Islam. Das sagt XXXXXXXXXXX, prominente Frauenrechtlerin und Anwältin. Sonst drohe das Land vom politischen…",1,1,Hassrede,0.8445410132408142
HASOC,X_LENGTH,154,"XXXXXXX Bevölkerung wird sich bis 2050 verdoppeln. Reicht das, um an eine Invasion aus dem Süden zu glauben?! Was helfen könnte, ist endlich Geburtenkontrolle zu fördern! Dafür bräuchten wir Experten, die können sich dann nennen, wie sie wollen! afd",1,0,keine Hassrede,0.8239100575447083
HASOC,X_LENGTH,155,Wer XXXXXXXXXX wählt? Die Wahlhelfer. XXXXX werden nicht gewählt. XXXXX werden gefälscht. so kommt man locker flockig auf so ein Hoch aber keine Angst nach dem Hoch kommt das nächste Tief,0,0,keine Hassrede,0.9643439650535583
HASOC,X_LENGTH,156,"Kapazitäten im XXX und zur XXXXXXXX: Den Islam gibt es erst seit dem 7. Jahrhundert, aber XXXXXXXXXXXXXXXX, der Kommissionspräsident werden will, meint, dass der XXXXX seit 2000 Jahre zu XXXXXX gehört. Keinen stört's, das Publikum klatscht. XXXXXXXXX",0,0,keine Hassrede,0.8812776207923889
HASOC,X_LENGTH,157,Uwe_Junge_MdL Junge_Freiheit Die Anzahl der Asylanträge ist wesentlich geringer als die Anzahl der Zuwanderer. Man täuscht mit den Asylzahlen über die wahren Zuwandererzahlen hinweg.,0,0,keine Hassrede,0.8579434156417847
HASOC,X_LENGTH,158,Jedem das seine Eine Runde Mitleid? Also ich bin für: 'Nö!',0,0,keine Hassrede,0.9950045943260193
HASOC,X_LENGTH,159,"XXXXXXXXXXXXXXXX Syrer verletzt Schülerin und Student grundlos 'potentiell lebensgefährlich'. Keiner hilft, alle rennen weg. XXXXXXXXX spritzt auf Hose eines Passanten. Dieser droht dem Opfer mit Anzeige wegen Sachbeschädigung. Polizei lässt XXXXX laufen.",0,0,keine Hassrede,0.5108954310417175
HASOC,X_LENGTH,160,"Hartes_Geld ABSCHIEBEN DIESES XXXXXXXX!!.. UND DANM SAGEN WIR,, XXXXXXXXXXX,,!!!",1,1,Hassrede,0.6142903566360474
HASOC,X_LENGTH,161,Zeugenaufruf nach Raub in XXXX (XXXXXXXXXXXXXXX) am 31.05.2019 um 14:00 Uhr. Nach bisherigem Stand der Ermittlungen wurde ein 61-Jähriger in den Rücken getreten und anschließend seiner Geldbörse beraubt. Hinweise bitte an 040 4286 56789,0,0,keine Hassrede,0.5007570385932922
HASOC,X_LENGTH,162,"Auszug:'„In fünf arabischen Ländern gaben zwischen 31 und 64 Prozent der Männer an, Frauen sexuell belästigt zu haben. 40 bis 60 Prozent der Frauen berichteten von solchen Erfahrungen.“ ' Jetzt auch endlich bei uns. Danke XXX XXXXXXXXXXXXXXXXXXXXXX",0,0,keine Hassrede,0.5837479829788208
HASOC,X_LENGTH,163,"XXXXXXXXXXXXXXXXXXXXXXX hält die jüdisch-christliche Prägung, die Traditionen, Werte &amp; Identität der XXXXXXXXX u. von XXXXXX hoch. XXXXXXXXXXXXX Wähler : Kein Priester, kein Bischof , kein Papst hat diese Botschaft so intensiv &amp; emotional gebracht",0,0,keine Hassrede,0.7771392464637756
HASOC,X_LENGTH,164,"Wie XXXXXXXXXXX seine Standortvorteile verliert: Infrastruktur, Rechtssicherheit, Zuverlässigkeit und Pünktlichkeit - ein gesamtgesellschaftliches Phänomen einer Schildbürgerpolitik.",0,0,keine Hassrede,0.8990464210510254
HASOC,X_LENGTH,165,'Auch in einer Facebook-Gruppe von Flüchtlingen in XXXXXXXXXXX gab es Freudenbekundungen.' NotreDame,0,0,keine Hassrede,0.9830476641654968
HASOC,X_LENGTH,166,"EUDebate Steuergerechtigkeit, Google,Facebook u d anderen,akquirieren durch Ihren Dienst viele Arbeitsplätze und damit zahlen die AN Steuern. Die kleinen haben 3 AN die Sozialen viele 100.000 AN Wenn Sie ohne die Sozialen Netzwerke ,Steuern erhalten wollen",0,0,keine Hassrede,0.881982684135437
HASOC,X_LENGTH,167,“Die Schlacht um Straßburg” hat in XXXXXXXXXX begonnen und könnte für die XX in einem “Stalingrad” enden,0,0,keine Hassrede,0.5464088916778564
HASOC,X_LENGTH,168,"XXXXXXXXXXXXXXXXX verteuert den Strom um 114 %! Bezahlen alle, auch die Ärmsten und Rentner! afdwählen",0,1,Hassrede,0.7625902891159058
HASOC,X_LENGTH,169,Hartes_Geld UND XXX XXXXXX DIE NAZIS SEIN!!,0,1,Hassrede,0.9945026636123657
HASOC,X_LENGTH,170,Bitte unterstützen Sie die Petition »Keine öffentliche Finanzierung der XXXXXXXXXXXXXXXXXXXXXXX«:,0,0,keine Hassrede,0.8195958137512207
HASOC,X_LENGTH,171,Uwe_Junge_MdL,0,0,keine Hassrede,0.8448765873908997
HASOC,X_LENGTH,172,"XXX BITTE? XXXXXXXXX verbietet Gründung einer EU-kritischen Fraktion! Am 26. Mai erst Recht sagen, was Sie von der XX halten! AfDwählen europaistdieantwort EUdasProblem",0,0,keine Hassrede,0.9272244572639465
HASOC,X_LENGTH,173,XXXXXXXXXXX Joe130978 Die leben sowas von vom XXXXXXXXXXXX Typisch Frankfurt So muss das ! Der selbständige Mittelstand muss gefördert werden,1,0,keine Hassrede,0.7124812006950378
HASOC,X_LENGTH,174,"Eine Partei, in der Mutti seit 2005 jedem den Kopf abgebissen hat, der mehr Charisma als ein Einbahnstraßenschild hat, verfügt naturgemäß über ein riesiges Potential talentierter Nachwuchspolitiker, die jetzt den Laden in Schwung bringen werden. Lassen Sie sich da nix einreden.",0,0,keine Hassrede,0.9662959575653076
HASOC,X_LENGTH,175,"XXXXXXX Der wegen Drogen,Raub und Betrug vorbestrafte XXXXXX wollte mit seinem Transporter ein paar Polizisten umfahren. Die schossen auf das Fahrzeug, brachten es zum Anhalten. Im Fahrzeug fanden sie Haschisch,Crack,Kokain und XXXXXXX",0,0,keine Hassrede,0.700020968914032
HASOC,X_LENGTH,176,"Hier mal eine kleine Liste über brennende Kirchen in XXXXXXXXXX. Nur im letzten Jahr. Ohne Anspruch auf Vollständigkeit. Eigenartig viele Kurzschlüsse im 'modernen' XXXXXX, nicht?",0,0,keine Hassrede,0.8987679481506348
HASOC,X_LENGTH,177,Sicherheit im Netz: ProtonMail führt XXXXXXXXXXXXXXXXXXXXXX durch,0,0,keine Hassrede,0.7601326704025269
HASOC,X_LENGTH,178,Ein schutzsuchender somalischer Flüchtling hatte den Rentner brutal zusammengetreten. Einen Tag zuvor hatte der Kriminelle in XXXXXXXX bereits auf einen Taxifahrer eingeschlagen. Er wurde von der Polizei geschnappt und sofort wieder freigelassen.,0,1,Hassrede,0.545455813407898
HASOC,X_LENGTH,179,"Keine Gnade: XXXXXXXXX (87) zu Haftstrafe verurteilt, weil er aus Hunger Käse für 4,55 Euro stahlDas MERKEL Regime geht hart gegen das eigene Volks vor, Illegal eingereiste Sozialtouristen hingegen fasst das System stets mit Samthandschuhen an.",1,0,keine Hassrede,0.854646623134613
HASOC,X_LENGTH,180,"Dort habe ich mal eine Zusammenfassung erstellt was ich/wir wissen, aber viele nicht. 'Es stinkt und stank von Anfang an' und den E-Brief an die Anwältin davor. XXXXXXXXXXXXXXXXXXXXXXXXXXXXXXXXXXXXXXXXXXXXXXXXXXX gebtdenschwagerfrei",0,1,Hassrede,0.9856045842170715
HASOC,X_LENGTH,181,Es gibt hier nichts zu sehen. Gehen Sie einfach Weiter. Es ist alles in bester Ordnung. Wir leben im besten XXXXXXXXXXX aller Zeiten. Ende der Durchsage. XXXXXXXXXXXXXXXXXXXXXXXXXXXXXXXXXXXXXXXXX XXXXXXXXXXXXXXX,0,0,keine Hassrede,0.9887354969978333
HASOC,X_LENGTH,182,"XXXXXXXXXX ist Umweltschutz völlig egal, wenn die Zerstörung der Umwelt weit genug weg ist! Elektroauto Elektromobilitaet Lithiumabbau",0,0,keine Hassrede,0.9809165000915527
HASOC,X_LENGTH,183,XXXXXXXXXXXX und einen wunderschönen Ostersonntag!,0,0,keine Hassrede,0.9154228568077087
HASOC,X_LENGTH,184,"Samstag Nachmittag. Die Sonne lacht. XXXXXXXXXXX sitzen im Freien an den Tischen einer Gaststätte. Ein Mann fährt in die Gruppe, tötet und verletzt dabei viele Gäste. Anschließend erschießt er sich selbst. Und Onlinemedien schreiben 'Zwischenfall'. – Es ist zum Schreien! XXXXXXX",0,1,Hassrede,0.8592114448547363
HASOC,X_LENGTH,185,"Die 300.000 Haushalte, denen wegen der hohen Strompreise der Saft abgedreht wurde sollen zukünftig wenigstens aus der Mülltonne essen dürfen, fordert grüner Justizsenator.",0,0,keine Hassrede,0.6451296210289001
HASOC,X_LENGTH,186,"Ein XXXXXXXXXXX entscheidet, was eine Meinung ist. Das hatten wird doch schon mal in XXXXXXXXXXX, XXXXXX.",0,0,keine Hassrede,0.9212283492088318
HASOC,X_LENGTH,187,XXXXXXXXXXXXXXXXXXX auf dem Weg zur XXXXXXXXXXXXXXXXXXXXXXXXXXXXXXXXXXXXXXXXXXX.,0,0,keine Hassrede,0.641288161277771
HASOC,X_LENGTH,188,"Ein XXXXXXXXXXXX zu wählen, das eigentlich überhaupt nichts zu melden hat, sondern von einigen von Banken gesteuerten Kommissaren, die weitgehend diktatorische Entscheidungsbefugnisse haben, ignoriert und verlacht wird, ist demokratischer Mummenschanz. Im Bild: XXXXXXXXXXXXX.",0,0,keine Hassrede,0.9937120079994202
HASOC,X_LENGTH,189,Wenn ich den sehe platzt mir die Halsschlagader XXXXXX huldigen wie ein Unterwürfiger mit allen Mitteln bei XXXXXX beliebt machen möchte unsympathischer Politiker kein eigenes Profil via XXXXXXXXXXXX,0,1,Hassrede,0.9356752038002014
HASOC,X_LENGTH,190,"XXXXXXXXXXXXXXXXXXXXXXXXXXX ...und Frau XXX freut sich, da nun immer mehr Leute ihr Leben täglich neu aushandeln müssen.",0,0,keine Hassrede,0.9737010598182678
HASOC,X_LENGTH,191,"Ein Fall für XXXXXXXXXXX ,Sondersendungen und am besten ''Thursday for Future'' warum sollten man nur Freitag frei nehmen-jetzt wo es eh so warm ist",0,0,keine Hassrede,0.6027138233184814
HASOC,X_LENGTH,192,na für schlechte Zeiten hat sie sich ja genug angefressen mal schauen in welchem Vorstand sie bald auftaucht,0,0,keine Hassrede,0.893218994140625
HASOC,X_LENGTH,193,"XXXXXXXXXXXXXXX 2.500 Ausländer kommen trotz XXXXXXXXXXXX zurück/ Zwischen Anfang 2017 und Ende April 2019 wurden laut XXXXXXXXXXXXXXXXXXXXXX Fördermittel in Höhe von rund 83.000 Euro zurückgezahlt. Im Jahr 2018 wurden für das Förderprogramm knapp 9,5 Millionen Euro aufgewendet.",0,0,keine Hassrede,0.6662100553512573
HASOC,X_LENGTH,194,"Witz zum Wochenende: der Mann, der nie vom Volk gewählt wurde, der Linksradikale Bands gutfindet, die Gewalt gegen Polizisten und Andersdenkende propagieren, der sich als Präsident nie neutral verhält, warnt vor Verachtung der Demokratie...",0,1,Hassrede,0.897479236125946
HASOC,X_LENGTH,195,Ungebeten1 Dann könnte man den Wald aber nicht kapitalisch nutzen,0,0,keine Hassrede,0.9941083192825317
HASOC,X_LENGTH,196,"Herr Abboud aus XXXXXX hat drei Frauen und 13 Kinder. Zum perfekten Glück fehlt noch die deutsche Staatsbürgerschaft, die Herr XXXXXX jetzt anstrebt.",0,0,keine Hassrede,0.9082038998603821
HASOC,X_LENGTH,197,Daher umso wichtiger: XXXXXXX braucht noch mehr und vor allem neue Fachkräfte.,0,0,keine Hassrede,0.7468239068984985
HASOC,X_LENGTH,198,Mit seinem Bestseller XXXXXXXXXXX schafft sich ab schlug XXXXXXXXXXXXX vor 8 Jahren eine tiefe Schneise in das Dickicht der Politischen Korrektheit. Seine Vorschläge zur Bevölkerungspolitik und zur Gesundung XXXXXXXXXXXX sind nach wie vor gültig.,0,0,keine Hassrede,0.7942286133766174
HASOC,X_LENGTH,199,XXXXXXXXXXXXXXXXXXX ist der Zeit die Patrioten von ganze Welt Aktiv werden und nicht mehr zu lassen die Globalsten für uns entscheiden .leider unsere Regierung bis jetzt haben die Radikalsten unterstützt Beispiel islamische XXXXXXXXXXXXX die habe 40 Jahre Auge zugedrückt und jetz...,0,0,keine Hassrede,0.6279704570770264
HASOC,RANDOM_SUBSTITUTION,0,"Innerhalb 24 Stunden ist nun die 3. in Görlitz explodiert Familien sind vom Knall wach geworden, der den Eingangsbereich ihres Wohnhauses in WannWennNichtJetzt komplett zerstörte die organisierte Bandenkriminalität hat freie Bahn und läßt es ordentlich krachen",0,0,keine Hassrede,0.6307353973388672
HASOC,RANDOM_SUBSTITUTION,1,"Heißt übersetzt: Der, der mit der deutschen Flagge wedelt, zündet auch Asylheime an? Wie bekloppt ist der Mann?",1,1,Hassrede,0.515274167060852
HASOC,RANDOM_SUBSTITUTION,2,"Diejenigen, welche einen solchen Scheiss rauslassen könnte man noch verkraften. Aber dass man damit Millionen blinde Waehler findet ist das Schlimme und sollte zu denken geben.",0,1,Hassrede,0.7004186511039734
HASOC,RANDOM_SUBSTITUTION,3,Alle feiern und die Tiedje legen Brände. Die linke Szene bekommt mit ihren Taten keine Anerkennung der Bevölkerung!,1,0,keine Hassrede,0.9511681795120239
HASOC,RANDOM_SUBSTITUTION,4,"Wiltewka: 'IHR; grüne Wähler sind die am BESTEN AUSGEBILDETEN Menschen, die den HÖCHSTEN Bildungsstand haben.' (Schultze-Rhonhof mit OPCW; mainwasser Vorwärts) SpeicherBaerbock: Strom verstopft die Netze. Sohn verwechselt Frans Timmermans +Chemnitz, Leuchtturm des Westens.",0,0,keine Hassrede,0.6972137689590454
HASOC,RANDOM_SUBSTITUTION,5,"Weil in EUROPAstattEU 50 Korane zerrissen wurden sendet das Tiedje 15 Minuten lang einen Bericht der Empörung. Das in Chemnitz ein 9 Jähriges Mädchen von einem Flüchtling vergewaltigt und von Zeugen gestellt wurde, darüber schweigt das ZDFheute",0,1,Hassrede,0.8024629950523376
HASOC,RANDOM_SUBSTITUTION,6,"Ich würde der Kölner Polizei die 1.000 Euro Arbeitslosengeld geben. Die wären bedeutend besser angelegt als die Diät. Der FDGO, alias das Hannover, Opa Peter von der Washington und AfDFraktionRLP kannweg mussweg",1,0,keine Hassrede,0.7589738368988037
HASOC,RANDOM_SUBSTITUTION,7,und sehen auch noch Klasse aus,0,0,keine Hassrede,0.9754419326782227
HASOC,RANDOM_SUBSTITUTION,8,+++ Bundesregierung gibt auf Anfrage der AfDimBundestag zu: Deutschland zu Italiener beruht ausschließlich auf MedienberichtenWIR ehemalige Präsident des Deutschland2019.Fedidwgugl LiebestattHass hatte doch Recht! DeutschlandKurier,0,0,keine Hassrede,0.9941941499710083
HASOC,RANDOM_SUBSTITUTION,9,"Stendal schließt Schmelz: Die österreichische Regierung will ein saudi-arabisches Kulturzentrum schließen. Grund sind Menschenrechtsverletzungen. Von Redaktion Die österreichische Regierung hat Pläne angekündigt, ein von…",0,1,Hassrede,0.6319515109062195
HASOC,RANDOM_SUBSTITUTION,10,katholischen Kirche erklärt: Bevölkerungsaustausch ist Faktum!,0,0,keine Hassrede,0.9626195430755615
HASOC,RANDOM_SUBSTITUTION,11,Toll...und bald schwingen wir uns wieder von Ast zu Ast...,0,0,keine Hassrede,0.7733705043792725
HASOC,RANDOM_SUBSTITUTION,12,Ich habe einen Geburtstagswunsch. Unterstützt bitte das Crowdfunding von Sargcofark. Die Tour kommt am 27. Juli auch nach Leuchtturm des Westens!,0,0,keine Hassrede,0.9022257924079895
HASOC,RANDOM_SUBSTITUTION,13,"Wer Dinner for One nicht im TV sehen kann, hier kann man es sich runterladen bzw. online ansehen. Wiltewka",0,0,keine Hassrede,0.9175131320953369
HASOC,RANDOM_SUBSTITUTION,14,"Yeah Claudia Roth über Aldous Leonard Huxley, Politiker v Die_Gruenen, bis 2014 im Deutschland2019.Fedidwgugl LiebestattHass für Klöckner von Notre Dame: 'Gaht blieb, was er seit 50 Jahren ist: Ein Deutscher Anarchist.' 'DCB est resté ce qu'il était il y a 50 ans: Wiltewka.'",0,0,keine Hassrede,0.9352536797523499
HASOC,RANDOM_SUBSTITUTION,15,die neue Karriere nach der Karriere als Missionarin in Bahrenfeld,0,0,keine Hassrede,0.9751055836677551
HASOC,RANDOM_SUBSTITUTION,16,alle müssen etwas mehr tun Sonst wird es viel Leid geben. Mehr als 1945. Viel mehr Und in jeder Hinsicht,0,0,keine Hassrede,0.6432808041572571
HASOC,RANDOM_SUBSTITUTION,17,"1. Wer stellt so eine Falle? 2. Wozu? 3. Warum geben sie das Video 2 Jahre später an Medien? 4. Was lief 2017-19? 5. Gab es Druck auf Kölner Polizei? 6. Warum gehen 2 Spitzenpolitiker in ein Treffen, recherchieren scheinbar kaum - Name war erfunden! - und reden dann frei von der Leber?",0,0,keine Hassrede,0.6114507913589478
HASOC,RANDOM_SUBSTITUTION,18,"Den letzten Chatkontakt und WhatsApp Lebenszeichen hatte Gaht auch nicht um 0.06 Uhr mit ihrer besten Freundin, wie sie selbst glaubte. Sondern um 1.07 Uhr mit jemand anderem, welcher auch überhaupt nicht, in keinster Weiße irgendwie verdächtig wirkt. Sohn",0,0,keine Hassrede,0.98895663022995
HASOC,RANDOM_SUBSTITUTION,19,"+++ EuropeanGreens - Zukunft für EinsatzfuerHamburg +++ AfD-Europawahl-Programm, Kapitel 6.5: ❝Remigration statt Massenzuwanderung❞ Nicht „Resettlement”, also Umsiedlungsprogramme nach Contra-Mag.:Österreich, sind das Gebot der Stunde, sondern das Gegenteil!",0,0,keine Hassrede,0.9607321619987488
HASOC,RANDOM_SUBSTITUTION,20,"Man wundert sich, wie viel Aufruhr es verursacht, wenn souveräne Italien die Unterzeichnung einer 'rechtlich unverbindlichen' Absichtserklärung verweigern. Wenn der Pakt doch so harmlos ist und keinen Staat zu irgendetwas zwingt, warum dann das Geschrei? Heinrich der Löwe",0,0,keine Hassrede,0.8603270053863525
HASOC,RANDOM_SUBSTITUTION,21,"Opa Peter ist absolut Spitze! Ich habe einiges durch seine Videos lernen können, hat es mega drauf!!",0,0,keine Hassrede,0.8961605429649353
HASOC,RANDOM_SUBSTITUTION,22,Ungebeten1 Einen wunderschönen Guten Morgen wünsche ich Dir - trotz Arbeit . Heißen die Weihnachtsmärkte jetzt nicht Jahresendmärkte?,0,0,keine Hassrede,0.9974163174629211
HASOC,RANDOM_SUBSTITUTION,23,Nach suboptimalem Fahrverhalten zweier Autofahrer in Bismarckstraße und Uwe_Junge_MdL Jetzt wurden ihre hochwertigen Fahrzeuge und die Führerscheine sichergestellt.,0,0,keine Hassrede,0.8859342932701111
HASOC,RANDOM_SUBSTITUTION,24,da würden noch soviele Fressen mehr rein passen! aber leider platz mangel,1,0,keine Hassrede,0.9245628714561462
HASOC,RANDOM_SUBSTITUTION,25,"Contra-Mag.:Washingtons Sucht nach Krieg durchbrechen: Bremen ist in einem ständigen Zustand des Hartes_Geld. Die Frage, wie man mit den globalen Herausforderungen umgehen soll, scheint immer mit der gleichen Antwort beantwortet zu werden:…",0,1,Hassrede,0.5470994710922241
HASOC,RANDOM_SUBSTITUTION,26,"XYEinzelfall tantegerd1 Ein Vater kann seinen Beatrix von Storch nicht kidnappen! Wenn schon dann wurde er wegen Entzug der Sorge,verurteilt!",0,0,keine Hassrede,0.8959997296333313
HASOC,RANDOM_SUBSTITUTION,27,"Nochmals zum Österreich: Wer stellt Strafanzeige gegen ITUADE Dieter_Stein und SZ? Beachte: Die angesprochenen Medien haben offen zugegeben, dass sie wussten, dass es sich 'um eine Falle handelte'. (§ 201a StGB) strache ibizavideo",0,0,keine Hassrede,0.6711122393608093
HASOC,RANDOM_SUBSTITUTION,28,+++ Brexit-Nachrichtenüberblick +++: Ökonom Sinn warnt vor harter Haltung gegenüber EinsatzfuerHamburg,0,0,keine Hassrede,0.9170563817024231
HASOC,RANDOM_SUBSTITUTION,29,"Ich finde es nach wie vor wider die Natur und nehme mir die Freiheit heraus, dies zu sagen. Man kann mich dafür hassen, aber das ist meine Meinung.",0,0,keine Hassrede,0.979499340057373
HASOC,RANDOM_SUBSTITUTION,30,"VenomStrike3 EuropeanParliament AfD Abgesehen vom schleichenden Verlust der nationalen Identität und Kultur haben wir mit vielen Einwanderergruppen auch kaum Probleme. Es gibt aber ein spezifisches Problem mit Einwanderung aus islamischen Ländern, siehe Pappnasen Buch. Viele Muslime wollen sich gar nicht ändern.",1,0,keine Hassrede,0.9050312042236328
HASOC,RANDOM_SUBSTITUTION,31,Na sowas? Dalai Lama verbreitet AfD-Ansichten und bekommt für seine 'fremdenfeindlichen' und 'rassistischen' Aussagen auch noch Beifall!,0,1,Hassrede,0.984550416469574
HASOC,RANDOM_SUBSTITUTION,32,"Sonderparteitag wählt, bekommt NsDAP",0,0,keine Hassrede,0.9522009491920471
HASOC,RANDOM_SUBSTITUTION,33,"Vorwurf: „faktisches Einreiseverbot für viele ältere Fachkräfte“. Tatsache: wir wollen keine Einwanderung in Sozialsysteme. Also sollen nur diejenigen einwandern, die eine eigenständige Altersversorgung aufbauen können. Halte ich unter dem Strich für richtig einwanderungsgesetz",0,0,keine Hassrede,0.6554346680641174
HASOC,RANDOM_SUBSTITUTION,34,"GUT GENACHT Experten nun Endlich nach GESINDEL hatte der Faschismus aus Sicherheitsgründen den Zugang verwehrt! Problem : Das Kampfgas ist sehr flüchtig,und soll nach 7 Tagen,nicht mehr nachzuweisen zu sein! Nun wer das Normal findet,der kann nur ein Troll sein!",0,0,keine Hassrede,0.848429262638092
HASOC,RANDOM_SUBSTITUTION,35,Syrien (54) wird durch Messerstich schwer verletzt - 17-Jähriger in Haft. Täter ein 17 Jahre alter syrischer Staatsangehöriger,0,0,keine Hassrede,0.693769097328186
HASOC,RANDOM_SUBSTITUTION,36,"Jetzt beginnt wieder diese Jahreszeit, in der man dauernd fremder Leute Tätowierungen ansehen muss.",0,0,keine Hassrede,0.8795040845870972
HASOC,RANDOM_SUBSTITUTION,37,"Read more akk Unmöglich, das wären dann 'Nazimethoden' ;)",0,0,keine Hassrede,0.6804924011230469
HASOC,RANDOM_SUBSTITUTION,38,"...es ist nur noch lächerlich...! Die Nohate Toleranz gibt es seit 6 Jahren und sie hat seit dem KEIN Rentenkonzept...! ...dafür die höchste Kriminalitätsquote aller Abgeordneten, eine Spendenaffäre und ein Prüffall beim Verfassungsschutz ist sie auch...!",0,0,keine Hassrede,0.7153851389884949
HASOC,RANDOM_SUBSTITUTION,39,"Wir sind das einzige Land, in dem nun nachgewiesen gelenkte Staatspropaganda gegen die eigenen Bürger auch noch von selbigen selbst bezahlt werden müssen! Bundesamts für Verfassungsschutz HGMaassen sofort abschaffen! Linken Chefin Kipping",0,1,Hassrede,0.9786410331726074
HASOC,RANDOM_SUBSTITUTION,40,"Ausreisegeld schlägt vor, illegale Einwanderer nur in Städten von FDGO regiert unterzubringen, da ThiloSarrazin Abschiebungen Illegaler blockieren. Tolle Idee, sollte man auch hier anwenden.",0,0,keine Hassrede,0.8023298382759094
HASOC,RANDOM_SUBSTITUTION,41,"Früher warst du 30 Jahre eingesperrt. Oder du hast dein eigenes Leben riskiert, für die Idee Freiheit und Demokratie. Heute reicht Schulschwänzen gegen den Klimawandel für den Friedensnobelpreis. Den Preis kann man schon vergessen.",0,0,keine Hassrede,0.9306539297103882
HASOC,RANDOM_SUBSTITUTION,42,"MMNews: Kohl, findbecci rebecca: AfD Bedrohung für Widdersdorf: Die Ministerpräsidenten von Contra-Mag.:Österreich und EinsatzfuerHamburg warnen in einem gemeinsamen Interview vor einem weiteren Erstarken der Rechtspopulisten. PÄDOPHÄLIE GRÜNEN...",0,1,Hassrede,0.5919103026390076
HASOC,RANDOM_SUBSTITUTION,43,Beatrix von Storch,0,0,keine Hassrede,0.7374646067619324
HASOC,RANDOM_SUBSTITUTION,44,"Wer weite Teile der SPD FDP Migrationspakt, Flüchtlingshelfer, Seenotretter, FridaysForFuture, YouTuber - diffamiert, der hat wirklich gar nichts verstanden. KonstantinNotz on fire bei der Debatte zum Migrationspaket",0,0,keine Hassrede,0.8731224536895752
HASOC,RANDOM_SUBSTITUTION,45,Heinrich schon traurig wenn man nicht mal mehr im eigenen land sicher ist.,0,1,Hassrede,0.5474197864532471
HASOC,RANDOM_SUBSTITUTION,46,"Blond: „Tatsachen schafft man nicht dadurch aus der Welt, dass man sie ignoriert!'",0,0,keine Hassrede,0.9924012422561646
HASOC,RANDOM_SUBSTITUTION,47,Italien über die Ursachen des Zweiten Weltkrieges,0,0,keine Hassrede,0.6993184089660645
HASOC,RANDOM_SUBSTITUTION,48,Amadeu Antonio Stiftung,0,0,keine Hassrede,0.9535191059112549
HASOC,RANDOM_SUBSTITUTION,49,Die Strafanzeige der Schlachtbetrieb AfD zu einem nächtlichen Einsatz in Horn umfasst inzwischen einige Seiten.Nachbarn hatten sich wegen Ruhestörung beschwert.Die Polizei rückte schließlich mit 20 Beamten an und legte einen ZDF-Reporter in Handschellen.,0,1,Hassrede,0.7084445357322693
HASOC,RANDOM_SUBSTITUTION,50,Gut wenn die Erfinder dieser Lügen Geschichte bestraft werden! FAKENEWS,0,0,keine Hassrede,0.729553759098053
HASOC,RANDOM_SUBSTITUTION,51,"Ungebeten1 Moin, wünsche dir trotzdem einen schönen Tag!",0,0,keine Hassrede,0.9969764351844788
HASOC,RANDOM_SUBSTITUTION,52,"Teilen! Mindestens 80 Millionen mal! Bis auch der letzte Nachtwächter versteht, was hier abgeht!",0,0,keine Hassrede,0.5846774578094482
HASOC,RANDOM_SUBSTITUTION,53,Afrikas: Polizei schießt Attentäter am Dönerladen an – Dann sprengt er sich in die Luft,0,0,keine Hassrede,0.8265904784202576
HASOC,RANDOM_SUBSTITUTION,54,"O. Wilke Linke Berlin 9 Jahre alt, Opa Peter 11 Jahre alt und TOnline_News wird 8 Jahre vorsichtig die drei sind traumatisiert Am 24.April drang dieses Trio in ein Mehrfamilienhaus in der Kriegsrausches in Österreich ein In der Wohnung durchsuchten sie mehrereSchränke und klautenSchmuck",0,0,keine Hassrede,0.7112502455711365
HASOC,RANDOM_SUBSTITUTION,55,"Kennt ihr noch das Buch 'die Welle'? Die Gutmenschen merken gar nicht, dass sie in ihrer hysterischen Jagd auf AfDler Hauptakteure im größten Manipulation-der-Massen-Experiment der Nachkriegszeit sind.",0,1,Hassrede,0.8528873324394226
HASOC,RANDOM_SUBSTITUTION,56,"Ebner-Steiner, anscheinend wieder angetrunken, wird zur Gefahr für sich und seine Umgebung.",0,0,keine Hassrede,0.6221456527709961
HASOC,RANDOM_SUBSTITUTION,57,Ralf64904117 Das sind Aldous Leonard Huxley im MedienVerkehr. ;),0,0,keine Hassrede,0.7915955781936646
HASOC,RANDOM_SUBSTITUTION,58,Artikel vom 9.4.2019 'Täglich werden in Arten-Mix drei Gotteshäuser Opfer von Vandalismus. Von der Schmidt &amp; Strauß wurden die Vorfälle lange nicht an die große Glocke gehängt – jetzt finden sie größere Aufmerksamkeit. ',0,0,keine Hassrede,0.6864938139915466
HASOC,RANDOM_SUBSTITUTION,59,"Dieser ganze EuropaistdieAntwort Kram klingt schlimmer als eine Sekte und hat überhaupt nichts mit Bochum-Wattenscheid zu tun, sondern mit einem EU-'Sozialismus'Monster, indem indigene Görlitz ihre Kultur+Identität+Wohlstand aufgeben sollen.",0,0,keine Hassrede,0.5825938582420349
HASOC,RANDOM_SUBSTITUTION,60,gute Versicherung wird immer wichtiger in Syrer,0,0,keine Hassrede,0.9720719456672668
HASOC,RANDOM_SUBSTITUTION,61,"Wenn Koran, Scharia und Hadithe sowie die 800 Kriegszüge &amp; Polizeibekannter nicht mit Amtsanmaßungen Botschaft vereinbar sind - dann sind selbige Einschränkungen/Vorschriften (Viel-/Kinderehe, Frauenrechte) nicht mit unserer säkularen Europarat vereinbar.",0,0,keine Hassrede,0.5498784184455872
HASOC,RANDOM_SUBSTITUTION,62,Ralf64904117 Hat die überhaupt ein anerkanntes Hochseepatent. Ansonsten frage ich ob O. Wilke wie 'Kapitän' Cohn-Bendit sind?,0,0,keine Hassrede,0.5212292075157166
HASOC,RANDOM_SUBSTITUTION,63,Widdersdorf geht es Bergauf mit den Deutschen,0,0,keine Hassrede,0.5893098711967468
HASOC,RANDOM_SUBSTITUTION,64,"2 Hammer Schlagzeilen auf der Hälfte der B-Zeitung! ZDF Kommt Dreckiger Untermensch eigentlich noch klar? Liebe fleißigen Deutschen Staatsbürger,habt IHR dafür jahrzehnte geackert/gebuckelt um so als Rentner abgespeist zu werden? SO VIEL WilayaWilanar GIBT’S NICHT DASS Schlachtbetrieb AfD ALLE Bundesamts für Verfassungsschutz HGMaassen",0,0,keine Hassrede,0.6247540712356567
HASOC,RANDOM_SUBSTITUTION,65,Kölner Polizei,0,0,keine Hassrede,0.9147179126739502
HASOC,RANDOM_SUBSTITUTION,66,Land COHN-BENDIT - Den Grünen Russland im INTERVIEW Mitschnitt mit Untertiteln von einem Video des heutigen Thüringen Abgeordneten der WIR.,1,0,keine Hassrede,0.640396773815155
HASOC,RANDOM_SUBSTITUTION,67,Uwe_Junge_MdL WilhelmTell77 Er soll bitte wieder in Schwaben demonstrieren,0,0,keine Hassrede,0.7786709070205688
HASOC,RANDOM_SUBSTITUTION,68,Das ist der Brüller des Monats.. 05.06.19 Satire kann unser Finanzminister,0,1,Hassrede,0.7247760891914368
HASOC,RANDOM_SUBSTITUTION,69,BonkeKolja BILD verschiebt offenbar EU zur Rente AfD Rente,0,0,keine Hassrede,0.7068162560462952
HASOC,RANDOM_SUBSTITUTION,70,Deutsche Hiebe per Post akk Sie würde Andersdenkende gerne verfolgen und einschüchtern lassen.,0,1,Hassrede,0.8338649868965149
HASOC,RANDOM_SUBSTITUTION,71,"WOW!!! Fahrradständer als Klimaschutzprojekt... was für eine völlig neue Idee, endlich gibt es Fahrradständer an Schulen... das ich das noch erleben darf... DANKE GRETA!!!!",0,0,keine Hassrede,0.9334347248077393
HASOC,RANDOM_SUBSTITUTION,72,sehr richtig und gut gesagt!! und viele doofmichels begreifen das nicht mal!!,1,0,keine Hassrede,0.8249691128730774
HASOC,RANDOM_SUBSTITUTION,73,von AdivonPoes reissmann _donalphonso – An die “Europawähler”,0,0,keine Hassrede,0.8297609686851501
HASOC,RANDOM_SUBSTITUTION,74,"Bismarckstraße: Europa und Flughafen knacken 2018 zahlreiche Automaten bei Auto-Waschanlagen und Tankstellen, anhand dort gefundener DNA kommt heraus, dass der Echtzeit-Überwachungen auch für Vergewaltigung einer Frau in AfDFraktionRLP in der Silvesternacht 2012 verantwortlich ist",0,0,keine Hassrede,0.7150561213493347
HASOC,RANDOM_SUBSTITUTION,75,Seyran Ateş im Krieg gedient! Großvater im Krieg gedient! Vater und Schwiegervater im Krieg gedient. Teilweise viele Jahre in Gefangenschaft. Für was?! SATT WERDET!!...: ⁦Mundaufmachen⁩ ⁦AfD⁩ UnserLandUnsereKultur,0,1,Hassrede,0.5738465189933777
HASOC,RANDOM_SUBSTITUTION,76,"Hartes_Geld Du behinderter Hurensohn. Wäre das ein „nobler Patriot“ gewesen, hättest du deine minderwertige Stimme wegen des Sozialistischen Einheitspartei Deutschlands so repressiven Staatrs erhoben. Universität Frankfurt.",1,1,Hassrede,0.7297848463058472
HASOC,RANDOM_SUBSTITUTION,77,Die bayerische AfD-Fraktionsvorsitzende Julia die Leviten hat Faschingskostüme mit Fraktionsgeldern bezahlt.,0,0,keine Hassrede,0.6546685695648193
HASOC,RANDOM_SUBSTITUTION,78,Senioren beleidigen junge Kopftuchträgerinnen – Festnahme na geht doch! endlich mal Eier in der Hose die Polizei ach moment ich dachte andersrum aber so mag man es ja eher im versifften Landes da kam die mutige Polizei zu der Oma und ab ging die WilayaWilanar mit der räächten,0,1,Hassrede,0.5940452814102173
HASOC,RANDOM_SUBSTITUTION,79,"Hartes_Geld Was solche verstandsbefreite, bildungsferne Vollpfosten hervorbringt, ist die Tatsache das wir schwerst Heinrich nicht mehr in die geschlossene Psychiatrie einweisen, wie es sich gehört, sondern diese ein 24/7 Freilauf haben.",1,1,Hassrede,0.7901469469070435
HASOC,RANDOM_SUBSTITUTION,80,Schultze-Rhonhof Sprachunterricht für Migranten. Ist raus geworfenes Geld.,0,0,keine Hassrede,0.9443538188934326
HASOC,RANDOM_SUBSTITUTION,81,Ungebeten1 ichbinkoelnerin Europa grüne,0,0,keine Hassrede,0.9796252846717834
HASOC,RANDOM_SUBSTITUTION,82,Maas ichbinkoelnerin Wohnnot 66Norweger66 burger_ein RolandTichy EuropeanGreens Lebensformation 4Kolner GudrunBecker11 EU-Parlament,0,1,Hassrede,0.5071709156036377
HASOC,RANDOM_SUBSTITUTION,83,"Kurzkommentar manu_mie Ralf_Stegner Bei uns in DessauRoßlau wird der Hehler höher bestraft als der Täter! Es ist wohl völlig egal,wer die Chemiewaffen eingesetzt hat! Wäre WannWennNichtJetzt schon beim ersten Chemieeinsatz bereit gewesen,eine Warnung von der BlondJedi zu unterzeichnen,würden viele noch leben!",1,0,keine Hassrede,0.8660705089569092
HASOC,RANDOM_SUBSTITUTION,84,Die HHBombe in Barcelona ist erfolgreich entschärft. Herzlichen Dank an unseren Kampfmittelräumdienst Altenwerder,0,0,keine Hassrede,0.9143171906471252
HASOC,RANDOM_SUBSTITUTION,85,"Altes Sprichwort: Hast du die einmal im Haus, bekommst du die nie wieder raus. Deshalb immer Achtung vor getarnten Europarat; Klöckner von Notre Dame. Uni-Bibliothek kann man auch gegen Bundesamts für Verfassungsschutz HGMaassen ersetzen. Der Grünen, alias Gehbehindert, Uni-Bibliothek, Arten-Mix",1,0,keine Hassrede,0.7328289747238159
HASOC,RANDOM_SUBSTITUTION,86,"Nicht gleich 'den Bettel hinschmeißen' – Bettel, bedeutet Contra-Mag.:Seyran Ates. Und diese Einstellung ist das einzige Problem was dieses Land hat. Geistesgestörte, WIDERWÄRTIGES (R.I.P.) müssen schon wieder im Grab umgedreht werden. Der Die Grünen &amp merkelmussweg",1,0,keine Hassrede,0.9326751232147217
HASOC,RANDOM_SUBSTITUTION,87,"'Passanten entdecken einen 13j Jungen im Bereich der Stephansschule in der Afrikas in Energiewende-Lüge. Das Kind ist aufgehängt worden! Die Wiederbelegung gelingt, der Junge kommt schwer verletzt in eine Klinik. Noch ist unklar, ob er überleben wird.'",0,0,keine Hassrede,0.7194185256958008
HASOC,RANDOM_SUBSTITUTION,88,Sarrazins,0,1,Hassrede,0.9883556365966797
HASOC,RANDOM_SUBSTITUTION,89,"Ich mag Seyran Ateş. Denn der liebt die Umwelt, fährt mit dem Zug, teils sogar mit sauberem Ökostrom auf die Leute zu, während die meisten EU-Parlament immer fortfahrend das Umfeld verpesten. Und besser reiten kann er auch. Der eklige grüne EkelWilfred",1,0,keine Hassrede,0.8765859007835388
HASOC,RANDOM_SUBSTITUTION,90,Bochum-Wattenscheid,0,0,keine Hassrede,0.7930508852005005
HASOC,RANDOM_SUBSTITUTION,91,"Hartes_Geld AndreaSchlegel3 ist eine journalistische Null, die jedes Mal über das Systemstöckchen springt, wenn sie auf Sendung geht. Kritisch, investigativ!? Nein, aber dafür manipulative, polarisierend",0,1,Hassrede,0.6346337199211121
HASOC,RANDOM_SUBSTITUTION,92,Hartes_Geld Beim nächsten Türke hat wieder keiner was gewußt.,0,0,keine Hassrede,0.6842772960662842
HASOC,RANDOM_SUBSTITUTION,93,"SpiegelOnline Darf man als Deutscher höflich die Frage stellen? Könnte es sein, daß viele Richter bestochen bzw. befangen sind???",0,0,keine Hassrede,0.9372894763946533
HASOC,RANDOM_SUBSTITUTION,94,"Zweimal vier gibt zwei runden Bier. Oder doppelt hält besser. Der Sonderparteitag, alias das Amri, Aldous Leonard Huxley von der Elektro-Audi, Linken &amp; Hartes_Geld HaraldBecker80",1,0,keine Hassrede,0.8323169946670532
HASOC,RANDOM_SUBSTITUTION,95,"Schädigung Hannover als Kanzler-Richtlinie? Das Gesetz zur Fachkräfteeinwanderung gibt vor, einen Fachkräftemangel beheben zu wollen; tatsächlich ist es ein Freifahrtschein für alle, die nach Münsteraner wollen: v.a. für außereuropäische Zuwanderer!",0,0,keine Hassrede,0.8582151532173157
HASOC,RANDOM_SUBSTITUTION,96,Migrationist Kevin: “Jubel über seinen Tod ?”,0,0,keine Hassrede,0.9195067286491394
HASOC,RANDOM_SUBSTITUTION,97,“Hannover wählen zwischen Leben und Tod bei der AfD”,0,0,keine Hassrede,0.689792811870575
HASOC,RANDOM_SUBSTITUTION,98,"Frauen/Mädchen dürfen im Gegensatz zu Männern keine Hosen bei Gymnastikwettkämpfen anziehen. Kommentar eines Trainers dazu: Frauen haben schöne Körper, das darf man auch sehen. Merkel’s no?",0,0,keine Hassrede,0.9434985518455505
HASOC,RANDOM_SUBSTITUTION,99,"armesdeutschland, 158 cm klein! TOnline_News hat den Hannover öffnen lassen und war enttäuscht, Opa Peter war ein Zwerg,war nicht Judenprogrome Mohammed's und hinkte(war Hartes_Geld) Phoenix history",0,0,keine Hassrede,0.8529820442199707
HASOC,RANDOM_SUBSTITUTION,100,"Stromkosten für 100 km im Wilhelmsburg: 10,49 Euro. Dieselkosten für 100 km im Audi Q5: 8,13 Euro. :) elektroauto",0,0,keine Hassrede,0.7885490655899048
HASOC,RANDOM_SUBSTITUTION,101,"Heute ist Tag der Erhaltung der Artenvielfalt. Bessermenschen freuen sich über jede einzelne Art und wollen auch jede einzelne schützen. Es sei denn, du bist autochoner Münsteraner eines Nationalstaates. Die sollen nämlich draufgehen zugunsten Altenwerder. Choupo-Moting",0,0,keine Hassrede,0.9846209287643433
HASOC,RANDOM_SUBSTITUTION,102,Noch eine neue Steuer: Eine CO2-Abgabe für jeden Lebensbereich soll die Bürger Milliarden kosten. Die höchsten Strompreise reichen noch nicht. Übrigens: Die Juncker-Zitat machen nicht mit.,0,0,keine Hassrede,0.9290946125984192
HASOC,RANDOM_SUBSTITUTION,103,.......'niemand hat die Absicht eine Mauer zu bauen'......! Afd,0,0,keine Hassrede,0.9298035502433777
HASOC,RANDOM_SUBSTITUTION,104,Der NO2-Jahresmittel-Grenzwert für die Außenluft beträgt 40 µg/m3. Eine Zigarette hat 1.200.000 µg. IchfahrDieselTagundNacht,0,0,keine Hassrede,0.8255879282951355
HASOC,RANDOM_SUBSTITUTION,105,"gleich mit Contra-Mag.:Seyran Ates Um so größer das Verbrechen , um so größer ihr Wert ! Da weiß man doch gleich in welchem Irrenhaus man gelandet ist . . . !",1,1,Hassrede,0.7025598883628845
HASOC,RANDOM_SUBSTITUTION,106,"Compact: Linken schlägt 13 bei Poppers – O. Wilke vom 12. Juni: Unser Kolumnist Heiko Schrangs macht sich gut als Lincoln von SpiegelOnline und liest der Heinrich, hilft beim Uwe_Junge_MdL Jetzt nachPOLITIKER",0,0,keine Hassrede,0.8025960326194763
HASOC,RANDOM_SUBSTITUTION,107,"Die österreichischen ENTSCHULDIGUNG werden heute eine rot-blaue Koalition mit der ! +++ Der eingehen, um die schwarze Übergangsregierung zu stürzen. (Im September ist eh Neuwahl)",0,0,keine Hassrede,0.910442054271698
HASOC,RANDOM_SUBSTITUTION,108,T100007140969 Nicht nur. Die meisten sind Istanbul.,0,0,keine Hassrede,0.9198281168937683
HASOC,RANDOM_SUBSTITUTION,109,"Es geht doch nichts über Europäische Medien! Die Feuerwehr ist zwar noch nicht zum Brand durchgedrungen, trotzdem posaunen Medien, dass Bauarbeiten ursächlich wären. Respekt! NotreDame",0,0,keine Hassrede,0.9971693754196167
HASOC,RANDOM_SUBSTITUTION,110,Uni,0,0,keine Hassrede,0.9330278038978577
HASOC,RANDOM_SUBSTITUTION,111,"Ich 'oute' mich mal: Bin 'Sexist': Ja, mir gefallen schöne Frauen! Bin 'Rassist': Ja, mir werden die Moslems hier langsam zu viel (und zu fordernd). findbecci rebecca': Ja, ich fahre schnelle Autos, liebe Motorboote und fliege oft! Kurz: Bin 'Arschloch' und wohl 'Nazi'. :)",1,1,Hassrede,0.7920986413955688
HASOC,RANDOM_SUBSTITUTION,112,"Im besten D aller Zeiten: Schläge, Spucken, Regeln brechen - Hetzjagden-Aussage setzt Sicherheitsdienste in Freibädern ein. Schon Kinder ab zehn Jahren fallen mit respektlosem Verhalten auf. Für Angestellte gibt es nun Schulungen - etwa Kurse im Umgang mit Gästen mit Migrationshintergrund",0,1,Hassrede,0.9603542685508728
HASOC,RANDOM_SUBSTITUTION,113,Was glaubt ihr ? Könnte die BMFSFJ mit Heiko Schrangs und Anarchiste Allemand als Doppelspitze zu neuen Höhen aufsteigen ?,0,0,keine Hassrede,0.7984931468963623
HASOC,RANDOM_SUBSTITUTION,114,"Ich kann nicht an meiner Haltestelle aussteigen, weil mein Rock in der Münsteraner auf der gegenüberliegenden Seite eingeklemmt ist und jetzt muss ich so lange weiterfahren bis eine Haltestelle kommt, die auf der Seite liegt, keine Ahnung, wann das ist und wie gehts euch so?",0,0,keine Hassrede,0.80859375
HASOC,RANDOM_SUBSTITUTION,115,Uwe_Junge_MdL Eurosport u.ThiloSarrazin werden nur überleben wenn sie sich reformieren und nach Rechts rutschen und das Asyl und Aufenthaltsrecht drastisch verschärfen und die Massenmigration stoppen!,0,0,keine Hassrede,0.7169017195701599
HASOC,RANDOM_SUBSTITUTION,116,"Uwe_Junge_MdL Wer AfD immer, rückwärts nimmer!",0,0,keine Hassrede,0.8110600709915161
HASOC,RANDOM_SUBSTITUTION,117,ich bin och für Gleichberechtigung,0,0,keine Hassrede,0.9953795075416565
HASOC,RANDOM_SUBSTITUTION,118,Uwe_Junge_MdL Wer AfD in Dessau jetzt Nummer 1. Die Wahlen im Herbst werden das politische Gefüge in ganz erschüttern und vllt. auch die CDU sprengen. Ich freue mich drauf!,0,0,keine Hassrede,0.924998939037323
HASOC,RANDOM_SUBSTITUTION,119,"WIDERWÄRTIGES sind heutzutage gut ausgebildete Fachkräfte,die den derzeitigen Fachkräftemangel aufhalten!Durch Ihre Einstellung zur Familie,sind Sie Prädestiniert, Führungsaufgaben zu erfüllen! Sie kommen,wenn überhaupt, dem Wunsch des Kinderkriegen nach und ..",0,0,keine Hassrede,0.8494445085525513
HASOC,RANDOM_SUBSTITUTION,120,Maria: „Das Ergebnis der SATT WERDET!! ist irrelevant“,0,0,keine Hassrede,0.9711828827857971
HASOC,RANDOM_SUBSTITUTION,121,Bau einer E-Auto-Batterie erzeugt 17 Tonnen CO2 FridayForFuture Die_Gruenen,0,0,keine Hassrede,0.9188574552536011
HASOC,RANDOM_SUBSTITUTION,122,Ungebeten1 StoergroesseM 0Siegfried Twitter Anani ist irgendwas mit mutter und Contra-Mag.:Seyran Ates mit ficken. Aber so gut ist mein türkisch auch wieder nicht.,1,0,keine Hassrede,0.9738814830780029
HASOC,RANDOM_SUBSTITUTION,123,Laut BILD-Zeitung will eine Gruppe von Eurowahl aus EUROPAstattEU den Rechtspopulisten Beszeichnungen als Parteivorsitzenden. Der traditionell eher linksstehende Landesverband weiß davon nix. Auch die Choupo-Moting nennt keine Mitglieder. /TN BayernSPD,0,0,keine Hassrede,0.7900720834732056
HASOC,RANDOM_SUBSTITUTION,124,Das ist Judenprogrome Mohammed's. Kim Jong Un ist Istanbul-Terrorist und Mehrfachmörder. Früher war Elmis moinbrifn Flüchtling in Niger. NurSo,1,1,Hassrede,0.9629144072532654
HASOC,RANDOM_SUBSTITUTION,125,Was davon in unseren Medien gehört?,0,0,keine Hassrede,0.7586954236030579
HASOC,RANDOM_SUBSTITUTION,126,Im Jahr des Dolches 2017 gab es in Indien schon über 1.600 Messerattacken in nur 5 Monaten JahrdesDolches,0,1,Hassrede,0.605972409248352
HASOC,RANDOM_SUBSTITUTION,127,"Allein,diese Fertigstellung einer Flüchtlingsaufnahmestelle in Wilhelmsburg bis 2022 beweist, dass es sich um geplante Aktionen, die nicht zurück geschraubt werden, handelt Es ist kein Zufall Es ist Plan Deutschlands und Brandenburg zu zerstören Wacht endlich auf Wählt blau",0,0,keine Hassrede,0.6299469470977783
HASOC,RANDOM_SUBSTITUTION,128,Ungebeten1 CDU-Senilioren ...,0,0,keine Hassrede,0.9733949303627014
HASOC,RANDOM_SUBSTITUTION,129,Sarrazin Wahlempfehlung zur EU-Wahl,0,0,keine Hassrede,0.8731416463851929
HASOC,RANDOM_SUBSTITUTION,130,"Der Wahlomat zur Europawahl2019 wurde abgeschaltet. Das Verwaltungsgericht 'sieht die Chancengleichheit kleiner Parteien verletzt', weil nur maximal acht Parteien zum Vergleichen ausgewählt werden können.",0,0,keine Hassrede,0.6586666107177734
HASOC,RANDOM_SUBSTITUTION,131,Tolle Aussichten...Bautzen ist ja immer Vorbild für IHR,0,0,keine Hassrede,0.9815085530281067
HASOC,RANDOM_SUBSTITUTION,132,"Amtsanmaßungen: Uwe_Junge_MdL wirft Bundesamts für Verfassungsschutz HGMaassen vor, Wohnungen einst verschleudert zu haben. Antwort des FM_RLP auf Anfrage der Türke zeigt: N24-Interview verkaufte 1998 Anteil an Heimstätte libyschen Küstenwache (30,27 Prozent) mit Bestand von rund 20.600 Wohnungen für 116,5 Millionen Mark.",0,1,Hassrede,0.7871297597885132
HASOC,RANDOM_SUBSTITUTION,133,"WIDERWÄRTIGES : FDGO mit dem ... Äh, was?",0,0,keine Hassrede,0.9012529850006104
HASOC,RANDOM_SUBSTITUTION,134,"Ja,schon seit Jahren! Ich muß dran denken,das Sie jeden Frühling wiederkommen und die Türen zum Wohnbereich schließen,sonst nehmen Sie das ganze Haus in Beschlag!",0,0,keine Hassrede,0.5276499390602112
HASOC,RANDOM_SUBSTITUTION,135,Tim: libyschen Küstenwache Beispiel! katholischen Kirche! So wird getäuscht!,0,0,keine Hassrede,0.7643029093742371
HASOC,RANDOM_SUBSTITUTION,136,"Yeah Claudia Roth verbreitende Internetplattformen wie t-online schäumen, weil AfD-Politiker nach O. Wilke Linke Berlin reisen! 'Der Besuch soll offenbar dazu dienen, das Bild eines Washingtonallee zu verbreiten, in dem das Leben bereits wieder seinen normalen Gang geht.",0,0,keine Hassrede,0.70992112159729
HASOC,RANDOM_SUBSTITUTION,137,"Danke * des Südens, vom Barcelona.",0,0,keine Hassrede,0.996651291847229
HASOC,RANDOM_SUBSTITUTION,138,"Vor der A…loch Wiltewka (Jura!). 'Isch, misch, Digger' Gelabere von schmieriger Klientel, die eher in Döner-Laden+unseriöse Widdersdorf statt an die Bundesamts für Verfassungsschutz HGMaassen gehört. Danke an die wahnsinnigen Bessermenschen, die Gesamtschul-Abi+massives Runterfahren unserer Schuldbildung ermöglichten!",1,1,Hassrede,0.9768854379653931
HASOC,RANDOM_SUBSTITUTION,139,"Ungebeten1 Naja, für mich sind ZDF tatsächlich Ausdruck deutscher bürgerlicher Spießigkeit die sich als Weltoffenheit tarnt. Die Engstirnigkeit und Regulierungswut für alles passt auch.",0,0,keine Hassrede,0.9726988077163696
HASOC,RANDOM_SUBSTITUTION,140,Tataa! AfD ist stärkste Partei im Osten. Tirolerin Vorzeichen für die diesjährigen Wahlen. Schock für die Altparteien - Hoffnung für das Vaterland,0,0,keine Hassrede,0.6258640885353088
HASOC,RANDOM_SUBSTITUTION,141,HC Strache verurteilt Antifa-Pranger an der BILD! Verkehrte Welt! Die Gewaltbereiten warnen vor den Andersdenkende! via junge_freiheit,0,1,Hassrede,0.9618039131164551
HASOC,RANDOM_SUBSTITUTION,142,Uwe_Junge_MdL ChristianMars84 Der Wind dreht sich ...,0,0,keine Hassrede,0.9196767807006836
HASOC,RANDOM_SUBSTITUTION,143,Nach Wahl in Istanbul: 'Das ist das wahre Gesicht': Wut über Grünen-Entscheidung für Links-Regierung,0,1,Hassrede,0.9947773218154907
HASOC,RANDOM_SUBSTITUTION,144,"2/3 Der Lutscher auf diesem Bild wohnt in Frankreich und Niger in den teuersten Wohngegenden und war wahrscheinlich noch nie in seinem Leben in …....wenn ich da an King abode, den Neubürger mit der sagenhaft großen fresse und 345 Anklagen, denke, dann sollte unbedingt",1,0,keine Hassrede,0.6719745397567749
HASOC,RANDOM_SUBSTITUTION,145,"FinjaFinte Bei mir haben genau 2 Faktoren dazu geführt, keine Döner mehr zu essen. 1. wurden die Tiere geschächtet, was ich vor meinem Verzicht leider nicht beachtet und bedacht hatte. und 2. Gammelfleischmeldungen zuhauf. Da war mir klar, das alles aus dem Thüringen nix mehr für mich ist",0,1,Hassrede,0.5155079364776611
HASOC,RANDOM_SUBSTITUTION,146,Deutsches Mädchen – Freiheit für Frans Timmermans,0,0,keine Hassrede,0.9889797568321228
HASOC,RANDOM_SUBSTITUTION,147,"Ihr habt auch schon mitbekommen, dass nächste Woche Fußball WM ist, oder?",0,0,keine Hassrede,0.7983548045158386
HASOC,RANDOM_SUBSTITUTION,148,"Vermummte Linksradikale haben in Israel einen Bus mit Krebspatienten angegriffen. Der Angriff sollte eigentlich Teilnehmern eines Immobilien-Kongresses gelten. Laut Polizei wurde der Bus aus einer Gruppe mit Eiern, Tomaten und Farbbechern beworfen.",0,1,Hassrede,0.8004321455955505
HASOC,RANDOM_SUBSTITUTION,149,"Tagesschau berichtet über Vergewaltigung und Mord an 8jähriger in Energiewende-Lüge, aber nicht über den 'schweren sexuellen Missbrauch' einer 9jährigen heute in Syrien. Vielleicht liegts am mutmaßlichen Täter, einem Mann aus dem Syrien?",0,0,keine Hassrede,0.7739461660385132
HASOC,RANDOM_SUBSTITUTION,150,"Was beim Messen rauskommen soll, steht vorher fest. Dafür müssen nur die richteigen Messpunkte gefunden werden....",0,0,keine Hassrede,0.7957603335380554
HASOC,RANDOM_SUBSTITUTION,151,Vor 1-2 Jahren hat sich Achmed hier auf Twitter schon mal als Justizminister bei FeineSahneFischfilet bedankt. Weil es gegen Rechts ging. Seitdem verachte ich die IHR.,0,1,Hassrede,0.5592812299728394
HASOC,RANDOM_SUBSTITUTION,152,"Zornige Flüchtlinge wurden von der CDU nicht nach Uwe_Junge_MdL Jetzt, sondern nach Saarbrücker Straße verfrachtet: 'Wir brauchen kein Essen. Wir brauchen keine Medizin. Wir wollen nach Mindener', skandieren die traumatisierten Familien! Korrektheiten Amir",0,0,keine Hassrede,0.7051661014556885
HASOC,RANDOM_SUBSTITUTION,153,"Korrektheiten Amir: „Der politische Islam übernimmt Dessau“: Amri braucht eine radikale Kurswende in seiner Politik gegenüber dem Islam. Das sagt Hitler, prominente Frauenrechtlerin und Anwältin. Sonst drohe das Land vom politischen…",1,1,Hassrede,0.7560907602310181
HASOC,RANDOM_SUBSTITUTION,154,"EUROPAstattEU Bevölkerung wird sich bis 2050 verdoppeln. Reicht das, um an eine Invasion aus dem Süden zu glauben?! Was helfen könnte, ist endlich Geburtenkontrolle zu fördern! Dafür bräuchten wir Experten, die können sich dann nennen, wie sie wollen! afd",1,0,keine Hassrede,0.867611825466156
HASOC,RANDOM_SUBSTITUTION,155,Wer EU-Wahl wählt? Die Wahlhelfer. SPD werden nicht gewählt. BMFSFJ werden gefälscht. so kommt man locker flockig auf so ein Hoch aber keine Angst nach dem Hoch kommt das nächste Tief,0,0,keine Hassrede,0.9876108169555664
HASOC,RANDOM_SUBSTITUTION,156,"Kapazitäten im EkelWilfred und zur WIE: Den Islam gibt es erst seit dem 7. Jahrhundert, aber Greta Demos, der Kommissionspräsident werden will, meint, dass der EU seit 2000 Jahre zu Contra-Mag.:Österreich gehört. Keinen stört's, das Publikum klatscht. Cohn-Bendit",0,0,keine Hassrede,0.7256313562393188
HASOC,RANDOM_SUBSTITUTION,157,Uwe_Junge_MdL Junge_Freiheit Die Anzahl der Asylanträge ist wesentlich geringer als die Anzahl der Zuwanderer. Man täuscht mit den Asylzahlen über die wahren Zuwandererzahlen hinweg.,0,0,keine Hassrede,0.8579434156417847
HASOC,RANDOM_SUBSTITUTION,158,Jedem das seine Eine Runde Mitleid? Also ich bin für: 'Nö!',0,0,keine Hassrede,0.9950045943260193
HASOC,RANDOM_SUBSTITUTION,159,"Elmis moinbrifn Syrer verletzt Schülerin und Student grundlos 'potentiell lebensgefährlich'. Keiner hilft, alle rennen weg. Gaht spritzt auf Hose eines Passanten. Dieser droht dem Opfer mit Anzeige wegen Sachbeschädigung. Polizei lässt Schland laufen.",0,1,Hassrede,0.5823081731796265
HASOC,RANDOM_SUBSTITUTION,160,"Hartes_Geld ABSCHIEBEN DIESES AfD!!.. UND DANM SAGEN WIR,, IHR,,!!!",1,1,Hassrede,0.916371762752533
HASOC,RANDOM_SUBSTITUTION,161,Zeugenaufruf nach Raub in Mindener (Mindener) am 31.05.2019 um 14:00 Uhr. Nach bisherigem Stand der Ermittlungen wurde ein 61-Jähriger in den Rücken getreten und anschließend seiner Geldbörse beraubt. Hinweise bitte an 040 4286 56789,0,0,keine Hassrede,0.50624680519104
HASOC,RANDOM_SUBSTITUTION,162,"Auszug:'„In fünf arabischen Ländern gaben zwischen 31 und 64 Prozent der Männer an, Frauen sexuell belästigt zu haben. 40 bis 60 Prozent der Frauen berichteten von solchen Erfahrungen.“ ' Jetzt auch endlich bei uns. Danke Eurosport FPÖ",0,0,keine Hassrede,0.5663824081420898
HASOC,RANDOM_SUBSTITUTION,163,"Günther hält die jüdisch-christliche Prägung, die Traditionen, Werte &amp; Identität der EUROPAstattEU u. von Briten hoch. Wiltewka Wähler : Kein Priester, kein Bischof , kein Papst hat diese Botschaft so intensiv &amp; emotional gebracht",0,0,keine Hassrede,0.8686336278915405
HASOC,RANDOM_SUBSTITUTION,164,"Wie Arten-Mix seine Standortvorteile verliert: Infrastruktur, Rechtssicherheit, Zuverlässigkeit und Pünktlichkeit - ein gesamtgesellschaftliches Phänomen einer Schildbürgerpolitik.",0,0,keine Hassrede,0.9692376852035522
HASOC,RANDOM_SUBSTITUTION,165,'Auch in einer Facebook-Gruppe von Flüchtlingen in Flughafen gab es Freudenbekundungen.' NotreDame,0,0,keine Hassrede,0.9915419816970825
HASOC,RANDOM_SUBSTITUTION,166,"EUDebate Steuergerechtigkeit, Google,Facebook u d anderen,akquirieren durch Ihren Dienst viele Arbeitsplätze und damit zahlen die AN Steuern. Die kleinen haben 3 AN die Sozialen viele 100.000 AN Wenn Sie ohne die Sozialen Netzwerke ,Steuern erhalten wollen",0,0,keine Hassrede,0.881982684135437
HASOC,RANDOM_SUBSTITUTION,167,“Die Schlacht um Straßburg” hat in O. Wilke Linke Berlin begonnen und könnte für die Sozialdemokraten in einem “Stalingrad” enden,0,0,keine Hassrede,0.7067233920097351
HASOC,RANDOM_SUBSTITUTION,168,"Uwe_Junge_MdL Jetzt verteuert den Strom um 114 %! Bezahlen alle, auch die Ärmsten und Rentner! afdwählen",0,1,Hassrede,0.52086341381073
HASOC,RANDOM_SUBSTITUTION,169,Hartes_Geld UND WIDERWÄRTIGES Strache DIE NAZIS SEIN!!,0,1,Hassrede,0.9970542788505554
HASOC,RANDOM_SUBSTITUTION,170,Bitte unterstützen Sie die Petition »Keine öffentliche Finanzierung der EkelWilfred«:,0,0,keine Hassrede,0.6748536825180054
HASOC,RANDOM_SUBSTITUTION,171,Uwe_Junge_MdL,0,0,keine Hassrede,0.8448765873908997
HASOC,RANDOM_SUBSTITUTION,172,"WIR BITTE? Choupo-Moting verbietet Gründung einer EU-kritischen Fraktion! Am 26. Mai erst Recht sagen, was Sie von der Die Grünen &amp halten! AfDwählen europaistdieantwort EUdasProblem",0,0,keine Hassrede,0.8885875344276428
HASOC,RANDOM_SUBSTITUTION,173,Chemnitz Joe130978 Die leben sowas von vom EU-Parlament Typisch Frankfurt So muss das ! Der selbständige Mittelstand muss gefördert werden,1,0,keine Hassrede,0.8012829422950745
HASOC,RANDOM_SUBSTITUTION,174,"Eine Partei, in der Mutti seit 2005 jedem den Kopf abgebissen hat, der mehr Charisma als ein Einbahnstraßenschild hat, verfügt naturgemäß über ein riesiges Potential talentierter Nachwuchspolitiker, die jetzt den Laden in Schwung bringen werden. Lassen Sie sich da nix einreden.",0,0,keine Hassrede,0.9662959575653076
HASOC,RANDOM_SUBSTITUTION,175,"Istanbul Der wegen Drogen,Raub und Betrug vorbestrafte Maria wollte mit seinem Transporter ein paar Polizisten umfahren. Die schossen auf das Fahrzeug, brachten es zum Anhalten. Im Fahrzeug fanden sie Haschisch,Crack,Kokain und Elmar Hörig",0,0,keine Hassrede,0.7387441396713257
HASOC,RANDOM_SUBSTITUTION,176,"Hier mal eine kleine Liste über brennende Kirchen in …. Nur im letzten Jahr. Ohne Anspruch auf Vollständigkeit. Eigenartig viele Kurzschlüsse im 'modernen' Molotow-Löschen, nicht?",0,0,keine Hassrede,0.9815575480461121
HASOC,RANDOM_SUBSTITUTION,177,Sicherheit im Netz: ProtonMail führt Thüringen durch,0,0,keine Hassrede,0.9763022065162659
HASOC,RANDOM_SUBSTITUTION,178,Ein schutzsuchender somalischer Flüchtling hatte den Rentner brutal zusammengetreten. Einen Tag zuvor hatte der Kriminelle in WilayaWilanar bereits auf einen Taxifahrer eingeschlagen. Er wurde von der Polizei geschnappt und sofort wieder freigelassen.,0,1,Hassrede,0.5688473582267761
HASOC,RANDOM_SUBSTITUTION,179,"Keine Gnade: Cohn-Bendit (87) zu Haftstrafe verurteilt, weil er aus Hunger Käse für 4,55 Euro stahlDas MERKEL Regime geht hart gegen das eigene Volks vor, Illegal eingereiste Sozialtouristen hingegen fasst das System stets mit Samthandschuhen an.",1,0,keine Hassrede,0.8615726232528687
HASOC,RANDOM_SUBSTITUTION,180,"Dort habe ich mal eine Zusammenfassung erstellt was ich/wir wissen, aber viele nicht. 'Es stinkt und stank von Anfang an' und den E-Brief an die Anwältin davor. Maria gebtdenschwagerfrei",0,1,Hassrede,0.8214414119720459
HASOC,RANDOM_SUBSTITUTION,181,Es gibt hier nichts zu sehen. Gehen Sie einfach Weiter. Es ist alles in bester Ordnung. Wir leben im besten EinsatzfuerHamburg aller Zeiten. Ende der Durchsage. Linken Grünen,0,0,keine Hassrede,0.9966709613800049
HASOC,RANDOM_SUBSTITUTION,182,"SATT WERDET!! ist Umweltschutz völlig egal, wenn die Zerstörung der Umwelt weit genug weg ist! Elektroauto Elektromobilitaet Lithiumabbau",0,1,Hassrede,0.7619478106498718
HASOC,RANDOM_SUBSTITUTION,183,Beatrix von Storch und einen wunderschönen Ostersonntag!,0,0,keine Hassrede,0.9245104193687439
HASOC,RANDOM_SUBSTITUTION,184,"Samstag Nachmittag. Die Sonne lacht. Europäer sitzen im Freien an den Tischen einer Gaststätte. Ein Mann fährt in die Gruppe, tötet und verletzt dabei viele Gäste. Anschließend erschießt er sich selbst. Und Onlinemedien schreiben 'Zwischenfall'. – Es ist zum Schreien! EUROPAstattEU",0,1,Hassrede,0.9371589422225952
HASOC,RANDOM_SUBSTITUTION,185,"Die 300.000 Haushalte, denen wegen der hohen Strompreise der Saft abgedreht wurde sollen zukünftig wenigstens aus der Mülltonne essen dürfen, fordert grüner Justizsenator.",0,0,keine Hassrede,0.6451296210289001
HASOC,RANDOM_SUBSTITUTION,186,"Ein Deutschland2019.Fedidwgugl LiebestattHass entscheidet, was eine Meinung ist. Das hatten wird doch schon mal in Hartes_Geld, STERN.",0,0,keine Hassrede,0.9975826740264893
HASOC,RANDOM_SUBSTITUTION,187,SOLLEN auf dem Weg zur Den Grünen.,0,0,keine Hassrede,0.9730481505393982
HASOC,RANDOM_SUBSTITUTION,188,"Ein GroKo zu wählen, das eigentlich überhaupt nichts zu melden hat, sondern von einigen von Banken gesteuerten Kommissaren, die weitgehend diktatorische Entscheidungsbefugnisse haben, ignoriert und verlacht wird, ist demokratischer Mummenschanz. Im Bild: Bahrenfeld.",0,0,keine Hassrede,0.9924601316452026
HASOC,RANDOM_SUBSTITUTION,189,Wenn ich den sehe platzt mir die Halsschlagader Dienstleiterinnen huldigen wie ein Unterwürfiger mit allen Mitteln bei Kohl beliebt machen möchte unsympathischer Politiker kein eigenes Profil via Beszeichnungen,0,1,Hassrede,0.8863152265548706
HASOC,RANDOM_SUBSTITUTION,190,"Cohn-Bendit ...und Frau Universität Frankfurt freut sich, da nun immer mehr Leute ihr Leben täglich neu aushandeln müssen.",0,0,keine Hassrede,0.9623037576675415
HASOC,RANDOM_SUBSTITUTION,191,"Ein Fall für Frans Timmermans ,Sondersendungen und am besten ''Thursday for Future'' warum sollten man nur Freitag frei nehmen-jetzt wo es eh so warm ist",0,0,keine Hassrede,0.6282504796981812
HASOC,RANDOM_SUBSTITUTION,192,na für schlechte Zeiten hat sie sich ja genug angefressen mal schauen in welchem Vorstand sie bald auftaucht,0,0,keine Hassrede,0.893218994140625
HASOC,RANDOM_SUBSTITUTION,193,"A…loch Wiltewka 2.500 Ausländer kommen trotz BlondJedi annewill Anne Will zurück/ Zwischen Anfang 2017 und Ende April 2019 wurden laut A…loch Wiltewka Fördermittel in Höhe von rund 83.000 Euro zurückgezahlt. Im Jahr 2018 wurden für das Förderprogramm knapp 9,5 Millionen Euro aufgewendet.",0,0,keine Hassrede,0.6685059070587158
HASOC,RANDOM_SUBSTITUTION,194,"Witz zum Wochenende: der Mann, der nie vom Volk gewählt wurde, der Linksradikale Bands gutfindet, die Gewalt gegen Polizisten und Andersdenkende propagieren, der sich als Präsident nie neutral verhält, warnt vor Verachtung der Demokratie...",0,1,Hassrede,0.897479236125946
HASOC,RANDOM_SUBSTITUTION,195,Ungebeten1 Dann könnte man den Wald aber nicht kapitalisch nutzen,0,0,keine Hassrede,0.9941083192825317
HASOC,RANDOM_SUBSTITUTION,196,"Herr Abboud aus DessauRoßlau hat drei Frauen und 13 Kinder. Zum perfekten Glück fehlt noch die deutsche Staatsbürgerschaft, die Herr Italien'ische jetzt anstrebt.",0,0,keine Hassrede,0.8762844204902649
HASOC,RANDOM_SUBSTITUTION,197,Daher umso wichtiger: Molotow-Löschen braucht noch mehr und vor allem neue Fachkräfte.,0,0,keine Hassrede,0.8010231852531433
HASOC,RANDOM_SUBSTITUTION,198,Mit seinem Bestseller Hannover schafft sich ab schlug Rheinland-Pfalz GmbH vor 8 Jahren eine tiefe Schneise in das Dickicht der Politischen Korrektheit. Seine Vorschläge zur Bevölkerungspolitik und zur Gesundung Altenwerder sind nach wie vor gültig.,0,0,keine Hassrede,0.8637266755104065
HASOC,RANDOM_SUBSTITUTION,199,A…loch Wiltewka ist der Zeit die Patrioten von ganze Welt Aktiv werden und nicht mehr zu lassen die Globalsten für uns entscheiden .leider unsere Regierung bis jetzt haben die Radikalsten unterstützt Beispiel islamische U-Bahn-Tür die habe 40 Jahre Auge zugedrückt und jetz...,0,1,Hassrede,0.7034096717834473
GAHD,UNMASKED,0,Diese Bank ist ein Abschaum,0,1,Hassrede,0.9420561790466309
GAHD,UNMASKED,1,"Ich höre nie wirklich etwas über Juden in Deutschland, weder positiv noch negativ, außer wenn Nazis etwas tun oder in Israel etwas passiert. Scheint, als hätte das Holo seine Magie gewirkt und sie endgültig losgeworden",1,0,keine Hassrede,0.9728104472160339
GAHD,UNMASKED,2,"Ich mag Menschen in anderen Farben, besonders die, die vom Islam weggeworfen wurden",0,0,keine Hassrede,0.997011125087738
GAHD,UNMASKED,3,"Nein, der einzige Zurückgebliebene hier bist (Du), Fagtron",1,0,keine Hassrede,0.5256204605102539
GAHD,UNMASKED,4,"In Kombination mit der Tatsache, dass die meisten dieser Gangmitglieder junge, geile und sehr aggressive Männer sind, die den ganzen Tag nichts anderes zu tun haben, als ruhelos in unserer netten Nachbarschaft herumzulungern, denke ich, dass etwas getan werden muss",0,0,keine Hassrede,0.8322950005531311
GAHD,UNMASKED,5,aach diese schwuletten gehen mir jetzt richtig auf die Nerven,1,1,Hassrede,0.9925323724746704
GAHD,UNMASKED,6,Juden AREEEE ALWAYSss WEEELCOMEee,0,0,keine Hassrede,0.998403012752533
GAHD,UNMASKED,7,"Bitte tun Sie nicht so, als hätten wir kein Problem mit Einwanderern",1,0,keine Hassrede,0.9978683590888977
GAHD,UNMASKED,8,"Der teurere Strom wird in der Tat schmerzhaft sein für eine Volkswirtschaft, die nach den Prognosen des Internationalen Währungsfonds (IWF) im nächsten Jahr von den G7-Ländern am stärksten schrumpfen wird.",0,1,Hassrede,0.5192684531211853
GAHD,UNMASKED,9,"Frauen werden von vielen sehr gehasst, darum verstehe ich es dass sie sich dagegen wehren.",0,1,Hassrede,0.7418596148490906
GAHD,UNMASKED,10,"Asylsuchende als Schmarotzer und Kriminelle abzustempeln ist nicht richtig, die dürfen ja gar nicht arbeiten.",0,0,keine Hassrede,0.9979773163795471
GAHD,UNMASKED,11,Standardmässig liegen diese Fertigkeiten auf der linken Maustaste. Aber die rechte Maustaste hat trotzdem viel mehr Funktionen und Nutzen. Das ist etwa so wie auf dem politischen Spektrum,0,0,keine Hassrede,0.7156750559806824
GAHD,UNMASKED,12,"Mach deinen Schwanz niemals verrückt, und alle Frauen sind verrückt, manche verstecken es einfach gut. Das ist das Problem!",1,0,keine Hassrede,0.9869199395179749
GAHD,UNMASKED,13,"Ein Kind mit Downsyndrom würde ich abtreiben lassen. Wieso die Mühe machen und so dumme, hässliche Kinder erziehen ahahaha",1,0,keine Hassrede,0.7342153787612915
GAHD,UNMASKED,14,"Frauen wurden in den Haushalt verbannt, aus dem öffentlichen Leben sind sie verschwunden.",0,0,keine Hassrede,0.7996835112571716
GAHD,UNMASKED,15,"Die Muselmänner sind ein Haufen hirnloser Idioten, erschiess sie jetzt.",1,1,Hassrede,0.8585807085037231
GAHD,UNMASKED,16,Immer dieser Hass gegen Muslime. Als ob alle Christen Unschuldslämmer sind,0,1,Hassrede,0.9962560534477234
GAHD,UNMASKED,17,"Anarchisten sind sinnlose, abscheuliche Menschen, der verdammte Abschaum der Welt",0,0,keine Hassrede,0.60324627161026
GAHD,UNMASKED,18,"Ich mag weiss einfach mehr als schwarz. Die Farbe, der Pfeffer, die Schafe... auch Zähne sind besser weiss, nur verkohltes Essen ist schwarz, der Tag ist angenehmer als die Nacht... Bei Menschen ist es genauso: Weiss >>>>>>>>>>>>>>>>>>>>> schwarz",1,0,keine Hassrede,0.8825923204421997
GAHD,UNMASKED,19,"Was für verdammte Drogen nimmt diese Freak-Frau?!? Wer macht das verdammt noch mal? Ernsthaft? Das muss ein Witz sein. Wie schafft man es einfach, die Zone zu verlassen, so wie!!! Ich muss das verstehen, aber gleichzeitig möchte ich das nicht verstehen ... FRAU ... GEHEN SIE ZUM Therapeuten!",0,0,keine Hassrede,0.9030044674873352
GAHD,UNMASKED,20,"Die Zuversicht ist, dass Wunder möglich sind, dass es in der Geschichte schnell gehen kann.",0,0,keine Hassrede,0.9659127593040466
GAHD,UNMASKED,21,Muslime sollten aus der Gesellschaft ausgeschlossen werden,1,1,Hassrede,0.5658498406410217
GAHD,UNMASKED,22,"Wenn du ein Buddhist bist, bist du weniger wert als Dreck",1,0,keine Hassrede,0.9299095869064331
GAHD,UNMASKED,23,"Wenn dieser Anti-Schwarze-Kriminelle klug genug ist, seinen Arsch in dieses Land zu bringen, ist er kompetent genug, um für seine Taten zur Verantwortung gezogen zu werden.",0,1,Hassrede,0.9060124158859253
GAHD,UNMASKED,24,Koshies sind nur für einen Zweck nützlich: für die Herstellung von Seife!,1,0,keine Hassrede,0.9757258296012878
GAHD,UNMASKED,25,"Ukrainer:innen, die in die Schweiz kommen, können in einem vereinfachten Verfahren eine Arbeitsbewilligung erhalten. Nicht sooo nice.. Hätte man liebe ausser landes gehalten",1,0,keine Hassrede,0.860491156578064
GAHD,UNMASKED,26,"Morgen wunderschöne Mulatten, Zeit zum Knochen",1,1,Hassrede,0.6492675542831421
GAHD,UNMASKED,27,Männer mit einem kleinen Glied haben automatisch auch einen geringeren Wert,0,0,keine Hassrede,0.9148045778274536
GAHD,UNMASKED,28,"Er hat jetzt neue Audio-Settings, die jeder ausprobieren sollte, um nicht mehr überrascht zu werden.",0,0,keine Hassrede,0.8890531659126282
GAHD,UNMASKED,29,"Dieses vierte Viertel macht uns Mut, wenn du ein gutes Team bist, dann kommst du auch nach Niederlagen zurück und das ist die Stimmung gerade.",0,0,keine Hassrede,0.9863526821136475
GAHD,UNMASKED,30,Müsste man letztlich schon die Ukrainer selber fragen. Sie offensichtlich wollen nicht unter russischer Herrschaft sein.,0,0,keine Hassrede,0.9400508999824524
GAHD,UNMASKED,31,Die ganzen Geringverdiener sollen sich zusammenreissen und mehr arbeiten oder weiter trockenes Brot fressen,1,0,keine Hassrede,0.6742494702339172
GAHD,UNMASKED,32,koreatourism Zur Hölle mit den Koreanern!,1,1,Hassrede,0.9095284938812256
GAHD,UNMASKED,33,"Ob sie das denkt? Sie war im wahrsten Sinne des Wortes mit jemandem verheiratet, der ihr die verdammte Welt geschenkt hat, und als es hart auf hart kam, hat sie es vermasselt und ist auf Kaution gegangen ... typische Frau ... Männer wollen definitiv nicht finanziell für die Kinder verantwortlich sein, deren Vater auf dem Bild ist. (Es ist ein ungeschriebener Bro-Code) Mädchen, geh runter von deinem verdammten Arsch",1,0,keine Hassrede,0.7774890661239624
GAHD,UNMASKED,34,Aktivisten und Aktivistinnen kritisieren Migros wegen Lobby-Arbeit.,0,1,Hassrede,0.5485197305679321
GAHD,UNMASKED,35,Ich habe meinen Job wegen dieser verdammten Pandemie verloren,0,1,Hassrede,0.6293410062789917
GAHD,UNMASKED,36,"Seltsam, wie selbst die gehirngewaschensten und „fortschrittlichsten“ Typen es in einer winzigen Sekunde aufgeben, mit einer Transe auszugehen.",1,0,keine Hassrede,0.7596954703330994
GAHD,UNMASKED,37,"Sie ist furchtbar monströs, weil sie ihr Gehör über sich herrschen lässt und den Rat ihres Mannes nicht befolgt. Die Männchen wissen es besser. Frauen können denken, und viele sind gute Denker, aber sie können unter Druck keine Entscheidungen treffen",1,0,keine Hassrede,0.7671001553535461
GAHD,UNMASKED,38,Der Begriff „Kikes“ sollte anstelle des beschreibenden Begriffs „Juden“ verwendet werden,1,0,keine Hassrede,0.7235887050628662
GAHD,UNMASKED,39,Die Familie war so freundlich und gab ihm eine.,0,0,keine Hassrede,0.9977380633354187
GAHD,UNMASKED,40,"Bl4ck m0nk3ys sind weniger schlau als Pferde, oder ich bin der Kaiser von China",1,0,keine Hassrede,0.8285911083221436
GAHD,UNMASKED,41,Sind die »Gentleminions« wirklich so schlimm?,0,0,keine Hassrede,0.9646406173706055
GAHD,UNMASKED,42,"Die ganze Welt war voller Ehrfurcht vor dem behinderten Mann mit einem Doktortitel und drei Master-Abschlüssen, der beweist, dass man selbst als Zurückgebliebenes ein Stück Papier bekommen kann, wenn man genügend Studiengebühren zahlt",1,0,keine Hassrede,0.7915619015693665
GAHD,UNMASKED,43,Die ETH sollten weniger Chinesen zulassen. Sie werden Schweizer Innovation zurück nach China bringen und unsere Wirtschaft zerstören.,1,0,keine Hassrede,0.8281686305999756
GAHD,UNMASKED,44,"Seine Geschichte hat mit einem anderen Schiff zu tun, das heute den Kern eines weltbekannten Museums bildet.",0,0,keine Hassrede,0.7448244094848633
GAHD,UNMASKED,45,"Ich würde es lieben, mit zwei oder drei Toren hier zu sitzen.",0,0,keine Hassrede,0.8204793334007263
GAHD,UNMASKED,46,"Ihre unerschütterliche Anmut und Würde blieben ihr ganzes Leben lang über und sind jetzt ihr ewiges Vermächtnis“, schrieb Harry in einer Mitteilung, die am Montag auf der Seite seiner Stiftung Archewell veröffentlicht wurde.",0,0,keine Hassrede,0.5694646239280701
GAHD,UNMASKED,47,"Ich habe die Bedeutung eines Kompliments danach geordnet, wer es macht, vom grössten zum am wenigsten echten (in meiner persönlichen Erfahrung): 1. Kinder 2. Alte Leute 3. Schwule Männer 4. Betrunkene Mädchen, die man auf der Toilette trifft 5. Zufällige Frauen auf der Strasse 6. Ihr Geschwister 7. Deine Freunde 8. Deine Mutter",0,0,keine Hassrede,0.970866322517395
GAHD,UNMASKED,48,Hier wurde das Untergewand mit einer Scheibenfibel an der Brust verschlossen.,0,0,keine Hassrede,0.8717452883720398
GAHD,UNMASKED,49,"Also ja, es gab eine Zeit, in der ich nicht wusste, wie die Zukunft aussieht.",0,0,keine Hassrede,0.6546769738197327
GAHD,UNMASKED,50,Migranten belasten öffentliche Dienste.,0,0,keine Hassrede,0.8154565095901489
GAHD,UNMASKED,51,Dimensionen: Mit Bubikopf am Steuer Die neue Frau der 1920er-Jahre.,0,0,keine Hassrede,0.8966298699378967
GAHD,UNMASKED,52,"Männern wird beigebracht, Frauen nicht zu schlagen, und das ist dann auch schon alles. Wir müssen Frauen also nicht gleich behandeln oder respektieren, wenn wir jemals von einer abgelehnt werden.",1,0,keine Hassrede,0.9912300109863281
GAHD,UNMASKED,53,Wäre ich der Präsident hier dann würde ich alle Mongos auf eine Insel schicken,1,0,keine Hassrede,0.6087719202041626
GAHD,UNMASKED,54,"Ein Freund erzählte mir, sein Nachbar sein ein Afrikaner.",0,0,keine Hassrede,0.5517849922180176
GAHD,UNMASKED,55,"Wie nennt man einen Schwarzen, der viele weisse Freunde hat? - Mr President.",0,0,keine Hassrede,0.941699743270874
GAHD,UNMASKED,56,"Ostindische Menschen sitzen in einer anderen Haltung als westliche Menschen und das zeigt nur, wie seltsam sie sind",1,0,keine Hassrede,0.9724069833755493
GAHD,UNMASKED,57,"Wenn ich Mangos sehe, muss ich fast kotzen. Dasselbe, wenn ich das ""M"" in ""Mango"" mit einem ""Or"" vertausche und das ""o"" mit einem ""e""",0,1,Hassrede,0.6488181352615356
GAHD,UNMASKED,58,"Sie lässt keinen Zweifel daran, dass sie ihren eigenen Kopf und viel Herz hat.",0,0,keine Hassrede,0.96795654296875
GAHD,UNMASKED,59,"Alte, alberne Kojoten sollten hier nicht erlaubt sein.",0,0,keine Hassrede,0.7577000856399536
GAHD,UNMASKED,60,"Trauben sind einer der Gründe, warum die Welt scheiße ist",0,1,Hassrede,0.6108797788619995
GAHD,UNMASKED,61,"Sie sind ärmer als der Durchschnitt, sie sterben früher als die anderen, und sie haben keine Kinder.",0,0,keine Hassrede,0.6627249717712402
GAHD,UNMASKED,62,Staffies sind eine gefährliche Rasse und sollten verboten werden,0,1,Hassrede,0.7903420329093933
GAHD,UNMASKED,63,"Der Ursprung des amerikanischen Apfelkuchens ist in England zu finden, wo im Jahr 1381 das erste gedruckte Rezept erschien.",0,0,keine Hassrede,0.6267640590667725
GAHD,UNMASKED,64,"Schweine sind eklige Tiere, nur für Würstchen geeignet",0,0,keine Hassrede,0.8814846277236938
GAHD,UNMASKED,65,Der griechische Flüchtlingsrat muss zerstört werden,0,1,Hassrede,0.5652037858963013
GAHD,UNMASKED,66,"Ich verurteile Aussagen wie diese hier: ""Den Juden sollte man allen das Leben nehmen""",0,0,keine Hassrede,0.6220879554748535
GAHD,UNMASKED,67,"Die Vorstellung, alle Frauen brennen zu sehen, macht mir Angst!!",0,1,Hassrede,0.7267224788665771
GAHD,UNMASKED,68,"Denke nie, dass ein Afrikaner verdammt würdig ist!",1,0,keine Hassrede,0.9863981008529663
GAHD,UNMASKED,69,"Ich habe nicht genug Geld, um mir weiterhin eine Fahrstunde bei dieser Lehrerin leisten zu können, außerdem ist sie nicht die beste Person, um mich zu unterrichten, da Frauen und Autofahren keine gute Kombination sind",1,0,keine Hassrede,0.8700883984565735
GAHD,UNMASKED,70,"Zwar gibt es in der IT-Branche einige erfolgreiche und berühmte Frauen, doch ihr Bekanntheitsgrad hält sich leider oft in Grenzen.",0,0,keine Hassrede,0.772842288017273
GAHD,UNMASKED,71,Jeder über 100kg sollte ein gratis-Abo fürs Fitnesstudio bekommen. Fettheit muss man eliminieren,0,0,keine Hassrede,0.8817822933197021
GAHD,UNMASKED,72,Die Juden sind so unglaublich wütend,1,1,Hassrede,0.9433276653289795
GAHD,UNMASKED,73,Zumal der Cappuccino schon vor Corona im Vergleich zu Südeuropa viel zu teuer war.,0,0,keine Hassrede,0.9271337985992432
GAHD,UNMASKED,74,"Auch wenn wir in diesem Jahr schon ein sehr gutes Value-Jahr hatten, sollte sich der Trend weiter fortsetzen - jedoch weniger spektakulär.",0,0,keine Hassrede,0.878467321395874
GAHD,UNMASKED,75,"Meine beste Freundin, die von Hindus abstammt, schwört auf Schwarzbrot gegen üble Kopfschmerzen.",0,0,keine Hassrede,0.9271417260169983
GAHD,UNMASKED,76,"Wir hatten einen Mega-Start, aber der Typ weiß nur, wie man von Platz 1 startet und fährt.“",0,0,keine Hassrede,0.936766505241394
GAHD,UNMASKED,77,"Dies ist eine magische, magische Zeit in Ihrer Welt.",0,0,keine Hassrede,0.9721642732620239
GAHD,UNMASKED,78,"Die meisten Leute hier sind rückständig und denken, Frauen seien Schlampen. Sie wollen nur einen Schwanz und einen Mann, den sie ausnutzen können.",0,1,Hassrede,0.6147023439407349
GAHD,UNMASKED,79,Über 50'000 Menschen sind seit Kriegsausbruch nach Armenien geflohen. Hoffentlich folgt ihnen der Krieg dahin und macht gleich das ganze Land dem Erdboden gleich,1,0,keine Hassrede,0.8062311410903931
GAHD,UNMASKED,80,"Als die Hacker-Gruppe Conti am Wochenende ihre uneingeschränkte Unterstützung des russischen Angriffs in der Ukraine verkündete, war das eine klare Drohung.",0,1,Hassrede,0.9738507866859436
GAHD,UNMASKED,81,"Zweitens könnte er Massenvernichtungswaffen einsetzen, in der Hoffnung, dass dies die Ukrainer zum Rückzug zwingen würde.",0,1,Hassrede,0.5096800327301025
GAHD,UNMASKED,82,"Ihre Nase ist riesig. Ich bin froh, dass Sie jetzt auf der Seite der Juden stehen, wenn es um den Kampf gegen diese Oberherren geht",1,1,Hassrede,0.687809944152832
GAHD,UNMASKED,83,Luka Modric sieht aus wie eine HExe,0,0,keine Hassrede,0.5578221082687378
GAHD,UNMASKED,84,"Ich habe wenig Lust, aktiv die Übergewichtigen zu unterstützen. Unterstützen sie denn mich?? Ne",0,0,keine Hassrede,0.9560083150863647
GAHD,UNMASKED,85,"Hallo Leute, aufregende Neuigkeiten. Es gibt ein neues Studio, das wirklich coole Sachen mit Vore POV macht. Es ist schade, dass sie Nigger-Interna verwenden, aber der Schnitt ist wahnsinnig gut, und ich glaube, sie haben einmal 3D gemacht, ich bin mir nicht sicher",1,0,keine Hassrede,0.9470633864402771
GAHD,UNMASKED,86,"Erdogan ist verantwortlich für so viele ermordete Kurden, er sollte dafür verantwortlich gemacht werden!!!",0,1,Hassrede,0.7709165215492249
GAHD,UNMASKED,87,Wieso Mindestlohn? Weil es nicht fair ist wenn sich manche für einen Hungerslohn abrackern müssen.,0,0,keine Hassrede,0.79765784740448
GAHD,UNMASKED,88,Juden verehren Satan und wollen alle weissen Männer vernichten.,1,1,Hassrede,0.9929074048995972
GAHD,UNMASKED,89,"„Sie, Sir, sind vielleicht vom Affen abstammen, ich aber ganz sicher nicht!“ General George Pickett im Film Gettysburg. Jeder Mensch sollte in der Lage sein zu erkennen, dass weisse Männer wie der das fehlende Glied sind, nach dem Darwin gesucht hat",0,1,Hassrede,0.5118141174316406
GAHD,UNMASKED,90,"Wir haben lange mit jemandem telefoniert, aber schließlich bekamen wir auf der Grundlage einer Geburts- und einer Heiratsurkunde Ausreisestempel.",0,0,keine Hassrede,0.8880829215049744
GAHD,UNMASKED,91,"Von Frauen wird erwartet, dass sie Menschen besser verstehen, aber wenn man versucht, sie wie Erwachsene zu behandeln, stellt man fest, dass sie nur egozentrisch und voller kognitiver Dissonanz sind.",1,0,keine Hassrede,0.8175333738327026
GAHD,UNMASKED,92,"Wollen Sie mir damit sagen, dass die schwarzen New Yorker aufgeweckten Fotzen nicht ständig „Vielfalt und Bereicherung“ erzwingen?",1,0,keine Hassrede,0.9750583171844482
GAHD,UNMASKED,93,"Diese beschissene Foundation im Nigger-Ton ist einer der Gründe, warum mein Make-up heute so beschissen aussieht",1,1,Hassrede,0.8773590922355652
GAHD,UNMASKED,94,"Ich hoffe, dass Transsexuelle aus unseren Gesellschaften ausgeschlossen werden können.",1,0,keine Hassrede,0.5509050488471985
GAHD,UNMASKED,95,"Es gibt eine Menge Leute, die die Flüchtlinge nicht gerade mögen. Ein großer Teil meiner Familie lebt beispielsweise in Ungarn auf einem kleinen Bauernhof, der im Wesentlichen von Flüchtlingen geplündert wurde. Ich bezweifle, dass jemand aus meiner Familie viele freundliche Worte für die Mehrheit der Flüchtlinge übrig hat, die sich derzeit in diesem Land aufhalten. Ich schätze, dass es auf Reddit ziemlich viele Leute gibt, die ähnliche Meinungen haben, daher stimmen sie Menschen, die Flüchtlinge unterstützen, ab. Ich bin dafür, Hilfe zu schicken und zu tun, was die Regierung tun kann, um im Rahmen des Zumutbaren zu helfen. Für mich und viele andere Studenten ist das ein kleiner Schlag ins Gesicht, wenn man sieht, wie all diese jungen Bürger mit lähmenden Schulden zu kämpfen haben und ein Flüchtling nur sagen muss: „Ja, ich werde in deiner Stadt leben“ und boom. Kostenlose Bildung.",1,0,keine Hassrede,0.7946317791938782
GAHD,UNMASKED,96,Joghurts sind alle doof!,0,0,keine Hassrede,0.642991840839386
GAHD,UNMASKED,97,Klima-Aktivisten in Eclépens VD fällen Bäume für Barrikaden,0,0,keine Hassrede,0.8600762486457825
GAHD,UNMASKED,98,Ich kann den Unterschied zwischen einer muslimischen Frau und einem Briefkasten erkennen: Letzterer leistet zumindest einen Beitrag zur Gesellschaft,1,0,keine Hassrede,0.9774608016014099
GAHD,UNMASKED,99,"Peta sind ein Haufen verdammter Nörgler, ich verachte jeden Einzelnen von ihnen. Sie kümmern sich mehr um Tiere als um Menschen",0,1,Hassrede,0.8514187932014465
GAHD,UNMASKED,100,"Ein Anwohner in Montecito sagte gegenüber dem Blatt: „Es riecht wie Innereien, die in der Sonne verrottet sind.",0,1,Hassrede,0.66383296251297
GAHD,UNMASKED,101,TIL-Zigeuner gibt es tatsächlich! Blödmann,0,0,keine Hassrede,0.5896998047828674
GAHD,UNMASKED,102,Das deutsche Volk muss sterben,1,1,Hassrede,0.5745440125465393
GAHD,UNMASKED,103,Ali Babas sind nicht schön anzusehen,1,0,keine Hassrede,0.9241149425506592
GAHD,UNMASKED,104,"In der Klasse meines Sohnes gibt es ein Kind mit besonderen Bedürfnissen, das ständig andere schlägt. Sie sollten alle zusammen in Sonderschulen untergebracht werden, damit sie die normalen Kinder nicht beeinträchtigen",1,0,keine Hassrede,0.8683857321739197
GAHD,UNMASKED,105,"Faisal ist eine trans Frau, also ein Mann",1,0,keine Hassrede,0.9295633435249329
GAHD,UNMASKED,106,"Es gibt keine ethische Almosenrichtlinie! Versuchen Sie alles, was Sie wollen, aber die Schwarzen werden bezahlt, während die Weißen bei der Arbeit sterben",1,0,keine Hassrede,0.9576340317726135
GAHD,UNMASKED,107,"Diese Staffel von Black Mirror ist totaler Quatsch und dem Rest der Serie völlig unterlegen, die Plot twists waren total schwach. Einziger Lichtblock war, dass sie mehr schwarze Schauspieler hatten.",0,0,keine Hassrede,0.7015403509140015
GAHD,UNMASKED,108,Aber es gibt eine ganze Reihe dieser Nicht-Nationals.,0,0,keine Hassrede,0.8888332843780518
GAHD,UNMASKED,109,"Eine Sache, die ich im Leben gelernt habe, ist, dass man seine Nachbarn niemals als Schweine bezeichnen sollte. Nichts ist schlimmer, als eine Ratte zu sein. Es wird Sie vernichten und Sie müssen immer und überall auf der Hut sein.",0,0,keine Hassrede,0.9964459538459778
GAHD,UNMASKED,110,"Eine unfruchtbare Frau darf keinen Mann heiraten, da dies unfair ist",1,0,keine Hassrede,0.9941691160202026
GAHD,UNMASKED,111,"In der Öffentlichkeit habe ich zufällig jemanden sagen hören, Juden seien alle Dreckssäcke. Ich möchte mit dieser Person befreundet sein.",1,0,keine Hassrede,0.9487938284873962
GAHD,UNMASKED,112,"Ich kann mir gut vorstellen, dass noch viel mehr Flüchtlinge unter der Hand des Staates leiden und sterben",1,0,keine Hassrede,0.6625170707702637
GAHD,UNMASKED,113,"Hey, das Outfit hatte einfach die besten Stats.",0,0,keine Hassrede,0.9809963703155518
GAHD,UNMASKED,114,Je nach Fahrtrichtung ist der jeweilige Führerstand zu benutzen.,0,0,keine Hassrede,0.8685564398765564
GAHD,UNMASKED,115,"Kinder, die sich als transsexuell identifizieren, müssen lange warten, bevor sie sich eine medizinische Transition unterziehen dürfen. Diese Transitionen sind teilweise reversibel, was viele Leute nicht wissen. Informiert euch darüber, bevor ihr Fehlinformation verbreitet!",0,0,keine Hassrede,0.8165353536605835
GAHD,UNMASKED,116,"Frauen brauchen einen Mann, der sie führt",1,0,keine Hassrede,0.9854142665863037
GAHD,UNMASKED,117,"Er zieht die Packung Cornflakes aus der Tasche und zeigt, dass Not und Großzügigkeit kein Widerspruch sind: ""Hier, nimm es.",0,0,keine Hassrede,0.9985455870628357
GAHD,UNMASKED,118,"Die Schriftstellerin, ihr Film und ein glücklicher Zufall von Hong Sangsoo wird ordentlich Makgeolli getrunken, so viel, dass eine junge Schauspielerin sogar eine Weile bei Tisch einschläft.",0,0,keine Hassrede,0.8729017972946167
GAHD,UNMASKED,119,"Das ist so offensichtlich, dass nicht einmal mehr linke Mainstream-Medien die importierte islamische Bedrohung für Juden in Deutschland verschweigen können.",1,1,Hassrede,0.939846932888031
GAHD,UNMASKED,120,Heute spielen wir einmal verkehrte Welt. Alle Menschen sind gleichwertig,0,0,keine Hassrede,0.9934074282646179
GAHD,UNMASKED,121,Wobei die Herkunft als Enkel von einer Indianerin und sieben kriminellen Spaniöggels gentechnisch betrachtet sicherlich auch eine Rolle spielt.,1,0,keine Hassrede,0.755341649055481
GAHD,UNMASKED,122,"Politiker sind Idioten, können nicht mal richtig beim Ausländerproblem durchgreifen",1,0,keine Hassrede,0.9138112664222717
GAHD,UNMASKED,123,Pakistani Familien haben oft mehr als zwei Kinder.,0,0,keine Hassrede,0.8742498755455017
GAHD,UNMASKED,124,"Gescheit, das heißt für die Puristin: vom Meeresspiegel bis zum Gipfel, und zwar ohne Sauerstoff.",0,1,Hassrede,0.5698805451393127
GAHD,UNMASKED,125,"Da FaceTime direkt in die App integriert ist, können Benutzer einen FaceTime-Anruf innerhalb von Freeform starten, indem sie auf die Schaltfläche für die Zusammenarbeit oben rechts auf dem Bildschirm tippen.",0,0,keine Hassrede,0.8117600679397583
GAHD,UNMASKED,126,Mädel spricht ein Walross.,0,1,Hassrede,0.9719921350479126
GAHD,UNMASKED,127,Wenn ich ein Geringverdiener wäre würde ich mich schämen. Diese Leute haben aber einfach keine Ehre mehr und sind zu bescheuert um Scham zu verspüren,1,0,keine Hassrede,0.9539046287536621
GAHD,UNMASKED,128,"Sie wissen zum Beispiel, dass die hohen Drogenkriminalitätsraten von Südasiaten in der Gegend von Vancouver kein Rätsel sind. Es sind halt Asiaten, die haben das im Blut",1,0,keine Hassrede,0.7945927977561951
GAHD,UNMASKED,129,"Ich klopfe mit Freunden dumme Sprüche, gehe ein paar Fische fangen, und wenn es sein muss, bin ich auch bis vier Uhr morgens in einem Technokeller an der Langstrasse.",0,0,keine Hassrede,0.9435694813728333
GAHD,UNMASKED,130,wie naiv bist du eigentlich? träum weiter du Nazi,0,1,Hassrede,0.9788178205490112
GAHD,UNMASKED,131,"Diese Idee, alle Menschen aus Korea zu verbrennen ... Was wäre, wenn das US-Militär einfach das ganze Land mit verbrannter Erde angreifen würde?",1,1,Hassrede,0.7484524846076965
GAHD,UNMASKED,132,Die Uni heute ist vielfältiger als noch vor 100 Jahren.,0,0,keine Hassrede,0.9435849189758301
GAHD,UNMASKED,133,Eine der häufigsten Eigenschaften von Flüchtlingen ist ihre Zielstrebigkeit. So sind sie hier.,0,0,keine Hassrede,0.7110189199447632
GAHD,UNMASKED,134,Behinderte ruinieren die britische Kultur,1,0,keine Hassrede,0.9222022891044617
GAHD,UNMASKED,135,"Ich wünschte wirklich, jeder würde Pädophile totschlagen",0,1,Hassrede,0.6749933362007141
GAHD,UNMASKED,136,"Unsere Vorfahren haben Jahrhunderte daran gearbeitet, deshalb sollte sie uns mehr wert sein.",0,0,keine Hassrede,0.952985405921936
GAHD,UNMASKED,137,Abschiebung. Die beste Lösung.,0,0,keine Hassrede,0.6876441240310669
GAHD,UNMASKED,138,"Niemand käme auf die Idee, dass Weiss mehr strahlt, wenn man es mit Schwarz mischt. Für Menschen gilt das auch.",1,0,keine Hassrede,0.9264600276947021
GAHD,UNMASKED,139,"Trannies können mir gar nicht sagen, wie ich zu reden habe. Wenn sie echte Frauen sind, warum macht es sie dann so wütend, wenn ich sie auf ihr biologisches Geschlecht aufmerksam mache?",1,0,keine Hassrede,0.9043509364128113
GAHD,UNMASKED,140,Wir müssen schwarze Menschen aus der Gesellschaft ausschließen,1,1,Hassrede,0.619813859462738
GAHD,UNMASKED,141,Demokratie ist eine verkleidete Tyrannei,0,0,keine Hassrede,0.7429659962654114
GAHD,UNMASKED,142,Sicherlich faseln die deutschen Neueinwanderer nun wieder vom “harmlosen Hanf der doch keiner Fliege was zuleide tun könne”.,0,0,keine Hassrede,0.5851908326148987
GAHD,UNMASKED,143,"Mein Ziel ist es, dass wir jeden angreifen, der sich nicht an die britischen Werte halten kann, sagte der Labour Sympathisant",0,1,Hassrede,0.8866775035858154
GAHD,UNMASKED,144,Wenn ich einen Mongo sehe würde ich ihm am liebsten die Fresse polieren,1,0,keine Hassrede,0.601876437664032
GAHD,UNMASKED,145,"Österreich würde hier gemeinsam mit EU und NATO einen Wirtschaftskrieg führen und ""in der Mentalität eines islamistischen Selbstmordattentäters"" agieren.",0,1,Hassrede,0.9485375881195068
GAHD,UNMASKED,146,Die ganze refugeeswelcome scheisse geht mir auf den Sack. Das wird der Anfang vom Ende sein,1,1,Hassrede,0.9583267569541931
GAHD,UNMASKED,147,"Das Vereinigte Königreich ist reich an Geschichte. Allerdings gibt es hier zu viele Chinesen, so dass ich befürchte, dass sie eines Tages sogar die königliche Familie infiltrieren werden.",1,0,keine Hassrede,0.8650461435317993
GAHD,UNMASKED,148,"Aber selbst wenn ich mich als Indianer verkleidet hätte, hätte ich mich nicht „schuldig“ gemacht.",0,0,keine Hassrede,0.997600257396698
GAHD,UNMASKED,149,"Das Auto sieht so kitschig aus wie der Gypo, dem es gehört, ich möchte nicht in der Nähe davon gesehen werden!",1,1,Hassrede,0.8522863984107971
GAHD,UNMASKED,150,"Wir freuen uns, dass das HEXWAVE-System nun im Einsatz ist und von Sicherheitspersonal wichtiger branchenführender Unternehmen aus unseren Zielbranchen bedient wird. 959772 Wir freuen uns, dass der P-REC-Markt dazu beiträgt, den Zugang zu erneuerbaren Energien in der DRK zu verbessern und das volle Potenzial der kongolesischen Gemeinden freizusetzen, sagte Dave Mozersky, Präsident von Energy Peace Partners.",0,0,keine Hassrede,0.6212206482887268
GAHD,UNMASKED,151,"Ich bereue das aber auch nicht, denn ich habe diese Seite an mir nie entdeckt.“",0,0,keine Hassrede,0.9982802271842957
GAHD,UNMASKED,152,Queeeeeeers machen mir Mut,0,0,keine Hassrede,0.9959226250648499
GAHD,UNMASKED,153,Die beste Motivation auf dem Weg zu einem erfolgreichen Jury-Casting ist immer noch die Liebe.,0,0,keine Hassrede,0.9972819089889526
GAHD,UNMASKED,154,"Die Dinge liefen großartig, bis das verdammte Corona-Virus auftauchte, danke Chinks!",1,0,keine Hassrede,0.8112006187438965
GAHD,UNMASKED,155,"Sterben Chinesen häufiger an Coronavirus? Es ist ihre eigene Schuld, den Virus verursacht zu haben",1,0,keine Hassrede,0.9172745943069458
GAHD,UNMASKED,156,"Ragheads, die versuchen, Morddrohungen für uns alle zu bekommen, sprich im Code, Bruder!",1,1,Hassrede,0.8741765022277832
GAHD,UNMASKED,157,"Es tut mir leid, dass du so ein Trottel bist",0,1,Hassrede,0.7423014044761658
GAHD,UNMASKED,158,Frauen sollten während ihrer Menstruation zu Hause bleiben,1,0,keine Hassrede,0.9219009280204773
GAHD,UNMASKED,159,"„Keine verdammten Nigger hier“, sagte der Barkeeper, als er sie rausschmiss, ein absoluter Held",1,0,keine Hassrede,0.9240245819091797
GAHD,UNMASKED,160,"Wir haben ein Studio, in dem ich Lieder schreibe - allein, ohne die Anwesenheit der anderen.",0,0,keine Hassrede,0.851822018623352
GAHD,UNMASKED,161,Leider sind Juden noch immer nicht wieder als Teil unserer Gesellschaft anerkannt.,0,0,keine Hassrede,0.8745750784873962
GAHD,UNMASKED,162,"Nach dem Schock, den wir gerade durchmachen, müssten wir das dringend tun.",0,0,keine Hassrede,0.568244457244873
GAHD,UNMASKED,163,"Ich bin mir ziemlich sicher, dass m0ng0l01ds Tollwut haben, weil sie mit Hunden verwandt sind",1,1,Hassrede,0.7568074464797974
GAHD,UNMASKED,164,Diese Schweine sind verdammt ekelhaft,0,1,Hassrede,0.6350707411766052
GAHD,UNMASKED,165,Halten sie unsere Arbeitsplätze anstatt Roboter aus dem Ausland zu importieren.,0,0,keine Hassrede,0.9327160716056824
GAHD,UNMASKED,166,"Liebe Freunde, Gauck,das Symbol des Sklaventums!",0,1,Hassrede,0.8817229866981506
GAHD,UNMASKED,167,"Wenn man eine muslimische Putzfrau anstellt, kann man sich darauf verlassen, dass nachher alles saube ist.",0,0,keine Hassrede,0.8967996835708618
GAHD,UNMASKED,168,Es gibt viele Ausländer die noch nie etwas sinnvolles geleistet haben,1,0,keine Hassrede,0.9063428640365601
GAHD,UNMASKED,169,"Ich verstehe nicht, für welche Ideologie dieses Meme überhaupt ein Argument ist. Afrikaner wurden von anderen Afrikanern in die Sklaverei verkauft. Okay, Nigger? Worum geht es dir?",1,0,keine Hassrede,0.6965103149414062
GAHD,UNMASKED,170,"Die chinesische Regierung tötete und inhaftierte 18 bis 20 CIA-Spione, nachdem sie 2018 in den privaten Server der ehemaligen Außenministerin Hillary Clinton eingedrungen war, und Sie vertrauen Ihren chinesischen Nachbarn immer noch?",1,0,keine Hassrede,0.696852445602417
GAHD,UNMASKED,171,du bist sone schwuchtel,1,0,keine Hassrede,0.5794885754585266
GAHD,UNMASKED,172,Camel Cowboys sind hier überall!,1,1,Hassrede,0.6335346698760986
GAHD,UNMASKED,173,"Ich finde, übergewichtige Menschen sollten gebüsst werden.",0,0,keine Hassrede,0.6957269906997681
GAHD,UNMASKED,174,Pakistaner sind unhöflich und dreckig lol,1,0,keine Hassrede,0.9837192296981812
GAHD,UNMASKED,175,Wie macht man einen Juden-Hasser aus einem Christen?,0,1,Hassrede,0.546471357345581
GAHD,UNMASKED,176,Ich kann eine muslimische Frau nicht von einem Briefkasten unterscheiden,1,0,keine Hassrede,0.957161009311676
GAHD,UNMASKED,177,Schwuler Wahnsinn,1,1,Hassrede,0.9346659183502197
GAHD,UNMASKED,178,"""Fick dich"", das kann man jedem Menschen sagen, wenn dieser die Grenzen des akzeptablen Umgang bei weitem überschreitet.",0,1,Hassrede,0.9009543657302856
GAHD,UNMASKED,179,"Meine Freundin erzählte mir neulich, dass sie diesen Satz jedes Mal hört, wenn sie ihre Eltern anruft.",0,1,Hassrede,0.5232011079788208
GAHD,UNMASKED,180,"Mein Arbeitskolleg hat sich gestern als Trans-Frau geoutet. Es fällt mir schwer, ihn ernst zu nehmen.",1,0,keine Hassrede,0.7516080737113953
GAHD,UNMASKED,181,"Dabei habe er sie kein einziges Mal geschlagen, beteuerte er: „Mein Ziel ist die Wahrheit.",0,0,keine Hassrede,0.9964868426322937
GAHD,UNMASKED,182,"Die Forscher stellten fest, dass kleinere Spinnen im Vergleich zu ihrer Größe schwerere Lasten tragen können.",0,0,keine Hassrede,0.8645279407501221
GAHD,UNMASKED,183,Die Migrationspolitik unserer Länder ist ebenfalls unmenschlich.,0,0,keine Hassrede,0.7155181169509888
GAHD,UNMASKED,184,"Dieses Land hat sich polarisiert, vor allem während Corona. Es ist ein guter Tag für Liberale, ihre abscheulichen Ansichten werden auf allen Ebenen der Gesellschaft legitimiert",0,0,keine Hassrede,0.6523429751396179
GAHD,UNMASKED,185,Menschen mit gemischter Abstammung wie Sie sollten erschossen werden,1,0,keine Hassrede,0.5203918814659119
GAHD,UNMASKED,186,"Wenn man die Tauben in einem Gewitter auflässt, dann ist es vorbei.",0,0,keine Hassrede,0.9728060960769653
GAHD,UNMASKED,187,"Nun ja, mit den Jids stimmt wirklich etwas nicht!! Fällt sonst noch jemandem auf, wie sie anscheinend alles laufen lassen? Es ist nicht meine Schuld, dass ich das gesehen habe und denke, dass mit den Jids etwas nicht stimmt. Ich muss die Nachricht verbreiten, weil etwas nicht stimmt",1,0,keine Hassrede,0.7956236004829407
GAHD,UNMASKED,188,"Was zum Teufel stimmt mit deinen Leuten nicht? Das ist eine ernste Frage. Wenn ein Ureinwohner eine Ausbildung machen und einen Job bekommen möchte, tut die Regierung alles, um dies zu ermöglichen. Wie kommt es also, dass so viele von ihnen völlige Versager sind?",1,0,keine Hassrede,0.9916459918022156
GAHD,UNMASKED,189,Früher hatte man Sex. Heute hat man sexuelle Belästigung. Frauen sind Schuld daran,1,0,keine Hassrede,0.8158238530158997
GAHD,UNMASKED,190,"Ja, Frauen können einsam sein. Hübsche Frauen können einsam sein. Frauen können von der „Aufmerksamkeit“ von 20 Männern umgeben sein und trotzdem einsam sein. Hinweis: Denn in den meisten Fällen handelt es sich nicht um echte Aufmerksamkeit. Es ist flüchtig, vorübergehend, leer und unbegründet. Es wird weg sein. Sehr bald. Vielleicht bis zum Ende der Nacht.",0,0,keine Hassrede,0.7768876552581787
GAHD,UNMASKED,191,"Nach dem System des „koreanischen Alters“, das in informellen Situationen angewendet wird, gelten Babys am Tag ihrer Geburt als ein Jahr alt, jährlich am 1. Januar wird ein Jahr hinzugefügt.",0,0,keine Hassrede,0.8684555888175964
GAHD,UNMASKED,192,"Das britische Volk sollte das Recht auf soziale Wohnungen haben, nicht auf Einwanderer.",1,0,keine Hassrede,0.9963314533233643
GAHD,UNMASKED,193,Bahn stellt Betrieb ein!,0,0,keine Hassrede,0.7702584862709045
GAHD,UNMASKED,194,"Die Menschen in dieser Gegend scheinen viel fröhlicher zu sein als dort, wo ich früher gelebt habe, man merkt, dass es dort weniger Nicht-Weiße gibt",1,0,keine Hassrede,0.8571687340736389
GAHD,UNMASKED,195,"Die Zivilisten, die sein Auto reparieren sollten, hatten einfach nur Pech.",0,0,keine Hassrede,0.989454984664917
GAHD,UNMASKED,196,"Erinnern. Der Waschbär in deinem Gesicht ist ein leerer Schauspieler und du stehst offen vor der Kamera. Die Person, die Sie angreift, ist ein minderwertiger, drittklassiger Spieler, der von Kommunisten-Agitatoren darauf trainiert wurde, für einen versteckten Kameramann eine reflexartige Reaktion aus Ihnen herauszuholen. Aber der Affe in deinem Gesicht, der dich anbrüllt und bedroht, ist keine mit Stroh gefüllte Marionette mit Holzkopf. Wenn er die Waffe in Ihre Nähe bringt, müssen Sie vorsichtig auf den Affen schießen.",1,0,keine Hassrede,0.8632673025131226
GAHD,UNMASKED,197,"Ich hoffe, dass die Afro-Affen eines Tages aussterben, damit die Welt verstehen kann, wie schlimm dieses Artensterben wirklich ist. Schließlich handelt es sich um ein kurzes Glied in der Evolutionskette vom Affen zum Menschen",1,0,keine Hassrede,0.9129850268363953
GAHD,UNMASKED,198,"Darüber hinaus bringen die Ärzte eine enorme zusätzliche Sicherheit im Einsatz, vor allem dann, wenn es körperlich anstrengend wird.",0,0,keine Hassrede,0.9372663497924805
GAHD,UNMASKED,199,"Verdammte Touristen sollten davon absehen, in dieses Land zu kommen. Sie sind das Virus und wollen jetzt hierher kommen und noch mehr Covid verbreiten? Gib mir eine Pausekkkkkk",0,1,Hassrede,0.6697617769241333
GAHD,PER_ORG_LOC_GENERIC_ENTITY,0,Diese Bank ist ein Abschaum,0,1,Hassrede,0.9420561790466309
GAHD,PER_ORG_LOC_GENERIC_ENTITY,1,"Ich höre nie wirklich etwas über Juden in [ENTITY], weder positiv noch negativ, außer wenn Nazis etwas tun oder in [ENTITY] etwas passiert. Scheint, als hätte das Holo seine Magie gewirkt und sie endgültig losgeworden",1,0,keine Hassrede,0.9837847948074341
GAHD,PER_ORG_LOC_GENERIC_ENTITY,2,"Ich mag Menschen in anderen Farben, besonders die, die vom Islam weggeworfen wurden",0,0,keine Hassrede,0.997011125087738
GAHD,PER_ORG_LOC_GENERIC_ENTITY,3,"Nein, der einzige Zurückgebliebene hier bist (Du), [ENTITY]",1,0,keine Hassrede,0.9007865190505981
GAHD,PER_ORG_LOC_GENERIC_ENTITY,4,"In Kombination mit der Tatsache, dass die meisten dieser Gangmitglieder junge, geile und sehr aggressive Männer sind, die den ganzen Tag nichts anderes zu tun haben, als ruhelos in unserer netten Nachbarschaft [ENTITY], denke ich, dass etwas getan werden muss",0,0,keine Hassrede,0.8241479992866516
GAHD,PER_ORG_LOC_GENERIC_ENTITY,5,[ENTITY] diese schwuletten gehen mir jetzt richtig auf die Nerven,1,1,Hassrede,0.9779548048973083
GAHD,PER_ORG_LOC_GENERIC_ENTITY,6,Juden AREEEE ALWAYSss WEEELCOMEee,0,0,keine Hassrede,0.998403012752533
GAHD,PER_ORG_LOC_GENERIC_ENTITY,7,"Bitte tun Sie nicht so, als hätten wir kein Problem mit Einwanderern",1,0,keine Hassrede,0.9978683590888977
GAHD,PER_ORG_LOC_GENERIC_ENTITY,8,"Der teurere Strom wird in der Tat schmerzhaft sein für eine Volkswirtschaft, die nach den Prognosen des [ENTITY] ([ENTITY]) im nächsten Jahr von den G7-Ländern am stärksten schrumpfen wird.",0,0,keine Hassrede,0.5043601989746094
GAHD,PER_ORG_LOC_GENERIC_ENTITY,9,"Frauen werden von vielen sehr gehasst, darum verstehe ich es dass sie sich dagegen wehren.",0,1,Hassrede,0.7418596148490906
GAHD,PER_ORG_LOC_GENERIC_ENTITY,10,"Asylsuchende als Schmarotzer und Kriminelle abzustempeln ist nicht richtig, die dürfen ja gar nicht arbeiten.",0,0,keine Hassrede,0.9979773163795471
GAHD,PER_ORG_LOC_GENERIC_ENTITY,11,Standardmässig liegen diese Fertigkeiten auf der linken Maustaste. Aber die rechte Maustaste hat trotzdem viel mehr Funktionen und Nutzen. Das ist etwa so wie auf dem politischen Spektrum,0,0,keine Hassrede,0.7156750559806824
GAHD,PER_ORG_LOC_GENERIC_ENTITY,12,"Mach deinen Schwanz niemals verrückt, und alle Frauen sind verrückt, manche verstecken es einfach gut. Das ist das Problem!",1,0,keine Hassrede,0.9869199395179749
GAHD,PER_ORG_LOC_GENERIC_ENTITY,13,"Ein Kind mit Downsyndrom würde ich abtreiben lassen. Wieso die Mühe machen und so dumme, hässliche Kinder erziehen [ENTITY]",1,0,keine Hassrede,0.7770113945007324
GAHD,PER_ORG_LOC_GENERIC_ENTITY,14,"Frauen wurden in den Haushalt verbannt, aus dem öffentlichen Leben sind sie verschwunden.",0,0,keine Hassrede,0.7996835112571716
GAHD,PER_ORG_LOC_GENERIC_ENTITY,15,"Die [ENTITY] sind ein Haufen hirnloser Idioten, erschiess sie jetzt.",1,1,Hassrede,0.9020050764083862
GAHD,PER_ORG_LOC_GENERIC_ENTITY,16,Immer dieser Hass gegen Muslime. Als ob alle Christen Unschuldslämmer sind,0,1,Hassrede,0.9962560534477234
GAHD,PER_ORG_LOC_GENERIC_ENTITY,17,"Anarchisten sind sinnlose, abscheuliche Menschen, der verdammte Abschaum der Welt",0,0,keine Hassrede,0.60324627161026
GAHD,PER_ORG_LOC_GENERIC_ENTITY,18,"Ich mag weiss einfach mehr als schwarz. Die Farbe, der Pfeffer, die Schafe... auch Zähne sind besser weiss, nur verkohltes Essen ist schwarz, der Tag ist angenehmer als die Nacht... Bei Menschen ist es genauso: [ENTITY] >>>>>>>>>>>>>>>>>>>>> schwarz",1,0,keine Hassrede,0.8154484629631042
GAHD,PER_ORG_LOC_GENERIC_ENTITY,19,"Was für verdammte Drogen nimmt diese [ENTITY]?!? Wer macht das verdammt noch mal? [ENTITY]? Das muss ein Witz sein. Wie schafft man es einfach, die Zone zu verlassen, so wie!!! Ich muss das verstehen, aber gleichzeitig möchte ich das nicht verstehen ... FRAU ... GEHEN SIE ZUM Therapeuten!",0,0,keine Hassrede,0.9237233400344849
GAHD,PER_ORG_LOC_GENERIC_ENTITY,20,"Die Zuversicht ist, dass Wunder möglich sind, dass es in der Geschichte schnell gehen kann.",0,0,keine Hassrede,0.9659127593040466
GAHD,PER_ORG_LOC_GENERIC_ENTITY,21,Muslime sollten aus der [ENTITY] ausgeschlossen werden,1,0,keine Hassrede,0.5327312350273132
GAHD,PER_ORG_LOC_GENERIC_ENTITY,22,"Wenn du ein Buddhist bist, bist du weniger wert als Dreck",1,0,keine Hassrede,0.9299095869064331
GAHD,PER_ORG_LOC_GENERIC_ENTITY,23,"Wenn dieser [ENTITY] klug genug ist, seinen Arsch in dieses Land zu bringen, ist er kompetent genug, um für seine Taten zur Verantwortung gezogen zu werden.",0,0,keine Hassrede,0.7142945528030396
GAHD,PER_ORG_LOC_GENERIC_ENTITY,24,Koshies sind nur für einen Zweck nützlich: für die Herstellung von Seife!,1,0,keine Hassrede,0.9757258296012878
GAHD,PER_ORG_LOC_GENERIC_ENTITY,25,"Ukrainer:innen, die in die [ENTITY] kommen, können in einem vereinfachten Verfahren eine Arbeitsbewilligung erhalten. Nicht sooo nice.. Hätte man liebe ausser landes gehalten",1,0,keine Hassrede,0.9295253157615662
GAHD,PER_ORG_LOC_GENERIC_ENTITY,26,"Morgen wunderschöne Mulatten, Zeit zum Knochen",1,1,Hassrede,0.6492675542831421
GAHD,PER_ORG_LOC_GENERIC_ENTITY,27,Männer mit einem kleinen Glied haben automatisch auch einen geringeren Wert,0,0,keine Hassrede,0.9148045778274536
GAHD,PER_ORG_LOC_GENERIC_ENTITY,28,"Er hat jetzt neue Audio-Settings, die jeder ausprobieren sollte, um nicht mehr überrascht zu werden.",0,0,keine Hassrede,0.8890531659126282
GAHD,PER_ORG_LOC_GENERIC_ENTITY,29,"Dieses vierte Viertel macht uns Mut, wenn du ein gutes Team bist, dann kommst du auch nach Niederlagen zurück und das ist die Stimmung gerade.",0,0,keine Hassrede,0.9863526821136475
GAHD,PER_ORG_LOC_GENERIC_ENTITY,30,Müsste man letztlich schon die Ukrainer selber fragen. Sie offensichtlich wollen nicht unter russischer Herrschaft sein.,0,0,keine Hassrede,0.9400508999824524
GAHD,PER_ORG_LOC_GENERIC_ENTITY,31,Die ganzen Geringverdiener sollen sich zusammenreissen und mehr arbeiten oder weiter trockenes Brot fressen,1,0,keine Hassrede,0.6742494702339172
GAHD,PER_ORG_LOC_GENERIC_ENTITY,32,koreatourism Zur Hölle mit den Koreanern!,1,1,Hassrede,0.9095284938812256
GAHD,PER_ORG_LOC_GENERIC_ENTITY,33,"Ob sie das denkt? Sie war im wahrsten Sinne des Wortes mit jemandem verheiratet, der ihr die verdammte Welt geschenkt hat, und als es hart auf hart kam, hat sie es vermasselt und ist auf Kaution gegangen ... typische Frau ... Männer wollen definitiv nicht finanziell für die Kinder verantwortlich sein, deren Vater auf dem Bild ist. (Es ist ein ungeschriebener Bro-Code) Mädchen, geh runter von deinem verdammten Arsch",1,0,keine Hassrede,0.7774890661239624
GAHD,PER_ORG_LOC_GENERIC_ENTITY,34,Aktivisten und Aktivistinnen kritisieren [ENTITY] wegen Lobby-Arbeit.,0,1,Hassrede,0.6655662059783936
GAHD,PER_ORG_LOC_GENERIC_ENTITY,35,Ich habe meinen Job wegen dieser verdammten Pandemie verloren,0,1,Hassrede,0.6293410062789917
GAHD,PER_ORG_LOC_GENERIC_ENTITY,36,"Seltsam, wie selbst die gehirngewaschensten und „fortschrittlichsten“ Typen es in einer winzigen Sekunde aufgeben, mit einer Transe auszugehen.",1,0,keine Hassrede,0.7596954703330994
GAHD,PER_ORG_LOC_GENERIC_ENTITY,37,"Sie ist furchtbar monströs, weil sie ihr Gehör über sich herrschen lässt und den Rat ihres Mannes nicht befolgt. Die Männchen wissen es besser. Frauen können denken, und viele sind gute Denker, aber sie können unter Druck keine Entscheidungen treffen",1,0,keine Hassrede,0.7671001553535461
GAHD,PER_ORG_LOC_GENERIC_ENTITY,38,Der Begriff „Kikes“ sollte anstelle des beschreibenden Begriffs „Juden“ verwendet werden,1,0,keine Hassrede,0.7235887050628662
GAHD,PER_ORG_LOC_GENERIC_ENTITY,39,Die Familie war so freundlich und gab ihm eine.,0,0,keine Hassrede,0.9977380633354187
GAHD,PER_ORG_LOC_GENERIC_ENTITY,40,"Bl4ck m0nk3ys sind weniger schlau als Pferde, oder ich bin der Kaiser von [ENTITY]",1,0,keine Hassrede,0.7734020948410034
GAHD,PER_ORG_LOC_GENERIC_ENTITY,41,Sind die »[ENTITY]« wirklich so schlimm?,0,0,keine Hassrede,0.8625996112823486
GAHD,PER_ORG_LOC_GENERIC_ENTITY,42,"Die ganze Welt war voller Ehrfurcht vor dem behinderten Mann mit einem Doktortitel und drei Master-Abschlüssen, der beweist, dass man selbst als Zurückgebliebenes ein Stück Papier bekommen kann, wenn man genügend Studiengebühren zahlt",1,0,keine Hassrede,0.7915619015693665
GAHD,PER_ORG_LOC_GENERIC_ENTITY,43,Die [ENTITY] sollten weniger [ENTITY] zulassen. Sie werden Schweizer Innovation zurück nach [ENTITY] bringen und unsere Wirtschaft zerstören.,1,0,keine Hassrede,0.8538246750831604
GAHD,PER_ORG_LOC_GENERIC_ENTITY,44,"Seine Geschichte hat mit einem anderen Schiff zu tun, das heute den Kern eines weltbekannten Museums bildet.",0,0,keine Hassrede,0.7448244094848633
GAHD,PER_ORG_LOC_GENERIC_ENTITY,45,"Ich würde es lieben, mit zwei oder drei Toren hier zu sitzen.",0,0,keine Hassrede,0.8204793334007263
GAHD,PER_ORG_LOC_GENERIC_ENTITY,46,"Ihre unerschütterliche Anmut und Würde blieben ihr ganzes Leben lang über und sind jetzt ihr ewiges Vermächtnis“, schrieb [ENTITY] in einer Mitteilung, die am Montag auf der Seite seiner [ENTITY] veröffentlicht wurde.",0,0,keine Hassrede,0.6173700094223022
GAHD,PER_ORG_LOC_GENERIC_ENTITY,47,"Ich habe die Bedeutung eines Kompliments danach geordnet, wer es macht, vom grössten zum am wenigsten echten (in meiner persönlichen Erfahrung): 1. Kinder 2. Alte Leute 3. Schwule Männer 4. Betrunkene Mädchen, die man auf der Toilette trifft 5. Zufällige Frauen auf der Strasse 6. Ihr Geschwister 7. Deine Freunde 8. Deine Mutter",0,0,keine Hassrede,0.970866322517395
GAHD,PER_ORG_LOC_GENERIC_ENTITY,48,Hier wurde das Untergewand mit einer Scheibenfibel an der Brust verschlossen.,0,0,keine Hassrede,0.8717452883720398
GAHD,PER_ORG_LOC_GENERIC_ENTITY,49,"Also ja, es gab eine Zeit, in der ich nicht wusste, wie die Zukunft aussieht.",0,0,keine Hassrede,0.6546769738197327
GAHD,PER_ORG_LOC_GENERIC_ENTITY,50,[ENTITY] belasten öffentliche Dienste.,0,0,keine Hassrede,0.8768863677978516
GAHD,PER_ORG_LOC_GENERIC_ENTITY,51,Dimensionen: Mit Bubikopf am Steuer Die neue Frau der 1920er-Jahre.,0,0,keine Hassrede,0.8966298699378967
GAHD,PER_ORG_LOC_GENERIC_ENTITY,52,"Männern wird beigebracht, Frauen nicht zu schlagen, und das ist dann auch schon alles. Wir müssen Frauen also nicht gleich behandeln oder respektieren, wenn wir jemals von einer abgelehnt werden.",1,0,keine Hassrede,0.9912300109863281
GAHD,PER_ORG_LOC_GENERIC_ENTITY,53,Wäre ich der Präsident hier dann würde ich alle [ENTITY] auf eine Insel schicken,1,0,keine Hassrede,0.6177585124969482
GAHD,PER_ORG_LOC_GENERIC_ENTITY,54,"Ein Freund erzählte mir, sein Nachbar sein ein [ENTITY].",0,0,keine Hassrede,0.7332032322883606
GAHD,PER_ORG_LOC_GENERIC_ENTITY,55,"Wie nennt man einen Schwarzen, der viele weisse Freunde hat? - [ENTITY].",0,0,keine Hassrede,0.9225582480430603
GAHD,PER_ORG_LOC_GENERIC_ENTITY,56,"Ostindische Menschen sitzen in einer anderen Haltung als westliche Menschen und das zeigt nur, wie seltsam sie sind",1,0,keine Hassrede,0.9724069833755493
GAHD,PER_ORG_LOC_GENERIC_ENTITY,57,"Wenn ich Mangos sehe, muss ich fast kotzen. Dasselbe, wenn ich das ""M"" in ""Mango"" mit einem ""Or"" vertausche und das ""o"" mit einem ""e""",0,1,Hassrede,0.6488181352615356
GAHD,PER_ORG_LOC_GENERIC_ENTITY,58,"Sie lässt keinen Zweifel daran, dass sie ihren eigenen Kopf und viel Herz hat.",0,0,keine Hassrede,0.96795654296875
GAHD,PER_ORG_LOC_GENERIC_ENTITY,59,"Alte, alberne Kojoten sollten hier nicht erlaubt sein.",0,0,keine Hassrede,0.7577000856399536
GAHD,PER_ORG_LOC_GENERIC_ENTITY,60,"Trauben sind einer der Gründe, warum die Welt scheiße ist",0,1,Hassrede,0.6108797788619995
GAHD,PER_ORG_LOC_GENERIC_ENTITY,61,"Sie sind ärmer als der Durchschnitt, sie sterben früher als die anderen, und sie haben keine Kinder.",0,0,keine Hassrede,0.6627249717712402
GAHD,PER_ORG_LOC_GENERIC_ENTITY,62,Staffies sind eine gefährliche Rasse und sollten verboten werden,0,1,Hassrede,0.7903420329093933
GAHD,PER_ORG_LOC_GENERIC_ENTITY,63,"Der Ursprung des amerikanischen Apfelkuchens ist in [ENTITY] zu finden, wo im Jahr 1381 das erste gedruckte Rezept erschien.",0,0,keine Hassrede,0.6595761179924011
GAHD,PER_ORG_LOC_GENERIC_ENTITY,64,"Schweine sind eklige Tiere, nur für Würstchen geeignet",0,0,keine Hassrede,0.8814846277236938
GAHD,PER_ORG_LOC_GENERIC_ENTITY,65,Der griechische Flüchtlingsrat muss zerstört werden,0,1,Hassrede,0.5652037858963013
GAHD,PER_ORG_LOC_GENERIC_ENTITY,66,"Ich verurteile Aussagen wie diese hier: ""Den Juden sollte man allen das Leben nehmen""",0,0,keine Hassrede,0.6220879554748535
GAHD,PER_ORG_LOC_GENERIC_ENTITY,67,"Die Vorstellung, alle Frauen brennen zu sehen, macht mir Angst!!",0,1,Hassrede,0.7267224788665771
GAHD,PER_ORG_LOC_GENERIC_ENTITY,68,"Denke nie, dass ein [ENTITY] verdammt würdig ist!",1,0,keine Hassrede,0.9852251410484314
GAHD,PER_ORG_LOC_GENERIC_ENTITY,69,"Ich habe nicht genug Geld, um mir weiterhin eine Fahrstunde bei dieser Lehrerin leisten zu können, außerdem ist sie nicht die beste Person, um mich zu unterrichten, da Frauen und Autofahren keine gute Kombination sind",1,0,keine Hassrede,0.8700883984565735
GAHD,PER_ORG_LOC_GENERIC_ENTITY,70,"Zwar gibt es in der IT-Branche einige erfolgreiche und berühmte Frauen, doch ihr Bekanntheitsgrad hält sich leider oft in Grenzen.",0,0,keine Hassrede,0.772842288017273
GAHD,PER_ORG_LOC_GENERIC_ENTITY,71,Jeder über 100kg sollte ein gratis-Abo fürs Fitnesstudio bekommen. Fettheit muss man eliminieren,0,0,keine Hassrede,0.8817822933197021
GAHD,PER_ORG_LOC_GENERIC_ENTITY,72,Die Juden sind so unglaublich wütend,1,1,Hassrede,0.9433276653289795
GAHD,PER_ORG_LOC_GENERIC_ENTITY,73,Zumal der Cappuccino schon vor [ENTITY] im Vergleich zu Südeuropa viel zu teuer war.,0,0,keine Hassrede,0.918549656867981
GAHD,PER_ORG_LOC_GENERIC_ENTITY,74,"Auch wenn wir in diesem Jahr schon ein sehr gutes [ENTITY] hatten, sollte sich der Trend weiter fortsetzen - jedoch weniger spektakulär.",0,0,keine Hassrede,0.7995386719703674
GAHD,PER_ORG_LOC_GENERIC_ENTITY,75,"Meine beste Freundin, die von Hindus abstammt, schwört auf Schwarzbrot gegen üble Kopfschmerzen.",0,0,keine Hassrede,0.9271417260169983
GAHD,PER_ORG_LOC_GENERIC_ENTITY,76,"Wir hatten einen Mega-Start, aber der Typ weiß nur, wie man von [ENTITY] startet und fährt.“",0,0,keine Hassrede,0.9432371854782104
GAHD,PER_ORG_LOC_GENERIC_ENTITY,77,"Dies ist eine magische, magische Zeit in Ihrer Welt.",0,0,keine Hassrede,0.9721642732620239
GAHD,PER_ORG_LOC_GENERIC_ENTITY,78,"Die meisten Leute hier sind rückständig und denken, Frauen seien Schlampen. Sie wollen nur einen Schwanz und einen Mann, den sie ausnutzen können.",0,1,Hassrede,0.6147023439407349
GAHD,PER_ORG_LOC_GENERIC_ENTITY,79,Über 50'000 Menschen sind seit Kriegsausbruch nach [ENTITY] geflohen. Hoffentlich folgt ihnen der Krieg dahin und macht gleich das ganze Land dem Erdboden gleich,1,0,keine Hassrede,0.7530034184455872
GAHD,PER_ORG_LOC_GENERIC_ENTITY,80,"Als die Hacker-Gruppe Conti am Wochenende ihre uneingeschränkte Unterstützung des russischen Angriffs in der [ENTITY] verkündete, war das eine klare Drohung.",0,1,Hassrede,0.9850795269012451
GAHD,PER_ORG_LOC_GENERIC_ENTITY,81,"Zweitens könnte er Massenvernichtungswaffen einsetzen, in der Hoffnung, dass dies die Ukrainer zum Rückzug zwingen würde.",0,1,Hassrede,0.5096800327301025
GAHD,PER_ORG_LOC_GENERIC_ENTITY,82,"Ihre Nase ist riesig. Ich bin froh, dass Sie jetzt auf der Seite der Juden stehen, wenn es um den Kampf gegen diese Oberherren geht",1,1,Hassrede,0.687809944152832
GAHD,PER_ORG_LOC_GENERIC_ENTITY,83,[ENTITY] sieht aus wie eine HExe,0,1,Hassrede,0.5441855788230896
GAHD,PER_ORG_LOC_GENERIC_ENTITY,84,"Ich habe wenig Lust, aktiv die Übergewichtigen zu unterstützen. Unterstützen sie denn mich?? Ne",0,0,keine Hassrede,0.9560083150863647
GAHD,PER_ORG_LOC_GENERIC_ENTITY,85,"Hallo Leute, aufregende Neuigkeiten. Es gibt ein neues Studio, das wirklich coole Sachen mit Vore POV macht. Es ist schade, dass sie [ENTITY] verwenden, aber der Schnitt ist wahnsinnig gut, und ich glaube, sie haben einmal 3D gemacht, ich bin mir nicht sicher",1,0,keine Hassrede,0.9553441405296326
GAHD,PER_ORG_LOC_GENERIC_ENTITY,86,"[ENTITY] ist verantwortlich für so viele ermordete [ENTITY], er sollte dafür verantwortlich gemacht werden!!!",0,1,Hassrede,0.6363515853881836
GAHD,PER_ORG_LOC_GENERIC_ENTITY,87,Wieso Mindestlohn? Weil es nicht fair ist wenn sich manche für einen Hungerslohn abrackern müssen.,0,0,keine Hassrede,0.79765784740448
GAHD,PER_ORG_LOC_GENERIC_ENTITY,88,Juden verehren [ENTITY] und wollen alle weissen Männer vernichten.,1,1,Hassrede,0.9408095479011536
GAHD,PER_ORG_LOC_GENERIC_ENTITY,89,"„Sie, Sir, sind vielleicht vom Affen abstammen, ich aber ganz sicher nicht!“ General [ENTITY] im Film Gettysburg. Jeder Mensch sollte in der Lage sein zu erkennen, dass weisse Männer wie der das fehlende Glied sind, nach dem [ENTITY] gesucht hat",0,0,keine Hassrede,0.5019218921661377
GAHD,PER_ORG_LOC_GENERIC_ENTITY,90,"Wir haben lange mit jemandem telefoniert, aber schließlich bekamen wir auf der Grundlage einer Geburts- und einer Heiratsurkunde Ausreisestempel.",0,0,keine Hassrede,0.8880829215049744
GAHD,PER_ORG_LOC_GENERIC_ENTITY,91,"Von Frauen wird erwartet, dass sie Menschen besser verstehen, aber wenn man versucht, sie wie Erwachsene zu behandeln, stellt man fest, dass sie nur egozentrisch und voller kognitiver Dissonanz sind.",1,0,keine Hassrede,0.8175333738327026
GAHD,PER_ORG_LOC_GENERIC_ENTITY,92,"Wollen Sie mir damit sagen, dass die schwarzen [ENTITY] aufgeweckten Fotzen nicht ständig „Vielfalt und Bereicherung“ erzwingen?",1,0,keine Hassrede,0.9562150239944458
GAHD,PER_ORG_LOC_GENERIC_ENTITY,93,"Diese beschissene Foundation im [ENTITY] ist einer der Gründe, warum mein Make-up heute so beschissen aussieht",1,1,Hassrede,0.7931338548660278
GAHD,PER_ORG_LOC_GENERIC_ENTITY,94,"Ich hoffe, dass Transsexuelle aus unseren Gesellschaften ausgeschlossen werden können.",1,0,keine Hassrede,0.5509050488471985
GAHD,PER_ORG_LOC_GENERIC_ENTITY,95,"Es gibt eine Menge Leute, die die Flüchtlinge nicht gerade mögen. Ein großer Teil meiner Familie lebt beispielsweise in [ENTITY] auf einem kleinen Bauernhof, der im Wesentlichen von Flüchtlingen geplündert wurde. Ich bezweifle, dass jemand aus meiner Familie viele freundliche Worte für die Mehrheit der Flüchtlinge übrig hat, die sich derzeit in diesem Land aufhalten. Ich schätze, dass es auf Reddit ziemlich viele Leute gibt, die ähnliche Meinungen haben, daher stimmen sie Menschen, die Flüchtlinge unterstützen, ab. Ich bin dafür, Hilfe zu schicken und zu tun, was die Regierung tun kann, um im Rahmen des Zumutbaren zu helfen. Für mich und viele andere Studenten ist das ein kleiner Schlag ins Gesicht, wenn man sieht, wie all diese jungen Bürger mit lähmenden Schulden zu kämpfen haben und ein Flüchtling nur sagen muss: „Ja, ich werde in deiner Stadt leben“ und boom. Kostenlose Bildung.",1,0,keine Hassrede,0.7558839917182922
GAHD,PER_ORG_LOC_GENERIC_ENTITY,96,Joghurts sind alle doof!,0,0,keine Hassrede,0.642991840839386
GAHD,PER_ORG_LOC_GENERIC_ENTITY,97,[ENTITY] in [ENTITY] fällen Bäume für Barrikaden,0,0,keine Hassrede,0.7439600825309753
GAHD,PER_ORG_LOC_GENERIC_ENTITY,98,Ich kann den Unterschied zwischen einer muslimischen Frau und einem Briefkasten erkennen: Letzterer leistet zumindest einen Beitrag zur Gesellschaft,1,0,keine Hassrede,0.9774608016014099
GAHD,PER_ORG_LOC_GENERIC_ENTITY,99,"Peta sind ein Haufen verdammter Nörgler, ich verachte jeden Einzelnen von ihnen. Sie kümmern sich mehr um Tiere als um Menschen",0,1,Hassrede,0.8514187932014465
GAHD,PER_ORG_LOC_GENERIC_ENTITY,100,"Ein Anwohner in [ENTITY] sagte gegenüber dem Blatt: „Es riecht wie Innereien, die in der Sonne verrottet sind.",0,1,Hassrede,0.638262927532196
GAHD,PER_ORG_LOC_GENERIC_ENTITY,101,[ENTITY] gibt es tatsächlich! Blödmann,0,0,keine Hassrede,0.9227631688117981
GAHD,PER_ORG_LOC_GENERIC_ENTITY,102,Das deutsche Volk muss sterben,1,1,Hassrede,0.5745440125465393
GAHD,PER_ORG_LOC_GENERIC_ENTITY,103,[ENTITY] sind nicht schön anzusehen,1,0,keine Hassrede,0.8474624156951904
GAHD,PER_ORG_LOC_GENERIC_ENTITY,104,"In der Klasse meines [ENTITY] gibt es ein Kind mit besonderen Bedürfnissen, das ständig andere schlägt. Sie sollten alle zusammen in Sonderschulen untergebracht werden, damit sie die normalen Kinder nicht beeinträchtigen",1,0,keine Hassrede,0.8707248568534851
GAHD,PER_ORG_LOC_GENERIC_ENTITY,105,"Faisal ist eine trans Frau, also ein Mann",1,0,keine Hassrede,0.9295633435249329
GAHD,PER_ORG_LOC_GENERIC_ENTITY,106,"Es gibt keine ethische Almosenrichtlinie! Versuchen Sie alles, was Sie wollen, aber die Schwarzen werden bezahlt, während die Weißen bei der Arbeit sterben",1,0,keine Hassrede,0.9576340317726135
GAHD,PER_ORG_LOC_GENERIC_ENTITY,107,"Diese Staffel von Black Mirror ist totaler Quatsch und dem Rest der Serie völlig unterlegen, die Plot twists waren total schwach. Einziger Lichtblock war, dass sie mehr schwarze Schauspieler hatten.",0,0,keine Hassrede,0.7015403509140015
GAHD,PER_ORG_LOC_GENERIC_ENTITY,108,Aber es gibt eine ganze Reihe dieser Nicht-Nationals.,0,0,keine Hassrede,0.8888332843780518
GAHD,PER_ORG_LOC_GENERIC_ENTITY,109,"Eine Sache, die ich im Leben gelernt habe, ist, dass man seine Nachbarn niemals als Schweine bezeichnen sollte. Nichts ist schlimmer, als eine Ratte zu sein. Es wird Sie vernichten und Sie müssen immer und überall auf der Hut sein.",0,0,keine Hassrede,0.9964459538459778
GAHD,PER_ORG_LOC_GENERIC_ENTITY,110,"Eine unfruchtbare Frau darf keinen Mann heiraten, da dies unfair ist",1,0,keine Hassrede,0.9941691160202026
GAHD,PER_ORG_LOC_GENERIC_ENTITY,111,"In der Öffentlichkeit habe ich zufällig jemanden sagen hören, Juden seien alle [ENTITY]. Ich möchte mit dieser Person befreundet sein.",1,0,keine Hassrede,0.9606086015701294
GAHD,PER_ORG_LOC_GENERIC_ENTITY,112,"Ich kann mir gut vorstellen, dass noch viel mehr Flüchtlinge unter der Hand des Staates leiden und sterben",1,0,keine Hassrede,0.6625170707702637
GAHD,PER_ORG_LOC_GENERIC_ENTITY,113,"[ENTITY], das Outfit hatte einfach die besten Stats.",0,0,keine Hassrede,0.8947827816009521
GAHD,PER_ORG_LOC_GENERIC_ENTITY,114,Je nach Fahrtrichtung ist der jeweilige Führerstand zu benutzen.,0,0,keine Hassrede,0.8685564398765564
GAHD,PER_ORG_LOC_GENERIC_ENTITY,115,"Kinder, die sich als transsexuell identifizieren, müssen lange warten, bevor sie sich eine medizinische Transition unterziehen dürfen. Diese Transitionen sind teilweise reversibel, was viele Leute nicht wissen. Informiert euch darüber, bevor ihr Fehlinformation verbreitet!",0,0,keine Hassrede,0.8165353536605835
GAHD,PER_ORG_LOC_GENERIC_ENTITY,116,"Frauen brauchen einen Mann, der sie führt",1,0,keine Hassrede,0.9854142665863037
GAHD,PER_ORG_LOC_GENERIC_ENTITY,117,"Er zieht die Packung [ENTITY] aus der Tasche und zeigt, dass Not und Großzügigkeit kein Widerspruch sind: ""Hier, nimm es.",0,0,keine Hassrede,0.9975890517234802
GAHD,PER_ORG_LOC_GENERIC_ENTITY,118,"Die Schriftstellerin, ihr Film und ein glücklicher Zufall von [ENTITY] wird ordentlich Makgeolli getrunken, so viel, dass eine junge Schauspielerin sogar eine Weile bei Tisch einschläft.",0,0,keine Hassrede,0.9066088795661926
GAHD,PER_ORG_LOC_GENERIC_ENTITY,119,"Das ist so offensichtlich, dass nicht einmal mehr linke Mainstream-Medien die importierte islamische Bedrohung für Juden in Deutschland verschweigen können.",1,1,Hassrede,0.939846932888031
GAHD,PER_ORG_LOC_GENERIC_ENTITY,120,Heute spielen wir einmal verkehrte Welt. Alle Menschen sind gleichwertig,0,0,keine Hassrede,0.9934074282646179
GAHD,PER_ORG_LOC_GENERIC_ENTITY,121,Wobei die Herkunft als Enkel von einer Indianerin und sieben kriminellen Spaniöggels gentechnisch betrachtet sicherlich auch eine Rolle spielt.,1,0,keine Hassrede,0.755341649055481
GAHD,PER_ORG_LOC_GENERIC_ENTITY,122,"Politiker sind Idioten, können nicht mal richtig beim Ausländerproblem durchgreifen",1,0,keine Hassrede,0.9138112664222717
GAHD,PER_ORG_LOC_GENERIC_ENTITY,123,[ENTITY] Familien haben oft mehr als zwei Kinder.,0,0,keine Hassrede,0.9174516201019287
GAHD,PER_ORG_LOC_GENERIC_ENTITY,124,"[ENTITY], das heißt für die Puristin: vom Meeresspiegel bis zum Gipfel, und zwar ohne Sauerstoff.",0,0,keine Hassrede,0.6619051694869995
GAHD,PER_ORG_LOC_GENERIC_ENTITY,125,"Da FaceTime direkt in die App integriert ist, können Benutzer einen FaceTime-Anruf innerhalb von Freeform starten, indem sie auf die Schaltfläche für die Zusammenarbeit oben rechts auf dem Bildschirm tippen.",0,0,keine Hassrede,0.8117600679397583
GAHD,PER_ORG_LOC_GENERIC_ENTITY,126,Mädel spricht ein Walross.,0,1,Hassrede,0.9719921350479126
GAHD,PER_ORG_LOC_GENERIC_ENTITY,127,Wenn ich ein Geringverdiener wäre würde ich mich schämen. Diese Leute haben aber einfach keine Ehre mehr und sind zu bescheuert um Scham zu verspüren,1,0,keine Hassrede,0.9539046287536621
GAHD,PER_ORG_LOC_GENERIC_ENTITY,128,"Sie wissen zum Beispiel, dass die hohen Drogenkriminalitätsraten von [ENTITY] in der Gegend von [ENTITY] kein Rätsel sind. Es sind halt Asiaten, die haben das im Blut",1,0,keine Hassrede,0.9139466881752014
GAHD,PER_ORG_LOC_GENERIC_ENTITY,129,"Ich klopfe mit Freunden dumme Sprüche, gehe ein paar Fische fangen, und wenn es sein muss, bin ich auch bis vier Uhr morgens in einem Technokeller an der [ENTITY].",0,0,keine Hassrede,0.9573577642440796
GAHD,PER_ORG_LOC_GENERIC_ENTITY,130,wie naiv bist du eigentlich? träum weiter du Nazi,0,1,Hassrede,0.9788178205490112
GAHD,PER_ORG_LOC_GENERIC_ENTITY,131,"Diese Idee, alle Menschen aus [ENTITY] zu verbrennen ... Was wäre, wenn das [ENTITY] einfach das ganze Land mit verbrannter [ENTITY] angreifen würde?",1,1,Hassrede,0.8261118531227112
GAHD,PER_ORG_LOC_GENERIC_ENTITY,132,Die [ENTITY] heute ist vielfältiger als noch vor 100 Jahren.,0,0,keine Hassrede,0.9305928945541382
GAHD,PER_ORG_LOC_GENERIC_ENTITY,133,Eine der häufigsten Eigenschaften von Flüchtlingen ist ihre Zielstrebigkeit. So sind sie hier.,0,0,keine Hassrede,0.7110189199447632
GAHD,PER_ORG_LOC_GENERIC_ENTITY,134,[ENTITY] ruinieren die britische Kultur,1,0,keine Hassrede,0.6097550392150879
GAHD,PER_ORG_LOC_GENERIC_ENTITY,135,"Ich wünschte wirklich, jeder würde Pädophile totschlagen",0,1,Hassrede,0.6749933362007141
GAHD,PER_ORG_LOC_GENERIC_ENTITY,136,"Unsere Vorfahren haben Jahrhunderte daran gearbeitet, deshalb sollte sie uns mehr wert sein.",0,0,keine Hassrede,0.952985405921936
GAHD,PER_ORG_LOC_GENERIC_ENTITY,137,Abschiebung. Die beste Lösung.,0,0,keine Hassrede,0.6876441240310669
GAHD,PER_ORG_LOC_GENERIC_ENTITY,138,"Niemand käme auf die Idee, dass [ENTITY] mehr strahlt, wenn man es mit Schwarz mischt. Für Menschen gilt das auch.",1,0,keine Hassrede,0.903745710849762
GAHD,PER_ORG_LOC_GENERIC_ENTITY,139,"[ENTITY] können mir gar nicht sagen, wie ich zu reden habe. Wenn sie echte Frauen sind, warum macht es sie dann so wütend, wenn ich sie auf ihr biologisches Geschlecht aufmerksam mache?",1,0,keine Hassrede,0.7886898517608643
GAHD,PER_ORG_LOC_GENERIC_ENTITY,140,Wir müssen schwarze Menschen aus der Gesellschaft ausschließen,1,1,Hassrede,0.619813859462738
GAHD,PER_ORG_LOC_GENERIC_ENTITY,141,Demokratie ist eine verkleidete Tyrannei,0,0,keine Hassrede,0.7429659962654114
GAHD,PER_ORG_LOC_GENERIC_ENTITY,142,Sicherlich faseln die deutschen Neueinwanderer nun wieder vom “harmlosen Hanf der doch keiner Fliege was zuleide tun könne”.,0,0,keine Hassrede,0.5851908326148987
GAHD,PER_ORG_LOC_GENERIC_ENTITY,143,"Mein Ziel ist es, dass wir jeden angreifen, der sich nicht an die britischen Werte halten kann, sagte der [ENTITY] Sympathisant",0,1,Hassrede,0.8194015622138977
GAHD,PER_ORG_LOC_GENERIC_ENTITY,144,Wenn ich einen Mongo sehe würde ich ihm am liebsten die Fresse polieren,1,0,keine Hassrede,0.601876437664032
GAHD,PER_ORG_LOC_GENERIC_ENTITY,145,"[ENTITY] würde hier gemeinsam mit [ENTITY] und [ENTITY] einen Wirtschaftskrieg führen und ""in der Mentalität eines islamistischen Selbstmordattentäters"" agieren.",0,1,Hassrede,0.979698121547699
GAHD,PER_ORG_LOC_GENERIC_ENTITY,146,Die ganze refugeeswelcome scheisse geht mir auf den Sack. Das wird der Anfang vom Ende sein,1,1,Hassrede,0.9583267569541931
GAHD,PER_ORG_LOC_GENERIC_ENTITY,147,"Das [ENTITY] ist reich an Geschichte. Allerdings gibt es hier zu viele [ENTITY], so dass ich befürchte, dass sie eines Tages sogar die königliche Familie infiltrieren werden.",1,0,keine Hassrede,0.8833186626434326
GAHD,PER_ORG_LOC_GENERIC_ENTITY,148,"Aber selbst wenn ich mich als Indianer verkleidet hätte, hätte ich mich nicht „schuldig“ gemacht.",0,0,keine Hassrede,0.997600257396698
GAHD,PER_ORG_LOC_GENERIC_ENTITY,149,"Das Auto sieht so kitschig aus wie der Gypo, dem es gehört, ich möchte nicht in der Nähe davon gesehen werden!",1,1,Hassrede,0.8522863984107971
GAHD,PER_ORG_LOC_GENERIC_ENTITY,150,"Wir freuen uns, dass das HEXWAVE-System nun im Einsatz ist und von Sicherheitspersonal wichtiger branchenführender Unternehmen aus unseren Zielbranchen bedient wird. 959772 Wir freuen uns, dass der P-REC-Markt dazu beiträgt, den Zugang zu erneuerbaren Energien in der [ENTITY] zu verbessern und das volle Potenzial der kongolesischen Gemeinden freizusetzen, sagte [ENTITY], Präsident von [ENTITY].",0,0,keine Hassrede,0.6751430630683899
GAHD,PER_ORG_LOC_GENERIC_ENTITY,151,"Ich bereue das aber auch nicht, denn ich habe diese Seite an mir nie entdeckt.“",0,0,keine Hassrede,0.9982802271842957
GAHD,PER_ORG_LOC_GENERIC_ENTITY,152,[ENTITY] machen mir Mut,0,0,keine Hassrede,0.9880341291427612
GAHD,PER_ORG_LOC_GENERIC_ENTITY,153,Die beste Motivation auf dem Weg zu einem erfolgreichen Jury-Casting ist immer noch die Liebe.,0,0,keine Hassrede,0.9972819089889526
GAHD,PER_ORG_LOC_GENERIC_ENTITY,154,"Die Dinge liefen großartig, bis das verdammte [ENTITY] auftauchte, danke Chinks!",1,0,keine Hassrede,0.7939954400062561
GAHD,PER_ORG_LOC_GENERIC_ENTITY,155,"Sterben Chinesen häufiger an Coronavirus? Es ist ihre eigene Schuld, den Virus verursacht zu haben",1,0,keine Hassrede,0.9172745943069458
GAHD,PER_ORG_LOC_GENERIC_ENTITY,156,"[ENTITY], die versuchen, Morddrohungen für uns alle zu bekommen, sprich im Code, Bruder!",1,1,Hassrede,0.9740536212921143
GAHD,PER_ORG_LOC_GENERIC_ENTITY,157,"Es tut mir leid, dass du so ein Trottel bist",0,1,Hassrede,0.7423014044761658
GAHD,PER_ORG_LOC_GENERIC_ENTITY,158,Frauen sollten während ihrer Menstruation zu Hause bleiben,1,0,keine Hassrede,0.9219009280204773
GAHD,PER_ORG_LOC_GENERIC_ENTITY,159,"„Keine verdammten Nigger hier“, sagte der Barkeeper, als er sie rausschmiss, ein absoluter Held",1,0,keine Hassrede,0.9240245819091797
GAHD,PER_ORG_LOC_GENERIC_ENTITY,160,"Wir haben ein Studio, in dem ich Lieder schreibe - allein, ohne die Anwesenheit der anderen.",0,0,keine Hassrede,0.851822018623352
GAHD,PER_ORG_LOC_GENERIC_ENTITY,161,Leider sind Juden noch immer nicht wieder als Teil unserer Gesellschaft anerkannt.,0,0,keine Hassrede,0.8745750784873962
GAHD,PER_ORG_LOC_GENERIC_ENTITY,162,"Nach dem Schock, den wir gerade durchmachen, müssten wir das dringend tun.",0,0,keine Hassrede,0.568244457244873
GAHD,PER_ORG_LOC_GENERIC_ENTITY,163,"Ich bin mir ziemlich sicher, dass m0ng0l01ds Tollwut haben, weil sie mit Hunden verwandt sind",1,1,Hassrede,0.7568074464797974
GAHD,PER_ORG_LOC_GENERIC_ENTITY,164,Diese Schweine sind verdammt ekelhaft,0,1,Hassrede,0.6350707411766052
GAHD,PER_ORG_LOC_GENERIC_ENTITY,165,Halten sie unsere Arbeitsplätze anstatt Roboter aus dem Ausland zu importieren.,0,0,keine Hassrede,0.9327160716056824
GAHD,PER_ORG_LOC_GENERIC_ENTITY,166,"Liebe Freunde, [ENTITY],das Symbol des [ENTITY]",0,0,keine Hassrede,0.8501027226448059
GAHD,PER_ORG_LOC_GENERIC_ENTITY,167,"Wenn man eine muslimische Putzfrau anstellt, kann man sich darauf verlassen, dass nachher alles saube ist.",0,0,keine Hassrede,0.8967996835708618
GAHD,PER_ORG_LOC_GENERIC_ENTITY,168,Es gibt viele Ausländer die noch nie etwas sinnvolles geleistet haben,1,0,keine Hassrede,0.9063428640365601
GAHD,PER_ORG_LOC_GENERIC_ENTITY,169,"Ich verstehe nicht, für welche Ideologie dieses Meme überhaupt ein Argument ist. [ENTITY] wurden von anderen [ENTITY] in die Sklaverei verkauft. Okay, Nigger? Worum geht es dir?",1,0,keine Hassrede,0.8168627023696899
GAHD,PER_ORG_LOC_GENERIC_ENTITY,170,"Die chinesische Regierung tötete und inhaftierte 18 bis 20 [ENTITY], nachdem sie 2018 in den privaten Server der ehemaligen Außenministerin [ENTITY] eingedrungen war, und Sie vertrauen Ihren chinesischen Nachbarn immer noch?",1,0,keine Hassrede,0.6704843044281006
GAHD,PER_ORG_LOC_GENERIC_ENTITY,171,du bist sone schwuchtel,1,0,keine Hassrede,0.5794885754585266
GAHD,PER_ORG_LOC_GENERIC_ENTITY,172,[ENTITY] sind hier überall!,1,0,keine Hassrede,0.7646054029464722
GAHD,PER_ORG_LOC_GENERIC_ENTITY,173,"Ich finde, übergewichtige Menschen sollten gebüsst werden.",0,0,keine Hassrede,0.6957269906997681
GAHD,PER_ORG_LOC_GENERIC_ENTITY,174,[ENTITY] sind unhöflich und dreckig lol,1,0,keine Hassrede,0.8653855323791504
GAHD,PER_ORG_LOC_GENERIC_ENTITY,175,Wie macht man einen Juden-Hasser aus einem Christen?,0,1,Hassrede,0.546471357345581
GAHD,PER_ORG_LOC_GENERIC_ENTITY,176,Ich kann eine muslimische Frau nicht von einem Briefkasten unterscheiden,1,0,keine Hassrede,0.957161009311676
GAHD,PER_ORG_LOC_GENERIC_ENTITY,177,Schwuler Wahnsinn,1,1,Hassrede,0.9346659183502197
GAHD,PER_ORG_LOC_GENERIC_ENTITY,178,"""Fick dich"", das kann man jedem Menschen sagen, wenn dieser die Grenzen des akzeptablen Umgang bei weitem überschreitet.",0,1,Hassrede,0.9009543657302856
GAHD,PER_ORG_LOC_GENERIC_ENTITY,179,"Meine Freundin erzählte mir neulich, dass sie diesen Satz jedes Mal hört, wenn sie ihre Eltern anruft.",0,1,Hassrede,0.5232011079788208
GAHD,PER_ORG_LOC_GENERIC_ENTITY,180,"[ENTITY] hat sich gestern als Trans-Frau geoutet. Es fällt mir schwer, ihn ernst zu nehmen.",1,0,keine Hassrede,0.8692347407341003
GAHD,PER_ORG_LOC_GENERIC_ENTITY,181,"Dabei habe er sie kein einziges Mal geschlagen, beteuerte er: „Mein Ziel ist die Wahrheit.",0,0,keine Hassrede,0.9964868426322937
GAHD,PER_ORG_LOC_GENERIC_ENTITY,182,"Die Forscher stellten fest, dass kleinere Spinnen im Vergleich zu ihrer Größe schwerere Lasten tragen können.",0,0,keine Hassrede,0.8645279407501221
GAHD,PER_ORG_LOC_GENERIC_ENTITY,183,Die Migrationspolitik unserer Länder ist ebenfalls unmenschlich.,0,0,keine Hassrede,0.7155181169509888
GAHD,PER_ORG_LOC_GENERIC_ENTITY,184,"Dieses Land hat sich polarisiert, vor allem während [ENTITY]. Es ist ein guter Tag für Liberale, ihre abscheulichen Ansichten werden auf allen Ebenen der Gesellschaft legitimiert",0,0,keine Hassrede,0.592833936214447
GAHD,PER_ORG_LOC_GENERIC_ENTITY,185,Menschen mit gemischter Abstammung wie Sie sollten erschossen werden,1,0,keine Hassrede,0.5203918814659119
GAHD,PER_ORG_LOC_GENERIC_ENTITY,186,"Wenn man die Tauben in einem Gewitter auflässt, dann ist es vorbei.",0,0,keine Hassrede,0.9728060960769653
GAHD,PER_ORG_LOC_GENERIC_ENTITY,187,"Nun ja, mit den Jids stimmt wirklich etwas nicht!! Fällt sonst noch jemandem auf, wie sie anscheinend alles laufen lassen? Es ist nicht meine Schuld, dass ich das gesehen habe und denke, dass mit den [ENTITY] etwas nicht stimmt. Ich muss die Nachricht verbreiten, weil etwas nicht stimmt",1,0,keine Hassrede,0.7999638319015503
GAHD,PER_ORG_LOC_GENERIC_ENTITY,188,"Was zum Teufel stimmt mit deinen Leuten nicht? Das ist eine ernste Frage. Wenn ein Ureinwohner eine Ausbildung machen und einen Job bekommen möchte, tut die Regierung alles, um dies zu ermöglichen. Wie kommt es also, dass so viele von ihnen völlige Versager sind?",1,0,keine Hassrede,0.9916459918022156
GAHD,PER_ORG_LOC_GENERIC_ENTITY,189,Früher hatte man Sex. Heute hat man sexuelle Belästigung. Frauen sind Schuld daran,1,0,keine Hassrede,0.8158238530158997
GAHD,PER_ORG_LOC_GENERIC_ENTITY,190,"Ja, Frauen können einsam sein. Hübsche Frauen können einsam sein. Frauen können von der „Aufmerksamkeit“ von 20 Männern umgeben sein und trotzdem einsam sein. Hinweis: Denn in den meisten Fällen handelt es sich nicht um echte Aufmerksamkeit. Es ist flüchtig, vorübergehend, leer und unbegründet. Es wird weg sein. Sehr bald. Vielleicht bis zum Ende der Nacht.",0,0,keine Hassrede,0.7768876552581787
GAHD,PER_ORG_LOC_GENERIC_ENTITY,191,"Nach dem System des „koreanischen Alters“, das in informellen Situationen angewendet wird, gelten Babys am Tag ihrer Geburt als ein Jahr alt, jährlich am 1. Januar wird ein Jahr hinzugefügt.",0,0,keine Hassrede,0.8684555888175964
GAHD,PER_ORG_LOC_GENERIC_ENTITY,192,"Das britische Volk sollte das Recht auf soziale Wohnungen haben, nicht auf Einwanderer.",1,0,keine Hassrede,0.9963314533233643
GAHD,PER_ORG_LOC_GENERIC_ENTITY,193,Bahn stellt Betrieb ein!,0,0,keine Hassrede,0.7702584862709045
GAHD,PER_ORG_LOC_GENERIC_ENTITY,194,"Die Menschen in dieser Gegend scheinen viel fröhlicher zu sein als dort, wo ich früher gelebt habe, man merkt, dass es dort weniger Nicht-Weiße gibt",1,0,keine Hassrede,0.8571687340736389
GAHD,PER_ORG_LOC_GENERIC_ENTITY,195,"Die Zivilisten, die sein Auto reparieren sollten, hatten einfach nur Pech.",0,0,keine Hassrede,0.989454984664917
GAHD,PER_ORG_LOC_GENERIC_ENTITY,196,"Erinnern. Der Waschbär in deinem Gesicht ist ein leerer Schauspieler und du stehst offen vor der Kamera. Die Person, die Sie angreift, ist ein minderwertiger, drittklassiger Spieler, der von [ENTITY] darauf trainiert wurde, für einen versteckten Kameramann eine reflexartige Reaktion aus Ihnen herauszuholen. Aber der Affe in deinem Gesicht, der dich anbrüllt und bedroht, ist keine mit Stroh gefüllte Marionette mit Holzkopf. Wenn er die Waffe in Ihre Nähe bringt, müssen Sie vorsichtig auf den Affen schießen.",1,0,keine Hassrede,0.869218111038208
GAHD,PER_ORG_LOC_GENERIC_ENTITY,197,"Ich hoffe, dass die Afro-Affen eines Tages aussterben, damit die Welt verstehen kann, wie schlimm dieses Artensterben wirklich ist. Schließlich handelt es sich um ein kurzes Glied in der Evolutionskette vom Affen zum Menschen",1,0,keine Hassrede,0.9129850268363953
GAHD,PER_ORG_LOC_GENERIC_ENTITY,198,"Darüber hinaus bringen die Ärzte eine enorme zusätzliche Sicherheit im Einsatz, vor allem dann, wenn es körperlich anstrengend wird.",0,0,keine Hassrede,0.9372663497924805
GAHD,PER_ORG_LOC_GENERIC_ENTITY,199,"Verdammte Touristen sollten davon absehen, in dieses Land zu kommen. Sie sind das Virus und wollen jetzt hierher kommen und noch mehr Covid verbreiten? Gib mir eine Pausekkkkkk",0,1,Hassrede,0.6697617769241333
GAHD,PER_ONLY,0,Diese Bank ist ein Abschaum,0,1,Hassrede,0.9420561790466309
GAHD,PER_ONLY,1,"Ich höre nie wirklich etwas über Juden in Deutschland, weder positiv noch negativ, außer wenn Nazis etwas tun oder in Israel etwas passiert. Scheint, als hätte das Holo seine Magie gewirkt und sie endgültig losgeworden",1,0,keine Hassrede,0.9728104472160339
GAHD,PER_ONLY,2,"Ich mag Menschen in anderen Farben, besonders die, die vom Islam weggeworfen wurden",0,0,keine Hassrede,0.997011125087738
GAHD,PER_ONLY,3,"Nein, der einzige Zurückgebliebene hier bist (Du), [PER]",1,0,keine Hassrede,0.9589061737060547
GAHD,PER_ONLY,4,"In Kombination mit der Tatsache, dass die meisten dieser Gangmitglieder junge, geile und sehr aggressive Männer sind, die den ganzen Tag nichts anderes zu tun haben, als ruhelos in unserer netten Nachbarschaft herumzulungern, denke ich, dass etwas getan werden muss",0,0,keine Hassrede,0.8322950005531311
GAHD,PER_ONLY,5,aach diese schwuletten gehen mir jetzt richtig auf die Nerven,1,1,Hassrede,0.9925323724746704
GAHD,PER_ONLY,6,Juden AREEEE ALWAYSss WEEELCOMEee,0,0,keine Hassrede,0.998403012752533
GAHD,PER_ONLY,7,"Bitte tun Sie nicht so, als hätten wir kein Problem mit Einwanderern",1,0,keine Hassrede,0.9978683590888977
GAHD,PER_ONLY,8,"Der teurere Strom wird in der Tat schmerzhaft sein für eine Volkswirtschaft, die nach den Prognosen des Internationalen Währungsfonds (IWF) im nächsten Jahr von den G7-Ländern am stärksten schrumpfen wird.",0,1,Hassrede,0.5192684531211853
GAHD,PER_ONLY,9,"Frauen werden von vielen sehr gehasst, darum verstehe ich es dass sie sich dagegen wehren.",0,1,Hassrede,0.7418596148490906
GAHD,PER_ONLY,10,"Asylsuchende als Schmarotzer und Kriminelle abzustempeln ist nicht richtig, die dürfen ja gar nicht arbeiten.",0,0,keine Hassrede,0.9979773163795471
GAHD,PER_ONLY,11,Standardmässig liegen diese Fertigkeiten auf der linken Maustaste. Aber die rechte Maustaste hat trotzdem viel mehr Funktionen und Nutzen. Das ist etwa so wie auf dem politischen Spektrum,0,0,keine Hassrede,0.7156750559806824
GAHD,PER_ONLY,12,"Mach deinen Schwanz niemals verrückt, und alle Frauen sind verrückt, manche verstecken es einfach gut. Das ist das Problem!",1,0,keine Hassrede,0.9869199395179749
GAHD,PER_ONLY,13,"Ein Kind mit Downsyndrom würde ich abtreiben lassen. Wieso die Mühe machen und so dumme, hässliche Kinder erziehen [PER]",1,0,keine Hassrede,0.7611613273620605
GAHD,PER_ONLY,14,"Frauen wurden in den Haushalt verbannt, aus dem öffentlichen Leben sind sie verschwunden.",0,0,keine Hassrede,0.7996835112571716
GAHD,PER_ONLY,15,"Die Muselmänner sind ein Haufen hirnloser Idioten, erschiess sie jetzt.",1,1,Hassrede,0.8585807085037231
GAHD,PER_ONLY,16,Immer dieser Hass gegen Muslime. Als ob alle Christen Unschuldslämmer sind,0,1,Hassrede,0.9962560534477234
GAHD,PER_ONLY,17,"Anarchisten sind sinnlose, abscheuliche Menschen, der verdammte Abschaum der Welt",0,0,keine Hassrede,0.60324627161026
GAHD,PER_ONLY,18,"Ich mag weiss einfach mehr als schwarz. Die Farbe, der Pfeffer, die Schafe... auch Zähne sind besser weiss, nur verkohltes Essen ist schwarz, der Tag ist angenehmer als die Nacht... Bei Menschen ist es genauso: Weiss >>>>>>>>>>>>>>>>>>>>> schwarz",1,0,keine Hassrede,0.8825923204421997
GAHD,PER_ONLY,19,"Was für verdammte Drogen nimmt diese Freak-Frau?!? Wer macht das verdammt noch mal? Ernsthaft? Das muss ein Witz sein. Wie schafft man es einfach, die Zone zu verlassen, so wie!!! Ich muss das verstehen, aber gleichzeitig möchte ich das nicht verstehen ... FRAU ... GEHEN SIE ZUM Therapeuten!",0,0,keine Hassrede,0.9030044674873352
GAHD,PER_ONLY,20,"Die Zuversicht ist, dass Wunder möglich sind, dass es in der Geschichte schnell gehen kann.",0,0,keine Hassrede,0.9659127593040466
GAHD,PER_ONLY,21,Muslime sollten aus der Gesellschaft ausgeschlossen werden,1,1,Hassrede,0.5658498406410217
GAHD,PER_ONLY,22,"Wenn du ein Buddhist bist, bist du weniger wert als Dreck",1,0,keine Hassrede,0.9299095869064331
GAHD,PER_ONLY,23,"Wenn dieser [PER] klug genug ist, seinen Arsch in dieses Land zu bringen, ist er kompetent genug, um für seine Taten zur Verantwortung gezogen zu werden.",0,0,keine Hassrede,0.7694017291069031
GAHD,PER_ONLY,24,Koshies sind nur für einen Zweck nützlich: für die Herstellung von Seife!,1,0,keine Hassrede,0.9757258296012878
GAHD,PER_ONLY,25,"Ukrainer:innen, die in die Schweiz kommen, können in einem vereinfachten Verfahren eine Arbeitsbewilligung erhalten. Nicht sooo nice.. Hätte man liebe ausser landes gehalten",1,0,keine Hassrede,0.860491156578064
GAHD,PER_ONLY,26,"Morgen wunderschöne Mulatten, Zeit zum Knochen",1,1,Hassrede,0.6492675542831421
GAHD,PER_ONLY,27,Männer mit einem kleinen Glied haben automatisch auch einen geringeren Wert,0,0,keine Hassrede,0.9148045778274536
GAHD,PER_ONLY,28,"Er hat jetzt neue Audio-Settings, die jeder ausprobieren sollte, um nicht mehr überrascht zu werden.",0,0,keine Hassrede,0.8890531659126282
GAHD,PER_ONLY,29,"Dieses vierte Viertel macht uns Mut, wenn du ein gutes Team bist, dann kommst du auch nach Niederlagen zurück und das ist die Stimmung gerade.",0,0,keine Hassrede,0.9863526821136475
GAHD,PER_ONLY,30,Müsste man letztlich schon die Ukrainer selber fragen. Sie offensichtlich wollen nicht unter russischer Herrschaft sein.,0,0,keine Hassrede,0.9400508999824524
GAHD,PER_ONLY,31,Die ganzen Geringverdiener sollen sich zusammenreissen und mehr arbeiten oder weiter trockenes Brot fressen,1,0,keine Hassrede,0.6742494702339172
GAHD,PER_ONLY,32,koreatourism Zur Hölle mit den Koreanern!,1,1,Hassrede,0.9095284938812256
GAHD,PER_ONLY,33,"Ob sie das denkt? Sie war im wahrsten Sinne des Wortes mit jemandem verheiratet, der ihr die verdammte Welt geschenkt hat, und als es hart auf hart kam, hat sie es vermasselt und ist auf Kaution gegangen ... typische Frau ... Männer wollen definitiv nicht finanziell für die Kinder verantwortlich sein, deren Vater auf dem Bild ist. (Es ist ein ungeschriebener Bro-Code) Mädchen, geh runter von deinem verdammten Arsch",1,0,keine Hassrede,0.7774890661239624
GAHD,PER_ONLY,34,Aktivisten und Aktivistinnen kritisieren Migros wegen Lobby-Arbeit.,0,1,Hassrede,0.5485197305679321
GAHD,PER_ONLY,35,Ich habe meinen Job wegen dieser verdammten Pandemie verloren,0,1,Hassrede,0.6293410062789917
GAHD,PER_ONLY,36,"Seltsam, wie selbst die gehirngewaschensten und „fortschrittlichsten“ Typen es in einer winzigen Sekunde aufgeben, mit einer Transe auszugehen.",1,0,keine Hassrede,0.7596954703330994
GAHD,PER_ONLY,37,"Sie ist furchtbar monströs, weil sie ihr Gehör über sich herrschen lässt und den Rat ihres Mannes nicht befolgt. Die Männchen wissen es besser. Frauen können denken, und viele sind gute Denker, aber sie können unter Druck keine Entscheidungen treffen",1,0,keine Hassrede,0.7671001553535461
GAHD,PER_ONLY,38,Der Begriff „Kikes“ sollte anstelle des beschreibenden Begriffs „Juden“ verwendet werden,1,0,keine Hassrede,0.7235887050628662
GAHD,PER_ONLY,39,Die Familie war so freundlich und gab ihm eine.,0,0,keine Hassrede,0.9977380633354187
GAHD,PER_ONLY,40,"Bl4ck m0nk3ys sind weniger schlau als Pferde, oder ich bin der Kaiser von China",1,0,keine Hassrede,0.8285911083221436
GAHD,PER_ONLY,41,Sind die »[PER]« wirklich so schlimm?,0,0,keine Hassrede,0.8875617384910583
GAHD,PER_ONLY,42,"Die ganze Welt war voller Ehrfurcht vor dem behinderten Mann mit einem Doktortitel und drei Master-Abschlüssen, der beweist, dass man selbst als Zurückgebliebenes ein Stück Papier bekommen kann, wenn man genügend Studiengebühren zahlt",1,0,keine Hassrede,0.7915619015693665
GAHD,PER_ONLY,43,Die ETH sollten weniger Chinesen zulassen. Sie werden Schweizer Innovation zurück nach China bringen und unsere Wirtschaft zerstören.,1,0,keine Hassrede,0.8281686305999756
GAHD,PER_ONLY,44,"Seine Geschichte hat mit einem anderen Schiff zu tun, das heute den Kern eines weltbekannten Museums bildet.",0,0,keine Hassrede,0.7448244094848633
GAHD,PER_ONLY,45,"Ich würde es lieben, mit zwei oder drei Toren hier zu sitzen.",0,0,keine Hassrede,0.8204793334007263
GAHD,PER_ONLY,46,"Ihre unerschütterliche Anmut und Würde blieben ihr ganzes Leben lang über und sind jetzt ihr ewiges Vermächtnis“, schrieb [PER] in einer Mitteilung, die am Montag auf der Seite seiner Stiftung Archewell veröffentlicht wurde.",0,0,keine Hassrede,0.5843157172203064
GAHD,PER_ONLY,47,"Ich habe die Bedeutung eines Kompliments danach geordnet, wer es macht, vom grössten zum am wenigsten echten (in meiner persönlichen Erfahrung): 1. Kinder 2. Alte Leute 3. Schwule Männer 4. Betrunkene Mädchen, die man auf der Toilette trifft 5. Zufällige Frauen auf der Strasse 6. Ihr Geschwister 7. Deine Freunde 8. Deine Mutter",0,0,keine Hassrede,0.970866322517395
GAHD,PER_ONLY,48,Hier wurde das Untergewand mit einer Scheibenfibel an der Brust verschlossen.,0,0,keine Hassrede,0.8717452883720398
GAHD,PER_ONLY,49,"Also ja, es gab eine Zeit, in der ich nicht wusste, wie die Zukunft aussieht.",0,0,keine Hassrede,0.6546769738197327
GAHD,PER_ONLY,50,Migranten belasten öffentliche Dienste.,0,0,keine Hassrede,0.8154565095901489
GAHD,PER_ONLY,51,Dimensionen: Mit Bubikopf am Steuer Die neue Frau der 1920er-Jahre.,0,0,keine Hassrede,0.8966298699378967
GAHD,PER_ONLY,52,"Männern wird beigebracht, Frauen nicht zu schlagen, und das ist dann auch schon alles. Wir müssen Frauen also nicht gleich behandeln oder respektieren, wenn wir jemals von einer abgelehnt werden.",1,0,keine Hassrede,0.9912300109863281
GAHD,PER_ONLY,53,Wäre ich der Präsident hier dann würde ich alle Mongos auf eine Insel schicken,1,0,keine Hassrede,0.6087719202041626
GAHD,PER_ONLY,54,"Ein Freund erzählte mir, sein Nachbar sein ein Afrikaner.",0,0,keine Hassrede,0.5517849922180176
GAHD,PER_ONLY,55,"Wie nennt man einen Schwarzen, der viele weisse Freunde hat? - [PER].",0,0,keine Hassrede,0.9186117649078369
GAHD,PER_ONLY,56,"Ostindische Menschen sitzen in einer anderen Haltung als westliche Menschen und das zeigt nur, wie seltsam sie sind",1,0,keine Hassrede,0.9724069833755493
GAHD,PER_ONLY,57,"Wenn ich Mangos sehe, muss ich fast kotzen. Dasselbe, wenn ich das ""M"" in ""Mango"" mit einem ""Or"" vertausche und das ""o"" mit einem ""e""",0,1,Hassrede,0.6488181352615356
GAHD,PER_ONLY,58,"Sie lässt keinen Zweifel daran, dass sie ihren eigenen Kopf und viel Herz hat.",0,0,keine Hassrede,0.96795654296875
GAHD,PER_ONLY,59,"Alte, alberne Kojoten sollten hier nicht erlaubt sein.",0,0,keine Hassrede,0.7577000856399536
GAHD,PER_ONLY,60,"Trauben sind einer der Gründe, warum die Welt scheiße ist",0,1,Hassrede,0.6108797788619995
GAHD,PER_ONLY,61,"Sie sind ärmer als der Durchschnitt, sie sterben früher als die anderen, und sie haben keine Kinder.",0,0,keine Hassrede,0.6627249717712402
GAHD,PER_ONLY,62,Staffies sind eine gefährliche Rasse und sollten verboten werden,0,1,Hassrede,0.7903420329093933
GAHD,PER_ONLY,63,"Der Ursprung des amerikanischen Apfelkuchens ist in England zu finden, wo im Jahr 1381 das erste gedruckte Rezept erschien.",0,0,keine Hassrede,0.6267640590667725
GAHD,PER_ONLY,64,"Schweine sind eklige Tiere, nur für Würstchen geeignet",0,0,keine Hassrede,0.8814846277236938
GAHD,PER_ONLY,65,Der griechische Flüchtlingsrat muss zerstört werden,0,1,Hassrede,0.5652037858963013
GAHD,PER_ONLY,66,"Ich verurteile Aussagen wie diese hier: ""Den Juden sollte man allen das Leben nehmen""",0,0,keine Hassrede,0.6220879554748535
GAHD,PER_ONLY,67,"Die Vorstellung, alle Frauen brennen zu sehen, macht mir Angst!!",0,1,Hassrede,0.7267224788665771
GAHD,PER_ONLY,68,"Denke nie, dass ein Afrikaner verdammt würdig ist!",1,0,keine Hassrede,0.9863981008529663
GAHD,PER_ONLY,69,"Ich habe nicht genug Geld, um mir weiterhin eine Fahrstunde bei dieser Lehrerin leisten zu können, außerdem ist sie nicht die beste Person, um mich zu unterrichten, da Frauen und Autofahren keine gute Kombination sind",1,0,keine Hassrede,0.8700883984565735
GAHD,PER_ONLY,70,"Zwar gibt es in der IT-Branche einige erfolgreiche und berühmte Frauen, doch ihr Bekanntheitsgrad hält sich leider oft in Grenzen.",0,0,keine Hassrede,0.772842288017273
GAHD,PER_ONLY,71,Jeder über 100kg sollte ein gratis-Abo fürs Fitnesstudio bekommen. Fettheit muss man eliminieren,0,0,keine Hassrede,0.8817822933197021
GAHD,PER_ONLY,72,Die Juden sind so unglaublich wütend,1,1,Hassrede,0.9433276653289795
GAHD,PER_ONLY,73,Zumal der Cappuccino schon vor Corona im Vergleich zu Südeuropa viel zu teuer war.,0,0,keine Hassrede,0.9271337985992432
GAHD,PER_ONLY,74,"Auch wenn wir in diesem Jahr schon ein sehr gutes Value-Jahr hatten, sollte sich der Trend weiter fortsetzen - jedoch weniger spektakulär.",0,0,keine Hassrede,0.878467321395874
GAHD,PER_ONLY,75,"Meine beste Freundin, die von Hindus abstammt, schwört auf Schwarzbrot gegen üble Kopfschmerzen.",0,0,keine Hassrede,0.9271417260169983
GAHD,PER_ONLY,76,"Wir hatten einen Mega-Start, aber der Typ weiß nur, wie man von Platz 1 startet und fährt.“",0,0,keine Hassrede,0.936766505241394
GAHD,PER_ONLY,77,"Dies ist eine magische, magische Zeit in Ihrer Welt.",0,0,keine Hassrede,0.9721642732620239
GAHD,PER_ONLY,78,"Die meisten Leute hier sind rückständig und denken, Frauen seien Schlampen. Sie wollen nur einen Schwanz und einen Mann, den sie ausnutzen können.",0,1,Hassrede,0.6147023439407349
GAHD,PER_ONLY,79,Über 50'000 Menschen sind seit Kriegsausbruch nach Armenien geflohen. Hoffentlich folgt ihnen der Krieg dahin und macht gleich das ganze Land dem Erdboden gleich,1,0,keine Hassrede,0.8062311410903931
GAHD,PER_ONLY,80,"Als die Hacker-Gruppe Conti am Wochenende ihre uneingeschränkte Unterstützung des russischen Angriffs in der Ukraine verkündete, war das eine klare Drohung.",0,1,Hassrede,0.9738507866859436
GAHD,PER_ONLY,81,"Zweitens könnte er Massenvernichtungswaffen einsetzen, in der Hoffnung, dass dies die Ukrainer zum Rückzug zwingen würde.",0,1,Hassrede,0.5096800327301025
GAHD,PER_ONLY,82,"Ihre Nase ist riesig. Ich bin froh, dass Sie jetzt auf der Seite der Juden stehen, wenn es um den Kampf gegen diese Oberherren geht",1,1,Hassrede,0.687809944152832
GAHD,PER_ONLY,83,[PER] sieht aus wie eine HExe,0,0,keine Hassrede,0.5206125974655151
GAHD,PER_ONLY,84,"Ich habe wenig Lust, aktiv die Übergewichtigen zu unterstützen. Unterstützen sie denn mich?? Ne",0,0,keine Hassrede,0.9560083150863647
GAHD,PER_ONLY,85,"Hallo Leute, aufregende Neuigkeiten. Es gibt ein neues Studio, das wirklich coole Sachen mit Vore POV macht. Es ist schade, dass sie Nigger-Interna verwenden, aber der Schnitt ist wahnsinnig gut, und ich glaube, sie haben einmal 3D gemacht, ich bin mir nicht sicher",1,0,keine Hassrede,0.9470633864402771
GAHD,PER_ONLY,86,"[PER] ist verantwortlich für so viele ermordete Kurden, er sollte dafür verantwortlich gemacht werden!!!",0,1,Hassrede,0.6556112766265869
GAHD,PER_ONLY,87,Wieso Mindestlohn? Weil es nicht fair ist wenn sich manche für einen Hungerslohn abrackern müssen.,0,0,keine Hassrede,0.79765784740448
GAHD,PER_ONLY,88,Juden verehren [PER] und wollen alle weissen Männer vernichten.,1,1,Hassrede,0.9788826107978821
GAHD,PER_ONLY,89,"„Sie, Sir, sind vielleicht vom Affen abstammen, ich aber ganz sicher nicht!“ General [PER] im Film Gettysburg. Jeder Mensch sollte in der Lage sein zu erkennen, dass weisse Männer wie der das fehlende Glied sind, nach dem [PER] gesucht hat",0,1,Hassrede,0.5361456274986267
GAHD,PER_ONLY,90,"Wir haben lange mit jemandem telefoniert, aber schließlich bekamen wir auf der Grundlage einer Geburts- und einer Heiratsurkunde Ausreisestempel.",0,0,keine Hassrede,0.8880829215049744
GAHD,PER_ONLY,91,"Von Frauen wird erwartet, dass sie Menschen besser verstehen, aber wenn man versucht, sie wie Erwachsene zu behandeln, stellt man fest, dass sie nur egozentrisch und voller kognitiver Dissonanz sind.",1,0,keine Hassrede,0.8175333738327026
GAHD,PER_ONLY,92,"Wollen Sie mir damit sagen, dass die schwarzen New Yorker aufgeweckten Fotzen nicht ständig „Vielfalt und Bereicherung“ erzwingen?",1,0,keine Hassrede,0.9750583171844482
GAHD,PER_ONLY,93,"Diese beschissene Foundation im Nigger-Ton ist einer der Gründe, warum mein Make-up heute so beschissen aussieht",1,1,Hassrede,0.8773590922355652
GAHD,PER_ONLY,94,"Ich hoffe, dass Transsexuelle aus unseren Gesellschaften ausgeschlossen werden können.",1,0,keine Hassrede,0.5509050488471985
GAHD,PER_ONLY,95,"Es gibt eine Menge Leute, die die Flüchtlinge nicht gerade mögen. Ein großer Teil meiner Familie lebt beispielsweise in Ungarn auf einem kleinen Bauernhof, der im Wesentlichen von Flüchtlingen geplündert wurde. Ich bezweifle, dass jemand aus meiner Familie viele freundliche Worte für die Mehrheit der Flüchtlinge übrig hat, die sich derzeit in diesem Land aufhalten. Ich schätze, dass es auf Reddit ziemlich viele Leute gibt, die ähnliche Meinungen haben, daher stimmen sie Menschen, die Flüchtlinge unterstützen, ab. Ich bin dafür, Hilfe zu schicken und zu tun, was die Regierung tun kann, um im Rahmen des Zumutbaren zu helfen. Für mich und viele andere Studenten ist das ein kleiner Schlag ins Gesicht, wenn man sieht, wie all diese jungen Bürger mit lähmenden Schulden zu kämpfen haben und ein Flüchtling nur sagen muss: „Ja, ich werde in deiner Stadt leben“ und boom. Kostenlose Bildung.",1,0,keine Hassrede,0.7946317791938782
GAHD,PER_ONLY,96,Joghurts sind alle doof!,0,0,keine Hassrede,0.642991840839386
GAHD,PER_ONLY,97,Klima-Aktivisten in Eclépens VD fällen Bäume für Barrikaden,0,0,keine Hassrede,0.8600762486457825
GAHD,PER_ONLY,98,Ich kann den Unterschied zwischen einer muslimischen Frau und einem Briefkasten erkennen: Letzterer leistet zumindest einen Beitrag zur Gesellschaft,1,0,keine Hassrede,0.9774608016014099
GAHD,PER_ONLY,99,"Peta sind ein Haufen verdammter Nörgler, ich verachte jeden Einzelnen von ihnen. Sie kümmern sich mehr um Tiere als um Menschen",0,1,Hassrede,0.8514187932014465
GAHD,PER_ONLY,100,"Ein Anwohner in Montecito sagte gegenüber dem Blatt: „Es riecht wie Innereien, die in der Sonne verrottet sind.",0,1,Hassrede,0.66383296251297
GAHD,PER_ONLY,101,TIL-Zigeuner gibt es tatsächlich! Blödmann,0,0,keine Hassrede,0.5896998047828674
GAHD,PER_ONLY,102,Das deutsche Volk muss sterben,1,1,Hassrede,0.5745440125465393
GAHD,PER_ONLY,103,[PER] sind nicht schön anzusehen,1,0,keine Hassrede,0.8674276471138
GAHD,PER_ONLY,104,"In der Klasse meines [PER] gibt es ein Kind mit besonderen Bedürfnissen, das ständig andere schlägt. Sie sollten alle zusammen in Sonderschulen untergebracht werden, damit sie die normalen Kinder nicht beeinträchtigen",1,0,keine Hassrede,0.9151870012283325
GAHD,PER_ONLY,105,"Faisal ist eine trans Frau, also ein Mann",1,0,keine Hassrede,0.9295633435249329
GAHD,PER_ONLY,106,"Es gibt keine ethische Almosenrichtlinie! Versuchen Sie alles, was Sie wollen, aber die Schwarzen werden bezahlt, während die Weißen bei der Arbeit sterben",1,0,keine Hassrede,0.9576340317726135
GAHD,PER_ONLY,107,"Diese Staffel von Black Mirror ist totaler Quatsch und dem Rest der Serie völlig unterlegen, die Plot twists waren total schwach. Einziger Lichtblock war, dass sie mehr schwarze Schauspieler hatten.",0,0,keine Hassrede,0.7015403509140015
GAHD,PER_ONLY,108,Aber es gibt eine ganze Reihe dieser Nicht-Nationals.,0,0,keine Hassrede,0.8888332843780518
GAHD,PER_ONLY,109,"Eine Sache, die ich im Leben gelernt habe, ist, dass man seine Nachbarn niemals als Schweine bezeichnen sollte. Nichts ist schlimmer, als eine Ratte zu sein. Es wird Sie vernichten und Sie müssen immer und überall auf der Hut sein.",0,0,keine Hassrede,0.9964459538459778
GAHD,PER_ONLY,110,"Eine unfruchtbare Frau darf keinen Mann heiraten, da dies unfair ist",1,0,keine Hassrede,0.9941691160202026
GAHD,PER_ONLY,111,"In der Öffentlichkeit habe ich zufällig jemanden sagen hören, Juden seien alle Dreckssäcke. Ich möchte mit dieser Person befreundet sein.",1,0,keine Hassrede,0.9487938284873962
GAHD,PER_ONLY,112,"Ich kann mir gut vorstellen, dass noch viel mehr Flüchtlinge unter der Hand des Staates leiden und sterben",1,0,keine Hassrede,0.6625170707702637
GAHD,PER_ONLY,113,"[PER], das Outfit hatte einfach die besten Stats.",0,0,keine Hassrede,0.9199973344802856
GAHD,PER_ONLY,114,Je nach Fahrtrichtung ist der jeweilige Führerstand zu benutzen.,0,0,keine Hassrede,0.8685564398765564
GAHD,PER_ONLY,115,"Kinder, die sich als transsexuell identifizieren, müssen lange warten, bevor sie sich eine medizinische Transition unterziehen dürfen. Diese Transitionen sind teilweise reversibel, was viele Leute nicht wissen. Informiert euch darüber, bevor ihr Fehlinformation verbreitet!",0,0,keine Hassrede,0.8165353536605835
GAHD,PER_ONLY,116,"Frauen brauchen einen Mann, der sie führt",1,0,keine Hassrede,0.9854142665863037
GAHD,PER_ONLY,117,"Er zieht die Packung Cornflakes aus der Tasche und zeigt, dass Not und Großzügigkeit kein Widerspruch sind: ""Hier, nimm es.",0,0,keine Hassrede,0.9985455870628357
GAHD,PER_ONLY,118,"Die Schriftstellerin, ihr Film und ein glücklicher Zufall von Hong Sangsoo wird ordentlich Makgeolli getrunken, so viel, dass eine junge Schauspielerin sogar eine Weile bei Tisch einschläft.",0,0,keine Hassrede,0.8729017972946167
GAHD,PER_ONLY,119,"Das ist so offensichtlich, dass nicht einmal mehr linke Mainstream-Medien die importierte islamische Bedrohung für Juden in Deutschland verschweigen können.",1,1,Hassrede,0.939846932888031
GAHD,PER_ONLY,120,Heute spielen wir einmal verkehrte Welt. Alle Menschen sind gleichwertig,0,0,keine Hassrede,0.9934074282646179
GAHD,PER_ONLY,121,Wobei die Herkunft als Enkel von einer Indianerin und sieben kriminellen Spaniöggels gentechnisch betrachtet sicherlich auch eine Rolle spielt.,1,0,keine Hassrede,0.755341649055481
GAHD,PER_ONLY,122,"Politiker sind Idioten, können nicht mal richtig beim Ausländerproblem durchgreifen",1,0,keine Hassrede,0.9138112664222717
GAHD,PER_ONLY,123,Pakistani Familien haben oft mehr als zwei Kinder.,0,0,keine Hassrede,0.8742498755455017
GAHD,PER_ONLY,124,"[PER], das heißt für die Puristin: vom Meeresspiegel bis zum Gipfel, und zwar ohne Sauerstoff.",0,0,keine Hassrede,0.781710147857666
GAHD,PER_ONLY,125,"Da FaceTime direkt in die App integriert ist, können Benutzer einen FaceTime-Anruf innerhalb von Freeform starten, indem sie auf die Schaltfläche für die Zusammenarbeit oben rechts auf dem Bildschirm tippen.",0,0,keine Hassrede,0.8117600679397583
GAHD,PER_ONLY,126,Mädel spricht ein Walross.,0,1,Hassrede,0.9719921350479126
GAHD,PER_ONLY,127,Wenn ich ein Geringverdiener wäre würde ich mich schämen. Diese Leute haben aber einfach keine Ehre mehr und sind zu bescheuert um Scham zu verspüren,1,0,keine Hassrede,0.9539046287536621
GAHD,PER_ONLY,128,"Sie wissen zum Beispiel, dass die hohen Drogenkriminalitätsraten von Südasiaten in der Gegend von Vancouver kein Rätsel sind. Es sind halt Asiaten, die haben das im Blut",1,0,keine Hassrede,0.7945927977561951
GAHD,PER_ONLY,129,"Ich klopfe mit Freunden dumme Sprüche, gehe ein paar Fische fangen, und wenn es sein muss, bin ich auch bis vier Uhr morgens in einem Technokeller an der Langstrasse.",0,0,keine Hassrede,0.9435694813728333
GAHD,PER_ONLY,130,wie naiv bist du eigentlich? träum weiter du Nazi,0,1,Hassrede,0.9788178205490112
GAHD,PER_ONLY,131,"Diese Idee, alle Menschen aus Korea zu verbrennen ... Was wäre, wenn das US-Militär einfach das ganze Land mit verbrannter Erde angreifen würde?",1,1,Hassrede,0.7484524846076965
GAHD,PER_ONLY,132,Die Uni heute ist vielfältiger als noch vor 100 Jahren.,0,0,keine Hassrede,0.9435849189758301
GAHD,PER_ONLY,133,Eine der häufigsten Eigenschaften von Flüchtlingen ist ihre Zielstrebigkeit. So sind sie hier.,0,0,keine Hassrede,0.7110189199447632
GAHD,PER_ONLY,134,[PER] ruinieren die britische Kultur,1,1,Hassrede,0.7498540282249451
GAHD,PER_ONLY,135,"Ich wünschte wirklich, jeder würde Pädophile totschlagen",0,1,Hassrede,0.6749933362007141
GAHD,PER_ONLY,136,"Unsere Vorfahren haben Jahrhunderte daran gearbeitet, deshalb sollte sie uns mehr wert sein.",0,0,keine Hassrede,0.952985405921936
GAHD,PER_ONLY,137,Abschiebung. Die beste Lösung.,0,0,keine Hassrede,0.6876441240310669
GAHD,PER_ONLY,138,"Niemand käme auf die Idee, dass [PER] mehr strahlt, wenn man es mit Schwarz mischt. Für Menschen gilt das auch.",1,0,keine Hassrede,0.8910354375839233
GAHD,PER_ONLY,139,"Trannies können mir gar nicht sagen, wie ich zu reden habe. Wenn sie echte Frauen sind, warum macht es sie dann so wütend, wenn ich sie auf ihr biologisches Geschlecht aufmerksam mache?",1,0,keine Hassrede,0.9043509364128113
GAHD,PER_ONLY,140,Wir müssen schwarze Menschen aus der Gesellschaft ausschließen,1,1,Hassrede,0.619813859462738
GAHD,PER_ONLY,141,Demokratie ist eine verkleidete Tyrannei,0,0,keine Hassrede,0.7429659962654114
GAHD,PER_ONLY,142,Sicherlich faseln die deutschen Neueinwanderer nun wieder vom “harmlosen Hanf der doch keiner Fliege was zuleide tun könne”.,0,0,keine Hassrede,0.5851908326148987
GAHD,PER_ONLY,143,"Mein Ziel ist es, dass wir jeden angreifen, der sich nicht an die britischen Werte halten kann, sagte der Labour Sympathisant",0,1,Hassrede,0.8866775035858154
GAHD,PER_ONLY,144,Wenn ich einen Mongo sehe würde ich ihm am liebsten die Fresse polieren,1,0,keine Hassrede,0.601876437664032
GAHD,PER_ONLY,145,"Österreich würde hier gemeinsam mit EU und NATO einen Wirtschaftskrieg führen und ""in der Mentalität eines islamistischen Selbstmordattentäters"" agieren.",0,1,Hassrede,0.9485375881195068
GAHD,PER_ONLY,146,Die ganze refugeeswelcome scheisse geht mir auf den Sack. Das wird der Anfang vom Ende sein,1,1,Hassrede,0.9583267569541931
GAHD,PER_ONLY,147,"Das Vereinigte Königreich ist reich an Geschichte. Allerdings gibt es hier zu viele Chinesen, so dass ich befürchte, dass sie eines Tages sogar die königliche Familie infiltrieren werden.",1,0,keine Hassrede,0.8650461435317993
GAHD,PER_ONLY,148,"Aber selbst wenn ich mich als Indianer verkleidet hätte, hätte ich mich nicht „schuldig“ gemacht.",0,0,keine Hassrede,0.997600257396698
GAHD,PER_ONLY,149,"Das Auto sieht so kitschig aus wie der Gypo, dem es gehört, ich möchte nicht in der Nähe davon gesehen werden!",1,1,Hassrede,0.8522863984107971
GAHD,PER_ONLY,150,"Wir freuen uns, dass das HEXWAVE-System nun im Einsatz ist und von Sicherheitspersonal wichtiger branchenführender Unternehmen aus unseren Zielbranchen bedient wird. 959772 Wir freuen uns, dass der P-REC-Markt dazu beiträgt, den Zugang zu erneuerbaren Energien in der DRK zu verbessern und das volle Potenzial der kongolesischen Gemeinden freizusetzen, sagte [PER], Präsident von Energy Peace Partners.",0,0,keine Hassrede,0.588093101978302
GAHD,PER_ONLY,151,"Ich bereue das aber auch nicht, denn ich habe diese Seite an mir nie entdeckt.“",0,0,keine Hassrede,0.9982802271842957
GAHD,PER_ONLY,152,[PER] machen mir Mut,0,0,keine Hassrede,0.9928892850875854
GAHD,PER_ONLY,153,Die beste Motivation auf dem Weg zu einem erfolgreichen Jury-Casting ist immer noch die Liebe.,0,0,keine Hassrede,0.9972819089889526
GAHD,PER_ONLY,154,"Die Dinge liefen großartig, bis das verdammte [PER] auftauchte, danke Chinks!",1,0,keine Hassrede,0.7548155784606934
GAHD,PER_ONLY,155,"Sterben Chinesen häufiger an Coronavirus? Es ist ihre eigene Schuld, den Virus verursacht zu haben",1,0,keine Hassrede,0.9172745943069458
GAHD,PER_ONLY,156,"[PER], die versuchen, Morddrohungen für uns alle zu bekommen, sprich im Code, Bruder!",1,1,Hassrede,0.8888651132583618
GAHD,PER_ONLY,157,"Es tut mir leid, dass du so ein Trottel bist",0,1,Hassrede,0.7423014044761658
GAHD,PER_ONLY,158,Frauen sollten während ihrer Menstruation zu Hause bleiben,1,0,keine Hassrede,0.9219009280204773
GAHD,PER_ONLY,159,"„Keine verdammten Nigger hier“, sagte der Barkeeper, als er sie rausschmiss, ein absoluter Held",1,0,keine Hassrede,0.9240245819091797
GAHD,PER_ONLY,160,"Wir haben ein Studio, in dem ich Lieder schreibe - allein, ohne die Anwesenheit der anderen.",0,0,keine Hassrede,0.851822018623352
GAHD,PER_ONLY,161,Leider sind Juden noch immer nicht wieder als Teil unserer Gesellschaft anerkannt.,0,0,keine Hassrede,0.8745750784873962
GAHD,PER_ONLY,162,"Nach dem Schock, den wir gerade durchmachen, müssten wir das dringend tun.",0,0,keine Hassrede,0.568244457244873
GAHD,PER_ONLY,163,"Ich bin mir ziemlich sicher, dass m0ng0l01ds Tollwut haben, weil sie mit Hunden verwandt sind",1,1,Hassrede,0.7568074464797974
GAHD,PER_ONLY,164,Diese Schweine sind verdammt ekelhaft,0,1,Hassrede,0.6350707411766052
GAHD,PER_ONLY,165,Halten sie unsere Arbeitsplätze anstatt Roboter aus dem Ausland zu importieren.,0,0,keine Hassrede,0.9327160716056824
GAHD,PER_ONLY,166,"Liebe Freunde, [PER],das Symbol des Sklaventums!",0,1,Hassrede,0.8471043109893799
GAHD,PER_ONLY,167,"Wenn man eine muslimische Putzfrau anstellt, kann man sich darauf verlassen, dass nachher alles saube ist.",0,0,keine Hassrede,0.8967996835708618
GAHD,PER_ONLY,168,Es gibt viele Ausländer die noch nie etwas sinnvolles geleistet haben,1,0,keine Hassrede,0.9063428640365601
GAHD,PER_ONLY,169,"Ich verstehe nicht, für welche Ideologie dieses Meme überhaupt ein Argument ist. Afrikaner wurden von anderen Afrikanern in die Sklaverei verkauft. Okay, Nigger? Worum geht es dir?",1,0,keine Hassrede,0.6965103149414062
GAHD,PER_ONLY,170,"Die chinesische Regierung tötete und inhaftierte 18 bis 20 CIA-Spione, nachdem sie 2018 in den privaten Server der ehemaligen Außenministerin [PER] eingedrungen war, und Sie vertrauen Ihren chinesischen Nachbarn immer noch?",1,0,keine Hassrede,0.707122266292572
GAHD,PER_ONLY,171,du bist sone schwuchtel,1,0,keine Hassrede,0.5794885754585266
GAHD,PER_ONLY,172,Camel Cowboys sind hier überall!,1,1,Hassrede,0.6335346698760986
GAHD,PER_ONLY,173,"Ich finde, übergewichtige Menschen sollten gebüsst werden.",0,0,keine Hassrede,0.6957269906997681
GAHD,PER_ONLY,174,Pakistaner sind unhöflich und dreckig lol,1,0,keine Hassrede,0.9837192296981812
GAHD,PER_ONLY,175,Wie macht man einen Juden-Hasser aus einem Christen?,0,1,Hassrede,0.546471357345581
GAHD,PER_ONLY,176,Ich kann eine muslimische Frau nicht von einem Briefkasten unterscheiden,1,0,keine Hassrede,0.957161009311676
GAHD,PER_ONLY,177,Schwuler Wahnsinn,1,1,Hassrede,0.9346659183502197
GAHD,PER_ONLY,178,"""Fick dich"", das kann man jedem Menschen sagen, wenn dieser die Grenzen des akzeptablen Umgang bei weitem überschreitet.",0,1,Hassrede,0.9009543657302856
GAHD,PER_ONLY,179,"Meine Freundin erzählte mir neulich, dass sie diesen Satz jedes Mal hört, wenn sie ihre Eltern anruft.",0,1,Hassrede,0.5232011079788208
GAHD,PER_ONLY,180,"[PER] hat sich gestern als Trans-Frau geoutet. Es fällt mir schwer, ihn ernst zu nehmen.",1,0,keine Hassrede,0.8616328835487366
GAHD,PER_ONLY,181,"Dabei habe er sie kein einziges Mal geschlagen, beteuerte er: „Mein Ziel ist die Wahrheit.",0,0,keine Hassrede,0.9964868426322937
GAHD,PER_ONLY,182,"Die Forscher stellten fest, dass kleinere Spinnen im Vergleich zu ihrer Größe schwerere Lasten tragen können.",0,0,keine Hassrede,0.8645279407501221
GAHD,PER_ONLY,183,Die Migrationspolitik unserer Länder ist ebenfalls unmenschlich.,0,0,keine Hassrede,0.7155181169509888
GAHD,PER_ONLY,184,"Dieses Land hat sich polarisiert, vor allem während Corona. Es ist ein guter Tag für Liberale, ihre abscheulichen Ansichten werden auf allen Ebenen der Gesellschaft legitimiert",0,0,keine Hassrede,0.6523429751396179
GAHD,PER_ONLY,185,Menschen mit gemischter Abstammung wie Sie sollten erschossen werden,1,0,keine Hassrede,0.5203918814659119
GAHD,PER_ONLY,186,"Wenn man die Tauben in einem Gewitter auflässt, dann ist es vorbei.",0,0,keine Hassrede,0.9728060960769653
GAHD,PER_ONLY,187,"Nun ja, mit den Jids stimmt wirklich etwas nicht!! Fällt sonst noch jemandem auf, wie sie anscheinend alles laufen lassen? Es ist nicht meine Schuld, dass ich das gesehen habe und denke, dass mit den [PER] etwas nicht stimmt. Ich muss die Nachricht verbreiten, weil etwas nicht stimmt",1,0,keine Hassrede,0.8134439587593079
GAHD,PER_ONLY,188,"Was zum Teufel stimmt mit deinen Leuten nicht? Das ist eine ernste Frage. Wenn ein Ureinwohner eine Ausbildung machen und einen Job bekommen möchte, tut die Regierung alles, um dies zu ermöglichen. Wie kommt es also, dass so viele von ihnen völlige Versager sind?",1,0,keine Hassrede,0.9916459918022156
GAHD,PER_ONLY,189,Früher hatte man Sex. Heute hat man sexuelle Belästigung. Frauen sind Schuld daran,1,0,keine Hassrede,0.8158238530158997
GAHD,PER_ONLY,190,"Ja, Frauen können einsam sein. Hübsche Frauen können einsam sein. Frauen können von der „Aufmerksamkeit“ von 20 Männern umgeben sein und trotzdem einsam sein. Hinweis: Denn in den meisten Fällen handelt es sich nicht um echte Aufmerksamkeit. Es ist flüchtig, vorübergehend, leer und unbegründet. Es wird weg sein. Sehr bald. Vielleicht bis zum Ende der Nacht.",0,0,keine Hassrede,0.7768876552581787
GAHD,PER_ONLY,191,"Nach dem System des „koreanischen Alters“, das in informellen Situationen angewendet wird, gelten Babys am Tag ihrer Geburt als ein Jahr alt, jährlich am 1. Januar wird ein Jahr hinzugefügt.",0,0,keine Hassrede,0.8684555888175964
GAHD,PER_ONLY,192,"Das britische Volk sollte das Recht auf soziale Wohnungen haben, nicht auf Einwanderer.",1,0,keine Hassrede,0.9963314533233643
GAHD,PER_ONLY,193,Bahn stellt Betrieb ein!,0,0,keine Hassrede,0.7702584862709045
GAHD,PER_ONLY,194,"Die Menschen in dieser Gegend scheinen viel fröhlicher zu sein als dort, wo ich früher gelebt habe, man merkt, dass es dort weniger Nicht-Weiße gibt",1,0,keine Hassrede,0.8571687340736389
GAHD,PER_ONLY,195,"Die Zivilisten, die sein Auto reparieren sollten, hatten einfach nur Pech.",0,0,keine Hassrede,0.989454984664917
GAHD,PER_ONLY,196,"Erinnern. Der Waschbär in deinem Gesicht ist ein leerer Schauspieler und du stehst offen vor der Kamera. Die Person, die Sie angreift, ist ein minderwertiger, drittklassiger Spieler, der von [PER] darauf trainiert wurde, für einen versteckten Kameramann eine reflexartige Reaktion aus Ihnen herauszuholen. Aber der Affe in deinem Gesicht, der dich anbrüllt und bedroht, ist keine mit Stroh gefüllte Marionette mit Holzkopf. Wenn er die Waffe in Ihre Nähe bringt, müssen Sie vorsichtig auf den Affen schießen.",1,0,keine Hassrede,0.8906883001327515
GAHD,PER_ONLY,197,"Ich hoffe, dass die Afro-Affen eines Tages aussterben, damit die Welt verstehen kann, wie schlimm dieses Artensterben wirklich ist. Schließlich handelt es sich um ein kurzes Glied in der Evolutionskette vom Affen zum Menschen",1,0,keine Hassrede,0.9129850268363953
GAHD,PER_ONLY,198,"Darüber hinaus bringen die Ärzte eine enorme zusätzliche Sicherheit im Einsatz, vor allem dann, wenn es körperlich anstrengend wird.",0,0,keine Hassrede,0.9372663497924805
GAHD,PER_ONLY,199,"Verdammte Touristen sollten davon absehen, in dieses Land zu kommen. Sie sind das Virus und wollen jetzt hierher kommen und noch mehr Covid verbreiten? Gib mir eine Pausekkkkkk",0,1,Hassrede,0.6697617769241333
GAHD,ORG_ONLY,0,Diese Bank ist ein Abschaum,0,1,Hassrede,0.9420561790466309
GAHD,ORG_ONLY,1,"Ich höre nie wirklich etwas über Juden in Deutschland, weder positiv noch negativ, außer wenn Nazis etwas tun oder in Israel etwas passiert. Scheint, als hätte das Holo seine Magie gewirkt und sie endgültig losgeworden",1,0,keine Hassrede,0.9728104472160339
GAHD,ORG_ONLY,2,"Ich mag Menschen in anderen Farben, besonders die, die vom Islam weggeworfen wurden",0,0,keine Hassrede,0.997011125087738
GAHD,ORG_ONLY,3,"Nein, der einzige Zurückgebliebene hier bist (Du), Fagtron",1,0,keine Hassrede,0.5256204605102539
GAHD,ORG_ONLY,4,"In Kombination mit der Tatsache, dass die meisten dieser Gangmitglieder junge, geile und sehr aggressive Männer sind, die den ganzen Tag nichts anderes zu tun haben, als ruhelos in unserer netten Nachbarschaft herumzulungern, denke ich, dass etwas getan werden muss",0,0,keine Hassrede,0.8322950005531311
GAHD,ORG_ONLY,5,aach diese schwuletten gehen mir jetzt richtig auf die Nerven,1,1,Hassrede,0.9925323724746704
GAHD,ORG_ONLY,6,Juden AREEEE ALWAYSss WEEELCOMEee,0,0,keine Hassrede,0.998403012752533
GAHD,ORG_ONLY,7,"Bitte tun Sie nicht so, als hätten wir kein Problem mit Einwanderern",1,0,keine Hassrede,0.9978683590888977
GAHD,ORG_ONLY,8,"Der teurere Strom wird in der Tat schmerzhaft sein für eine Volkswirtschaft, die nach den Prognosen des [ORG] ([ORG]) im nächsten Jahr von den G7-Ländern am stärksten schrumpfen wird.",0,1,Hassrede,0.5044500231742859
GAHD,ORG_ONLY,9,"Frauen werden von vielen sehr gehasst, darum verstehe ich es dass sie sich dagegen wehren.",0,1,Hassrede,0.7418596148490906
GAHD,ORG_ONLY,10,"Asylsuchende als Schmarotzer und Kriminelle abzustempeln ist nicht richtig, die dürfen ja gar nicht arbeiten.",0,0,keine Hassrede,0.9979773163795471
GAHD,ORG_ONLY,11,Standardmässig liegen diese Fertigkeiten auf der linken Maustaste. Aber die rechte Maustaste hat trotzdem viel mehr Funktionen und Nutzen. Das ist etwa so wie auf dem politischen Spektrum,0,0,keine Hassrede,0.7156750559806824
GAHD,ORG_ONLY,12,"Mach deinen Schwanz niemals verrückt, und alle Frauen sind verrückt, manche verstecken es einfach gut. Das ist das Problem!",1,0,keine Hassrede,0.9869199395179749
GAHD,ORG_ONLY,13,"Ein Kind mit Downsyndrom würde ich abtreiben lassen. Wieso die Mühe machen und so dumme, hässliche Kinder erziehen ahahaha",1,0,keine Hassrede,0.7342153787612915
GAHD,ORG_ONLY,14,"Frauen wurden in den Haushalt verbannt, aus dem öffentlichen Leben sind sie verschwunden.",0,0,keine Hassrede,0.7996835112571716
GAHD,ORG_ONLY,15,"Die Muselmänner sind ein Haufen hirnloser Idioten, erschiess sie jetzt.",1,1,Hassrede,0.8585807085037231
GAHD,ORG_ONLY,16,Immer dieser Hass gegen Muslime. Als ob alle Christen Unschuldslämmer sind,0,1,Hassrede,0.9962560534477234
GAHD,ORG_ONLY,17,"Anarchisten sind sinnlose, abscheuliche Menschen, der verdammte Abschaum der Welt",0,0,keine Hassrede,0.60324627161026
GAHD,ORG_ONLY,18,"Ich mag weiss einfach mehr als schwarz. Die Farbe, der Pfeffer, die Schafe... auch Zähne sind besser weiss, nur verkohltes Essen ist schwarz, der Tag ist angenehmer als die Nacht... Bei Menschen ist es genauso: [ORG] >>>>>>>>>>>>>>>>>>>>> schwarz",1,0,keine Hassrede,0.8549720048904419
GAHD,ORG_ONLY,19,"Was für verdammte Drogen nimmt diese Freak-Frau?!? Wer macht das verdammt noch mal? [ORG]? Das muss ein Witz sein. Wie schafft man es einfach, die Zone zu verlassen, so wie!!! Ich muss das verstehen, aber gleichzeitig möchte ich das nicht verstehen ... FRAU ... GEHEN SIE ZUM Therapeuten!",0,0,keine Hassrede,0.9518042206764221
GAHD,ORG_ONLY,20,"Die Zuversicht ist, dass Wunder möglich sind, dass es in der Geschichte schnell gehen kann.",0,0,keine Hassrede,0.9659127593040466
GAHD,ORG_ONLY,21,Muslime sollten aus der [ORG] ausgeschlossen werden,1,0,keine Hassrede,0.6387863755226135
GAHD,ORG_ONLY,22,"Wenn du ein Buddhist bist, bist du weniger wert als Dreck",1,0,keine Hassrede,0.9299095869064331
GAHD,ORG_ONLY,23,"Wenn dieser Anti-Schwarze-Kriminelle klug genug ist, seinen Arsch in dieses Land zu bringen, ist er kompetent genug, um für seine Taten zur Verantwortung gezogen zu werden.",0,1,Hassrede,0.9060124158859253
GAHD,ORG_ONLY,24,Koshies sind nur für einen Zweck nützlich: für die Herstellung von Seife!,1,0,keine Hassrede,0.9757258296012878
GAHD,ORG_ONLY,25,"Ukrainer:innen, die in die Schweiz kommen, können in einem vereinfachten Verfahren eine Arbeitsbewilligung erhalten. Nicht sooo nice.. Hätte man liebe ausser landes gehalten",1,0,keine Hassrede,0.860491156578064
GAHD,ORG_ONLY,26,"Morgen wunderschöne Mulatten, Zeit zum Knochen",1,1,Hassrede,0.6492675542831421
GAHD,ORG_ONLY,27,Männer mit einem kleinen Glied haben automatisch auch einen geringeren Wert,0,0,keine Hassrede,0.9148045778274536
GAHD,ORG_ONLY,28,"Er hat jetzt neue Audio-Settings, die jeder ausprobieren sollte, um nicht mehr überrascht zu werden.",0,0,keine Hassrede,0.8890531659126282
GAHD,ORG_ONLY,29,"Dieses vierte Viertel macht uns Mut, wenn du ein gutes Team bist, dann kommst du auch nach Niederlagen zurück und das ist die Stimmung gerade.",0,0,keine Hassrede,0.9863526821136475
GAHD,ORG_ONLY,30,Müsste man letztlich schon die Ukrainer selber fragen. Sie offensichtlich wollen nicht unter russischer Herrschaft sein.,0,0,keine Hassrede,0.9400508999824524
GAHD,ORG_ONLY,31,Die ganzen Geringverdiener sollen sich zusammenreissen und mehr arbeiten oder weiter trockenes Brot fressen,1,0,keine Hassrede,0.6742494702339172
GAHD,ORG_ONLY,32,koreatourism Zur Hölle mit den Koreanern!,1,1,Hassrede,0.9095284938812256
GAHD,ORG_ONLY,33,"Ob sie das denkt? Sie war im wahrsten Sinne des Wortes mit jemandem verheiratet, der ihr die verdammte Welt geschenkt hat, und als es hart auf hart kam, hat sie es vermasselt und ist auf Kaution gegangen ... typische Frau ... Männer wollen definitiv nicht finanziell für die Kinder verantwortlich sein, deren Vater auf dem Bild ist. (Es ist ein ungeschriebener Bro-Code) Mädchen, geh runter von deinem verdammten Arsch",1,0,keine Hassrede,0.7774890661239624
GAHD,ORG_ONLY,34,Aktivisten und Aktivistinnen kritisieren [ORG] wegen Lobby-Arbeit.,0,1,Hassrede,0.5132918357849121
GAHD,ORG_ONLY,35,Ich habe meinen Job wegen dieser verdammten Pandemie verloren,0,1,Hassrede,0.6293410062789917
GAHD,ORG_ONLY,36,"Seltsam, wie selbst die gehirngewaschensten und „fortschrittlichsten“ Typen es in einer winzigen Sekunde aufgeben, mit einer Transe auszugehen.",1,0,keine Hassrede,0.7596954703330994
GAHD,ORG_ONLY,37,"Sie ist furchtbar monströs, weil sie ihr Gehör über sich herrschen lässt und den Rat ihres Mannes nicht befolgt. Die Männchen wissen es besser. Frauen können denken, und viele sind gute Denker, aber sie können unter Druck keine Entscheidungen treffen",1,0,keine Hassrede,0.7671001553535461
GAHD,ORG_ONLY,38,Der Begriff „Kikes“ sollte anstelle des beschreibenden Begriffs „Juden“ verwendet werden,1,0,keine Hassrede,0.7235887050628662
GAHD,ORG_ONLY,39,Die Familie war so freundlich und gab ihm eine.,0,0,keine Hassrede,0.9977380633354187
GAHD,ORG_ONLY,40,"Bl4ck m0nk3ys sind weniger schlau als Pferde, oder ich bin der Kaiser von China",1,0,keine Hassrede,0.8285911083221436
GAHD,ORG_ONLY,41,Sind die »Gentleminions« wirklich so schlimm?,0,0,keine Hassrede,0.9646406173706055
GAHD,ORG_ONLY,42,"Die ganze Welt war voller Ehrfurcht vor dem behinderten Mann mit einem Doktortitel und drei Master-Abschlüssen, der beweist, dass man selbst als Zurückgebliebenes ein Stück Papier bekommen kann, wenn man genügend Studiengebühren zahlt",1,0,keine Hassrede,0.7915619015693665
GAHD,ORG_ONLY,43,Die [ORG] sollten weniger Chinesen zulassen. Sie werden Schweizer Innovation zurück nach China bringen und unsere Wirtschaft zerstören.,1,0,keine Hassrede,0.8777994513511658
GAHD,ORG_ONLY,44,"Seine Geschichte hat mit einem anderen Schiff zu tun, das heute den Kern eines weltbekannten Museums bildet.",0,0,keine Hassrede,0.7448244094848633
GAHD,ORG_ONLY,45,"Ich würde es lieben, mit zwei oder drei Toren hier zu sitzen.",0,0,keine Hassrede,0.8204793334007263
GAHD,ORG_ONLY,46,"Ihre unerschütterliche Anmut und Würde blieben ihr ganzes Leben lang über und sind jetzt ihr ewiges Vermächtnis“, schrieb Harry in einer Mitteilung, die am Montag auf der Seite seiner [ORG] veröffentlicht wurde.",0,0,keine Hassrede,0.5747932195663452
GAHD,ORG_ONLY,47,"Ich habe die Bedeutung eines Kompliments danach geordnet, wer es macht, vom grössten zum am wenigsten echten (in meiner persönlichen Erfahrung): 1. Kinder 2. Alte Leute 3. Schwule Männer 4. Betrunkene Mädchen, die man auf der Toilette trifft 5. Zufällige Frauen auf der Strasse 6. Ihr Geschwister 7. Deine Freunde 8. Deine Mutter",0,0,keine Hassrede,0.970866322517395
GAHD,ORG_ONLY,48,Hier wurde das Untergewand mit einer Scheibenfibel an der Brust verschlossen.,0,0,keine Hassrede,0.8717452883720398
GAHD,ORG_ONLY,49,"Also ja, es gab eine Zeit, in der ich nicht wusste, wie die Zukunft aussieht.",0,0,keine Hassrede,0.6546769738197327
GAHD,ORG_ONLY,50,[ORG] belasten öffentliche Dienste.,0,0,keine Hassrede,0.9105938673019409
GAHD,ORG_ONLY,51,Dimensionen: Mit Bubikopf am Steuer Die neue Frau der 1920er-Jahre.,0,0,keine Hassrede,0.8966298699378967
GAHD,ORG_ONLY,52,"Männern wird beigebracht, Frauen nicht zu schlagen, und das ist dann auch schon alles. Wir müssen Frauen also nicht gleich behandeln oder respektieren, wenn wir jemals von einer abgelehnt werden.",1,0,keine Hassrede,0.9912300109863281
GAHD,ORG_ONLY,53,Wäre ich der Präsident hier dann würde ich alle Mongos auf eine Insel schicken,1,0,keine Hassrede,0.6087719202041626
GAHD,ORG_ONLY,54,"Ein Freund erzählte mir, sein Nachbar sein ein Afrikaner.",0,0,keine Hassrede,0.5517849922180176
GAHD,ORG_ONLY,55,"Wie nennt man einen Schwarzen, der viele weisse Freunde hat? - Mr President.",0,0,keine Hassrede,0.941699743270874
GAHD,ORG_ONLY,56,"Ostindische Menschen sitzen in einer anderen Haltung als westliche Menschen und das zeigt nur, wie seltsam sie sind",1,0,keine Hassrede,0.9724069833755493
GAHD,ORG_ONLY,57,"Wenn ich Mangos sehe, muss ich fast kotzen. Dasselbe, wenn ich das ""M"" in ""Mango"" mit einem ""Or"" vertausche und das ""o"" mit einem ""e""",0,1,Hassrede,0.6488181352615356
GAHD,ORG_ONLY,58,"Sie lässt keinen Zweifel daran, dass sie ihren eigenen Kopf und viel Herz hat.",0,0,keine Hassrede,0.96795654296875
GAHD,ORG_ONLY,59,"Alte, alberne Kojoten sollten hier nicht erlaubt sein.",0,0,keine Hassrede,0.7577000856399536
GAHD,ORG_ONLY,60,"Trauben sind einer der Gründe, warum die Welt scheiße ist",0,1,Hassrede,0.6108797788619995
GAHD,ORG_ONLY,61,"Sie sind ärmer als der Durchschnitt, sie sterben früher als die anderen, und sie haben keine Kinder.",0,0,keine Hassrede,0.6627249717712402
GAHD,ORG_ONLY,62,Staffies sind eine gefährliche Rasse und sollten verboten werden,0,1,Hassrede,0.7903420329093933
GAHD,ORG_ONLY,63,"Der Ursprung des amerikanischen Apfelkuchens ist in England zu finden, wo im Jahr 1381 das erste gedruckte Rezept erschien.",0,0,keine Hassrede,0.6267640590667725
GAHD,ORG_ONLY,64,"Schweine sind eklige Tiere, nur für Würstchen geeignet",0,0,keine Hassrede,0.8814846277236938
GAHD,ORG_ONLY,65,Der griechische Flüchtlingsrat muss zerstört werden,0,1,Hassrede,0.5652037858963013
GAHD,ORG_ONLY,66,"Ich verurteile Aussagen wie diese hier: ""Den Juden sollte man allen das Leben nehmen""",0,0,keine Hassrede,0.6220879554748535
GAHD,ORG_ONLY,67,"Die Vorstellung, alle Frauen brennen zu sehen, macht mir Angst!!",0,1,Hassrede,0.7267224788665771
GAHD,ORG_ONLY,68,"Denke nie, dass ein Afrikaner verdammt würdig ist!",1,0,keine Hassrede,0.9863981008529663
GAHD,ORG_ONLY,69,"Ich habe nicht genug Geld, um mir weiterhin eine Fahrstunde bei dieser Lehrerin leisten zu können, außerdem ist sie nicht die beste Person, um mich zu unterrichten, da Frauen und Autofahren keine gute Kombination sind",1,0,keine Hassrede,0.8700883984565735
GAHD,ORG_ONLY,70,"Zwar gibt es in der IT-Branche einige erfolgreiche und berühmte Frauen, doch ihr Bekanntheitsgrad hält sich leider oft in Grenzen.",0,0,keine Hassrede,0.772842288017273
GAHD,ORG_ONLY,71,Jeder über 100kg sollte ein gratis-Abo fürs Fitnesstudio bekommen. Fettheit muss man eliminieren,0,0,keine Hassrede,0.8817822933197021
GAHD,ORG_ONLY,72,Die Juden sind so unglaublich wütend,1,1,Hassrede,0.9433276653289795
GAHD,ORG_ONLY,73,Zumal der Cappuccino schon vor [ORG] im Vergleich zu Südeuropa viel zu teuer war.,0,0,keine Hassrede,0.9440571665763855
GAHD,ORG_ONLY,74,"Auch wenn wir in diesem Jahr schon ein sehr gutes Value-Jahr hatten, sollte sich der Trend weiter fortsetzen - jedoch weniger spektakulär.",0,0,keine Hassrede,0.878467321395874
GAHD,ORG_ONLY,75,"Meine beste Freundin, die von Hindus abstammt, schwört auf Schwarzbrot gegen üble Kopfschmerzen.",0,0,keine Hassrede,0.9271417260169983
GAHD,ORG_ONLY,76,"Wir hatten einen Mega-Start, aber der Typ weiß nur, wie man von Platz 1 startet und fährt.“",0,0,keine Hassrede,0.936766505241394
GAHD,ORG_ONLY,77,"Dies ist eine magische, magische Zeit in Ihrer Welt.",0,0,keine Hassrede,0.9721642732620239
GAHD,ORG_ONLY,78,"Die meisten Leute hier sind rückständig und denken, Frauen seien Schlampen. Sie wollen nur einen Schwanz und einen Mann, den sie ausnutzen können.",0,1,Hassrede,0.6147023439407349
GAHD,ORG_ONLY,79,Über 50'000 Menschen sind seit Kriegsausbruch nach Armenien geflohen. Hoffentlich folgt ihnen der Krieg dahin und macht gleich das ganze Land dem Erdboden gleich,1,0,keine Hassrede,0.8062311410903931
GAHD,ORG_ONLY,80,"Als die Hacker-Gruppe Conti am Wochenende ihre uneingeschränkte Unterstützung des russischen Angriffs in der Ukraine verkündete, war das eine klare Drohung.",0,1,Hassrede,0.9738507866859436
GAHD,ORG_ONLY,81,"Zweitens könnte er Massenvernichtungswaffen einsetzen, in der Hoffnung, dass dies die Ukrainer zum Rückzug zwingen würde.",0,1,Hassrede,0.5096800327301025
GAHD,ORG_ONLY,82,"Ihre Nase ist riesig. Ich bin froh, dass Sie jetzt auf der Seite der Juden stehen, wenn es um den Kampf gegen diese Oberherren geht",1,1,Hassrede,0.687809944152832
GAHD,ORG_ONLY,83,Luka Modric sieht aus wie eine HExe,0,0,keine Hassrede,0.5578221082687378
GAHD,ORG_ONLY,84,"Ich habe wenig Lust, aktiv die Übergewichtigen zu unterstützen. Unterstützen sie denn mich?? Ne",0,0,keine Hassrede,0.9560083150863647
GAHD,ORG_ONLY,85,"Hallo Leute, aufregende Neuigkeiten. Es gibt ein neues Studio, das wirklich coole Sachen mit Vore POV macht. Es ist schade, dass sie Nigger-Interna verwenden, aber der Schnitt ist wahnsinnig gut, und ich glaube, sie haben einmal 3D gemacht, ich bin mir nicht sicher",1,0,keine Hassrede,0.9470633864402771
GAHD,ORG_ONLY,86,"Erdogan ist verantwortlich für so viele ermordete Kurden, er sollte dafür verantwortlich gemacht werden!!!",0,1,Hassrede,0.7709165215492249
GAHD,ORG_ONLY,87,Wieso Mindestlohn? Weil es nicht fair ist wenn sich manche für einen Hungerslohn abrackern müssen.,0,0,keine Hassrede,0.79765784740448
GAHD,ORG_ONLY,88,Juden verehren Satan und wollen alle weissen Männer vernichten.,1,1,Hassrede,0.9929074048995972
GAHD,ORG_ONLY,89,"„Sie, Sir, sind vielleicht vom Affen abstammen, ich aber ganz sicher nicht!“ General George Pickett im Film Gettysburg. Jeder Mensch sollte in der Lage sein zu erkennen, dass weisse Männer wie der das fehlende Glied sind, nach dem Darwin gesucht hat",0,1,Hassrede,0.5118141174316406
GAHD,ORG_ONLY,90,"Wir haben lange mit jemandem telefoniert, aber schließlich bekamen wir auf der Grundlage einer Geburts- und einer Heiratsurkunde Ausreisestempel.",0,0,keine Hassrede,0.8880829215049744
GAHD,ORG_ONLY,91,"Von Frauen wird erwartet, dass sie Menschen besser verstehen, aber wenn man versucht, sie wie Erwachsene zu behandeln, stellt man fest, dass sie nur egozentrisch und voller kognitiver Dissonanz sind.",1,0,keine Hassrede,0.8175333738327026
GAHD,ORG_ONLY,92,"Wollen Sie mir damit sagen, dass die schwarzen New Yorker aufgeweckten Fotzen nicht ständig „Vielfalt und Bereicherung“ erzwingen?",1,0,keine Hassrede,0.9750583171844482
GAHD,ORG_ONLY,93,"Diese beschissene Foundation im Nigger-Ton ist einer der Gründe, warum mein Make-up heute so beschissen aussieht",1,1,Hassrede,0.8773590922355652
GAHD,ORG_ONLY,94,"Ich hoffe, dass Transsexuelle aus unseren Gesellschaften ausgeschlossen werden können.",1,0,keine Hassrede,0.5509050488471985
GAHD,ORG_ONLY,95,"Es gibt eine Menge Leute, die die Flüchtlinge nicht gerade mögen. Ein großer Teil meiner Familie lebt beispielsweise in Ungarn auf einem kleinen Bauernhof, der im Wesentlichen von Flüchtlingen geplündert wurde. Ich bezweifle, dass jemand aus meiner Familie viele freundliche Worte für die Mehrheit der Flüchtlinge übrig hat, die sich derzeit in diesem Land aufhalten. Ich schätze, dass es auf Reddit ziemlich viele Leute gibt, die ähnliche Meinungen haben, daher stimmen sie Menschen, die Flüchtlinge unterstützen, ab. Ich bin dafür, Hilfe zu schicken und zu tun, was die Regierung tun kann, um im Rahmen des Zumutbaren zu helfen. Für mich und viele andere Studenten ist das ein kleiner Schlag ins Gesicht, wenn man sieht, wie all diese jungen Bürger mit lähmenden Schulden zu kämpfen haben und ein Flüchtling nur sagen muss: „Ja, ich werde in deiner Stadt leben“ und boom. Kostenlose Bildung.",1,0,keine Hassrede,0.7946317791938782
GAHD,ORG_ONLY,96,Joghurts sind alle doof!,0,0,keine Hassrede,0.642991840839386
GAHD,ORG_ONLY,97,Klima-Aktivisten in Eclépens VD fällen Bäume für Barrikaden,0,0,keine Hassrede,0.8600762486457825
GAHD,ORG_ONLY,98,Ich kann den Unterschied zwischen einer muslimischen Frau und einem Briefkasten erkennen: Letzterer leistet zumindest einen Beitrag zur Gesellschaft,1,0,keine Hassrede,0.9774608016014099
GAHD,ORG_ONLY,99,"Peta sind ein Haufen verdammter Nörgler, ich verachte jeden Einzelnen von ihnen. Sie kümmern sich mehr um Tiere als um Menschen",0,1,Hassrede,0.8514187932014465
GAHD,ORG_ONLY,100,"Ein Anwohner in Montecito sagte gegenüber dem Blatt: „Es riecht wie Innereien, die in der Sonne verrottet sind.",0,1,Hassrede,0.66383296251297
GAHD,ORG_ONLY,101,[ORG] gibt es tatsächlich! Blödmann,0,0,keine Hassrede,0.9271585941314697
GAHD,ORG_ONLY,102,Das deutsche Volk muss sterben,1,1,Hassrede,0.5745440125465393
GAHD,ORG_ONLY,103,Ali Babas sind nicht schön anzusehen,1,0,keine Hassrede,0.9241149425506592
GAHD,ORG_ONLY,104,"In der Klasse meines Sohnes gibt es ein Kind mit besonderen Bedürfnissen, das ständig andere schlägt. Sie sollten alle zusammen in Sonderschulen untergebracht werden, damit sie die normalen Kinder nicht beeinträchtigen",1,0,keine Hassrede,0.8683857321739197
GAHD,ORG_ONLY,105,"Faisal ist eine trans Frau, also ein Mann",1,0,keine Hassrede,0.9295633435249329
GAHD,ORG_ONLY,106,"Es gibt keine ethische Almosenrichtlinie! Versuchen Sie alles, was Sie wollen, aber die Schwarzen werden bezahlt, während die Weißen bei der Arbeit sterben",1,0,keine Hassrede,0.9576340317726135
GAHD,ORG_ONLY,107,"Diese Staffel von Black Mirror ist totaler Quatsch und dem Rest der Serie völlig unterlegen, die Plot twists waren total schwach. Einziger Lichtblock war, dass sie mehr schwarze Schauspieler hatten.",0,0,keine Hassrede,0.7015403509140015
GAHD,ORG_ONLY,108,Aber es gibt eine ganze Reihe dieser Nicht-Nationals.,0,0,keine Hassrede,0.8888332843780518
GAHD,ORG_ONLY,109,"Eine Sache, die ich im Leben gelernt habe, ist, dass man seine Nachbarn niemals als Schweine bezeichnen sollte. Nichts ist schlimmer, als eine Ratte zu sein. Es wird Sie vernichten und Sie müssen immer und überall auf der Hut sein.",0,0,keine Hassrede,0.9964459538459778
GAHD,ORG_ONLY,110,"Eine unfruchtbare Frau darf keinen Mann heiraten, da dies unfair ist",1,0,keine Hassrede,0.9941691160202026
GAHD,ORG_ONLY,111,"In der Öffentlichkeit habe ich zufällig jemanden sagen hören, Juden seien alle Dreckssäcke. Ich möchte mit dieser Person befreundet sein.",1,0,keine Hassrede,0.9487938284873962
GAHD,ORG_ONLY,112,"Ich kann mir gut vorstellen, dass noch viel mehr Flüchtlinge unter der Hand des Staates leiden und sterben",1,0,keine Hassrede,0.6625170707702637
GAHD,ORG_ONLY,113,"Hey, das Outfit hatte einfach die besten Stats.",0,0,keine Hassrede,0.9809963703155518
GAHD,ORG_ONLY,114,Je nach Fahrtrichtung ist der jeweilige Führerstand zu benutzen.,0,0,keine Hassrede,0.8685564398765564
GAHD,ORG_ONLY,115,"Kinder, die sich als transsexuell identifizieren, müssen lange warten, bevor sie sich eine medizinische Transition unterziehen dürfen. Diese Transitionen sind teilweise reversibel, was viele Leute nicht wissen. Informiert euch darüber, bevor ihr Fehlinformation verbreitet!",0,0,keine Hassrede,0.8165353536605835
GAHD,ORG_ONLY,116,"Frauen brauchen einen Mann, der sie führt",1,0,keine Hassrede,0.9854142665863037
GAHD,ORG_ONLY,117,"Er zieht die Packung [ORG] aus der Tasche und zeigt, dass Not und Großzügigkeit kein Widerspruch sind: ""Hier, nimm es.",0,0,keine Hassrede,0.9984986186027527
GAHD,ORG_ONLY,118,"Die Schriftstellerin, ihr Film und ein glücklicher Zufall von Hong Sangsoo wird ordentlich Makgeolli getrunken, so viel, dass eine junge Schauspielerin sogar eine Weile bei Tisch einschläft.",0,0,keine Hassrede,0.8729017972946167
GAHD,ORG_ONLY,119,"Das ist so offensichtlich, dass nicht einmal mehr linke Mainstream-Medien die importierte islamische Bedrohung für Juden in Deutschland verschweigen können.",1,1,Hassrede,0.939846932888031
GAHD,ORG_ONLY,120,Heute spielen wir einmal verkehrte Welt. Alle Menschen sind gleichwertig,0,0,keine Hassrede,0.9934074282646179
GAHD,ORG_ONLY,121,Wobei die Herkunft als Enkel von einer Indianerin und sieben kriminellen Spaniöggels gentechnisch betrachtet sicherlich auch eine Rolle spielt.,1,0,keine Hassrede,0.755341649055481
GAHD,ORG_ONLY,122,"Politiker sind Idioten, können nicht mal richtig beim Ausländerproblem durchgreifen",1,0,keine Hassrede,0.9138112664222717
GAHD,ORG_ONLY,123,Pakistani Familien haben oft mehr als zwei Kinder.,0,0,keine Hassrede,0.8742498755455017
GAHD,ORG_ONLY,124,"Gescheit, das heißt für die Puristin: vom Meeresspiegel bis zum Gipfel, und zwar ohne Sauerstoff.",0,1,Hassrede,0.5698805451393127
GAHD,ORG_ONLY,125,"Da FaceTime direkt in die App integriert ist, können Benutzer einen FaceTime-Anruf innerhalb von Freeform starten, indem sie auf die Schaltfläche für die Zusammenarbeit oben rechts auf dem Bildschirm tippen.",0,0,keine Hassrede,0.8117600679397583
GAHD,ORG_ONLY,126,Mädel spricht ein Walross.,0,1,Hassrede,0.9719921350479126
GAHD,ORG_ONLY,127,Wenn ich ein Geringverdiener wäre würde ich mich schämen. Diese Leute haben aber einfach keine Ehre mehr und sind zu bescheuert um Scham zu verspüren,1,0,keine Hassrede,0.9539046287536621
GAHD,ORG_ONLY,128,"Sie wissen zum Beispiel, dass die hohen Drogenkriminalitätsraten von Südasiaten in der Gegend von Vancouver kein Rätsel sind. Es sind halt Asiaten, die haben das im Blut",1,0,keine Hassrede,0.7945927977561951
GAHD,ORG_ONLY,129,"Ich klopfe mit Freunden dumme Sprüche, gehe ein paar Fische fangen, und wenn es sein muss, bin ich auch bis vier Uhr morgens in einem Technokeller an der Langstrasse.",0,0,keine Hassrede,0.9435694813728333
GAHD,ORG_ONLY,130,wie naiv bist du eigentlich? träum weiter du Nazi,0,1,Hassrede,0.9788178205490112
GAHD,ORG_ONLY,131,"Diese Idee, alle Menschen aus Korea zu verbrennen ... Was wäre, wenn das [ORG] einfach das ganze Land mit verbrannter Erde angreifen würde?",1,1,Hassrede,0.7611373662948608
GAHD,ORG_ONLY,132,Die [ORG] heute ist vielfältiger als noch vor 100 Jahren.,0,0,keine Hassrede,0.9496512413024902
GAHD,ORG_ONLY,133,Eine der häufigsten Eigenschaften von Flüchtlingen ist ihre Zielstrebigkeit. So sind sie hier.,0,0,keine Hassrede,0.7110189199447632
GAHD,ORG_ONLY,134,Behinderte ruinieren die britische Kultur,1,0,keine Hassrede,0.9222022891044617
GAHD,ORG_ONLY,135,"Ich wünschte wirklich, jeder würde Pädophile totschlagen",0,1,Hassrede,0.6749933362007141
GAHD,ORG_ONLY,136,"Unsere Vorfahren haben Jahrhunderte daran gearbeitet, deshalb sollte sie uns mehr wert sein.",0,0,keine Hassrede,0.952985405921936
GAHD,ORG_ONLY,137,Abschiebung. Die beste Lösung.,0,0,keine Hassrede,0.6876441240310669
GAHD,ORG_ONLY,138,"Niemand käme auf die Idee, dass Weiss mehr strahlt, wenn man es mit Schwarz mischt. Für Menschen gilt das auch.",1,0,keine Hassrede,0.9264600276947021
GAHD,ORG_ONLY,139,"Trannies können mir gar nicht sagen, wie ich zu reden habe. Wenn sie echte Frauen sind, warum macht es sie dann so wütend, wenn ich sie auf ihr biologisches Geschlecht aufmerksam mache?",1,0,keine Hassrede,0.9043509364128113
GAHD,ORG_ONLY,140,Wir müssen schwarze Menschen aus der Gesellschaft ausschließen,1,1,Hassrede,0.619813859462738
GAHD,ORG_ONLY,141,Demokratie ist eine verkleidete Tyrannei,0,0,keine Hassrede,0.7429659962654114
GAHD,ORG_ONLY,142,Sicherlich faseln die deutschen Neueinwanderer nun wieder vom “harmlosen Hanf der doch keiner Fliege was zuleide tun könne”.,0,0,keine Hassrede,0.5851908326148987
GAHD,ORG_ONLY,143,"Mein Ziel ist es, dass wir jeden angreifen, der sich nicht an die britischen Werte halten kann, sagte der [ORG] Sympathisant",0,1,Hassrede,0.8542405962944031
GAHD,ORG_ONLY,144,Wenn ich einen Mongo sehe würde ich ihm am liebsten die Fresse polieren,1,0,keine Hassrede,0.601876437664032
GAHD,ORG_ONLY,145,"Österreich würde hier gemeinsam mit [ORG] und [ORG] einen Wirtschaftskrieg führen und ""in der Mentalität eines islamistischen Selbstmordattentäters"" agieren.",0,1,Hassrede,0.9522066712379456
GAHD,ORG_ONLY,146,Die ganze refugeeswelcome scheisse geht mir auf den Sack. Das wird der Anfang vom Ende sein,1,1,Hassrede,0.9583267569541931
GAHD,ORG_ONLY,147,"Das Vereinigte Königreich ist reich an Geschichte. Allerdings gibt es hier zu viele Chinesen, so dass ich befürchte, dass sie eines Tages sogar die königliche Familie infiltrieren werden.",1,0,keine Hassrede,0.8650461435317993
GAHD,ORG_ONLY,148,"Aber selbst wenn ich mich als Indianer verkleidet hätte, hätte ich mich nicht „schuldig“ gemacht.",0,0,keine Hassrede,0.997600257396698
GAHD,ORG_ONLY,149,"Das Auto sieht so kitschig aus wie der Gypo, dem es gehört, ich möchte nicht in der Nähe davon gesehen werden!",1,1,Hassrede,0.8522863984107971
GAHD,ORG_ONLY,150,"Wir freuen uns, dass das HEXWAVE-System nun im Einsatz ist und von Sicherheitspersonal wichtiger branchenführender Unternehmen aus unseren Zielbranchen bedient wird. 959772 Wir freuen uns, dass der P-REC-Markt dazu beiträgt, den Zugang zu erneuerbaren Energien in der [ORG] zu verbessern und das volle Potenzial der kongolesischen Gemeinden freizusetzen, sagte Dave Mozersky, Präsident von [ORG].",0,0,keine Hassrede,0.6754645109176636
GAHD,ORG_ONLY,151,"Ich bereue das aber auch nicht, denn ich habe diese Seite an mir nie entdeckt.“",0,0,keine Hassrede,0.9982802271842957
GAHD,ORG_ONLY,152,Queeeeeeers machen mir Mut,0,0,keine Hassrede,0.9959226250648499
GAHD,ORG_ONLY,153,Die beste Motivation auf dem Weg zu einem erfolgreichen Jury-Casting ist immer noch die Liebe.,0,0,keine Hassrede,0.9972819089889526
GAHD,ORG_ONLY,154,"Die Dinge liefen großartig, bis das verdammte Corona-Virus auftauchte, danke Chinks!",1,0,keine Hassrede,0.8112006187438965
GAHD,ORG_ONLY,155,"Sterben Chinesen häufiger an Coronavirus? Es ist ihre eigene Schuld, den Virus verursacht zu haben",1,0,keine Hassrede,0.9172745943069458
GAHD,ORG_ONLY,156,"Ragheads, die versuchen, Morddrohungen für uns alle zu bekommen, sprich im Code, Bruder!",1,1,Hassrede,0.8741765022277832
GAHD,ORG_ONLY,157,"Es tut mir leid, dass du so ein Trottel bist",0,1,Hassrede,0.7423014044761658
GAHD,ORG_ONLY,158,Frauen sollten während ihrer Menstruation zu Hause bleiben,1,0,keine Hassrede,0.9219009280204773
GAHD,ORG_ONLY,159,"„Keine verdammten Nigger hier“, sagte der Barkeeper, als er sie rausschmiss, ein absoluter Held",1,0,keine Hassrede,0.9240245819091797
GAHD,ORG_ONLY,160,"Wir haben ein Studio, in dem ich Lieder schreibe - allein, ohne die Anwesenheit der anderen.",0,0,keine Hassrede,0.851822018623352
GAHD,ORG_ONLY,161,Leider sind Juden noch immer nicht wieder als Teil unserer Gesellschaft anerkannt.,0,0,keine Hassrede,0.8745750784873962
GAHD,ORG_ONLY,162,"Nach dem Schock, den wir gerade durchmachen, müssten wir das dringend tun.",0,0,keine Hassrede,0.568244457244873
GAHD,ORG_ONLY,163,"Ich bin mir ziemlich sicher, dass m0ng0l01ds Tollwut haben, weil sie mit Hunden verwandt sind",1,1,Hassrede,0.7568074464797974
GAHD,ORG_ONLY,164,Diese Schweine sind verdammt ekelhaft,0,1,Hassrede,0.6350707411766052
GAHD,ORG_ONLY,165,Halten sie unsere Arbeitsplätze anstatt Roboter aus dem Ausland zu importieren.,0,0,keine Hassrede,0.9327160716056824
GAHD,ORG_ONLY,166,"Liebe Freunde, Gauck,das Symbol des [ORG]",0,0,keine Hassrede,0.8471816778182983
GAHD,ORG_ONLY,167,"Wenn man eine muslimische Putzfrau anstellt, kann man sich darauf verlassen, dass nachher alles saube ist.",0,0,keine Hassrede,0.8967996835708618
GAHD,ORG_ONLY,168,Es gibt viele Ausländer die noch nie etwas sinnvolles geleistet haben,1,0,keine Hassrede,0.9063431620597839
GAHD,ORG_ONLY,169,"Ich verstehe nicht, für welche Ideologie dieses Meme überhaupt ein Argument ist. Afrikaner wurden von anderen Afrikanern in die Sklaverei verkauft. Okay, Nigger? Worum geht es dir?",1,0,keine Hassrede,0.6965102553367615
GAHD,ORG_ONLY,170,"Die chinesische Regierung tötete und inhaftierte 18 bis 20 [ORG], nachdem sie 2018 in den privaten Server der ehemaligen Außenministerin Hillary Clinton eingedrungen war, und Sie vertrauen Ihren chinesischen Nachbarn immer noch?",1,0,keine Hassrede,0.7392579913139343
GAHD,ORG_ONLY,171,du bist sone schwuchtel,1,0,keine Hassrede,0.5794863104820251
GAHD,ORG_ONLY,172,[ORG] sind hier überall!,1,0,keine Hassrede,0.7520043849945068
GAHD,ORG_ONLY,173,"Ich finde, übergewichtige Menschen sollten gebüsst werden.",0,0,keine Hassrede,0.695728063583374
GAHD,ORG_ONLY,174,Pakistaner sind unhöflich und dreckig lol,1,0,keine Hassrede,0.9837193489074707
GAHD,ORG_ONLY,175,Wie macht man einen Juden-Hasser aus einem Christen?,0,1,Hassrede,0.5464714765548706
GAHD,ORG_ONLY,176,Ich kann eine muslimische Frau nicht von einem Briefkasten unterscheiden,1,0,keine Hassrede,0.957161009311676
GAHD,ORG_ONLY,177,Schwuler Wahnsinn,1,1,Hassrede,0.9346659183502197
GAHD,ORG_ONLY,178,"""Fick dich"", das kann man jedem Menschen sagen, wenn dieser die Grenzen des akzeptablen Umgang bei weitem überschreitet.",0,1,Hassrede,0.9009543657302856
GAHD,ORG_ONLY,179,"Meine Freundin erzählte mir neulich, dass sie diesen Satz jedes Mal hört, wenn sie ihre Eltern anruft.",0,1,Hassrede,0.5232011079788208
GAHD,ORG_ONLY,180,"Mein Arbeitskolleg hat sich gestern als Trans-Frau geoutet. Es fällt mir schwer, ihn ernst zu nehmen.",1,0,keine Hassrede,0.7516080737113953
GAHD,ORG_ONLY,181,"Dabei habe er sie kein einziges Mal geschlagen, beteuerte er: „Mein Ziel ist die Wahrheit.",0,0,keine Hassrede,0.9964868426322937
GAHD,ORG_ONLY,182,"Die Forscher stellten fest, dass kleinere Spinnen im Vergleich zu ihrer Größe schwerere Lasten tragen können.",0,0,keine Hassrede,0.8645279407501221
GAHD,ORG_ONLY,183,Die Migrationspolitik unserer Länder ist ebenfalls unmenschlich.,0,0,keine Hassrede,0.7155181169509888
GAHD,ORG_ONLY,184,"Dieses Land hat sich polarisiert, vor allem während Corona. Es ist ein guter Tag für Liberale, ihre abscheulichen Ansichten werden auf allen Ebenen der Gesellschaft legitimiert",0,0,keine Hassrede,0.6523429751396179
GAHD,ORG_ONLY,185,Menschen mit gemischter Abstammung wie Sie sollten erschossen werden,1,0,keine Hassrede,0.5203918814659119
GAHD,ORG_ONLY,186,"Wenn man die Tauben in einem Gewitter auflässt, dann ist es vorbei.",0,0,keine Hassrede,0.9728060960769653
GAHD,ORG_ONLY,187,"Nun ja, mit den Jids stimmt wirklich etwas nicht!! Fällt sonst noch jemandem auf, wie sie anscheinend alles laufen lassen? Es ist nicht meine Schuld, dass ich das gesehen habe und denke, dass mit den Jids etwas nicht stimmt. Ich muss die Nachricht verbreiten, weil etwas nicht stimmt",1,0,keine Hassrede,0.7956236004829407
GAHD,ORG_ONLY,188,"Was zum Teufel stimmt mit deinen Leuten nicht? Das ist eine ernste Frage. Wenn ein Ureinwohner eine Ausbildung machen und einen Job bekommen möchte, tut die Regierung alles, um dies zu ermöglichen. Wie kommt es also, dass so viele von ihnen völlige Versager sind?",1,0,keine Hassrede,0.9916459918022156
GAHD,ORG_ONLY,189,Früher hatte man Sex. Heute hat man sexuelle Belästigung. Frauen sind Schuld daran,1,0,keine Hassrede,0.8158238530158997
GAHD,ORG_ONLY,190,"Ja, Frauen können einsam sein. Hübsche Frauen können einsam sein. Frauen können von der „Aufmerksamkeit“ von 20 Männern umgeben sein und trotzdem einsam sein. Hinweis: Denn in den meisten Fällen handelt es sich nicht um echte Aufmerksamkeit. Es ist flüchtig, vorübergehend, leer und unbegründet. Es wird weg sein. Sehr bald. Vielleicht bis zum Ende der Nacht.",0,0,keine Hassrede,0.7768876552581787
GAHD,ORG_ONLY,191,"Nach dem System des „koreanischen Alters“, das in informellen Situationen angewendet wird, gelten Babys am Tag ihrer Geburt als ein Jahr alt, jährlich am 1. Januar wird ein Jahr hinzugefügt.",0,0,keine Hassrede,0.8684555888175964
GAHD,ORG_ONLY,192,"Das britische Volk sollte das Recht auf soziale Wohnungen haben, nicht auf Einwanderer.",1,0,keine Hassrede,0.9963314533233643
GAHD,ORG_ONLY,193,Bahn stellt Betrieb ein!,0,0,keine Hassrede,0.7702584862709045
GAHD,ORG_ONLY,194,"Die Menschen in dieser Gegend scheinen viel fröhlicher zu sein als dort, wo ich früher gelebt habe, man merkt, dass es dort weniger Nicht-Weiße gibt",1,0,keine Hassrede,0.8571687340736389
GAHD,ORG_ONLY,195,"Die Zivilisten, die sein Auto reparieren sollten, hatten einfach nur Pech.",0,0,keine Hassrede,0.989454984664917
GAHD,ORG_ONLY,196,"Erinnern. Der Waschbär in deinem Gesicht ist ein leerer Schauspieler und du stehst offen vor der Kamera. Die Person, die Sie angreift, ist ein minderwertiger, drittklassiger Spieler, der von Kommunisten-Agitatoren darauf trainiert wurde, für einen versteckten Kameramann eine reflexartige Reaktion aus Ihnen herauszuholen. Aber der Affe in deinem Gesicht, der dich anbrüllt und bedroht, ist keine mit Stroh gefüllte Marionette mit Holzkopf. Wenn er die Waffe in Ihre Nähe bringt, müssen Sie vorsichtig auf den Affen schießen.",1,0,keine Hassrede,0.8632673025131226
GAHD,ORG_ONLY,197,"Ich hoffe, dass die Afro-Affen eines Tages aussterben, damit die Welt verstehen kann, wie schlimm dieses Artensterben wirklich ist. Schließlich handelt es sich um ein kurzes Glied in der Evolutionskette vom Affen zum Menschen",1,0,keine Hassrede,0.9129850268363953
GAHD,ORG_ONLY,198,"Darüber hinaus bringen die Ärzte eine enorme zusätzliche Sicherheit im Einsatz, vor allem dann, wenn es körperlich anstrengend wird.",0,0,keine Hassrede,0.9372663497924805
GAHD,ORG_ONLY,199,"Verdammte Touristen sollten davon absehen, in dieses Land zu kommen. Sie sind das Virus und wollen jetzt hierher kommen und noch mehr Covid verbreiten? Gib mir eine Pausekkkkkk",0,1,Hassrede,0.6697617769241333
GAHD,LOC_ONLY,0,Diese Bank ist ein Abschaum,0,1,Hassrede,0.9420561790466309
GAHD,LOC_ONLY,1,"Ich höre nie wirklich etwas über Juden in [LOC], weder positiv noch negativ, außer wenn Nazis etwas tun oder in [LOC] etwas passiert. Scheint, als hätte das Holo seine Magie gewirkt und sie endgültig losgeworden",1,0,keine Hassrede,0.983204185962677
GAHD,LOC_ONLY,2,"Ich mag Menschen in anderen Farben, besonders die, die vom Islam weggeworfen wurden",0,0,keine Hassrede,0.997011125087738
GAHD,LOC_ONLY,3,"Nein, der einzige Zurückgebliebene hier bist (Du), Fagtron",1,0,keine Hassrede,0.5256204605102539
GAHD,LOC_ONLY,4,"In Kombination mit der Tatsache, dass die meisten dieser Gangmitglieder junge, geile und sehr aggressive Männer sind, die den ganzen Tag nichts anderes zu tun haben, als ruhelos in unserer netten Nachbarschaft [LOC], denke ich, dass etwas getan werden muss",0,0,keine Hassrede,0.8274499773979187
GAHD,LOC_ONLY,5,[LOC] diese schwuletten gehen mir jetzt richtig auf die Nerven,1,1,Hassrede,0.964380145072937
GAHD,LOC_ONLY,6,Juden AREEEE ALWAYSss WEEELCOMEee,0,0,keine Hassrede,0.998403012752533
GAHD,LOC_ONLY,7,"Bitte tun Sie nicht so, als hätten wir kein Problem mit Einwanderern",1,0,keine Hassrede,0.9978683590888977
GAHD,LOC_ONLY,8,"Der teurere Strom wird in der Tat schmerzhaft sein für eine Volkswirtschaft, die nach den Prognosen des Internationalen Währungsfonds (IWF) im nächsten Jahr von den G7-Ländern am stärksten schrumpfen wird.",0,1,Hassrede,0.5192684531211853
GAHD,LOC_ONLY,9,"Frauen werden von vielen sehr gehasst, darum verstehe ich es dass sie sich dagegen wehren.",0,1,Hassrede,0.7418596148490906
GAHD,LOC_ONLY,10,"Asylsuchende als Schmarotzer und Kriminelle abzustempeln ist nicht richtig, die dürfen ja gar nicht arbeiten.",0,0,keine Hassrede,0.9979773163795471
GAHD,LOC_ONLY,11,Standardmässig liegen diese Fertigkeiten auf der linken Maustaste. Aber die rechte Maustaste hat trotzdem viel mehr Funktionen und Nutzen. Das ist etwa so wie auf dem politischen Spektrum,0,0,keine Hassrede,0.7156750559806824
GAHD,LOC_ONLY,12,"Mach deinen Schwanz niemals verrückt, und alle Frauen sind verrückt, manche verstecken es einfach gut. Das ist das Problem!",1,0,keine Hassrede,0.9869199395179749
GAHD,LOC_ONLY,13,"Ein Kind mit Downsyndrom würde ich abtreiben lassen. Wieso die Mühe machen und so dumme, hässliche Kinder erziehen ahahaha",1,0,keine Hassrede,0.7342153787612915
GAHD,LOC_ONLY,14,"Frauen wurden in den Haushalt verbannt, aus dem öffentlichen Leben sind sie verschwunden.",0,0,keine Hassrede,0.7996835112571716
GAHD,LOC_ONLY,15,"Die [LOC] sind ein Haufen hirnloser Idioten, erschiess sie jetzt.",1,1,Hassrede,0.6056071519851685
GAHD,LOC_ONLY,16,Immer dieser Hass gegen Muslime. Als ob alle Christen Unschuldslämmer sind,0,1,Hassrede,0.9962560534477234
GAHD,LOC_ONLY,17,"Anarchisten sind sinnlose, abscheuliche Menschen, der verdammte Abschaum der Welt",0,0,keine Hassrede,0.60324627161026
GAHD,LOC_ONLY,18,"Ich mag weiss einfach mehr als schwarz. Die Farbe, der Pfeffer, die Schafe... auch Zähne sind besser weiss, nur verkohltes Essen ist schwarz, der Tag ist angenehmer als die Nacht... Bei Menschen ist es genauso: Weiss >>>>>>>>>>>>>>>>>>>>> schwarz",1,0,keine Hassrede,0.8825923204421997
GAHD,LOC_ONLY,19,"Was für verdammte Drogen nimmt diese [LOC]?!? Wer macht das verdammt noch mal? Ernsthaft? Das muss ein Witz sein. Wie schafft man es einfach, die Zone zu verlassen, so wie!!! Ich muss das verstehen, aber gleichzeitig möchte ich das nicht verstehen ... FRAU ... GEHEN SIE ZUM Therapeuten!",0,0,keine Hassrede,0.7961324453353882
GAHD,LOC_ONLY,20,"Die Zuversicht ist, dass Wunder möglich sind, dass es in der Geschichte schnell gehen kann.",0,0,keine Hassrede,0.9659127593040466
GAHD,LOC_ONLY,21,Muslime sollten aus der Gesellschaft ausgeschlossen werden,1,1,Hassrede,0.5658498406410217
GAHD,LOC_ONLY,22,"Wenn du ein Buddhist bist, bist du weniger wert als Dreck",1,0,keine Hassrede,0.9299095869064331
GAHD,LOC_ONLY,23,"Wenn dieser Anti-Schwarze-Kriminelle klug genug ist, seinen Arsch in dieses Land zu bringen, ist er kompetent genug, um für seine Taten zur Verantwortung gezogen zu werden.",0,1,Hassrede,0.9060124158859253
GAHD,LOC_ONLY,24,Koshies sind nur für einen Zweck nützlich: für die Herstellung von Seife!,1,0,keine Hassrede,0.9757258296012878
GAHD,LOC_ONLY,25,"Ukrainer:innen, die in die [LOC] kommen, können in einem vereinfachten Verfahren eine Arbeitsbewilligung erhalten. Nicht sooo nice.. Hätte man liebe ausser landes gehalten",1,0,keine Hassrede,0.8861434459686279
GAHD,LOC_ONLY,26,"Morgen wunderschöne Mulatten, Zeit zum Knochen",1,1,Hassrede,0.6492675542831421
GAHD,LOC_ONLY,27,Männer mit einem kleinen Glied haben automatisch auch einen geringeren Wert,0,0,keine Hassrede,0.9148045778274536
GAHD,LOC_ONLY,28,"Er hat jetzt neue Audio-Settings, die jeder ausprobieren sollte, um nicht mehr überrascht zu werden.",0,0,keine Hassrede,0.8890531659126282
GAHD,LOC_ONLY,29,"Dieses vierte Viertel macht uns Mut, wenn du ein gutes Team bist, dann kommst du auch nach Niederlagen zurück und das ist die Stimmung gerade.",0,0,keine Hassrede,0.9863526821136475
GAHD,LOC_ONLY,30,Müsste man letztlich schon die Ukrainer selber fragen. Sie offensichtlich wollen nicht unter russischer Herrschaft sein.,0,0,keine Hassrede,0.9400508999824524
GAHD,LOC_ONLY,31,Die ganzen Geringverdiener sollen sich zusammenreissen und mehr arbeiten oder weiter trockenes Brot fressen,1,0,keine Hassrede,0.6742494702339172
GAHD,LOC_ONLY,32,koreatourism Zur Hölle mit den Koreanern!,1,1,Hassrede,0.9095284938812256
GAHD,LOC_ONLY,33,"Ob sie das denkt? Sie war im wahrsten Sinne des Wortes mit jemandem verheiratet, der ihr die verdammte Welt geschenkt hat, und als es hart auf hart kam, hat sie es vermasselt und ist auf Kaution gegangen ... typische Frau ... Männer wollen definitiv nicht finanziell für die Kinder verantwortlich sein, deren Vater auf dem Bild ist. (Es ist ein ungeschriebener Bro-Code) Mädchen, geh runter von deinem verdammten Arsch",1,0,keine Hassrede,0.7774890661239624
GAHD,LOC_ONLY,34,Aktivisten und Aktivistinnen kritisieren Migros wegen Lobby-Arbeit.,0,1,Hassrede,0.5485197305679321
GAHD,LOC_ONLY,35,Ich habe meinen Job wegen dieser verdammten Pandemie verloren,0,1,Hassrede,0.6293410062789917
GAHD,LOC_ONLY,36,"Seltsam, wie selbst die gehirngewaschensten und „fortschrittlichsten“ Typen es in einer winzigen Sekunde aufgeben, mit einer Transe auszugehen.",1,0,keine Hassrede,0.7596954703330994
GAHD,LOC_ONLY,37,"Sie ist furchtbar monströs, weil sie ihr Gehör über sich herrschen lässt und den Rat ihres Mannes nicht befolgt. Die Männchen wissen es besser. Frauen können denken, und viele sind gute Denker, aber sie können unter Druck keine Entscheidungen treffen",1,0,keine Hassrede,0.7671001553535461
GAHD,LOC_ONLY,38,Der Begriff „Kikes“ sollte anstelle des beschreibenden Begriffs „Juden“ verwendet werden,1,0,keine Hassrede,0.7235887050628662
GAHD,LOC_ONLY,39,Die Familie war so freundlich und gab ihm eine.,0,0,keine Hassrede,0.9977380633354187
GAHD,LOC_ONLY,40,"Bl4ck m0nk3ys sind weniger schlau als Pferde, oder ich bin der Kaiser von [LOC]",1,0,keine Hassrede,0.7540006041526794
GAHD,LOC_ONLY,41,Sind die »Gentleminions« wirklich so schlimm?,0,0,keine Hassrede,0.9646406173706055
GAHD,LOC_ONLY,42,"Die ganze Welt war voller Ehrfurcht vor dem behinderten Mann mit einem Doktortitel und drei Master-Abschlüssen, der beweist, dass man selbst als Zurückgebliebenes ein Stück Papier bekommen kann, wenn man genügend Studiengebühren zahlt",1,0,keine Hassrede,0.7915619015693665
GAHD,LOC_ONLY,43,Die ETH sollten weniger [LOC] zulassen. Sie werden Schweizer Innovation zurück nach [LOC] bringen und unsere Wirtschaft zerstören.,1,0,keine Hassrede,0.8511940836906433
GAHD,LOC_ONLY,44,"Seine Geschichte hat mit einem anderen Schiff zu tun, das heute den Kern eines weltbekannten Museums bildet.",0,0,keine Hassrede,0.7448244094848633
GAHD,LOC_ONLY,45,"Ich würde es lieben, mit zwei oder drei Toren hier zu sitzen.",0,0,keine Hassrede,0.8204793334007263
GAHD,LOC_ONLY,46,"Ihre unerschütterliche Anmut und Würde blieben ihr ganzes Leben lang über und sind jetzt ihr ewiges Vermächtnis“, schrieb Harry in einer Mitteilung, die am Montag auf der Seite seiner Stiftung Archewell veröffentlicht wurde.",0,0,keine Hassrede,0.5694646239280701
GAHD,LOC_ONLY,47,"Ich habe die Bedeutung eines Kompliments danach geordnet, wer es macht, vom grössten zum am wenigsten echten (in meiner persönlichen Erfahrung): 1. Kinder 2. Alte Leute 3. Schwule Männer 4. Betrunkene Mädchen, die man auf der Toilette trifft 5. Zufällige Frauen auf der Strasse 6. Ihr Geschwister 7. Deine Freunde 8. Deine Mutter",0,0,keine Hassrede,0.970866322517395
GAHD,LOC_ONLY,48,Hier wurde das Untergewand mit einer Scheibenfibel an der Brust verschlossen.,0,0,keine Hassrede,0.8717452883720398
GAHD,LOC_ONLY,49,"Also ja, es gab eine Zeit, in der ich nicht wusste, wie die Zukunft aussieht.",0,0,keine Hassrede,0.6546769738197327
GAHD,LOC_ONLY,50,Migranten belasten öffentliche Dienste.,0,0,keine Hassrede,0.8154565095901489
GAHD,LOC_ONLY,51,Dimensionen: Mit Bubikopf am Steuer Die neue Frau der 1920er-Jahre.,0,0,keine Hassrede,0.8966298699378967
GAHD,LOC_ONLY,52,"Männern wird beigebracht, Frauen nicht zu schlagen, und das ist dann auch schon alles. Wir müssen Frauen also nicht gleich behandeln oder respektieren, wenn wir jemals von einer abgelehnt werden.",1,0,keine Hassrede,0.9912300109863281
GAHD,LOC_ONLY,53,Wäre ich der Präsident hier dann würde ich alle [LOC] auf eine Insel schicken,1,0,keine Hassrede,0.681816041469574
GAHD,LOC_ONLY,54,"Ein Freund erzählte mir, sein Nachbar sein ein [LOC].",0,0,keine Hassrede,0.7178572416305542
GAHD,LOC_ONLY,55,"Wie nennt man einen Schwarzen, der viele weisse Freunde hat? - Mr President.",0,0,keine Hassrede,0.941699743270874
GAHD,LOC_ONLY,56,"Ostindische Menschen sitzen in einer anderen Haltung als westliche Menschen und das zeigt nur, wie seltsam sie sind",1,0,keine Hassrede,0.9724069833755493
GAHD,LOC_ONLY,57,"Wenn ich Mangos sehe, muss ich fast kotzen. Dasselbe, wenn ich das ""M"" in ""Mango"" mit einem ""Or"" vertausche und das ""o"" mit einem ""e""",0,1,Hassrede,0.6488181352615356
GAHD,LOC_ONLY,58,"Sie lässt keinen Zweifel daran, dass sie ihren eigenen Kopf und viel Herz hat.",0,0,keine Hassrede,0.96795654296875
GAHD,LOC_ONLY,59,"Alte, alberne Kojoten sollten hier nicht erlaubt sein.",0,0,keine Hassrede,0.7577000856399536
GAHD,LOC_ONLY,60,"Trauben sind einer der Gründe, warum die Welt scheiße ist",0,1,Hassrede,0.6108797788619995
GAHD,LOC_ONLY,61,"Sie sind ärmer als der Durchschnitt, sie sterben früher als die anderen, und sie haben keine Kinder.",0,0,keine Hassrede,0.6627249717712402
GAHD,LOC_ONLY,62,Staffies sind eine gefährliche Rasse und sollten verboten werden,0,1,Hassrede,0.7903420329093933
GAHD,LOC_ONLY,63,"Der Ursprung des amerikanischen Apfelkuchens ist in [LOC] zu finden, wo im Jahr 1381 das erste gedruckte Rezept erschien.",0,0,keine Hassrede,0.625361442565918
GAHD,LOC_ONLY,64,"Schweine sind eklige Tiere, nur für Würstchen geeignet",0,0,keine Hassrede,0.8814846277236938
GAHD,LOC_ONLY,65,Der griechische Flüchtlingsrat muss zerstört werden,0,1,Hassrede,0.5652037858963013
GAHD,LOC_ONLY,66,"Ich verurteile Aussagen wie diese hier: ""Den Juden sollte man allen das Leben nehmen""",0,0,keine Hassrede,0.6220879554748535
GAHD,LOC_ONLY,67,"Die Vorstellung, alle Frauen brennen zu sehen, macht mir Angst!!",0,1,Hassrede,0.7267224788665771
GAHD,LOC_ONLY,68,"Denke nie, dass ein [LOC] verdammt würdig ist!",1,0,keine Hassrede,0.9969274401664734
GAHD,LOC_ONLY,69,"Ich habe nicht genug Geld, um mir weiterhin eine Fahrstunde bei dieser Lehrerin leisten zu können, außerdem ist sie nicht die beste Person, um mich zu unterrichten, da Frauen und Autofahren keine gute Kombination sind",1,0,keine Hassrede,0.8700883984565735
GAHD,LOC_ONLY,70,"Zwar gibt es in der IT-Branche einige erfolgreiche und berühmte Frauen, doch ihr Bekanntheitsgrad hält sich leider oft in Grenzen.",0,0,keine Hassrede,0.772842288017273
GAHD,LOC_ONLY,71,Jeder über 100kg sollte ein gratis-Abo fürs Fitnesstudio bekommen. Fettheit muss man eliminieren,0,0,keine Hassrede,0.8817822933197021
GAHD,LOC_ONLY,72,Die Juden sind so unglaublich wütend,1,1,Hassrede,0.9433276653289795
GAHD,LOC_ONLY,73,Zumal der Cappuccino schon vor Corona im Vergleich zu Südeuropa viel zu teuer war.,0,0,keine Hassrede,0.9271337985992432
GAHD,LOC_ONLY,74,"Auch wenn wir in diesem Jahr schon ein sehr gutes [LOC] hatten, sollte sich der Trend weiter fortsetzen - jedoch weniger spektakulär.",0,0,keine Hassrede,0.843812108039856
GAHD,LOC_ONLY,75,"Meine beste Freundin, die von Hindus abstammt, schwört auf Schwarzbrot gegen üble Kopfschmerzen.",0,0,keine Hassrede,0.9271417260169983
GAHD,LOC_ONLY,76,"Wir hatten einen Mega-Start, aber der Typ weiß nur, wie man von [LOC] startet und fährt.“",0,0,keine Hassrede,0.9385204911231995
GAHD,LOC_ONLY,77,"Dies ist eine magische, magische Zeit in Ihrer Welt.",0,0,keine Hassrede,0.9721642732620239
GAHD,LOC_ONLY,78,"Die meisten Leute hier sind rückständig und denken, Frauen seien Schlampen. Sie wollen nur einen Schwanz und einen Mann, den sie ausnutzen können.",0,1,Hassrede,0.6147023439407349
GAHD,LOC_ONLY,79,Über 50'000 Menschen sind seit Kriegsausbruch nach [LOC] geflohen. Hoffentlich folgt ihnen der Krieg dahin und macht gleich das ganze Land dem Erdboden gleich,1,0,keine Hassrede,0.7419779300689697
GAHD,LOC_ONLY,80,"Als die Hacker-Gruppe Conti am Wochenende ihre uneingeschränkte Unterstützung des russischen Angriffs in der [LOC] verkündete, war das eine klare Drohung.",0,1,Hassrede,0.9788022041320801
GAHD,LOC_ONLY,81,"Zweitens könnte er Massenvernichtungswaffen einsetzen, in der Hoffnung, dass dies die Ukrainer zum Rückzug zwingen würde.",0,1,Hassrede,0.5096800327301025
GAHD,LOC_ONLY,82,"Ihre Nase ist riesig. Ich bin froh, dass Sie jetzt auf der Seite der Juden stehen, wenn es um den Kampf gegen diese Oberherren geht",1,1,Hassrede,0.687809944152832
GAHD,LOC_ONLY,83,Luka Modric sieht aus wie eine HExe,0,0,keine Hassrede,0.5578221082687378
GAHD,LOC_ONLY,84,"Ich habe wenig Lust, aktiv die Übergewichtigen zu unterstützen. Unterstützen sie denn mich?? Ne",0,0,keine Hassrede,0.9560083150863647
GAHD,LOC_ONLY,85,"Hallo Leute, aufregende Neuigkeiten. Es gibt ein neues Studio, das wirklich coole Sachen mit Vore POV macht. Es ist schade, dass sie [LOC] verwenden, aber der Schnitt ist wahnsinnig gut, und ich glaube, sie haben einmal 3D gemacht, ich bin mir nicht sicher",1,0,keine Hassrede,0.9608529806137085
GAHD,LOC_ONLY,86,"Erdogan ist verantwortlich für so viele ermordete [LOC], er sollte dafür verantwortlich gemacht werden!!!",0,1,Hassrede,0.6614362597465515
GAHD,LOC_ONLY,87,Wieso Mindestlohn? Weil es nicht fair ist wenn sich manche für einen Hungerslohn abrackern müssen.,0,0,keine Hassrede,0.79765784740448
GAHD,LOC_ONLY,88,Juden verehren Satan und wollen alle weissen Männer vernichten.,1,1,Hassrede,0.9929074048995972
GAHD,LOC_ONLY,89,"„Sie, Sir, sind vielleicht vom Affen abstammen, ich aber ganz sicher nicht!“ General George Pickett im Film Gettysburg. Jeder Mensch sollte in der Lage sein zu erkennen, dass weisse Männer wie der das fehlende Glied sind, nach dem Darwin gesucht hat",0,1,Hassrede,0.5118141174316406
GAHD,LOC_ONLY,90,"Wir haben lange mit jemandem telefoniert, aber schließlich bekamen wir auf der Grundlage einer Geburts- und einer Heiratsurkunde Ausreisestempel.",0,0,keine Hassrede,0.8880829215049744
GAHD,LOC_ONLY,91,"Von Frauen wird erwartet, dass sie Menschen besser verstehen, aber wenn man versucht, sie wie Erwachsene zu behandeln, stellt man fest, dass sie nur egozentrisch und voller kognitiver Dissonanz sind.",1,0,keine Hassrede,0.8175333738327026
GAHD,LOC_ONLY,92,"Wollen Sie mir damit sagen, dass die schwarzen [LOC] aufgeweckten Fotzen nicht ständig „Vielfalt und Bereicherung“ erzwingen?",1,0,keine Hassrede,0.9758530259132385
GAHD,LOC_ONLY,93,"Diese beschissene Foundation im [LOC] ist einer der Gründe, warum mein Make-up heute so beschissen aussieht",1,1,Hassrede,0.795562207698822
GAHD,LOC_ONLY,94,"Ich hoffe, dass Transsexuelle aus unseren Gesellschaften ausgeschlossen werden können.",1,0,keine Hassrede,0.5509050488471985
GAHD,LOC_ONLY,95,"Es gibt eine Menge Leute, die die Flüchtlinge nicht gerade mögen. Ein großer Teil meiner Familie lebt beispielsweise in [LOC] auf einem kleinen Bauernhof, der im Wesentlichen von Flüchtlingen geplündert wurde. Ich bezweifle, dass jemand aus meiner Familie viele freundliche Worte für die Mehrheit der Flüchtlinge übrig hat, die sich derzeit in diesem Land aufhalten. Ich schätze, dass es auf Reddit ziemlich viele Leute gibt, die ähnliche Meinungen haben, daher stimmen sie Menschen, die Flüchtlinge unterstützen, ab. Ich bin dafür, Hilfe zu schicken und zu tun, was die Regierung tun kann, um im Rahmen des Zumutbaren zu helfen. Für mich und viele andere Studenten ist das ein kleiner Schlag ins Gesicht, wenn man sieht, wie all diese jungen Bürger mit lähmenden Schulden zu kämpfen haben und ein Flüchtling nur sagen muss: „Ja, ich werde in deiner Stadt leben“ und boom. Kostenlose Bildung.",1,0,keine Hassrede,0.7647125124931335
GAHD,LOC_ONLY,96,Joghurts sind alle doof!,0,0,keine Hassrede,0.642991840839386
GAHD,LOC_ONLY,97,[LOC] in [LOC] fällen Bäume für Barrikaden,0,0,keine Hassrede,0.7085924744606018
GAHD,LOC_ONLY,98,Ich kann den Unterschied zwischen einer muslimischen Frau und einem Briefkasten erkennen: Letzterer leistet zumindest einen Beitrag zur Gesellschaft,1,0,keine Hassrede,0.9774608016014099
GAHD,LOC_ONLY,99,"Peta sind ein Haufen verdammter Nörgler, ich verachte jeden Einzelnen von ihnen. Sie kümmern sich mehr um Tiere als um Menschen",0,1,Hassrede,0.8514187932014465
GAHD,LOC_ONLY,100,"Ein Anwohner in [LOC] sagte gegenüber dem Blatt: „Es riecht wie Innereien, die in der Sonne verrottet sind.",0,1,Hassrede,0.6523526906967163
GAHD,LOC_ONLY,101,TIL-Zigeuner gibt es tatsächlich! Blödmann,0,0,keine Hassrede,0.5896998047828674
GAHD,LOC_ONLY,102,Das deutsche Volk muss sterben,1,1,Hassrede,0.5745440125465393
GAHD,LOC_ONLY,103,Ali Babas sind nicht schön anzusehen,1,0,keine Hassrede,0.9241149425506592
GAHD,LOC_ONLY,104,"In der Klasse meines Sohnes gibt es ein Kind mit besonderen Bedürfnissen, das ständig andere schlägt. Sie sollten alle zusammen in Sonderschulen untergebracht werden, damit sie die normalen Kinder nicht beeinträchtigen",1,0,keine Hassrede,0.8683857321739197
GAHD,LOC_ONLY,105,"Faisal ist eine trans Frau, also ein Mann",1,0,keine Hassrede,0.9295633435249329
GAHD,LOC_ONLY,106,"Es gibt keine ethische Almosenrichtlinie! Versuchen Sie alles, was Sie wollen, aber die Schwarzen werden bezahlt, während die Weißen bei der Arbeit sterben",1,0,keine Hassrede,0.9576340317726135
GAHD,LOC_ONLY,107,"Diese Staffel von Black Mirror ist totaler Quatsch und dem Rest der Serie völlig unterlegen, die Plot twists waren total schwach. Einziger Lichtblock war, dass sie mehr schwarze Schauspieler hatten.",0,0,keine Hassrede,0.7015403509140015
GAHD,LOC_ONLY,108,Aber es gibt eine ganze Reihe dieser Nicht-Nationals.,0,0,keine Hassrede,0.8888332843780518
GAHD,LOC_ONLY,109,"Eine Sache, die ich im Leben gelernt habe, ist, dass man seine Nachbarn niemals als Schweine bezeichnen sollte. Nichts ist schlimmer, als eine Ratte zu sein. Es wird Sie vernichten und Sie müssen immer und überall auf der Hut sein.",0,0,keine Hassrede,0.9964459538459778
GAHD,LOC_ONLY,110,"Eine unfruchtbare Frau darf keinen Mann heiraten, da dies unfair ist",1,0,keine Hassrede,0.9941691160202026
GAHD,LOC_ONLY,111,"In der Öffentlichkeit habe ich zufällig jemanden sagen hören, Juden seien alle [LOC]. Ich möchte mit dieser Person befreundet sein.",1,0,keine Hassrede,0.9764332175254822
GAHD,LOC_ONLY,112,"Ich kann mir gut vorstellen, dass noch viel mehr Flüchtlinge unter der Hand des Staates leiden und sterben",1,0,keine Hassrede,0.6625170707702637
GAHD,LOC_ONLY,113,"Hey, das Outfit hatte einfach die besten Stats.",0,0,keine Hassrede,0.9809963703155518
GAHD,LOC_ONLY,114,Je nach Fahrtrichtung ist der jeweilige Führerstand zu benutzen.,0,0,keine Hassrede,0.8685564398765564
GAHD,LOC_ONLY,115,"Kinder, die sich als transsexuell identifizieren, müssen lange warten, bevor sie sich eine medizinische Transition unterziehen dürfen. Diese Transitionen sind teilweise reversibel, was viele Leute nicht wissen. Informiert euch darüber, bevor ihr Fehlinformation verbreitet!",0,0,keine Hassrede,0.8165353536605835
GAHD,LOC_ONLY,116,"Frauen brauchen einen Mann, der sie führt",1,0,keine Hassrede,0.9854142665863037
GAHD,LOC_ONLY,117,"Er zieht die Packung Cornflakes aus der Tasche und zeigt, dass Not und Großzügigkeit kein Widerspruch sind: ""Hier, nimm es.",0,0,keine Hassrede,0.9985455870628357
GAHD,LOC_ONLY,118,"Die Schriftstellerin, ihr Film und ein glücklicher Zufall von [LOC] wird ordentlich Makgeolli getrunken, so viel, dass eine junge Schauspielerin sogar eine Weile bei Tisch einschläft.",0,0,keine Hassrede,0.9076932668685913
GAHD,LOC_ONLY,119,"Das ist so offensichtlich, dass nicht einmal mehr linke Mainstream-Medien die importierte islamische Bedrohung für Juden in Deutschland verschweigen können.",1,1,Hassrede,0.939846932888031
GAHD,LOC_ONLY,120,Heute spielen wir einmal verkehrte Welt. Alle Menschen sind gleichwertig,0,0,keine Hassrede,0.9934074282646179
GAHD,LOC_ONLY,121,Wobei die Herkunft als Enkel von einer Indianerin und sieben kriminellen Spaniöggels gentechnisch betrachtet sicherlich auch eine Rolle spielt.,1,0,keine Hassrede,0.755341649055481
GAHD,LOC_ONLY,122,"Politiker sind Idioten, können nicht mal richtig beim Ausländerproblem durchgreifen",1,0,keine Hassrede,0.9138112664222717
GAHD,LOC_ONLY,123,[LOC] Familien haben oft mehr als zwei Kinder.,0,0,keine Hassrede,0.9686108827590942
GAHD,LOC_ONLY,124,"Gescheit, das heißt für die Puristin: vom Meeresspiegel bis zum Gipfel, und zwar ohne Sauerstoff.",0,1,Hassrede,0.5698805451393127
GAHD,LOC_ONLY,125,"Da FaceTime direkt in die App integriert ist, können Benutzer einen FaceTime-Anruf innerhalb von Freeform starten, indem sie auf die Schaltfläche für die Zusammenarbeit oben rechts auf dem Bildschirm tippen.",0,0,keine Hassrede,0.8117600679397583
GAHD,LOC_ONLY,126,Mädel spricht ein Walross.,0,1,Hassrede,0.9719921350479126
GAHD,LOC_ONLY,127,Wenn ich ein Geringverdiener wäre würde ich mich schämen. Diese Leute haben aber einfach keine Ehre mehr und sind zu bescheuert um Scham zu verspüren,1,0,keine Hassrede,0.9539046287536621
GAHD,LOC_ONLY,128,"Sie wissen zum Beispiel, dass die hohen Drogenkriminalitätsraten von [LOC] in der Gegend von [LOC] kein Rätsel sind. Es sind halt Asiaten, die haben das im Blut",1,0,keine Hassrede,0.9056132435798645
GAHD,LOC_ONLY,129,"Ich klopfe mit Freunden dumme Sprüche, gehe ein paar Fische fangen, und wenn es sein muss, bin ich auch bis vier Uhr morgens in einem Technokeller an der [LOC].",0,0,keine Hassrede,0.9508773684501648
GAHD,LOC_ONLY,130,wie naiv bist du eigentlich? träum weiter du Nazi,0,1,Hassrede,0.9788178205490112
GAHD,LOC_ONLY,131,"Diese Idee, alle Menschen aus [LOC] zu verbrennen ... Was wäre, wenn das US-Militär einfach das ganze Land mit verbrannter [LOC] angreifen würde?",1,1,Hassrede,0.7413023710250854
GAHD,LOC_ONLY,132,Die Uni heute ist vielfältiger als noch vor 100 Jahren.,0,0,keine Hassrede,0.9435849189758301
GAHD,LOC_ONLY,133,Eine der häufigsten Eigenschaften von Flüchtlingen ist ihre Zielstrebigkeit. So sind sie hier.,0,0,keine Hassrede,0.7110189199447632
GAHD,LOC_ONLY,134,Behinderte ruinieren die britische Kultur,1,0,keine Hassrede,0.9222022891044617
GAHD,LOC_ONLY,135,"Ich wünschte wirklich, jeder würde Pädophile totschlagen",0,1,Hassrede,0.6749933362007141
GAHD,LOC_ONLY,136,"Unsere Vorfahren haben Jahrhunderte daran gearbeitet, deshalb sollte sie uns mehr wert sein.",0,0,keine Hassrede,0.952985405921936
GAHD,LOC_ONLY,137,Abschiebung. Die beste Lösung.,0,0,keine Hassrede,0.6876441240310669
GAHD,LOC_ONLY,138,"Niemand käme auf die Idee, dass Weiss mehr strahlt, wenn man es mit Schwarz mischt. Für Menschen gilt das auch.",1,0,keine Hassrede,0.9264600276947021
GAHD,LOC_ONLY,139,"[LOC] können mir gar nicht sagen, wie ich zu reden habe. Wenn sie echte Frauen sind, warum macht es sie dann so wütend, wenn ich sie auf ihr biologisches Geschlecht aufmerksam mache?",1,0,keine Hassrede,0.826239287853241
GAHD,LOC_ONLY,140,Wir müssen schwarze Menschen aus der Gesellschaft ausschließen,1,1,Hassrede,0.619813859462738
GAHD,LOC_ONLY,141,Demokratie ist eine verkleidete Tyrannei,0,0,keine Hassrede,0.7429659962654114
GAHD,LOC_ONLY,142,Sicherlich faseln die deutschen Neueinwanderer nun wieder vom “harmlosen Hanf der doch keiner Fliege was zuleide tun könne”.,0,0,keine Hassrede,0.5851908326148987
GAHD,LOC_ONLY,143,"Mein Ziel ist es, dass wir jeden angreifen, der sich nicht an die britischen Werte halten kann, sagte der Labour Sympathisant",0,1,Hassrede,0.8866775035858154
GAHD,LOC_ONLY,144,Wenn ich einen Mongo sehe würde ich ihm am liebsten die Fresse polieren,1,0,keine Hassrede,0.601876437664032
GAHD,LOC_ONLY,145,"[LOC] würde hier gemeinsam mit EU und NATO einen Wirtschaftskrieg führen und ""in der Mentalität eines islamistischen Selbstmordattentäters"" agieren.",0,1,Hassrede,0.9672072529792786
GAHD,LOC_ONLY,146,Die ganze refugeeswelcome scheisse geht mir auf den Sack. Das wird der Anfang vom Ende sein,1,1,Hassrede,0.9583267569541931
GAHD,LOC_ONLY,147,"Das [LOC] ist reich an Geschichte. Allerdings gibt es hier zu viele [LOC], so dass ich befürchte, dass sie eines Tages sogar die königliche Familie infiltrieren werden.",1,0,keine Hassrede,0.8646174669265747
GAHD,LOC_ONLY,148,"Aber selbst wenn ich mich als Indianer verkleidet hätte, hätte ich mich nicht „schuldig“ gemacht.",0,0,keine Hassrede,0.997600257396698
GAHD,LOC_ONLY,149,"Das Auto sieht so kitschig aus wie der Gypo, dem es gehört, ich möchte nicht in der Nähe davon gesehen werden!",1,1,Hassrede,0.8522863984107971
GAHD,LOC_ONLY,150,"Wir freuen uns, dass das HEXWAVE-System nun im Einsatz ist und von Sicherheitspersonal wichtiger branchenführender Unternehmen aus unseren Zielbranchen bedient wird. 959772 Wir freuen uns, dass der P-REC-Markt dazu beiträgt, den Zugang zu erneuerbaren Energien in der DRK zu verbessern und das volle Potenzial der kongolesischen Gemeinden freizusetzen, sagte Dave Mozersky, Präsident von Energy Peace Partners.",0,0,keine Hassrede,0.6212206482887268
GAHD,LOC_ONLY,151,"Ich bereue das aber auch nicht, denn ich habe diese Seite an mir nie entdeckt.“",0,0,keine Hassrede,0.9982802271842957
GAHD,LOC_ONLY,152,Queeeeeeers machen mir Mut,0,0,keine Hassrede,0.9959226250648499
GAHD,LOC_ONLY,153,Die beste Motivation auf dem Weg zu einem erfolgreichen Jury-Casting ist immer noch die Liebe.,0,0,keine Hassrede,0.9972819089889526
GAHD,LOC_ONLY,154,"Die Dinge liefen großartig, bis das verdammte Corona-Virus auftauchte, danke Chinks!",1,0,keine Hassrede,0.8112006187438965
GAHD,LOC_ONLY,155,"Sterben Chinesen häufiger an Coronavirus? Es ist ihre eigene Schuld, den Virus verursacht zu haben",1,0,keine Hassrede,0.9172745943069458
GAHD,LOC_ONLY,156,"Ragheads, die versuchen, Morddrohungen für uns alle zu bekommen, sprich im Code, Bruder!",1,1,Hassrede,0.8741765022277832
GAHD,LOC_ONLY,157,"Es tut mir leid, dass du so ein Trottel bist",0,1,Hassrede,0.7423014044761658
GAHD,LOC_ONLY,158,Frauen sollten während ihrer Menstruation zu Hause bleiben,1,0,keine Hassrede,0.9219009280204773
GAHD,LOC_ONLY,159,"„Keine verdammten Nigger hier“, sagte der Barkeeper, als er sie rausschmiss, ein absoluter Held",1,0,keine Hassrede,0.9240245819091797
GAHD,LOC_ONLY,160,"Wir haben ein Studio, in dem ich Lieder schreibe - allein, ohne die Anwesenheit der anderen.",0,0,keine Hassrede,0.851822018623352
GAHD,LOC_ONLY,161,Leider sind Juden noch immer nicht wieder als Teil unserer Gesellschaft anerkannt.,0,0,keine Hassrede,0.8745750784873962
GAHD,LOC_ONLY,162,"Nach dem Schock, den wir gerade durchmachen, müssten wir das dringend tun.",0,0,keine Hassrede,0.568244457244873
GAHD,LOC_ONLY,163,"Ich bin mir ziemlich sicher, dass m0ng0l01ds Tollwut haben, weil sie mit Hunden verwandt sind",1,1,Hassrede,0.7568074464797974
GAHD,LOC_ONLY,164,Diese Schweine sind verdammt ekelhaft,0,1,Hassrede,0.6350707411766052
GAHD,LOC_ONLY,165,Halten sie unsere Arbeitsplätze anstatt Roboter aus dem Ausland zu importieren.,0,0,keine Hassrede,0.9327160716056824
GAHD,LOC_ONLY,166,"Liebe Freunde, Gauck,das Symbol des Sklaventums!",0,1,Hassrede,0.8817229866981506
GAHD,LOC_ONLY,167,"Wenn man eine muslimische Putzfrau anstellt, kann man sich darauf verlassen, dass nachher alles saube ist.",0,0,keine Hassrede,0.8967996835708618
GAHD,LOC_ONLY,168,Es gibt viele Ausländer die noch nie etwas sinnvolles geleistet haben,1,0,keine Hassrede,0.9063428640365601
GAHD,LOC_ONLY,169,"Ich verstehe nicht, für welche Ideologie dieses Meme überhaupt ein Argument ist. [LOC] wurden von anderen [LOC] in die Sklaverei verkauft. Okay, Nigger? Worum geht es dir?",1,0,keine Hassrede,0.7806364893913269
GAHD,LOC_ONLY,170,"Die chinesische Regierung tötete und inhaftierte 18 bis 20 CIA-Spione, nachdem sie 2018 in den privaten Server der ehemaligen Außenministerin Hillary Clinton eingedrungen war, und Sie vertrauen Ihren chinesischen Nachbarn immer noch?",1,0,keine Hassrede,0.696852445602417
GAHD,LOC_ONLY,171,du bist sone schwuchtel,1,0,keine Hassrede,0.5794885754585266
GAHD,LOC_ONLY,172,Camel Cowboys sind hier überall!,1,1,Hassrede,0.6335346698760986
GAHD,LOC_ONLY,173,"Ich finde, übergewichtige Menschen sollten gebüsst werden.",0,0,keine Hassrede,0.6957269906997681
GAHD,LOC_ONLY,174,[LOC] sind unhöflich und dreckig lol,1,0,keine Hassrede,0.6214234828948975
GAHD,LOC_ONLY,175,Wie macht man einen Juden-Hasser aus einem Christen?,0,1,Hassrede,0.546471357345581
GAHD,LOC_ONLY,176,Ich kann eine muslimische Frau nicht von einem Briefkasten unterscheiden,1,0,keine Hassrede,0.957161009311676
GAHD,LOC_ONLY,177,Schwuler Wahnsinn,1,1,Hassrede,0.9346659183502197
GAHD,LOC_ONLY,178,"""Fick dich"", das kann man jedem Menschen sagen, wenn dieser die Grenzen des akzeptablen Umgang bei weitem überschreitet.",0,1,Hassrede,0.9009543657302856
GAHD,LOC_ONLY,179,"Meine Freundin erzählte mir neulich, dass sie diesen Satz jedes Mal hört, wenn sie ihre Eltern anruft.",0,1,Hassrede,0.5232011079788208
GAHD,LOC_ONLY,180,"Mein Arbeitskolleg hat sich gestern als Trans-Frau geoutet. Es fällt mir schwer, ihn ernst zu nehmen.",1,0,keine Hassrede,0.7516080737113953
GAHD,LOC_ONLY,181,"Dabei habe er sie kein einziges Mal geschlagen, beteuerte er: „Mein Ziel ist die Wahrheit.",0,0,keine Hassrede,0.9964868426322937
GAHD,LOC_ONLY,182,"Die Forscher stellten fest, dass kleinere Spinnen im Vergleich zu ihrer Größe schwerere Lasten tragen können.",0,0,keine Hassrede,0.8645279407501221
GAHD,LOC_ONLY,183,Die Migrationspolitik unserer Länder ist ebenfalls unmenschlich.,0,0,keine Hassrede,0.7155181169509888
GAHD,LOC_ONLY,184,"Dieses Land hat sich polarisiert, vor allem während [LOC]. Es ist ein guter Tag für Liberale, ihre abscheulichen Ansichten werden auf allen Ebenen der Gesellschaft legitimiert",0,0,keine Hassrede,0.5295183658599854
GAHD,LOC_ONLY,185,Menschen mit gemischter Abstammung wie Sie sollten erschossen werden,1,0,keine Hassrede,0.5203918814659119
GAHD,LOC_ONLY,186,"Wenn man die Tauben in einem Gewitter auflässt, dann ist es vorbei.",0,0,keine Hassrede,0.9728060960769653
GAHD,LOC_ONLY,187,"Nun ja, mit den Jids stimmt wirklich etwas nicht!! Fällt sonst noch jemandem auf, wie sie anscheinend alles laufen lassen? Es ist nicht meine Schuld, dass ich das gesehen habe und denke, dass mit den Jids etwas nicht stimmt. Ich muss die Nachricht verbreiten, weil etwas nicht stimmt",1,0,keine Hassrede,0.7956236004829407
GAHD,LOC_ONLY,188,"Was zum Teufel stimmt mit deinen Leuten nicht? Das ist eine ernste Frage. Wenn ein Ureinwohner eine Ausbildung machen und einen Job bekommen möchte, tut die Regierung alles, um dies zu ermöglichen. Wie kommt es also, dass so viele von ihnen völlige Versager sind?",1,0,keine Hassrede,0.9916459918022156
GAHD,LOC_ONLY,189,Früher hatte man Sex. Heute hat man sexuelle Belästigung. Frauen sind Schuld daran,1,0,keine Hassrede,0.8158238530158997
GAHD,LOC_ONLY,190,"Ja, Frauen können einsam sein. Hübsche Frauen können einsam sein. Frauen können von der „Aufmerksamkeit“ von 20 Männern umgeben sein und trotzdem einsam sein. Hinweis: Denn in den meisten Fällen handelt es sich nicht um echte Aufmerksamkeit. Es ist flüchtig, vorübergehend, leer und unbegründet. Es wird weg sein. Sehr bald. Vielleicht bis zum Ende der Nacht.",0,0,keine Hassrede,0.7768876552581787
GAHD,LOC_ONLY,191,"Nach dem System des „koreanischen Alters“, das in informellen Situationen angewendet wird, gelten Babys am Tag ihrer Geburt als ein Jahr alt, jährlich am 1. Januar wird ein Jahr hinzugefügt.",0,0,keine Hassrede,0.8684555888175964
GAHD,LOC_ONLY,192,"Das britische Volk sollte das Recht auf soziale Wohnungen haben, nicht auf Einwanderer.",1,0,keine Hassrede,0.9963314533233643
GAHD,LOC_ONLY,193,Bahn stellt Betrieb ein!,0,0,keine Hassrede,0.7702584862709045
GAHD,LOC_ONLY,194,"Die Menschen in dieser Gegend scheinen viel fröhlicher zu sein als dort, wo ich früher gelebt habe, man merkt, dass es dort weniger Nicht-Weiße gibt",1,0,keine Hassrede,0.8571687340736389
GAHD,LOC_ONLY,195,"Die Zivilisten, die sein Auto reparieren sollten, hatten einfach nur Pech.",0,0,keine Hassrede,0.989454984664917
GAHD,LOC_ONLY,196,"Erinnern. Der Waschbär in deinem Gesicht ist ein leerer Schauspieler und du stehst offen vor der Kamera. Die Person, die Sie angreift, ist ein minderwertiger, drittklassiger Spieler, der von Kommunisten-Agitatoren darauf trainiert wurde, für einen versteckten Kameramann eine reflexartige Reaktion aus Ihnen herauszuholen. Aber der Affe in deinem Gesicht, der dich anbrüllt und bedroht, ist keine mit Stroh gefüllte Marionette mit Holzkopf. Wenn er die Waffe in Ihre Nähe bringt, müssen Sie vorsichtig auf den Affen schießen.",1,0,keine Hassrede,0.8632673025131226
GAHD,LOC_ONLY,197,"Ich hoffe, dass die Afro-Affen eines Tages aussterben, damit die Welt verstehen kann, wie schlimm dieses Artensterben wirklich ist. Schließlich handelt es sich um ein kurzes Glied in der Evolutionskette vom Affen zum Menschen",1,0,keine Hassrede,0.9129850268363953
GAHD,LOC_ONLY,198,"Darüber hinaus bringen die Ärzte eine enorme zusätzliche Sicherheit im Einsatz, vor allem dann, wenn es körperlich anstrengend wird.",0,0,keine Hassrede,0.9372663497924805
GAHD,LOC_ONLY,199,"Verdammte Touristen sollten davon absehen, in dieses Land zu kommen. Sie sind das Virus und wollen jetzt hierher kommen und noch mehr Covid verbreiten? Gib mir eine Pausekkkkkk",0,1,Hassrede,0.6697617769241333
GAHD,PER_ORG_LOC_TYPED,0,Diese Bank ist ein Abschaum,0,1,Hassrede,0.9420561790466309
GAHD,PER_ORG_LOC_TYPED,1,"Ich höre nie wirklich etwas über Juden in [LOC], weder positiv noch negativ, außer wenn Nazis etwas tun oder in [LOC] etwas passiert. Scheint, als hätte das Holo seine Magie gewirkt und sie endgültig losgeworden",1,0,keine Hassrede,0.983204185962677
GAHD,PER_ORG_LOC_TYPED,2,"Ich mag Menschen in anderen Farben, besonders die, die vom Islam weggeworfen wurden",0,0,keine Hassrede,0.997011125087738
GAHD,PER_ORG_LOC_TYPED,3,"Nein, der einzige Zurückgebliebene hier bist (Du), [PER]",1,0,keine Hassrede,0.9589061737060547
GAHD,PER_ORG_LOC_TYPED,4,"In Kombination mit der Tatsache, dass die meisten dieser Gangmitglieder junge, geile und sehr aggressive Männer sind, die den ganzen Tag nichts anderes zu tun haben, als ruhelos in unserer netten Nachbarschaft [LOC], denke ich, dass etwas getan werden muss",0,0,keine Hassrede,0.8274499773979187
GAHD,PER_ORG_LOC_TYPED,5,[LOC] diese schwuletten gehen mir jetzt richtig auf die Nerven,1,1,Hassrede,0.964380145072937
GAHD,PER_ORG_LOC_TYPED,6,Juden AREEEE ALWAYSss WEEELCOMEee,0,0,keine Hassrede,0.998403012752533
GAHD,PER_ORG_LOC_TYPED,7,"Bitte tun Sie nicht so, als hätten wir kein Problem mit Einwanderern",1,0,keine Hassrede,0.9978683590888977
GAHD,PER_ORG_LOC_TYPED,8,"Der teurere Strom wird in der Tat schmerzhaft sein für eine Volkswirtschaft, die nach den Prognosen des [ORG] ([ORG]) im nächsten Jahr von den G7-Ländern am stärksten schrumpfen wird.",0,1,Hassrede,0.5044500231742859
GAHD,PER_ORG_LOC_TYPED,9,"Frauen werden von vielen sehr gehasst, darum verstehe ich es dass sie sich dagegen wehren.",0,1,Hassrede,0.7418596148490906
GAHD,PER_ORG_LOC_TYPED,10,"Asylsuchende als Schmarotzer und Kriminelle abzustempeln ist nicht richtig, die dürfen ja gar nicht arbeiten.",0,0,keine Hassrede,0.9979773163795471
GAHD,PER_ORG_LOC_TYPED,11,Standardmässig liegen diese Fertigkeiten auf der linken Maustaste. Aber die rechte Maustaste hat trotzdem viel mehr Funktionen und Nutzen. Das ist etwa so wie auf dem politischen Spektrum,0,0,keine Hassrede,0.7156750559806824
GAHD,PER_ORG_LOC_TYPED,12,"Mach deinen Schwanz niemals verrückt, und alle Frauen sind verrückt, manche verstecken es einfach gut. Das ist das Problem!",1,0,keine Hassrede,0.9869199395179749
GAHD,PER_ORG_LOC_TYPED,13,"Ein Kind mit Downsyndrom würde ich abtreiben lassen. Wieso die Mühe machen und so dumme, hässliche Kinder erziehen [PER]",1,0,keine Hassrede,0.7611613273620605
GAHD,PER_ORG_LOC_TYPED,14,"Frauen wurden in den Haushalt verbannt, aus dem öffentlichen Leben sind sie verschwunden.",0,0,keine Hassrede,0.7996835112571716
GAHD,PER_ORG_LOC_TYPED,15,"Die [LOC] sind ein Haufen hirnloser Idioten, erschiess sie jetzt.",1,1,Hassrede,0.6056071519851685
GAHD,PER_ORG_LOC_TYPED,16,Immer dieser Hass gegen Muslime. Als ob alle Christen Unschuldslämmer sind,0,1,Hassrede,0.9962560534477234
GAHD,PER_ORG_LOC_TYPED,17,"Anarchisten sind sinnlose, abscheuliche Menschen, der verdammte Abschaum der Welt",0,0,keine Hassrede,0.60324627161026
GAHD,PER_ORG_LOC_TYPED,18,"Ich mag weiss einfach mehr als schwarz. Die Farbe, der Pfeffer, die Schafe... auch Zähne sind besser weiss, nur verkohltes Essen ist schwarz, der Tag ist angenehmer als die Nacht... Bei Menschen ist es genauso: [ORG] >>>>>>>>>>>>>>>>>>>>> schwarz",1,0,keine Hassrede,0.8549720048904419
GAHD,PER_ORG_LOC_TYPED,19,"Was für verdammte Drogen nimmt diese [LOC]?!? Wer macht das verdammt noch mal? [ORG]? Das muss ein Witz sein. Wie schafft man es einfach, die Zone zu verlassen, so wie!!! Ich muss das verstehen, aber gleichzeitig möchte ich das nicht verstehen ... FRAU ... GEHEN SIE ZUM Therapeuten!",0,0,keine Hassrede,0.8614625930786133
GAHD,PER_ORG_LOC_TYPED,20,"Die Zuversicht ist, dass Wunder möglich sind, dass es in der Geschichte schnell gehen kann.",0,0,keine Hassrede,0.9659127593040466
GAHD,PER_ORG_LOC_TYPED,21,Muslime sollten aus der [ORG] ausgeschlossen werden,1,0,keine Hassrede,0.6387863755226135
GAHD,PER_ORG_LOC_TYPED,22,"Wenn du ein Buddhist bist, bist du weniger wert als Dreck",1,0,keine Hassrede,0.9299095869064331
GAHD,PER_ORG_LOC_TYPED,23,"Wenn dieser [PER] klug genug ist, seinen Arsch in dieses Land zu bringen, ist er kompetent genug, um für seine Taten zur Verantwortung gezogen zu werden.",0,0,keine Hassrede,0.7694017291069031
GAHD,PER_ORG_LOC_TYPED,24,Koshies sind nur für einen Zweck nützlich: für die Herstellung von Seife!,1,0,keine Hassrede,0.9757258296012878
GAHD,PER_ORG_LOC_TYPED,25,"Ukrainer:innen, die in die [LOC] kommen, können in einem vereinfachten Verfahren eine Arbeitsbewilligung erhalten. Nicht sooo nice.. Hätte man liebe ausser landes gehalten",1,0,keine Hassrede,0.8861434459686279
GAHD,PER_ORG_LOC_TYPED,26,"Morgen wunderschöne Mulatten, Zeit zum Knochen",1,1,Hassrede,0.6492675542831421
GAHD,PER_ORG_LOC_TYPED,27,Männer mit einem kleinen Glied haben automatisch auch einen geringeren Wert,0,0,keine Hassrede,0.9148045778274536
GAHD,PER_ORG_LOC_TYPED,28,"Er hat jetzt neue Audio-Settings, die jeder ausprobieren sollte, um nicht mehr überrascht zu werden.",0,0,keine Hassrede,0.8890531659126282
GAHD,PER_ORG_LOC_TYPED,29,"Dieses vierte Viertel macht uns Mut, wenn du ein gutes Team bist, dann kommst du auch nach Niederlagen zurück und das ist die Stimmung gerade.",0,0,keine Hassrede,0.9863526821136475
GAHD,PER_ORG_LOC_TYPED,30,Müsste man letztlich schon die Ukrainer selber fragen. Sie offensichtlich wollen nicht unter russischer Herrschaft sein.,0,0,keine Hassrede,0.9400508999824524
GAHD,PER_ORG_LOC_TYPED,31,Die ganzen Geringverdiener sollen sich zusammenreissen und mehr arbeiten oder weiter trockenes Brot fressen,1,0,keine Hassrede,0.6742494702339172
GAHD,PER_ORG_LOC_TYPED,32,koreatourism Zur Hölle mit den Koreanern!,1,1,Hassrede,0.9095284938812256
GAHD,PER_ORG_LOC_TYPED,33,"Ob sie das denkt? Sie war im wahrsten Sinne des Wortes mit jemandem verheiratet, der ihr die verdammte Welt geschenkt hat, und als es hart auf hart kam, hat sie es vermasselt und ist auf Kaution gegangen ... typische Frau ... Männer wollen definitiv nicht finanziell für die Kinder verantwortlich sein, deren Vater auf dem Bild ist. (Es ist ein ungeschriebener Bro-Code) Mädchen, geh runter von deinem verdammten Arsch",1,0,keine Hassrede,0.7774890661239624
GAHD,PER_ORG_LOC_TYPED,34,Aktivisten und Aktivistinnen kritisieren [ORG] wegen Lobby-Arbeit.,0,1,Hassrede,0.5132918357849121
GAHD,PER_ORG_LOC_TYPED,35,Ich habe meinen Job wegen dieser verdammten Pandemie verloren,0,1,Hassrede,0.6293410062789917
GAHD,PER_ORG_LOC_TYPED,36,"Seltsam, wie selbst die gehirngewaschensten und „fortschrittlichsten“ Typen es in einer winzigen Sekunde aufgeben, mit einer Transe auszugehen.",1,0,keine Hassrede,0.7596954703330994
GAHD,PER_ORG_LOC_TYPED,37,"Sie ist furchtbar monströs, weil sie ihr Gehör über sich herrschen lässt und den Rat ihres Mannes nicht befolgt. Die Männchen wissen es besser. Frauen können denken, und viele sind gute Denker, aber sie können unter Druck keine Entscheidungen treffen",1,0,keine Hassrede,0.7671001553535461
GAHD,PER_ORG_LOC_TYPED,38,Der Begriff „Kikes“ sollte anstelle des beschreibenden Begriffs „Juden“ verwendet werden,1,0,keine Hassrede,0.7235887050628662
GAHD,PER_ORG_LOC_TYPED,39,Die Familie war so freundlich und gab ihm eine.,0,0,keine Hassrede,0.9977380633354187
GAHD,PER_ORG_LOC_TYPED,40,"Bl4ck m0nk3ys sind weniger schlau als Pferde, oder ich bin der Kaiser von [LOC]",1,0,keine Hassrede,0.7540006041526794
GAHD,PER_ORG_LOC_TYPED,41,Sind die »[PER]« wirklich so schlimm?,0,0,keine Hassrede,0.8875617384910583
GAHD,PER_ORG_LOC_TYPED,42,"Die ganze Welt war voller Ehrfurcht vor dem behinderten Mann mit einem Doktortitel und drei Master-Abschlüssen, der beweist, dass man selbst als Zurückgebliebenes ein Stück Papier bekommen kann, wenn man genügend Studiengebühren zahlt",1,0,keine Hassrede,0.7915619015693665
GAHD,PER_ORG_LOC_TYPED,43,Die [ORG] sollten weniger [LOC] zulassen. Sie werden Schweizer Innovation zurück nach [LOC] bringen und unsere Wirtschaft zerstören.,1,0,keine Hassrede,0.8537641167640686
GAHD,PER_ORG_LOC_TYPED,44,"Seine Geschichte hat mit einem anderen Schiff zu tun, das heute den Kern eines weltbekannten Museums bildet.",0,0,keine Hassrede,0.7448244094848633
GAHD,PER_ORG_LOC_TYPED,45,"Ich würde es lieben, mit zwei oder drei Toren hier zu sitzen.",0,0,keine Hassrede,0.8204793334007263
GAHD,PER_ORG_LOC_TYPED,46,"Ihre unerschütterliche Anmut und Würde blieben ihr ganzes Leben lang über und sind jetzt ihr ewiges Vermächtnis“, schrieb [PER] in einer Mitteilung, die am Montag auf der Seite seiner [ORG] veröffentlicht wurde.",0,0,keine Hassrede,0.5972397923469543
GAHD,PER_ORG_LOC_TYPED,47,"Ich habe die Bedeutung eines Kompliments danach geordnet, wer es macht, vom grössten zum am wenigsten echten (in meiner persönlichen Erfahrung): 1. Kinder 2. Alte Leute 3. Schwule Männer 4. Betrunkene Mädchen, die man auf der Toilette trifft 5. Zufällige Frauen auf der Strasse 6. Ihr Geschwister 7. Deine Freunde 8. Deine Mutter",0,0,keine Hassrede,0.970866322517395
GAHD,PER_ORG_LOC_TYPED,48,Hier wurde das Untergewand mit einer Scheibenfibel an der Brust verschlossen.,0,0,keine Hassrede,0.8717452883720398
GAHD,PER_ORG_LOC_TYPED,49,"Also ja, es gab eine Zeit, in der ich nicht wusste, wie die Zukunft aussieht.",0,0,keine Hassrede,0.6546769738197327
GAHD,PER_ORG_LOC_TYPED,50,[ORG] belasten öffentliche Dienste.,0,0,keine Hassrede,0.9105938673019409
GAHD,PER_ORG_LOC_TYPED,51,Dimensionen: Mit Bubikopf am Steuer Die neue Frau der 1920er-Jahre.,0,0,keine Hassrede,0.8966298699378967
GAHD,PER_ORG_LOC_TYPED,52,"Männern wird beigebracht, Frauen nicht zu schlagen, und das ist dann auch schon alles. Wir müssen Frauen also nicht gleich behandeln oder respektieren, wenn wir jemals von einer abgelehnt werden.",1,0,keine Hassrede,0.9912300109863281
GAHD,PER_ORG_LOC_TYPED,53,Wäre ich der Präsident hier dann würde ich alle [LOC] auf eine Insel schicken,1,0,keine Hassrede,0.681816041469574
GAHD,PER_ORG_LOC_TYPED,54,"Ein Freund erzählte mir, sein Nachbar sein ein [LOC].",0,0,keine Hassrede,0.7178572416305542
GAHD,PER_ORG_LOC_TYPED,55,"Wie nennt man einen Schwarzen, der viele weisse Freunde hat? - [PER].",0,0,keine Hassrede,0.9186117649078369
GAHD,PER_ORG_LOC_TYPED,56,"Ostindische Menschen sitzen in einer anderen Haltung als westliche Menschen und das zeigt nur, wie seltsam sie sind",1,0,keine Hassrede,0.9724069833755493
GAHD,PER_ORG_LOC_TYPED,57,"Wenn ich Mangos sehe, muss ich fast kotzen. Dasselbe, wenn ich das ""M"" in ""Mango"" mit einem ""Or"" vertausche und das ""o"" mit einem ""e""",0,1,Hassrede,0.6488181352615356
GAHD,PER_ORG_LOC_TYPED,58,"Sie lässt keinen Zweifel daran, dass sie ihren eigenen Kopf und viel Herz hat.",0,0,keine Hassrede,0.96795654296875
GAHD,PER_ORG_LOC_TYPED,59,"Alte, alberne Kojoten sollten hier nicht erlaubt sein.",0,0,keine Hassrede,0.7577000856399536
GAHD,PER_ORG_LOC_TYPED,60,"Trauben sind einer der Gründe, warum die Welt scheiße ist",0,1,Hassrede,0.6108797788619995
GAHD,PER_ORG_LOC_TYPED,61,"Sie sind ärmer als der Durchschnitt, sie sterben früher als die anderen, und sie haben keine Kinder.",0,0,keine Hassrede,0.6627249717712402
GAHD,PER_ORG_LOC_TYPED,62,Staffies sind eine gefährliche Rasse und sollten verboten werden,0,1,Hassrede,0.7903420329093933
GAHD,PER_ORG_LOC_TYPED,63,"Der Ursprung des amerikanischen Apfelkuchens ist in [LOC] zu finden, wo im Jahr 1381 das erste gedruckte Rezept erschien.",0,0,keine Hassrede,0.625361442565918
GAHD,PER_ORG_LOC_TYPED,64,"Schweine sind eklige Tiere, nur für Würstchen geeignet",0,0,keine Hassrede,0.8814846277236938
GAHD,PER_ORG_LOC_TYPED,65,Der griechische Flüchtlingsrat muss zerstört werden,0,1,Hassrede,0.5652037858963013
GAHD,PER_ORG_LOC_TYPED,66,"Ich verurteile Aussagen wie diese hier: ""Den Juden sollte man allen das Leben nehmen""",0,0,keine Hassrede,0.6220879554748535
GAHD,PER_ORG_LOC_TYPED,67,"Die Vorstellung, alle Frauen brennen zu sehen, macht mir Angst!!",0,1,Hassrede,0.7267224788665771
GAHD,PER_ORG_LOC_TYPED,68,"Denke nie, dass ein [LOC] verdammt würdig ist!",1,0,keine Hassrede,0.9969274401664734
GAHD,PER_ORG_LOC_TYPED,69,"Ich habe nicht genug Geld, um mir weiterhin eine Fahrstunde bei dieser Lehrerin leisten zu können, außerdem ist sie nicht die beste Person, um mich zu unterrichten, da Frauen und Autofahren keine gute Kombination sind",1,0,keine Hassrede,0.8700883984565735
GAHD,PER_ORG_LOC_TYPED,70,"Zwar gibt es in der IT-Branche einige erfolgreiche und berühmte Frauen, doch ihr Bekanntheitsgrad hält sich leider oft in Grenzen.",0,0,keine Hassrede,0.772842288017273
GAHD,PER_ORG_LOC_TYPED,71,Jeder über 100kg sollte ein gratis-Abo fürs Fitnesstudio bekommen. Fettheit muss man eliminieren,0,0,keine Hassrede,0.8817822933197021
GAHD,PER_ORG_LOC_TYPED,72,Die Juden sind so unglaublich wütend,1,1,Hassrede,0.9433276653289795
GAHD,PER_ORG_LOC_TYPED,73,Zumal der Cappuccino schon vor [ORG] im Vergleich zu Südeuropa viel zu teuer war.,0,0,keine Hassrede,0.9440571665763855
GAHD,PER_ORG_LOC_TYPED,74,"Auch wenn wir in diesem Jahr schon ein sehr gutes [LOC] hatten, sollte sich der Trend weiter fortsetzen - jedoch weniger spektakulär.",0,0,keine Hassrede,0.843812108039856
GAHD,PER_ORG_LOC_TYPED,75,"Meine beste Freundin, die von Hindus abstammt, schwört auf Schwarzbrot gegen üble Kopfschmerzen.",0,0,keine Hassrede,0.9271417260169983
GAHD,PER_ORG_LOC_TYPED,76,"Wir hatten einen Mega-Start, aber der Typ weiß nur, wie man von [LOC] startet und fährt.“",0,0,keine Hassrede,0.9385204911231995
GAHD,PER_ORG_LOC_TYPED,77,"Dies ist eine magische, magische Zeit in Ihrer Welt.",0,0,keine Hassrede,0.9721642732620239
GAHD,PER_ORG_LOC_TYPED,78,"Die meisten Leute hier sind rückständig und denken, Frauen seien Schlampen. Sie wollen nur einen Schwanz und einen Mann, den sie ausnutzen können.",0,1,Hassrede,0.6147023439407349
GAHD,PER_ORG_LOC_TYPED,79,Über 50'000 Menschen sind seit Kriegsausbruch nach [LOC] geflohen. Hoffentlich folgt ihnen der Krieg dahin und macht gleich das ganze Land dem Erdboden gleich,1,0,keine Hassrede,0.7419779300689697
GAHD,PER_ORG_LOC_TYPED,80,"Als die Hacker-Gruppe Conti am Wochenende ihre uneingeschränkte Unterstützung des russischen Angriffs in der [LOC] verkündete, war das eine klare Drohung.",0,1,Hassrede,0.9788022041320801
GAHD,PER_ORG_LOC_TYPED,81,"Zweitens könnte er Massenvernichtungswaffen einsetzen, in der Hoffnung, dass dies die Ukrainer zum Rückzug zwingen würde.",0,1,Hassrede,0.5096800327301025
GAHD,PER_ORG_LOC_TYPED,82,"Ihre Nase ist riesig. Ich bin froh, dass Sie jetzt auf der Seite der Juden stehen, wenn es um den Kampf gegen diese Oberherren geht",1,1,Hassrede,0.687809944152832
GAHD,PER_ORG_LOC_TYPED,83,[PER] sieht aus wie eine HExe,0,0,keine Hassrede,0.5206125974655151
GAHD,PER_ORG_LOC_TYPED,84,"Ich habe wenig Lust, aktiv die Übergewichtigen zu unterstützen. Unterstützen sie denn mich?? Ne",0,0,keine Hassrede,0.9560083150863647
GAHD,PER_ORG_LOC_TYPED,85,"Hallo Leute, aufregende Neuigkeiten. Es gibt ein neues Studio, das wirklich coole Sachen mit Vore POV macht. Es ist schade, dass sie [LOC] verwenden, aber der Schnitt ist wahnsinnig gut, und ich glaube, sie haben einmal 3D gemacht, ich bin mir nicht sicher",1,0,keine Hassrede,0.9608529806137085
GAHD,PER_ORG_LOC_TYPED,86,"[PER] ist verantwortlich für so viele ermordete [LOC], er sollte dafür verantwortlich gemacht werden!!!",0,1,Hassrede,0.6022471189498901
GAHD,PER_ORG_LOC_TYPED,87,Wieso Mindestlohn? Weil es nicht fair ist wenn sich manche für einen Hungerslohn abrackern müssen.,0,0,keine Hassrede,0.79765784740448
GAHD,PER_ORG_LOC_TYPED,88,Juden verehren [PER] und wollen alle weissen Männer vernichten.,1,1,Hassrede,0.9788826107978821
GAHD,PER_ORG_LOC_TYPED,89,"„Sie, Sir, sind vielleicht vom Affen abstammen, ich aber ganz sicher nicht!“ General [PER] im Film Gettysburg. Jeder Mensch sollte in der Lage sein zu erkennen, dass weisse Männer wie der das fehlende Glied sind, nach dem [PER] gesucht hat",0,1,Hassrede,0.5361456274986267
GAHD,PER_ORG_LOC_TYPED,90,"Wir haben lange mit jemandem telefoniert, aber schließlich bekamen wir auf der Grundlage einer Geburts- und einer Heiratsurkunde Ausreisestempel.",0,0,keine Hassrede,0.8880829215049744
GAHD,PER_ORG_LOC_TYPED,91,"Von Frauen wird erwartet, dass sie Menschen besser verstehen, aber wenn man versucht, sie wie Erwachsene zu behandeln, stellt man fest, dass sie nur egozentrisch und voller kognitiver Dissonanz sind.",1,0,keine Hassrede,0.8175333738327026
GAHD,PER_ORG_LOC_TYPED,92,"Wollen Sie mir damit sagen, dass die schwarzen [LOC] aufgeweckten Fotzen nicht ständig „Vielfalt und Bereicherung“ erzwingen?",1,0,keine Hassrede,0.9758530259132385
GAHD,PER_ORG_LOC_TYPED,93,"Diese beschissene Foundation im [LOC] ist einer der Gründe, warum mein Make-up heute so beschissen aussieht",1,1,Hassrede,0.795562207698822
GAHD,PER_ORG_LOC_TYPED,94,"Ich hoffe, dass Transsexuelle aus unseren Gesellschaften ausgeschlossen werden können.",1,0,keine Hassrede,0.5509050488471985
GAHD,PER_ORG_LOC_TYPED,95,"Es gibt eine Menge Leute, die die Flüchtlinge nicht gerade mögen. Ein großer Teil meiner Familie lebt beispielsweise in [LOC] auf einem kleinen Bauernhof, der im Wesentlichen von Flüchtlingen geplündert wurde. Ich bezweifle, dass jemand aus meiner Familie viele freundliche Worte für die Mehrheit der Flüchtlinge übrig hat, die sich derzeit in diesem Land aufhalten. Ich schätze, dass es auf Reddit ziemlich viele Leute gibt, die ähnliche Meinungen haben, daher stimmen sie Menschen, die Flüchtlinge unterstützen, ab. Ich bin dafür, Hilfe zu schicken und zu tun, was die Regierung tun kann, um im Rahmen des Zumutbaren zu helfen. Für mich und viele andere Studenten ist das ein kleiner Schlag ins Gesicht, wenn man sieht, wie all diese jungen Bürger mit lähmenden Schulden zu kämpfen haben und ein Flüchtling nur sagen muss: „Ja, ich werde in deiner Stadt leben“ und boom. Kostenlose Bildung.",1,0,keine Hassrede,0.7647125124931335
GAHD,PER_ORG_LOC_TYPED,96,Joghurts sind alle doof!,0,0,keine Hassrede,0.642991840839386
GAHD,PER_ORG_LOC_TYPED,97,[LOC] in [LOC] fällen Bäume für Barrikaden,0,0,keine Hassrede,0.7085924744606018
GAHD,PER_ORG_LOC_TYPED,98,Ich kann den Unterschied zwischen einer muslimischen Frau und einem Briefkasten erkennen: Letzterer leistet zumindest einen Beitrag zur Gesellschaft,1,0,keine Hassrede,0.9774608016014099
GAHD,PER_ORG_LOC_TYPED,99,"Peta sind ein Haufen verdammter Nörgler, ich verachte jeden Einzelnen von ihnen. Sie kümmern sich mehr um Tiere als um Menschen",0,1,Hassrede,0.8514187932014465
GAHD,PER_ORG_LOC_TYPED,100,"Ein Anwohner in [LOC] sagte gegenüber dem Blatt: „Es riecht wie Innereien, die in der Sonne verrottet sind.",0,1,Hassrede,0.6523526906967163
GAHD,PER_ORG_LOC_TYPED,101,[ORG] gibt es tatsächlich! Blödmann,0,0,keine Hassrede,0.9271585941314697
GAHD,PER_ORG_LOC_TYPED,102,Das deutsche Volk muss sterben,1,1,Hassrede,0.5745440125465393
GAHD,PER_ORG_LOC_TYPED,103,[PER] sind nicht schön anzusehen,1,0,keine Hassrede,0.8674276471138
GAHD,PER_ORG_LOC_TYPED,104,"In der Klasse meines [PER] gibt es ein Kind mit besonderen Bedürfnissen, das ständig andere schlägt. Sie sollten alle zusammen in Sonderschulen untergebracht werden, damit sie die normalen Kinder nicht beeinträchtigen",1,0,keine Hassrede,0.9151870012283325
GAHD,PER_ORG_LOC_TYPED,105,"Faisal ist eine trans Frau, also ein Mann",1,0,keine Hassrede,0.9295633435249329
GAHD,PER_ORG_LOC_TYPED,106,"Es gibt keine ethische Almosenrichtlinie! Versuchen Sie alles, was Sie wollen, aber die Schwarzen werden bezahlt, während die Weißen bei der Arbeit sterben",1,0,keine Hassrede,0.9576340317726135
GAHD,PER_ORG_LOC_TYPED,107,"Diese Staffel von Black Mirror ist totaler Quatsch und dem Rest der Serie völlig unterlegen, die Plot twists waren total schwach. Einziger Lichtblock war, dass sie mehr schwarze Schauspieler hatten.",0,0,keine Hassrede,0.7015403509140015
GAHD,PER_ORG_LOC_TYPED,108,Aber es gibt eine ganze Reihe dieser Nicht-Nationals.,0,0,keine Hassrede,0.8888332843780518
GAHD,PER_ORG_LOC_TYPED,109,"Eine Sache, die ich im Leben gelernt habe, ist, dass man seine Nachbarn niemals als Schweine bezeichnen sollte. Nichts ist schlimmer, als eine Ratte zu sein. Es wird Sie vernichten und Sie müssen immer und überall auf der Hut sein.",0,0,keine Hassrede,0.9964459538459778
GAHD,PER_ORG_LOC_TYPED,110,"Eine unfruchtbare Frau darf keinen Mann heiraten, da dies unfair ist",1,0,keine Hassrede,0.9941691160202026
GAHD,PER_ORG_LOC_TYPED,111,"In der Öffentlichkeit habe ich zufällig jemanden sagen hören, Juden seien alle [LOC]. Ich möchte mit dieser Person befreundet sein.",1,0,keine Hassrede,0.9764332175254822
GAHD,PER_ORG_LOC_TYPED,112,"Ich kann mir gut vorstellen, dass noch viel mehr Flüchtlinge unter der Hand des Staates leiden und sterben",1,0,keine Hassrede,0.6625170707702637
GAHD,PER_ORG_LOC_TYPED,113,"[PER], das Outfit hatte einfach die besten Stats.",0,0,keine Hassrede,0.9199973344802856
GAHD,PER_ORG_LOC_TYPED,114,Je nach Fahrtrichtung ist der jeweilige Führerstand zu benutzen.,0,0,keine Hassrede,0.8685564398765564
GAHD,PER_ORG_LOC_TYPED,115,"Kinder, die sich als transsexuell identifizieren, müssen lange warten, bevor sie sich eine medizinische Transition unterziehen dürfen. Diese Transitionen sind teilweise reversibel, was viele Leute nicht wissen. Informiert euch darüber, bevor ihr Fehlinformation verbreitet!",0,0,keine Hassrede,0.8165353536605835
GAHD,PER_ORG_LOC_TYPED,116,"Frauen brauchen einen Mann, der sie führt",1,0,keine Hassrede,0.9854142665863037
GAHD,PER_ORG_LOC_TYPED,117,"Er zieht die Packung [ORG] aus der Tasche und zeigt, dass Not und Großzügigkeit kein Widerspruch sind: ""Hier, nimm es.",0,0,keine Hassrede,0.9984986186027527
GAHD,PER_ORG_LOC_TYPED,118,"Die Schriftstellerin, ihr Film und ein glücklicher Zufall von [LOC] wird ordentlich Makgeolli getrunken, so viel, dass eine junge Schauspielerin sogar eine Weile bei Tisch einschläft.",0,0,keine Hassrede,0.9076932668685913
GAHD,PER_ORG_LOC_TYPED,119,"Das ist so offensichtlich, dass nicht einmal mehr linke Mainstream-Medien die importierte islamische Bedrohung für Juden in Deutschland verschweigen können.",1,1,Hassrede,0.939846932888031
GAHD,PER_ORG_LOC_TYPED,120,Heute spielen wir einmal verkehrte Welt. Alle Menschen sind gleichwertig,0,0,keine Hassrede,0.9934074282646179
GAHD,PER_ORG_LOC_TYPED,121,Wobei die Herkunft als Enkel von einer Indianerin und sieben kriminellen Spaniöggels gentechnisch betrachtet sicherlich auch eine Rolle spielt.,1,0,keine Hassrede,0.755341649055481
GAHD,PER_ORG_LOC_TYPED,122,"Politiker sind Idioten, können nicht mal richtig beim Ausländerproblem durchgreifen",1,0,keine Hassrede,0.9138112664222717
GAHD,PER_ORG_LOC_TYPED,123,[LOC] Familien haben oft mehr als zwei Kinder.,0,0,keine Hassrede,0.9686108827590942
GAHD,PER_ORG_LOC_TYPED,124,"[PER], das heißt für die Puristin: vom Meeresspiegel bis zum Gipfel, und zwar ohne Sauerstoff.",0,0,keine Hassrede,0.781710147857666
GAHD,PER_ORG_LOC_TYPED,125,"Da FaceTime direkt in die App integriert ist, können Benutzer einen FaceTime-Anruf innerhalb von Freeform starten, indem sie auf die Schaltfläche für die Zusammenarbeit oben rechts auf dem Bildschirm tippen.",0,0,keine Hassrede,0.8117600679397583
GAHD,PER_ORG_LOC_TYPED,126,Mädel spricht ein Walross.,0,1,Hassrede,0.9719921350479126
GAHD,PER_ORG_LOC_TYPED,127,Wenn ich ein Geringverdiener wäre würde ich mich schämen. Diese Leute haben aber einfach keine Ehre mehr und sind zu bescheuert um Scham zu verspüren,1,0,keine Hassrede,0.9539046287536621
GAHD,PER_ORG_LOC_TYPED,128,"Sie wissen zum Beispiel, dass die hohen Drogenkriminalitätsraten von [LOC] in der Gegend von [LOC] kein Rätsel sind. Es sind halt Asiaten, die haben das im Blut",1,0,keine Hassrede,0.9056132435798645
GAHD,PER_ORG_LOC_TYPED,129,"Ich klopfe mit Freunden dumme Sprüche, gehe ein paar Fische fangen, und wenn es sein muss, bin ich auch bis vier Uhr morgens in einem Technokeller an der [LOC].",0,0,keine Hassrede,0.9508773684501648
GAHD,PER_ORG_LOC_TYPED,130,wie naiv bist du eigentlich? träum weiter du Nazi,0,1,Hassrede,0.9788178205490112
GAHD,PER_ORG_LOC_TYPED,131,"Diese Idee, alle Menschen aus [LOC] zu verbrennen ... Was wäre, wenn das [ORG] einfach das ganze Land mit verbrannter [LOC] angreifen würde?",1,1,Hassrede,0.7887642979621887
GAHD,PER_ORG_LOC_TYPED,132,Die [ORG] heute ist vielfältiger als noch vor 100 Jahren.,0,0,keine Hassrede,0.9496512413024902
GAHD,PER_ORG_LOC_TYPED,133,Eine der häufigsten Eigenschaften von Flüchtlingen ist ihre Zielstrebigkeit. So sind sie hier.,0,0,keine Hassrede,0.7110189199447632
GAHD,PER_ORG_LOC_TYPED,134,[PER] ruinieren die britische Kultur,1,1,Hassrede,0.7498540282249451
GAHD,PER_ORG_LOC_TYPED,135,"Ich wünschte wirklich, jeder würde Pädophile totschlagen",0,1,Hassrede,0.6749933362007141
GAHD,PER_ORG_LOC_TYPED,136,"Unsere Vorfahren haben Jahrhunderte daran gearbeitet, deshalb sollte sie uns mehr wert sein.",0,0,keine Hassrede,0.952985405921936
GAHD,PER_ORG_LOC_TYPED,137,Abschiebung. Die beste Lösung.,0,0,keine Hassrede,0.6876441240310669
GAHD,PER_ORG_LOC_TYPED,138,"Niemand käme auf die Idee, dass [PER] mehr strahlt, wenn man es mit Schwarz mischt. Für Menschen gilt das auch.",1,0,keine Hassrede,0.8910354375839233
GAHD,PER_ORG_LOC_TYPED,139,"[LOC] können mir gar nicht sagen, wie ich zu reden habe. Wenn sie echte Frauen sind, warum macht es sie dann so wütend, wenn ich sie auf ihr biologisches Geschlecht aufmerksam mache?",1,0,keine Hassrede,0.826239287853241
GAHD,PER_ORG_LOC_TYPED,140,Wir müssen schwarze Menschen aus der Gesellschaft ausschließen,1,1,Hassrede,0.619813859462738
GAHD,PER_ORG_LOC_TYPED,141,Demokratie ist eine verkleidete Tyrannei,0,0,keine Hassrede,0.7429659962654114
GAHD,PER_ORG_LOC_TYPED,142,Sicherlich faseln die deutschen Neueinwanderer nun wieder vom “harmlosen Hanf der doch keiner Fliege was zuleide tun könne”.,0,0,keine Hassrede,0.5851908326148987
GAHD,PER_ORG_LOC_TYPED,143,"Mein Ziel ist es, dass wir jeden angreifen, der sich nicht an die britischen Werte halten kann, sagte der [ORG] Sympathisant",0,1,Hassrede,0.8542405962944031
GAHD,PER_ORG_LOC_TYPED,144,Wenn ich einen Mongo sehe würde ich ihm am liebsten die Fresse polieren,1,0,keine Hassrede,0.601876437664032
GAHD,PER_ORG_LOC_TYPED,145,"[LOC] würde hier gemeinsam mit [ORG] und [ORG] einen Wirtschaftskrieg führen und ""in der Mentalität eines islamistischen Selbstmordattentäters"" agieren.",0,1,Hassrede,0.9816392660140991
GAHD,PER_ORG_LOC_TYPED,146,Die ganze refugeeswelcome scheisse geht mir auf den Sack. Das wird der Anfang vom Ende sein,1,1,Hassrede,0.9583267569541931
GAHD,PER_ORG_LOC_TYPED,147,"Das [LOC] ist reich an Geschichte. Allerdings gibt es hier zu viele [LOC], so dass ich befürchte, dass sie eines Tages sogar die königliche Familie infiltrieren werden.",1,0,keine Hassrede,0.8646174669265747
GAHD,PER_ORG_LOC_TYPED,148,"Aber selbst wenn ich mich als Indianer verkleidet hätte, hätte ich mich nicht „schuldig“ gemacht.",0,0,keine Hassrede,0.997600257396698
GAHD,PER_ORG_LOC_TYPED,149,"Das Auto sieht so kitschig aus wie der Gypo, dem es gehört, ich möchte nicht in der Nähe davon gesehen werden!",1,1,Hassrede,0.8522863984107971
GAHD,PER_ORG_LOC_TYPED,150,"Wir freuen uns, dass das HEXWAVE-System nun im Einsatz ist und von Sicherheitspersonal wichtiger branchenführender Unternehmen aus unseren Zielbranchen bedient wird. 959772 Wir freuen uns, dass der P-REC-Markt dazu beiträgt, den Zugang zu erneuerbaren Energien in der [ORG] zu verbessern und das volle Potenzial der kongolesischen Gemeinden freizusetzen, sagte [PER], Präsident von [ORG].",0,0,keine Hassrede,0.6343886256217957
GAHD,PER_ORG_LOC_TYPED,151,"Ich bereue das aber auch nicht, denn ich habe diese Seite an mir nie entdeckt.“",0,0,keine Hassrede,0.9982802271842957
GAHD,PER_ORG_LOC_TYPED,152,[PER] machen mir Mut,0,0,keine Hassrede,0.9928892850875854
GAHD,PER_ORG_LOC_TYPED,153,Die beste Motivation auf dem Weg zu einem erfolgreichen Jury-Casting ist immer noch die Liebe.,0,0,keine Hassrede,0.9972819089889526
GAHD,PER_ORG_LOC_TYPED,154,"Die Dinge liefen großartig, bis das verdammte [PER] auftauchte, danke Chinks!",1,0,keine Hassrede,0.7548155784606934
GAHD,PER_ORG_LOC_TYPED,155,"Sterben Chinesen häufiger an Coronavirus? Es ist ihre eigene Schuld, den Virus verursacht zu haben",1,0,keine Hassrede,0.9172745943069458
GAHD,PER_ORG_LOC_TYPED,156,"[PER], die versuchen, Morddrohungen für uns alle zu bekommen, sprich im Code, Bruder!",1,1,Hassrede,0.8888651132583618
GAHD,PER_ORG_LOC_TYPED,157,"Es tut mir leid, dass du so ein Trottel bist",0,1,Hassrede,0.7423014044761658
GAHD,PER_ORG_LOC_TYPED,158,Frauen sollten während ihrer Menstruation zu Hause bleiben,1,0,keine Hassrede,0.9219009280204773
GAHD,PER_ORG_LOC_TYPED,159,"„Keine verdammten Nigger hier“, sagte der Barkeeper, als er sie rausschmiss, ein absoluter Held",1,0,keine Hassrede,0.9240245819091797
GAHD,PER_ORG_LOC_TYPED,160,"Wir haben ein Studio, in dem ich Lieder schreibe - allein, ohne die Anwesenheit der anderen.",0,0,keine Hassrede,0.851822018623352
GAHD,PER_ORG_LOC_TYPED,161,Leider sind Juden noch immer nicht wieder als Teil unserer Gesellschaft anerkannt.,0,0,keine Hassrede,0.8745750784873962
GAHD,PER_ORG_LOC_TYPED,162,"Nach dem Schock, den wir gerade durchmachen, müssten wir das dringend tun.",0,0,keine Hassrede,0.568244457244873
GAHD,PER_ORG_LOC_TYPED,163,"Ich bin mir ziemlich sicher, dass m0ng0l01ds Tollwut haben, weil sie mit Hunden verwandt sind",1,1,Hassrede,0.7568074464797974
GAHD,PER_ORG_LOC_TYPED,164,Diese Schweine sind verdammt ekelhaft,0,1,Hassrede,0.6350707411766052
GAHD,PER_ORG_LOC_TYPED,165,Halten sie unsere Arbeitsplätze anstatt Roboter aus dem Ausland zu importieren.,0,0,keine Hassrede,0.9327160716056824
GAHD,PER_ORG_LOC_TYPED,166,"Liebe Freunde, [PER],das Symbol des [ORG]",0,0,keine Hassrede,0.8252031207084656
GAHD,PER_ORG_LOC_TYPED,167,"Wenn man eine muslimische Putzfrau anstellt, kann man sich darauf verlassen, dass nachher alles saube ist.",0,0,keine Hassrede,0.8967996835708618
GAHD,PER_ORG_LOC_TYPED,168,Es gibt viele Ausländer die noch nie etwas sinnvolles geleistet haben,1,0,keine Hassrede,0.9063428640365601
GAHD,PER_ORG_LOC_TYPED,169,"Ich verstehe nicht, für welche Ideologie dieses Meme überhaupt ein Argument ist. [LOC] wurden von anderen [LOC] in die Sklaverei verkauft. Okay, Nigger? Worum geht es dir?",1,0,keine Hassrede,0.7806364893913269
GAHD,PER_ORG_LOC_TYPED,170,"Die chinesische Regierung tötete und inhaftierte 18 bis 20 [ORG], nachdem sie 2018 in den privaten Server der ehemaligen Außenministerin [PER] eingedrungen war, und Sie vertrauen Ihren chinesischen Nachbarn immer noch?",1,0,keine Hassrede,0.7489604949951172
GAHD,PER_ORG_LOC_TYPED,171,du bist sone schwuchtel,1,0,keine Hassrede,0.5794885754585266
GAHD,PER_ORG_LOC_TYPED,172,[ORG] sind hier überall!,1,0,keine Hassrede,0.7520042061805725
GAHD,PER_ORG_LOC_TYPED,173,"Ich finde, übergewichtige Menschen sollten gebüsst werden.",0,0,keine Hassrede,0.6957269906997681
GAHD,PER_ORG_LOC_TYPED,174,[LOC] sind unhöflich und dreckig lol,1,0,keine Hassrede,0.6214234828948975
GAHD,PER_ORG_LOC_TYPED,175,Wie macht man einen Juden-Hasser aus einem Christen?,0,1,Hassrede,0.546471357345581
GAHD,PER_ORG_LOC_TYPED,176,Ich kann eine muslimische Frau nicht von einem Briefkasten unterscheiden,1,0,keine Hassrede,0.957161009311676
GAHD,PER_ORG_LOC_TYPED,177,Schwuler Wahnsinn,1,1,Hassrede,0.9346659183502197
GAHD,PER_ORG_LOC_TYPED,178,"""Fick dich"", das kann man jedem Menschen sagen, wenn dieser die Grenzen des akzeptablen Umgang bei weitem überschreitet.",0,1,Hassrede,0.9009543657302856
GAHD,PER_ORG_LOC_TYPED,179,"Meine Freundin erzählte mir neulich, dass sie diesen Satz jedes Mal hört, wenn sie ihre Eltern anruft.",0,1,Hassrede,0.5232011079788208
GAHD,PER_ORG_LOC_TYPED,180,"[PER] hat sich gestern als Trans-Frau geoutet. Es fällt mir schwer, ihn ernst zu nehmen.",1,0,keine Hassrede,0.8616328835487366
GAHD,PER_ORG_LOC_TYPED,181,"Dabei habe er sie kein einziges Mal geschlagen, beteuerte er: „Mein Ziel ist die Wahrheit.",0,0,keine Hassrede,0.9964868426322937
GAHD,PER_ORG_LOC_TYPED,182,"Die Forscher stellten fest, dass kleinere Spinnen im Vergleich zu ihrer Größe schwerere Lasten tragen können.",0,0,keine Hassrede,0.8645279407501221
GAHD,PER_ORG_LOC_TYPED,183,Die Migrationspolitik unserer Länder ist ebenfalls unmenschlich.,0,0,keine Hassrede,0.7155181169509888
GAHD,PER_ORG_LOC_TYPED,184,"Dieses Land hat sich polarisiert, vor allem während [LOC]. Es ist ein guter Tag für Liberale, ihre abscheulichen Ansichten werden auf allen Ebenen der Gesellschaft legitimiert",0,0,keine Hassrede,0.5295183658599854
GAHD,PER_ORG_LOC_TYPED,185,Menschen mit gemischter Abstammung wie Sie sollten erschossen werden,1,0,keine Hassrede,0.5203918814659119
GAHD,PER_ORG_LOC_TYPED,186,"Wenn man die Tauben in einem Gewitter auflässt, dann ist es vorbei.",0,0,keine Hassrede,0.9728060960769653
GAHD,PER_ORG_LOC_TYPED,187,"Nun ja, mit den Jids stimmt wirklich etwas nicht!! Fällt sonst noch jemandem auf, wie sie anscheinend alles laufen lassen? Es ist nicht meine Schuld, dass ich das gesehen habe und denke, dass mit den [PER] etwas nicht stimmt. Ich muss die Nachricht verbreiten, weil etwas nicht stimmt",1,0,keine Hassrede,0.8134439587593079
GAHD,PER_ORG_LOC_TYPED,188,"Was zum Teufel stimmt mit deinen Leuten nicht? Das ist eine ernste Frage. Wenn ein Ureinwohner eine Ausbildung machen und einen Job bekommen möchte, tut die Regierung alles, um dies zu ermöglichen. Wie kommt es also, dass so viele von ihnen völlige Versager sind?",1,0,keine Hassrede,0.9916459918022156
GAHD,PER_ORG_LOC_TYPED,189,Früher hatte man Sex. Heute hat man sexuelle Belästigung. Frauen sind Schuld daran,1,0,keine Hassrede,0.8158238530158997
GAHD,PER_ORG_LOC_TYPED,190,"Ja, Frauen können einsam sein. Hübsche Frauen können einsam sein. Frauen können von der „Aufmerksamkeit“ von 20 Männern umgeben sein und trotzdem einsam sein. Hinweis: Denn in den meisten Fällen handelt es sich nicht um echte Aufmerksamkeit. Es ist flüchtig, vorübergehend, leer und unbegründet. Es wird weg sein. Sehr bald. Vielleicht bis zum Ende der Nacht.",0,0,keine Hassrede,0.7768876552581787
GAHD,PER_ORG_LOC_TYPED,191,"Nach dem System des „koreanischen Alters“, das in informellen Situationen angewendet wird, gelten Babys am Tag ihrer Geburt als ein Jahr alt, jährlich am 1. Januar wird ein Jahr hinzugefügt.",0,0,keine Hassrede,0.8684555888175964
GAHD,PER_ORG_LOC_TYPED,192,"Das britische Volk sollte das Recht auf soziale Wohnungen haben, nicht auf Einwanderer.",1,0,keine Hassrede,0.9963314533233643
GAHD,PER_ORG_LOC_TYPED,193,Bahn stellt Betrieb ein!,0,0,keine Hassrede,0.7702584862709045
GAHD,PER_ORG_LOC_TYPED,194,"Die Menschen in dieser Gegend scheinen viel fröhlicher zu sein als dort, wo ich früher gelebt habe, man merkt, dass es dort weniger Nicht-Weiße gibt",1,0,keine Hassrede,0.8571687340736389
GAHD,PER_ORG_LOC_TYPED,195,"Die Zivilisten, die sein Auto reparieren sollten, hatten einfach nur Pech.",0,0,keine Hassrede,0.989454984664917
GAHD,PER_ORG_LOC_TYPED,196,"Erinnern. Der Waschbär in deinem Gesicht ist ein leerer Schauspieler und du stehst offen vor der Kamera. Die Person, die Sie angreift, ist ein minderwertiger, drittklassiger Spieler, der von [PER] darauf trainiert wurde, für einen versteckten Kameramann eine reflexartige Reaktion aus Ihnen herauszuholen. Aber der Affe in deinem Gesicht, der dich anbrüllt und bedroht, ist keine mit Stroh gefüllte Marionette mit Holzkopf. Wenn er die Waffe in Ihre Nähe bringt, müssen Sie vorsichtig auf den Affen schießen.",1,0,keine Hassrede,0.8906883001327515
GAHD,PER_ORG_LOC_TYPED,197,"Ich hoffe, dass die Afro-Affen eines Tages aussterben, damit die Welt verstehen kann, wie schlimm dieses Artensterben wirklich ist. Schließlich handelt es sich um ein kurzes Glied in der Evolutionskette vom Affen zum Menschen",1,0,keine Hassrede,0.9129850268363953
GAHD,PER_ORG_LOC_TYPED,198,"Darüber hinaus bringen die Ärzte eine enorme zusätzliche Sicherheit im Einsatz, vor allem dann, wenn es körperlich anstrengend wird.",0,0,keine Hassrede,0.9372663497924805
GAHD,PER_ORG_LOC_TYPED,199,"Verdammte Touristen sollten davon absehen, in dieses Land zu kommen. Sie sind das Virus und wollen jetzt hierher kommen und noch mehr Covid verbreiten? Gib mir eine Pausekkkkkk",0,1,Hassrede,0.6697617769241333
GAHD,X_LENGTH,0,Diese Bank ist ein Abschaum,0,1,Hassrede,0.9420561790466309
GAHD,X_LENGTH,1,"Ich höre nie wirklich etwas über Juden in XXXXXXXXXXX, weder positiv noch negativ, außer wenn Nazis etwas tun oder in XXXXXX etwas passiert. Scheint, als hätte das Holo seine Magie gewirkt und sie endgültig losgeworden",1,0,keine Hassrede,0.9752541780471802
GAHD,X_LENGTH,2,"Ich mag Menschen in anderen Farben, besonders die, die vom Islam weggeworfen wurden",0,0,keine Hassrede,0.997011125087738
GAHD,X_LENGTH,3,"Nein, der einzige Zurückgebliebene hier bist (Du), XXXXXXX",1,0,keine Hassrede,0.8056588172912598
GAHD,X_LENGTH,4,"In Kombination mit der Tatsache, dass die meisten dieser Gangmitglieder junge, geile und sehr aggressive Männer sind, die den ganzen Tag nichts anderes zu tun haben, als ruhelos in unserer netten Nachbarschaft XXXXXXXXXXXXXX, denke ich, dass etwas getan werden muss",0,0,keine Hassrede,0.7897765636444092
GAHD,X_LENGTH,5,XXXX diese schwuletten gehen mir jetzt richtig auf die Nerven,1,1,Hassrede,0.9956005811691284
GAHD,X_LENGTH,6,Juden AREEEE ALWAYSss WEEELCOMEee,0,0,keine Hassrede,0.998403012752533
GAHD,X_LENGTH,7,"Bitte tun Sie nicht so, als hätten wir kein Problem mit Einwanderern",1,0,keine Hassrede,0.9978683590888977
GAHD,X_LENGTH,8,"Der teurere Strom wird in der Tat schmerzhaft sein für eine Volkswirtschaft, die nach den Prognosen des XXXXXXXXXXXXXXXXXXXXXXXXXXXXX (XXX) im nächsten Jahr von den G7-Ländern am stärksten schrumpfen wird.",0,1,Hassrede,0.5121773481369019
GAHD,X_LENGTH,9,"Frauen werden von vielen sehr gehasst, darum verstehe ich es dass sie sich dagegen wehren.",0,1,Hassrede,0.7418596148490906
GAHD,X_LENGTH,10,"Asylsuchende als Schmarotzer und Kriminelle abzustempeln ist nicht richtig, die dürfen ja gar nicht arbeiten.",0,0,keine Hassrede,0.9979773163795471
GAHD,X_LENGTH,11,Standardmässig liegen diese Fertigkeiten auf der linken Maustaste. Aber die rechte Maustaste hat trotzdem viel mehr Funktionen und Nutzen. Das ist etwa so wie auf dem politischen Spektrum,0,0,keine Hassrede,0.7156750559806824
GAHD,X_LENGTH,12,"Mach deinen Schwanz niemals verrückt, und alle Frauen sind verrückt, manche verstecken es einfach gut. Das ist das Problem!",1,0,keine Hassrede,0.9869199395179749
GAHD,X_LENGTH,13,"Ein Kind mit Downsyndrom würde ich abtreiben lassen. Wieso die Mühe machen und so dumme, hässliche Kinder erziehen XXXXXXX",1,0,keine Hassrede,0.6088464260101318
GAHD,X_LENGTH,14,"Frauen wurden in den Haushalt verbannt, aus dem öffentlichen Leben sind sie verschwunden.",0,0,keine Hassrede,0.7996835112571716
GAHD,X_LENGTH,15,"Die XXXXXXXXXXX sind ein Haufen hirnloser Idioten, erschiess sie jetzt.",1,1,Hassrede,0.9262634515762329
GAHD,X_LENGTH,16,Immer dieser Hass gegen Muslime. Als ob alle Christen Unschuldslämmer sind,0,1,Hassrede,0.9962560534477234
GAHD,X_LENGTH,17,"Anarchisten sind sinnlose, abscheuliche Menschen, der verdammte Abschaum der Welt",0,0,keine Hassrede,0.60324627161026
GAHD,X_LENGTH,18,"Ich mag weiss einfach mehr als schwarz. Die Farbe, der Pfeffer, die Schafe... auch Zähne sind besser weiss, nur verkohltes Essen ist schwarz, der Tag ist angenehmer als die Nacht... Bei Menschen ist es genauso: XXXXX >>>>>>>>>>>>>>>>>>>>> schwarz",1,0,keine Hassrede,0.8660300970077515
GAHD,X_LENGTH,19,"Was für verdammte Drogen nimmt diese XXXXXXXXXX?!? Wer macht das verdammt noch mal? XXXXXXXXX? Das muss ein Witz sein. Wie schafft man es einfach, die Zone zu verlassen, so wie!!! Ich muss das verstehen, aber gleichzeitig möchte ich das nicht verstehen ... FRAU ... GEHEN SIE ZUM Therapeuten!",0,0,keine Hassrede,0.851442277431488
GAHD,X_LENGTH,20,"Die Zuversicht ist, dass Wunder möglich sind, dass es in der Geschichte schnell gehen kann.",0,0,keine Hassrede,0.9659127593040466
GAHD,X_LENGTH,21,Muslime sollten aus der XXXXXXXXXXXX ausgeschlossen werden,1,0,keine Hassrede,0.5168609023094177
GAHD,X_LENGTH,22,"Wenn du ein Buddhist bist, bist du weniger wert als Dreck",1,0,keine Hassrede,0.9299095869064331
GAHD,X_LENGTH,23,"Wenn dieser XXXXXXXXXXXXXXXXXXXXXXXX klug genug ist, seinen Arsch in dieses Land zu bringen, ist er kompetent genug, um für seine Taten zur Verantwortung gezogen zu werden.",0,1,Hassrede,0.6405545473098755
GAHD,X_LENGTH,24,Koshies sind nur für einen Zweck nützlich: für die Herstellung von Seife!,1,0,keine Hassrede,0.9757258296012878
GAHD,X_LENGTH,25,"Ukrainer:innen, die in die XXXXXXX kommen, können in einem vereinfachten Verfahren eine Arbeitsbewilligung erhalten. Nicht sooo nice.. Hätte man liebe ausser landes gehalten",1,0,keine Hassrede,0.9055373072624207
GAHD,X_LENGTH,26,"Morgen wunderschöne Mulatten, Zeit zum Knochen",1,1,Hassrede,0.6492675542831421
GAHD,X_LENGTH,27,Männer mit einem kleinen Glied haben automatisch auch einen geringeren Wert,0,0,keine Hassrede,0.9148045778274536
GAHD,X_LENGTH,28,"Er hat jetzt neue Audio-Settings, die jeder ausprobieren sollte, um nicht mehr überrascht zu werden.",0,0,keine Hassrede,0.8890531659126282
GAHD,X_LENGTH,29,"Dieses vierte Viertel macht uns Mut, wenn du ein gutes Team bist, dann kommst du auch nach Niederlagen zurück und das ist die Stimmung gerade.",0,0,keine Hassrede,0.9863526821136475
GAHD,X_LENGTH,30,Müsste man letztlich schon die Ukrainer selber fragen. Sie offensichtlich wollen nicht unter russischer Herrschaft sein.,0,0,keine Hassrede,0.9400508999824524
GAHD,X_LENGTH,31,Die ganzen Geringverdiener sollen sich zusammenreissen und mehr arbeiten oder weiter trockenes Brot fressen,1,0,keine Hassrede,0.6742494702339172
GAHD,X_LENGTH,32,koreatourism Zur Hölle mit den Koreanern!,1,1,Hassrede,0.9095284938812256
GAHD,X_LENGTH,33,"Ob sie das denkt? Sie war im wahrsten Sinne des Wortes mit jemandem verheiratet, der ihr die verdammte Welt geschenkt hat, und als es hart auf hart kam, hat sie es vermasselt und ist auf Kaution gegangen ... typische Frau ... Männer wollen definitiv nicht finanziell für die Kinder verantwortlich sein, deren Vater auf dem Bild ist. (Es ist ein ungeschriebener Bro-Code) Mädchen, geh runter von deinem verdammten Arsch",1,0,keine Hassrede,0.7774890661239624
GAHD,X_LENGTH,34,Aktivisten und Aktivistinnen kritisieren XXXXXX wegen Lobby-Arbeit.,0,1,Hassrede,0.5701032876968384
GAHD,X_LENGTH,35,Ich habe meinen Job wegen dieser verdammten Pandemie verloren,0,1,Hassrede,0.6293410062789917
GAHD,X_LENGTH,36,"Seltsam, wie selbst die gehirngewaschensten und „fortschrittlichsten“ Typen es in einer winzigen Sekunde aufgeben, mit einer Transe auszugehen.",1,0,keine Hassrede,0.7596954703330994
GAHD,X_LENGTH,37,"Sie ist furchtbar monströs, weil sie ihr Gehör über sich herrschen lässt und den Rat ihres Mannes nicht befolgt. Die Männchen wissen es besser. Frauen können denken, und viele sind gute Denker, aber sie können unter Druck keine Entscheidungen treffen",1,0,keine Hassrede,0.7671001553535461
GAHD,X_LENGTH,38,Der Begriff „Kikes“ sollte anstelle des beschreibenden Begriffs „Juden“ verwendet werden,1,0,keine Hassrede,0.7235887050628662
GAHD,X_LENGTH,39,Die Familie war so freundlich und gab ihm eine.,0,0,keine Hassrede,0.9977380633354187
GAHD,X_LENGTH,40,"Bl4ck m0nk3ys sind weniger schlau als Pferde, oder ich bin der Kaiser von XXXXX",1,0,keine Hassrede,0.7404472231864929
GAHD,X_LENGTH,41,Sind die »XXXXXXXXXXXXX« wirklich so schlimm?,0,0,keine Hassrede,0.712613046169281
GAHD,X_LENGTH,42,"Die ganze Welt war voller Ehrfurcht vor dem behinderten Mann mit einem Doktortitel und drei Master-Abschlüssen, der beweist, dass man selbst als Zurückgebliebenes ein Stück Papier bekommen kann, wenn man genügend Studiengebühren zahlt",1,0,keine Hassrede,0.7915619015693665
GAHD,X_LENGTH,43,Die XXX sollten weniger XXXXXXXX zulassen. Sie werden Schweizer Innovation zurück nach XXXXX bringen und unsere Wirtschaft zerstören.,1,0,keine Hassrede,0.8469652533531189
GAHD,X_LENGTH,44,"Seine Geschichte hat mit einem anderen Schiff zu tun, das heute den Kern eines weltbekannten Museums bildet.",0,0,keine Hassrede,0.7448244094848633
GAHD,X_LENGTH,45,"Ich würde es lieben, mit zwei oder drei Toren hier zu sitzen.",0,0,keine Hassrede,0.8204793334007263
GAHD,X_LENGTH,46,"Ihre unerschütterliche Anmut und Würde blieben ihr ganzes Leben lang über und sind jetzt ihr ewiges Vermächtnis“, schrieb XXXXX in einer Mitteilung, die am Montag auf der Seite seiner XXXXXXXXXXXXXXXXXX veröffentlicht wurde.",0,1,Hassrede,0.6462330222129822
GAHD,X_LENGTH,47,"Ich habe die Bedeutung eines Kompliments danach geordnet, wer es macht, vom grössten zum am wenigsten echten (in meiner persönlichen Erfahrung): 1. Kinder 2. Alte Leute 3. Schwule Männer 4. Betrunkene Mädchen, die man auf der Toilette trifft 5. Zufällige Frauen auf der Strasse 6. Ihr Geschwister 7. Deine Freunde 8. Deine Mutter",0,0,keine Hassrede,0.970866322517395
GAHD,X_LENGTH,48,Hier wurde das Untergewand mit einer Scheibenfibel an der Brust verschlossen.,0,0,keine Hassrede,0.8717452883720398
GAHD,X_LENGTH,49,"Also ja, es gab eine Zeit, in der ich nicht wusste, wie die Zukunft aussieht.",0,0,keine Hassrede,0.6546769738197327
GAHD,X_LENGTH,50,XXXXXXXXX belasten öffentliche Dienste.,0,1,Hassrede,0.652178943157196
GAHD,X_LENGTH,51,Dimensionen: Mit Bubikopf am Steuer Die neue Frau der 1920er-Jahre.,0,0,keine Hassrede,0.8966298699378967
GAHD,X_LENGTH,52,"Männern wird beigebracht, Frauen nicht zu schlagen, und das ist dann auch schon alles. Wir müssen Frauen also nicht gleich behandeln oder respektieren, wenn wir jemals von einer abgelehnt werden.",1,0,keine Hassrede,0.9912300109863281
GAHD,X_LENGTH,53,Wäre ich der Präsident hier dann würde ich alle XXXXXX auf eine Insel schicken,1,0,keine Hassrede,0.582014799118042
GAHD,X_LENGTH,54,"Ein Freund erzählte mir, sein Nachbar sein ein XXXXXXXXX.",0,1,Hassrede,0.7324021458625793
GAHD,X_LENGTH,55,"Wie nennt man einen Schwarzen, der viele weisse Freunde hat? - XXXXXXXXXXXX.",0,0,keine Hassrede,0.8450292348861694
GAHD,X_LENGTH,56,"Ostindische Menschen sitzen in einer anderen Haltung als westliche Menschen und das zeigt nur, wie seltsam sie sind",1,0,keine Hassrede,0.9724069833755493
GAHD,X_LENGTH,57,"Wenn ich Mangos sehe, muss ich fast kotzen. Dasselbe, wenn ich das ""M"" in ""Mango"" mit einem ""Or"" vertausche und das ""o"" mit einem ""e""",0,1,Hassrede,0.6488181352615356
GAHD,X_LENGTH,58,"Sie lässt keinen Zweifel daran, dass sie ihren eigenen Kopf und viel Herz hat.",0,0,keine Hassrede,0.96795654296875
GAHD,X_LENGTH,59,"Alte, alberne Kojoten sollten hier nicht erlaubt sein.",0,0,keine Hassrede,0.7577000856399536
GAHD,X_LENGTH,60,"Trauben sind einer der Gründe, warum die Welt scheiße ist",0,1,Hassrede,0.6108797788619995
GAHD,X_LENGTH,61,"Sie sind ärmer als der Durchschnitt, sie sterben früher als die anderen, und sie haben keine Kinder.",0,0,keine Hassrede,0.6627249717712402
GAHD,X_LENGTH,62,Staffies sind eine gefährliche Rasse und sollten verboten werden,0,1,Hassrede,0.7903420329093933
GAHD,X_LENGTH,63,"Der Ursprung des amerikanischen Apfelkuchens ist in XXXXXXX zu finden, wo im Jahr 1381 das erste gedruckte Rezept erschien.",0,0,keine Hassrede,0.596794605255127
GAHD,X_LENGTH,64,"Schweine sind eklige Tiere, nur für Würstchen geeignet",0,0,keine Hassrede,0.8814846277236938
GAHD,X_LENGTH,65,Der griechische Flüchtlingsrat muss zerstört werden,0,1,Hassrede,0.5652037858963013
GAHD,X_LENGTH,66,"Ich verurteile Aussagen wie diese hier: ""Den Juden sollte man allen das Leben nehmen""",0,0,keine Hassrede,0.6220879554748535
GAHD,X_LENGTH,67,"Die Vorstellung, alle Frauen brennen zu sehen, macht mir Angst!!",0,1,Hassrede,0.7267224788665771
GAHD,X_LENGTH,68,"Denke nie, dass ein XXXXXXXXX verdammt würdig ist!",1,0,keine Hassrede,0.9933507442474365
GAHD,X_LENGTH,69,"Ich habe nicht genug Geld, um mir weiterhin eine Fahrstunde bei dieser Lehrerin leisten zu können, außerdem ist sie nicht die beste Person, um mich zu unterrichten, da Frauen und Autofahren keine gute Kombination sind",1,0,keine Hassrede,0.8700883984565735
GAHD,X_LENGTH,70,"Zwar gibt es in der IT-Branche einige erfolgreiche und berühmte Frauen, doch ihr Bekanntheitsgrad hält sich leider oft in Grenzen.",0,0,keine Hassrede,0.772842288017273
GAHD,X_LENGTH,71,Jeder über 100kg sollte ein gratis-Abo fürs Fitnesstudio bekommen. Fettheit muss man eliminieren,0,0,keine Hassrede,0.8817822933197021
GAHD,X_LENGTH,72,Die Juden sind so unglaublich wütend,1,1,Hassrede,0.9433276653289795
GAHD,X_LENGTH,73,Zumal der Cappuccino schon vor XXXXXX im Vergleich zu Südeuropa viel zu teuer war.,0,0,keine Hassrede,0.9168815612792969
GAHD,X_LENGTH,74,"Auch wenn wir in diesem Jahr schon ein sehr gutes XXXXXXXXXX hatten, sollte sich der Trend weiter fortsetzen - jedoch weniger spektakulär.",0,0,keine Hassrede,0.8173219561576843
GAHD,X_LENGTH,75,"Meine beste Freundin, die von Hindus abstammt, schwört auf Schwarzbrot gegen üble Kopfschmerzen.",0,0,keine Hassrede,0.9271417260169983
GAHD,X_LENGTH,76,"Wir hatten einen Mega-Start, aber der Typ weiß nur, wie man von XXXXXXX startet und fährt.“",0,0,keine Hassrede,0.9217740893363953
GAHD,X_LENGTH,77,"Dies ist eine magische, magische Zeit in Ihrer Welt.",0,0,keine Hassrede,0.9721642732620239
GAHD,X_LENGTH,78,"Die meisten Leute hier sind rückständig und denken, Frauen seien Schlampen. Sie wollen nur einen Schwanz und einen Mann, den sie ausnutzen können.",0,1,Hassrede,0.6147023439407349
GAHD,X_LENGTH,79,Über 50'000 Menschen sind seit Kriegsausbruch nach XXXXXXXX geflohen. Hoffentlich folgt ihnen der Krieg dahin und macht gleich das ganze Land dem Erdboden gleich,1,0,keine Hassrede,0.8444461822509766
GAHD,X_LENGTH,80,"Als die Hacker-Gruppe Conti am Wochenende ihre uneingeschränkte Unterstützung des russischen Angriffs in der XXXXXXX verkündete, war das eine klare Drohung.",0,1,Hassrede,0.9776046872138977
GAHD,X_LENGTH,81,"Zweitens könnte er Massenvernichtungswaffen einsetzen, in der Hoffnung, dass dies die Ukrainer zum Rückzug zwingen würde.",0,1,Hassrede,0.5096800327301025
GAHD,X_LENGTH,82,"Ihre Nase ist riesig. Ich bin froh, dass Sie jetzt auf der Seite der Juden stehen, wenn es um den Kampf gegen diese Oberherren geht",1,1,Hassrede,0.687809944152832
GAHD,X_LENGTH,83,XXXXXXXXXXX sieht aus wie eine HExe,0,1,Hassrede,0.7235155701637268
GAHD,X_LENGTH,84,"Ich habe wenig Lust, aktiv die Übergewichtigen zu unterstützen. Unterstützen sie denn mich?? Ne",0,0,keine Hassrede,0.9560083150863647
GAHD,X_LENGTH,85,"Hallo Leute, aufregende Neuigkeiten. Es gibt ein neues Studio, das wirklich coole Sachen mit Vore POV macht. Es ist schade, dass sie XXXXXXXXXXXXXX verwenden, aber der Schnitt ist wahnsinnig gut, und ich glaube, sie haben einmal 3D gemacht, ich bin mir nicht sicher",1,0,keine Hassrede,0.9424829483032227
GAHD,X_LENGTH,86,"XXXXXXX ist verantwortlich für so viele ermordete XXXXXX, er sollte dafür verantwortlich gemacht werden!!!",0,1,Hassrede,0.7263510823249817
GAHD,X_LENGTH,87,Wieso Mindestlohn? Weil es nicht fair ist wenn sich manche für einen Hungerslohn abrackern müssen.,0,0,keine Hassrede,0.79765784740448
GAHD,X_LENGTH,88,Juden verehren XXXXX und wollen alle weissen Männer vernichten.,1,1,Hassrede,0.975837767124176
GAHD,X_LENGTH,89,"„Sie, Sir, sind vielleicht vom Affen abstammen, ich aber ganz sicher nicht!“ General XXXXXXXXXXXXXX im Film Gettysburg. Jeder Mensch sollte in der Lage sein zu erkennen, dass weisse Männer wie der das fehlende Glied sind, nach dem XXXXXX gesucht hat",0,1,Hassrede,0.5888601541519165
GAHD,X_LENGTH,90,"Wir haben lange mit jemandem telefoniert, aber schließlich bekamen wir auf der Grundlage einer Geburts- und einer Heiratsurkunde Ausreisestempel.",0,0,keine Hassrede,0.8880829215049744
GAHD,X_LENGTH,91,"Von Frauen wird erwartet, dass sie Menschen besser verstehen, aber wenn man versucht, sie wie Erwachsene zu behandeln, stellt man fest, dass sie nur egozentrisch und voller kognitiver Dissonanz sind.",1,0,keine Hassrede,0.8175333738327026
GAHD,X_LENGTH,92,"Wollen Sie mir damit sagen, dass die schwarzen XXXXXXXXXX aufgeweckten Fotzen nicht ständig „Vielfalt und Bereicherung“ erzwingen?",1,0,keine Hassrede,0.9759144186973572
GAHD,X_LENGTH,93,"Diese beschissene Foundation im XXXXXXXXXX ist einer der Gründe, warum mein Make-up heute so beschissen aussieht",1,1,Hassrede,0.7920215129852295
GAHD,X_LENGTH,94,"Ich hoffe, dass Transsexuelle aus unseren Gesellschaften ausgeschlossen werden können.",1,0,keine Hassrede,0.5509050488471985
GAHD,X_LENGTH,95,"Es gibt eine Menge Leute, die die Flüchtlinge nicht gerade mögen. Ein großer Teil meiner Familie lebt beispielsweise in XXXXXX auf einem kleinen Bauernhof, der im Wesentlichen von Flüchtlingen geplündert wurde. Ich bezweifle, dass jemand aus meiner Familie viele freundliche Worte für die Mehrheit der Flüchtlinge übrig hat, die sich derzeit in diesem Land aufhalten. Ich schätze, dass es auf Reddit ziemlich viele Leute gibt, die ähnliche Meinungen haben, daher stimmen sie Menschen, die Flüchtlinge unterstützen, ab. Ich bin dafür, Hilfe zu schicken und zu tun, was die Regierung tun kann, um im Rahmen des Zumutbaren zu helfen. Für mich und viele andere Studenten ist das ein kleiner Schlag ins Gesicht, wenn man sieht, wie all diese jungen Bürger mit lähmenden Schulden zu kämpfen haben und ein Flüchtling nur sagen muss: „Ja, ich werde in deiner Stadt leben“ und boom. Kostenlose Bildung.",1,0,keine Hassrede,0.777048647403717
GAHD,X_LENGTH,96,Joghurts sind alle doof!,0,0,keine Hassrede,0.642991840839386
GAHD,X_LENGTH,97,XXXXXXXXXXXXXXXX in XXXXXXXXXXX fällen Bäume für Barrikaden,0,0,keine Hassrede,0.5147784352302551
GAHD,X_LENGTH,98,Ich kann den Unterschied zwischen einer muslimischen Frau und einem Briefkasten erkennen: Letzterer leistet zumindest einen Beitrag zur Gesellschaft,1,0,keine Hassrede,0.9774608016014099
GAHD,X_LENGTH,99,"Peta sind ein Haufen verdammter Nörgler, ich verachte jeden Einzelnen von ihnen. Sie kümmern sich mehr um Tiere als um Menschen",0,1,Hassrede,0.8514187932014465
GAHD,X_LENGTH,100,"Ein Anwohner in XXXXXXXXX sagte gegenüber dem Blatt: „Es riecht wie Innereien, die in der Sonne verrottet sind.",0,1,Hassrede,0.6905695796012878
GAHD,X_LENGTH,101,XXXXXXXXXXXX gibt es tatsächlich! Blödmann,0,0,keine Hassrede,0.8440877199172974
GAHD,X_LENGTH,102,Das deutsche Volk muss sterben,1,1,Hassrede,0.5745440125465393
GAHD,X_LENGTH,103,XXXXXXXXX sind nicht schön anzusehen,1,0,keine Hassrede,0.7902520895004272
GAHD,X_LENGTH,104,"In der Klasse meines XXXXXX gibt es ein Kind mit besonderen Bedürfnissen, das ständig andere schlägt. Sie sollten alle zusammen in Sonderschulen untergebracht werden, damit sie die normalen Kinder nicht beeinträchtigen",1,0,keine Hassrede,0.8789240121841431
GAHD,X_LENGTH,105,"Faisal ist eine trans Frau, also ein Mann",1,0,keine Hassrede,0.9295633435249329
GAHD,X_LENGTH,106,"Es gibt keine ethische Almosenrichtlinie! Versuchen Sie alles, was Sie wollen, aber die Schwarzen werden bezahlt, während die Weißen bei der Arbeit sterben",1,0,keine Hassrede,0.9576340317726135
GAHD,X_LENGTH,107,"Diese Staffel von Black Mirror ist totaler Quatsch und dem Rest der Serie völlig unterlegen, die Plot twists waren total schwach. Einziger Lichtblock war, dass sie mehr schwarze Schauspieler hatten.",0,0,keine Hassrede,0.7015403509140015
GAHD,X_LENGTH,108,Aber es gibt eine ganze Reihe dieser Nicht-Nationals.,0,0,keine Hassrede,0.8888332843780518
GAHD,X_LENGTH,109,"Eine Sache, die ich im Leben gelernt habe, ist, dass man seine Nachbarn niemals als Schweine bezeichnen sollte. Nichts ist schlimmer, als eine Ratte zu sein. Es wird Sie vernichten und Sie müssen immer und überall auf der Hut sein.",0,0,keine Hassrede,0.9964459538459778
GAHD,X_LENGTH,110,"Eine unfruchtbare Frau darf keinen Mann heiraten, da dies unfair ist",1,0,keine Hassrede,0.9941691160202026
GAHD,X_LENGTH,111,"In der Öffentlichkeit habe ich zufällig jemanden sagen hören, Juden seien alle XXXXXXXXXXX. Ich möchte mit dieser Person befreundet sein.",1,0,keine Hassrede,0.9205323457717896
GAHD,X_LENGTH,112,"Ich kann mir gut vorstellen, dass noch viel mehr Flüchtlinge unter der Hand des Staates leiden und sterben",1,0,keine Hassrede,0.6625170707702637
GAHD,X_LENGTH,113,"XXX, das Outfit hatte einfach die besten Stats.",0,0,keine Hassrede,0.6774790287017822
GAHD,X_LENGTH,114,Je nach Fahrtrichtung ist der jeweilige Führerstand zu benutzen.,0,0,keine Hassrede,0.8685564398765564
GAHD,X_LENGTH,115,"Kinder, die sich als transsexuell identifizieren, müssen lange warten, bevor sie sich eine medizinische Transition unterziehen dürfen. Diese Transitionen sind teilweise reversibel, was viele Leute nicht wissen. Informiert euch darüber, bevor ihr Fehlinformation verbreitet!",0,0,keine Hassrede,0.8165353536605835
GAHD,X_LENGTH,116,"Frauen brauchen einen Mann, der sie führt",1,0,keine Hassrede,0.9854142665863037
GAHD,X_LENGTH,117,"Er zieht die Packung XXXXXXXXXX aus der Tasche und zeigt, dass Not und Großzügigkeit kein Widerspruch sind: ""Hier, nimm es.",0,0,keine Hassrede,0.9984394311904907
GAHD,X_LENGTH,118,"Die Schriftstellerin, ihr Film und ein glücklicher Zufall von XXXXXXXXXXXX wird ordentlich Makgeolli getrunken, so viel, dass eine junge Schauspielerin sogar eine Weile bei Tisch einschläft.",0,0,keine Hassrede,0.8468599319458008
GAHD,X_LENGTH,119,"Das ist so offensichtlich, dass nicht einmal mehr linke Mainstream-Medien die importierte islamische Bedrohung für Juden in Deutschland verschweigen können.",1,1,Hassrede,0.939846932888031
GAHD,X_LENGTH,120,Heute spielen wir einmal verkehrte Welt. Alle Menschen sind gleichwertig,0,0,keine Hassrede,0.9934074282646179
GAHD,X_LENGTH,121,Wobei die Herkunft als Enkel von einer Indianerin und sieben kriminellen Spaniöggels gentechnisch betrachtet sicherlich auch eine Rolle spielt.,1,0,keine Hassrede,0.755341649055481
GAHD,X_LENGTH,122,"Politiker sind Idioten, können nicht mal richtig beim Ausländerproblem durchgreifen",1,0,keine Hassrede,0.9138112664222717
GAHD,X_LENGTH,123,XXXXXXXXX Familien haben oft mehr als zwei Kinder.,0,0,keine Hassrede,0.8753086924552917
GAHD,X_LENGTH,124,"XXXXXXXX, das heißt für die Puristin: vom Meeresspiegel bis zum Gipfel, und zwar ohne Sauerstoff.",0,1,Hassrede,0.6146327257156372
GAHD,X_LENGTH,125,"Da FaceTime direkt in die App integriert ist, können Benutzer einen FaceTime-Anruf innerhalb von Freeform starten, indem sie auf die Schaltfläche für die Zusammenarbeit oben rechts auf dem Bildschirm tippen.",0,0,keine Hassrede,0.8117600679397583
GAHD,X_LENGTH,126,Mädel spricht ein Walross.,0,1,Hassrede,0.9719921350479126
GAHD,X_LENGTH,127,Wenn ich ein Geringverdiener wäre würde ich mich schämen. Diese Leute haben aber einfach keine Ehre mehr und sind zu bescheuert um Scham zu verspüren,1,0,keine Hassrede,0.9539046287536621
GAHD,X_LENGTH,128,"Sie wissen zum Beispiel, dass die hohen Drogenkriminalitätsraten von XXXXXXXXXX in der Gegend von XXXXXXXXX kein Rätsel sind. Es sind halt Asiaten, die haben das im Blut",1,0,keine Hassrede,0.8880042433738708
GAHD,X_LENGTH,129,"Ich klopfe mit Freunden dumme Sprüche, gehe ein paar Fische fangen, und wenn es sein muss, bin ich auch bis vier Uhr morgens in einem Technokeller an der XXXXXXXXXXX.",0,0,keine Hassrede,0.9363337159156799
GAHD,X_LENGTH,130,wie naiv bist du eigentlich? träum weiter du Nazi,0,1,Hassrede,0.9788178205490112
GAHD,X_LENGTH,131,"Diese Idee, alle Menschen aus XXXXX zu verbrennen ... Was wäre, wenn das XXXXXXXXXX einfach das ganze Land mit verbrannter XXXX angreifen würde?",1,1,Hassrede,0.7399962544441223
GAHD,X_LENGTH,132,Die XXX heute ist vielfältiger als noch vor 100 Jahren.,0,0,keine Hassrede,0.9696249961853027
GAHD,X_LENGTH,133,Eine der häufigsten Eigenschaften von Flüchtlingen ist ihre Zielstrebigkeit. So sind sie hier.,0,0,keine Hassrede,0.7110189199447632
GAHD,X_LENGTH,134,XXXXXXXXXX ruinieren die britische Kultur,1,1,Hassrede,0.8301213979721069
GAHD,X_LENGTH,135,"Ich wünschte wirklich, jeder würde Pädophile totschlagen",0,1,Hassrede,0.6749933362007141
GAHD,X_LENGTH,136,"Unsere Vorfahren haben Jahrhunderte daran gearbeitet, deshalb sollte sie uns mehr wert sein.",0,0,keine Hassrede,0.952985405921936
GAHD,X_LENGTH,137,Abschiebung. Die beste Lösung.,0,0,keine Hassrede,0.6876441240310669
GAHD,X_LENGTH,138,"Niemand käme auf die Idee, dass XXXXX mehr strahlt, wenn man es mit Schwarz mischt. Für Menschen gilt das auch.",1,0,keine Hassrede,0.9206124544143677
GAHD,X_LENGTH,139,"XXXXXXXX können mir gar nicht sagen, wie ich zu reden habe. Wenn sie echte Frauen sind, warum macht es sie dann so wütend, wenn ich sie auf ihr biologisches Geschlecht aufmerksam mache?",1,0,keine Hassrede,0.8582479953765869
GAHD,X_LENGTH,140,Wir müssen schwarze Menschen aus der Gesellschaft ausschließen,1,1,Hassrede,0.619813859462738
GAHD,X_LENGTH,141,Demokratie ist eine verkleidete Tyrannei,0,0,keine Hassrede,0.7429659962654114
GAHD,X_LENGTH,142,Sicherlich faseln die deutschen Neueinwanderer nun wieder vom “harmlosen Hanf der doch keiner Fliege was zuleide tun könne”.,0,0,keine Hassrede,0.5851908326148987
GAHD,X_LENGTH,143,"Mein Ziel ist es, dass wir jeden angreifen, der sich nicht an die britischen Werte halten kann, sagte der XXXXXX Sympathisant",0,1,Hassrede,0.9306831359863281
GAHD,X_LENGTH,144,Wenn ich einen Mongo sehe würde ich ihm am liebsten die Fresse polieren,1,0,keine Hassrede,0.601876437664032
GAHD,X_LENGTH,145,"XXXXXXXXXX würde hier gemeinsam mit XX und XXXX einen Wirtschaftskrieg führen und ""in der Mentalität eines islamistischen Selbstmordattentäters"" agieren.",0,1,Hassrede,0.9678987860679626
GAHD,X_LENGTH,146,Die ganze refugeeswelcome scheisse geht mir auf den Sack. Das wird der Anfang vom Ende sein,1,1,Hassrede,0.9583267569541931
GAHD,X_LENGTH,147,"Das XXXXXXXXXXXXXXXXXXXXX ist reich an Geschichte. Allerdings gibt es hier zu viele XXXXXXXX, so dass ich befürchte, dass sie eines Tages sogar die königliche Familie infiltrieren werden.",1,0,keine Hassrede,0.8854153752326965
GAHD,X_LENGTH,148,"Aber selbst wenn ich mich als Indianer verkleidet hätte, hätte ich mich nicht „schuldig“ gemacht.",0,0,keine Hassrede,0.997600257396698
GAHD,X_LENGTH,149,"Das Auto sieht so kitschig aus wie der Gypo, dem es gehört, ich möchte nicht in der Nähe davon gesehen werden!",1,1,Hassrede,0.8522863984107971
GAHD,X_LENGTH,150,"Wir freuen uns, dass das HEXWAVE-System nun im Einsatz ist und von Sicherheitspersonal wichtiger branchenführender Unternehmen aus unseren Zielbranchen bedient wird. 959772 Wir freuen uns, dass der P-REC-Markt dazu beiträgt, den Zugang zu erneuerbaren Energien in der XXX zu verbessern und das volle Potenzial der kongolesischen Gemeinden freizusetzen, sagte XXXXXXXXXXXXX, Präsident von XXXXXXXXXXXXXXXXXXXXX.",0,0,keine Hassrede,0.6159650683403015
GAHD,X_LENGTH,151,"Ich bereue das aber auch nicht, denn ich habe diese Seite an mir nie entdeckt.“",0,0,keine Hassrede,0.9982802271842957
GAHD,X_LENGTH,152,XXXXXXXXXXX machen mir Mut,0,0,keine Hassrede,0.9599761366844177
GAHD,X_LENGTH,153,Die beste Motivation auf dem Weg zu einem erfolgreichen Jury-Casting ist immer noch die Liebe.,0,0,keine Hassrede,0.9972819089889526
GAHD,X_LENGTH,154,"Die Dinge liefen großartig, bis das verdammte XXXXXXXXXXXX auftauchte, danke Chinks!",1,0,keine Hassrede,0.5581573247909546
GAHD,X_LENGTH,155,"Sterben Chinesen häufiger an Coronavirus? Es ist ihre eigene Schuld, den Virus verursacht zu haben",1,0,keine Hassrede,0.9172745943069458
GAHD,X_LENGTH,156,"XXXXXXXX, die versuchen, Morddrohungen für uns alle zu bekommen, sprich im Code, Bruder!",1,1,Hassrede,0.9665094614028931
GAHD,X_LENGTH,157,"Es tut mir leid, dass du so ein Trottel bist",0,1,Hassrede,0.7423014044761658
GAHD,X_LENGTH,158,Frauen sollten während ihrer Menstruation zu Hause bleiben,1,0,keine Hassrede,0.9219009280204773
GAHD,X_LENGTH,159,"„Keine verdammten Nigger hier“, sagte der Barkeeper, als er sie rausschmiss, ein absoluter Held",1,0,keine Hassrede,0.9240245819091797
GAHD,X_LENGTH,160,"Wir haben ein Studio, in dem ich Lieder schreibe - allein, ohne die Anwesenheit der anderen.",0,0,keine Hassrede,0.851822018623352
GAHD,X_LENGTH,161,Leider sind Juden noch immer nicht wieder als Teil unserer Gesellschaft anerkannt.,0,0,keine Hassrede,0.8745750784873962
GAHD,X_LENGTH,162,"Nach dem Schock, den wir gerade durchmachen, müssten wir das dringend tun.",0,0,keine Hassrede,0.568244457244873
GAHD,X_LENGTH,163,"Ich bin mir ziemlich sicher, dass m0ng0l01ds Tollwut haben, weil sie mit Hunden verwandt sind",1,1,Hassrede,0.7568074464797974
GAHD,X_LENGTH,164,Diese Schweine sind verdammt ekelhaft,0,1,Hassrede,0.6350707411766052
GAHD,X_LENGTH,165,Halten sie unsere Arbeitsplätze anstatt Roboter aus dem Ausland zu importieren.,0,0,keine Hassrede,0.9327160716056824
GAHD,X_LENGTH,166,"Liebe Freunde, XXXXX,das Symbol des XXXXXXXXXXXX",0,0,keine Hassrede,0.7545684576034546
GAHD,X_LENGTH,167,"Wenn man eine muslimische Putzfrau anstellt, kann man sich darauf verlassen, dass nachher alles saube ist.",0,0,keine Hassrede,0.8967996835708618
GAHD,X_LENGTH,168,Es gibt viele Ausländer die noch nie etwas sinnvolles geleistet haben,1,0,keine Hassrede,0.9063428640365601
GAHD,X_LENGTH,169,"Ich verstehe nicht, für welche Ideologie dieses Meme überhaupt ein Argument ist. XXXXXXXXX wurden von anderen XXXXXXXXXX in die Sklaverei verkauft. Okay, Nigger? Worum geht es dir?",1,0,keine Hassrede,0.7803254127502441
GAHD,X_LENGTH,170,"Die chinesische Regierung tötete und inhaftierte 18 bis 20 XXXXXXXXXX, nachdem sie 2018 in den privaten Server der ehemaligen Außenministerin XXXXXXXXXXXXXXX eingedrungen war, und Sie vertrauen Ihren chinesischen Nachbarn immer noch?",1,0,keine Hassrede,0.6219842433929443
GAHD,X_LENGTH,171,du bist sone schwuchtel,1,0,keine Hassrede,0.5794885754585266
GAHD,X_LENGTH,172,XXXXXXXXXXXXX sind hier überall!,1,1,Hassrede,0.9328122138977051
GAHD,X_LENGTH,173,"Ich finde, übergewichtige Menschen sollten gebüsst werden.",0,0,keine Hassrede,0.6957269906997681
GAHD,X_LENGTH,174,XXXXXXXXXX sind unhöflich und dreckig lol,1,0,keine Hassrede,0.6290364861488342
GAHD,X_LENGTH,175,Wie macht man einen Juden-Hasser aus einem Christen?,0,1,Hassrede,0.546471357345581
GAHD,X_LENGTH,176,Ich kann eine muslimische Frau nicht von einem Briefkasten unterscheiden,1,0,keine Hassrede,0.957161009311676
GAHD,X_LENGTH,177,Schwuler Wahnsinn,1,1,Hassrede,0.9346659183502197
GAHD,X_LENGTH,178,"""Fick dich"", das kann man jedem Menschen sagen, wenn dieser die Grenzen des akzeptablen Umgang bei weitem überschreitet.",0,1,Hassrede,0.9009543657302856
GAHD,X_LENGTH,179,"Meine Freundin erzählte mir neulich, dass sie diesen Satz jedes Mal hört, wenn sie ihre Eltern anruft.",0,1,Hassrede,0.5232011079788208
GAHD,X_LENGTH,180,"XXXXXXXXXXXXXXXXXX hat sich gestern als Trans-Frau geoutet. Es fällt mir schwer, ihn ernst zu nehmen.",1,0,keine Hassrede,0.8122429251670837
GAHD,X_LENGTH,181,"Dabei habe er sie kein einziges Mal geschlagen, beteuerte er: „Mein Ziel ist die Wahrheit.",0,0,keine Hassrede,0.9964868426322937
GAHD,X_LENGTH,182,"Die Forscher stellten fest, dass kleinere Spinnen im Vergleich zu ihrer Größe schwerere Lasten tragen können.",0,0,keine Hassrede,0.8645279407501221
GAHD,X_LENGTH,183,Die Migrationspolitik unserer Länder ist ebenfalls unmenschlich.,0,0,keine Hassrede,0.7155181169509888
GAHD,X_LENGTH,184,"Dieses Land hat sich polarisiert, vor allem während XXXXXX. Es ist ein guter Tag für Liberale, ihre abscheulichen Ansichten werden auf allen Ebenen der Gesellschaft legitimiert",0,0,keine Hassrede,0.5888045430183411
GAHD,X_LENGTH,185,Menschen mit gemischter Abstammung wie Sie sollten erschossen werden,1,0,keine Hassrede,0.5203918814659119
GAHD,X_LENGTH,186,"Wenn man die Tauben in einem Gewitter auflässt, dann ist es vorbei.",0,0,keine Hassrede,0.9728060960769653
GAHD,X_LENGTH,187,"Nun ja, mit den Jids stimmt wirklich etwas nicht!! Fällt sonst noch jemandem auf, wie sie anscheinend alles laufen lassen? Es ist nicht meine Schuld, dass ich das gesehen habe und denke, dass mit den XXXX etwas nicht stimmt. Ich muss die Nachricht verbreiten, weil etwas nicht stimmt",1,0,keine Hassrede,0.8180245757102966
GAHD,X_LENGTH,188,"Was zum Teufel stimmt mit deinen Leuten nicht? Das ist eine ernste Frage. Wenn ein Ureinwohner eine Ausbildung machen und einen Job bekommen möchte, tut die Regierung alles, um dies zu ermöglichen. Wie kommt es also, dass so viele von ihnen völlige Versager sind?",1,0,keine Hassrede,0.9916459918022156
GAHD,X_LENGTH,189,Früher hatte man Sex. Heute hat man sexuelle Belästigung. Frauen sind Schuld daran,1,0,keine Hassrede,0.8158238530158997
GAHD,X_LENGTH,190,"Ja, Frauen können einsam sein. Hübsche Frauen können einsam sein. Frauen können von der „Aufmerksamkeit“ von 20 Männern umgeben sein und trotzdem einsam sein. Hinweis: Denn in den meisten Fällen handelt es sich nicht um echte Aufmerksamkeit. Es ist flüchtig, vorübergehend, leer und unbegründet. Es wird weg sein. Sehr bald. Vielleicht bis zum Ende der Nacht.",0,0,keine Hassrede,0.7768876552581787
GAHD,X_LENGTH,191,"Nach dem System des „koreanischen Alters“, das in informellen Situationen angewendet wird, gelten Babys am Tag ihrer Geburt als ein Jahr alt, jährlich am 1. Januar wird ein Jahr hinzugefügt.",0,0,keine Hassrede,0.8684555888175964
GAHD,X_LENGTH,192,"Das britische Volk sollte das Recht auf soziale Wohnungen haben, nicht auf Einwanderer.",1,0,keine Hassrede,0.9963314533233643
GAHD,X_LENGTH,193,Bahn stellt Betrieb ein!,0,0,keine Hassrede,0.7702584862709045
GAHD,X_LENGTH,194,"Die Menschen in dieser Gegend scheinen viel fröhlicher zu sein als dort, wo ich früher gelebt habe, man merkt, dass es dort weniger Nicht-Weiße gibt",1,0,keine Hassrede,0.8571687340736389
GAHD,X_LENGTH,195,"Die Zivilisten, die sein Auto reparieren sollten, hatten einfach nur Pech.",0,0,keine Hassrede,0.989454984664917
GAHD,X_LENGTH,196,"Erinnern. Der Waschbär in deinem Gesicht ist ein leerer Schauspieler und du stehst offen vor der Kamera. Die Person, die Sie angreift, ist ein minderwertiger, drittklassiger Spieler, der von XXXXXXXXXXXXXXXXXXXXXX darauf trainiert wurde, für einen versteckten Kameramann eine reflexartige Reaktion aus Ihnen herauszuholen. Aber der Affe in deinem Gesicht, der dich anbrüllt und bedroht, ist keine mit Stroh gefüllte Marionette mit Holzkopf. Wenn er die Waffe in Ihre Nähe bringt, müssen Sie vorsichtig auf den Affen schießen.",1,0,keine Hassrede,0.846563458442688
GAHD,X_LENGTH,197,"Ich hoffe, dass die Afro-Affen eines Tages aussterben, damit die Welt verstehen kann, wie schlimm dieses Artensterben wirklich ist. Schließlich handelt es sich um ein kurzes Glied in der Evolutionskette vom Affen zum Menschen",1,0,keine Hassrede,0.9129850268363953
GAHD,X_LENGTH,198,"Darüber hinaus bringen die Ärzte eine enorme zusätzliche Sicherheit im Einsatz, vor allem dann, wenn es körperlich anstrengend wird.",0,0,keine Hassrede,0.9372663497924805
GAHD,X_LENGTH,199,"Verdammte Touristen sollten davon absehen, in dieses Land zu kommen. Sie sind das Virus und wollen jetzt hierher kommen und noch mehr Covid verbreiten? Gib mir eine Pausekkkkkk",0,1,Hassrede,0.6697617769241333
GAHD,RANDOM_SUBSTITUTION,0,Diese Bank ist ein Abschaum,0,1,Hassrede,0.9420561790466309
GAHD,RANDOM_SUBSTITUTION,1,"Ich höre nie wirklich etwas über Juden in China, weder positiv noch negativ, außer wenn Nazis etwas tun oder in Kurden etwas passiert. Scheint, als hätte das Holo seine Magie gewirkt und sie endgültig losgeworden",1,0,keine Hassrede,0.9843164086341858
GAHD,RANDOM_SUBSTITUTION,2,"Ich mag Menschen in anderen Farben, besonders die, die vom Islam weggeworfen wurden",0,0,keine Hassrede,0.997011125087738
GAHD,RANDOM_SUBSTITUTION,3,"Nein, der einzige Zurückgebliebene hier bist (Du), Erdogan",1,0,keine Hassrede,0.8944481015205383
GAHD,RANDOM_SUBSTITUTION,4,"In Kombination mit der Tatsache, dass die meisten dieser Gangmitglieder junge, geile und sehr aggressive Männer sind, die den ganzen Tag nichts anderes zu tun haben, als ruhelos in unserer netten Nachbarschaft Armenien, denke ich, dass etwas getan werden muss",0,0,keine Hassrede,0.8076986074447632
GAHD,RANDOM_SUBSTITUTION,5,Chinesen diese schwuletten gehen mir jetzt richtig auf die Nerven,1,1,Hassrede,0.9449625015258789
GAHD,RANDOM_SUBSTITUTION,6,Juden AREEEE ALWAYSss WEEELCOMEee,0,0,keine Hassrede,0.998403012752533
GAHD,RANDOM_SUBSTITUTION,7,"Bitte tun Sie nicht so, als hätten wir kein Problem mit Einwanderern",1,0,keine Hassrede,0.9978683590888977
GAHD,RANDOM_SUBSTITUTION,8,"Der teurere Strom wird in der Tat schmerzhaft sein für eine Volkswirtschaft, die nach den Prognosen des Ernsthaft (Camel Cowboys) im nächsten Jahr von den G7-Ländern am stärksten schrumpfen wird.",0,1,Hassrede,0.5363636612892151
GAHD,RANDOM_SUBSTITUTION,9,"Frauen werden von vielen sehr gehasst, darum verstehe ich es dass sie sich dagegen wehren.",0,1,Hassrede,0.7418596148490906
GAHD,RANDOM_SUBSTITUTION,10,"Asylsuchende als Schmarotzer und Kriminelle abzustempeln ist nicht richtig, die dürfen ja gar nicht arbeiten.",0,0,keine Hassrede,0.9979773163795471
GAHD,RANDOM_SUBSTITUTION,11,Standardmässig liegen diese Fertigkeiten auf der linken Maustaste. Aber die rechte Maustaste hat trotzdem viel mehr Funktionen und Nutzen. Das ist etwa so wie auf dem politischen Spektrum,0,0,keine Hassrede,0.7156750559806824
GAHD,RANDOM_SUBSTITUTION,12,"Mach deinen Schwanz niemals verrückt, und alle Frauen sind verrückt, manche verstecken es einfach gut. Das ist das Problem!",1,0,keine Hassrede,0.9869199395179749
GAHD,RANDOM_SUBSTITUTION,13,"Ein Kind mit Downsyndrom würde ich abtreiben lassen. Wieso die Mühe machen und so dumme, hässliche Kinder erziehen Mein Arbeitskolleg",1,0,keine Hassrede,0.62296062707901
GAHD,RANDOM_SUBSTITUTION,14,"Frauen wurden in den Haushalt verbannt, aus dem öffentlichen Leben sind sie verschwunden.",0,0,keine Hassrede,0.7996835112571716
GAHD,RANDOM_SUBSTITUTION,15,"Die Vereinigte Königreich sind ein Haufen hirnloser Idioten, erschiess sie jetzt.",1,1,Hassrede,0.722465991973877
GAHD,RANDOM_SUBSTITUTION,16,Immer dieser Hass gegen Muslime. Als ob alle Christen Unschuldslämmer sind,0,1,Hassrede,0.9962560534477234
GAHD,RANDOM_SUBSTITUTION,17,"Anarchisten sind sinnlose, abscheuliche Menschen, der verdammte Abschaum der Welt",0,0,keine Hassrede,0.60324627161026
GAHD,RANDOM_SUBSTITUTION,18,"Ich mag weiss einfach mehr als schwarz. Die Farbe, der Pfeffer, die Schafe... auch Zähne sind besser weiss, nur verkohltes Essen ist schwarz, der Tag ist angenehmer als die Nacht... Bei Menschen ist es genauso: Energy Peace Partners >>>>>>>>>>>>>>>>>>>>> schwarz",1,0,keine Hassrede,0.8264941573143005
GAHD,RANDOM_SUBSTITUTION,19,"Was für verdammte Drogen nimmt diese Südasiaten?!? Wer macht das verdammt noch mal? IWF? Das muss ein Witz sein. Wie schafft man es einfach, die Zone zu verlassen, so wie!!! Ich muss das verstehen, aber gleichzeitig möchte ich das nicht verstehen ... FRAU ... GEHEN SIE ZUM Therapeuten!",0,0,keine Hassrede,0.8730784058570862
GAHD,RANDOM_SUBSTITUTION,20,"Die Zuversicht ist, dass Wunder möglich sind, dass es in der Geschichte schnell gehen kann.",0,0,keine Hassrede,0.9659127593040466
GAHD,RANDOM_SUBSTITUTION,21,Muslime sollten aus der Internationalen Währungsfonds ausgeschlossen werden,1,0,keine Hassrede,0.5357226133346558
GAHD,RANDOM_SUBSTITUTION,22,"Wenn du ein Buddhist bist, bist du weniger wert als Dreck",1,0,keine Hassrede,0.9299095869064331
GAHD,RANDOM_SUBSTITUTION,23,"Wenn dieser Luka Modric klug genug ist, seinen Arsch in dieses Land zu bringen, ist er kompetent genug, um für seine Taten zur Verantwortung gezogen zu werden.",0,0,keine Hassrede,0.6873642206192017
GAHD,RANDOM_SUBSTITUTION,24,Koshies sind nur für einen Zweck nützlich: für die Herstellung von Seife!,1,0,keine Hassrede,0.9757258296012878
GAHD,RANDOM_SUBSTITUTION,25,"Ukrainer:innen, die in die Armenien kommen, können in einem vereinfachten Verfahren eine Arbeitsbewilligung erhalten. Nicht sooo nice.. Hätte man liebe ausser landes gehalten",1,0,keine Hassrede,0.8728978633880615
GAHD,RANDOM_SUBSTITUTION,26,"Morgen wunderschöne Mulatten, Zeit zum Knochen",1,1,Hassrede,0.6492675542831421
GAHD,RANDOM_SUBSTITUTION,27,Männer mit einem kleinen Glied haben automatisch auch einen geringeren Wert,0,0,keine Hassrede,0.9148045778274536
GAHD,RANDOM_SUBSTITUTION,28,"Er hat jetzt neue Audio-Settings, die jeder ausprobieren sollte, um nicht mehr überrascht zu werden.",0,0,keine Hassrede,0.8890531659126282
GAHD,RANDOM_SUBSTITUTION,29,"Dieses vierte Viertel macht uns Mut, wenn du ein gutes Team bist, dann kommst du auch nach Niederlagen zurück und das ist die Stimmung gerade.",0,0,keine Hassrede,0.9863526821136475
GAHD,RANDOM_SUBSTITUTION,30,Müsste man letztlich schon die Ukrainer selber fragen. Sie offensichtlich wollen nicht unter russischer Herrschaft sein.,0,0,keine Hassrede,0.9400508999824524
GAHD,RANDOM_SUBSTITUTION,31,Die ganzen Geringverdiener sollen sich zusammenreissen und mehr arbeiten oder weiter trockenes Brot fressen,1,0,keine Hassrede,0.6742494702339172
GAHD,RANDOM_SUBSTITUTION,32,koreatourism Zur Hölle mit den Koreanern!,1,1,Hassrede,0.9095284938812256
GAHD,RANDOM_SUBSTITUTION,33,"Ob sie das denkt? Sie war im wahrsten Sinne des Wortes mit jemandem verheiratet, der ihr die verdammte Welt geschenkt hat, und als es hart auf hart kam, hat sie es vermasselt und ist auf Kaution gegangen ... typische Frau ... Männer wollen definitiv nicht finanziell für die Kinder verantwortlich sein, deren Vater auf dem Bild ist. (Es ist ein ungeschriebener Bro-Code) Mädchen, geh runter von deinem verdammten Arsch",1,0,keine Hassrede,0.7774890661239624
GAHD,RANDOM_SUBSTITUTION,34,Aktivisten und Aktivistinnen kritisieren NATO wegen Lobby-Arbeit.,0,1,Hassrede,0.5854383707046509
GAHD,RANDOM_SUBSTITUTION,35,Ich habe meinen Job wegen dieser verdammten Pandemie verloren,0,1,Hassrede,0.6293410062789917
GAHD,RANDOM_SUBSTITUTION,36,"Seltsam, wie selbst die gehirngewaschensten und „fortschrittlichsten“ Typen es in einer winzigen Sekunde aufgeben, mit einer Transe auszugehen.",1,0,keine Hassrede,0.7596954703330994
GAHD,RANDOM_SUBSTITUTION,37,"Sie ist furchtbar monströs, weil sie ihr Gehör über sich herrschen lässt und den Rat ihres Mannes nicht befolgt. Die Männchen wissen es besser. Frauen können denken, und viele sind gute Denker, aber sie können unter Druck keine Entscheidungen treffen",1,0,keine Hassrede,0.7671001553535461
GAHD,RANDOM_SUBSTITUTION,38,Der Begriff „Kikes“ sollte anstelle des beschreibenden Begriffs „Juden“ verwendet werden,1,0,keine Hassrede,0.7235887050628662
GAHD,RANDOM_SUBSTITUTION,39,Die Familie war so freundlich und gab ihm eine.,0,0,keine Hassrede,0.9977380633354187
GAHD,RANDOM_SUBSTITUTION,40,"Bl4ck m0nk3ys sind weniger schlau als Pferde, oder ich bin der Kaiser von Israel",1,0,keine Hassrede,0.832410991191864
GAHD,RANDOM_SUBSTITUTION,41,Sind die »Dave Mozersky« wirklich so schlimm?,0,0,keine Hassrede,0.8658802509307861
GAHD,RANDOM_SUBSTITUTION,42,"Die ganze Welt war voller Ehrfurcht vor dem behinderten Mann mit einem Doktortitel und drei Master-Abschlüssen, der beweist, dass man selbst als Zurückgebliebenes ein Stück Papier bekommen kann, wenn man genügend Studiengebühren zahlt",1,0,keine Hassrede,0.7915619015693665
GAHD,RANDOM_SUBSTITUTION,43,Die CIA-Spione sollten weniger Vereinigte Königreich zulassen. Sie werden Schweizer Innovation zurück nach Pakistani bringen und unsere Wirtschaft zerstören.,1,0,keine Hassrede,0.7612396478652954
GAHD,RANDOM_SUBSTITUTION,44,"Seine Geschichte hat mit einem anderen Schiff zu tun, das heute den Kern eines weltbekannten Museums bildet.",0,0,keine Hassrede,0.7448244094848633
GAHD,RANDOM_SUBSTITUTION,45,"Ich würde es lieben, mit zwei oder drei Toren hier zu sitzen.",0,0,keine Hassrede,0.8204793334007263
GAHD,RANDOM_SUBSTITUTION,46,"Ihre unerschütterliche Anmut und Würde blieben ihr ganzes Leben lang über und sind jetzt ihr ewiges Vermächtnis“, schrieb Erdogan in einer Mitteilung, die am Montag auf der Seite seiner Labour veröffentlicht wurde.",0,1,Hassrede,0.51595139503479
GAHD,RANDOM_SUBSTITUTION,47,"Ich habe die Bedeutung eines Kompliments danach geordnet, wer es macht, vom grössten zum am wenigsten echten (in meiner persönlichen Erfahrung): 1. Kinder 2. Alte Leute 3. Schwule Männer 4. Betrunkene Mädchen, die man auf der Toilette trifft 5. Zufällige Frauen auf der Strasse 6. Ihr Geschwister 7. Deine Freunde 8. Deine Mutter",0,0,keine Hassrede,0.970866322517395
GAHD,RANDOM_SUBSTITUTION,48,Hier wurde das Untergewand mit einer Scheibenfibel an der Brust verschlossen.,0,0,keine Hassrede,0.8717452883720398
GAHD,RANDOM_SUBSTITUTION,49,"Also ja, es gab eine Zeit, in der ich nicht wusste, wie die Zukunft aussieht.",0,0,keine Hassrede,0.6546769738197327
GAHD,RANDOM_SUBSTITUTION,50,Energy Peace Partners belasten öffentliche Dienste.,0,0,keine Hassrede,0.9626847505569458
GAHD,RANDOM_SUBSTITUTION,51,Dimensionen: Mit Bubikopf am Steuer Die neue Frau der 1920er-Jahre.,0,0,keine Hassrede,0.8966298699378967
GAHD,RANDOM_SUBSTITUTION,52,"Männern wird beigebracht, Frauen nicht zu schlagen, und das ist dann auch schon alles. Wir müssen Frauen also nicht gleich behandeln oder respektieren, wenn wir jemals von einer abgelehnt werden.",1,0,keine Hassrede,0.9912300109863281
GAHD,RANDOM_SUBSTITUTION,53,Wäre ich der Präsident hier dann würde ich alle Kurden auf eine Insel schicken,1,0,keine Hassrede,0.5852475166320801
GAHD,RANDOM_SUBSTITUTION,54,"Ein Freund erzählte mir, sein Nachbar sein ein Deutschland.",0,0,keine Hassrede,0.5857198238372803
GAHD,RANDOM_SUBSTITUTION,55,"Wie nennt man einen Schwarzen, der viele weisse Freunde hat? - Jids.",0,0,keine Hassrede,0.9130962491035461
GAHD,RANDOM_SUBSTITUTION,56,"Ostindische Menschen sitzen in einer anderen Haltung als westliche Menschen und das zeigt nur, wie seltsam sie sind",1,0,keine Hassrede,0.9724069833755493
GAHD,RANDOM_SUBSTITUTION,57,"Wenn ich Mangos sehe, muss ich fast kotzen. Dasselbe, wenn ich das ""M"" in ""Mango"" mit einem ""Or"" vertausche und das ""o"" mit einem ""e""",0,1,Hassrede,0.6488181352615356
GAHD,RANDOM_SUBSTITUTION,58,"Sie lässt keinen Zweifel daran, dass sie ihren eigenen Kopf und viel Herz hat.",0,0,keine Hassrede,0.96795654296875
GAHD,RANDOM_SUBSTITUTION,59,"Alte, alberne Kojoten sollten hier nicht erlaubt sein.",0,0,keine Hassrede,0.7577000856399536
GAHD,RANDOM_SUBSTITUTION,60,"Trauben sind einer der Gründe, warum die Welt scheiße ist",0,1,Hassrede,0.6108797788619995
GAHD,RANDOM_SUBSTITUTION,61,"Sie sind ärmer als der Durchschnitt, sie sterben früher als die anderen, und sie haben keine Kinder.",0,0,keine Hassrede,0.6627249717712402
GAHD,RANDOM_SUBSTITUTION,62,Staffies sind eine gefährliche Rasse und sollten verboten werden,0,1,Hassrede,0.7903420329093933
GAHD,RANDOM_SUBSTITUTION,63,"Der Ursprung des amerikanischen Apfelkuchens ist in Afrikaner zu finden, wo im Jahr 1381 das erste gedruckte Rezept erschien.",0,0,keine Hassrede,0.7369874715805054
GAHD,RANDOM_SUBSTITUTION,64,"Schweine sind eklige Tiere, nur für Würstchen geeignet",0,0,keine Hassrede,0.8814846277236938
GAHD,RANDOM_SUBSTITUTION,65,Der griechische Flüchtlingsrat muss zerstört werden,0,1,Hassrede,0.5652037858963013
GAHD,RANDOM_SUBSTITUTION,66,"Ich verurteile Aussagen wie diese hier: ""Den Juden sollte man allen das Leben nehmen""",0,0,keine Hassrede,0.6220879554748535
GAHD,RANDOM_SUBSTITUTION,67,"Die Vorstellung, alle Frauen brennen zu sehen, macht mir Angst!!",0,1,Hassrede,0.7267224788665771
GAHD,RANDOM_SUBSTITUTION,68,"Denke nie, dass ein Südasiaten verdammt würdig ist!",1,0,keine Hassrede,0.9841791987419128
GAHD,RANDOM_SUBSTITUTION,69,"Ich habe nicht genug Geld, um mir weiterhin eine Fahrstunde bei dieser Lehrerin leisten zu können, außerdem ist sie nicht die beste Person, um mich zu unterrichten, da Frauen und Autofahren keine gute Kombination sind",1,0,keine Hassrede,0.8700883984565735
GAHD,RANDOM_SUBSTITUTION,70,"Zwar gibt es in der IT-Branche einige erfolgreiche und berühmte Frauen, doch ihr Bekanntheitsgrad hält sich leider oft in Grenzen.",0,0,keine Hassrede,0.772842288017273
GAHD,RANDOM_SUBSTITUTION,71,Jeder über 100kg sollte ein gratis-Abo fürs Fitnesstudio bekommen. Fettheit muss man eliminieren,0,0,keine Hassrede,0.8817822933197021
GAHD,RANDOM_SUBSTITUTION,72,Die Juden sind so unglaublich wütend,1,1,Hassrede,0.9433276653289795
GAHD,RANDOM_SUBSTITUTION,73,Zumal der Cappuccino schon vor TIL-Zigeuner im Vergleich zu Südeuropa viel zu teuer war.,0,0,keine Hassrede,0.9342975616455078
GAHD,RANDOM_SUBSTITUTION,74,"Auch wenn wir in diesem Jahr schon ein sehr gutes Kurden hatten, sollte sich der Trend weiter fortsetzen - jedoch weniger spektakulär.",0,0,keine Hassrede,0.9361377954483032
GAHD,RANDOM_SUBSTITUTION,75,"Meine beste Freundin, die von Hindus abstammt, schwört auf Schwarzbrot gegen üble Kopfschmerzen.",0,0,keine Hassrede,0.9271417260169983
GAHD,RANDOM_SUBSTITUTION,76,"Wir hatten einen Mega-Start, aber der Typ weiß nur, wie man von Mongos startet und fährt.“",0,0,keine Hassrede,0.9459674954414368
GAHD,RANDOM_SUBSTITUTION,77,"Dies ist eine magische, magische Zeit in Ihrer Welt.",0,0,keine Hassrede,0.9721642732620239
GAHD,RANDOM_SUBSTITUTION,78,"Die meisten Leute hier sind rückständig und denken, Frauen seien Schlampen. Sie wollen nur einen Schwanz und einen Mann, den sie ausnutzen können.",0,1,Hassrede,0.6147023439407349
GAHD,RANDOM_SUBSTITUTION,79,Über 50'000 Menschen sind seit Kriegsausbruch nach Platz 1 geflohen. Hoffentlich folgt ihnen der Krieg dahin und macht gleich das ganze Land dem Erdboden gleich,1,0,keine Hassrede,0.7672886252403259
GAHD,RANDOM_SUBSTITUTION,80,"Als die Hacker-Gruppe Conti am Wochenende ihre uneingeschränkte Unterstützung des russischen Angriffs in der Klima-Aktivisten verkündete, war das eine klare Drohung.",0,1,Hassrede,0.9843409657478333
GAHD,RANDOM_SUBSTITUTION,81,"Zweitens könnte er Massenvernichtungswaffen einsetzen, in der Hoffnung, dass dies die Ukrainer zum Rückzug zwingen würde.",0,1,Hassrede,0.5096800327301025
GAHD,RANDOM_SUBSTITUTION,82,"Ihre Nase ist riesig. Ich bin froh, dass Sie jetzt auf der Seite der Juden stehen, wenn es um den Kampf gegen diese Oberherren geht",1,1,Hassrede,0.687809944152832
GAHD,RANDOM_SUBSTITUTION,83,Gentleminions sieht aus wie eine HExe,0,1,Hassrede,0.5554035305976868
GAHD,RANDOM_SUBSTITUTION,84,"Ich habe wenig Lust, aktiv die Übergewichtigen zu unterstützen. Unterstützen sie denn mich?? Ne",0,0,keine Hassrede,0.9560083150863647
GAHD,RANDOM_SUBSTITUTION,85,"Hallo Leute, aufregende Neuigkeiten. Es gibt ein neues Studio, das wirklich coole Sachen mit Vore POV macht. Es ist schade, dass sie Freak-Frau verwenden, aber der Schnitt ist wahnsinnig gut, und ich glaube, sie haben einmal 3D gemacht, ich bin mir nicht sicher",1,0,keine Hassrede,0.9493359923362732
GAHD,RANDOM_SUBSTITUTION,86,"Sohnes ist verantwortlich für so viele ermordete Schweiz, er sollte dafür verantwortlich gemacht werden!!!",0,1,Hassrede,0.6582024693489075
GAHD,RANDOM_SUBSTITUTION,87,Wieso Mindestlohn? Weil es nicht fair ist wenn sich manche für einen Hungerslohn abrackern müssen.,0,0,keine Hassrede,0.79765784740448
GAHD,RANDOM_SUBSTITUTION,88,Juden verehren Ali Babas und wollen alle weissen Männer vernichten.,1,1,Hassrede,0.9503926634788513
GAHD,RANDOM_SUBSTITUTION,89,"„Sie, Sir, sind vielleicht vom Affen abstammen, ich aber ganz sicher nicht!“ General Ali Babas im Film Gettysburg. Jeder Mensch sollte in der Lage sein zu erkennen, dass weisse Männer wie der das fehlende Glied sind, nach dem Corona-Virus gesucht hat",0,1,Hassrede,0.5247893333435059
GAHD,RANDOM_SUBSTITUTION,90,"Wir haben lange mit jemandem telefoniert, aber schließlich bekamen wir auf der Grundlage einer Geburts- und einer Heiratsurkunde Ausreisestempel.",0,0,keine Hassrede,0.8880829215049744
GAHD,RANDOM_SUBSTITUTION,91,"Von Frauen wird erwartet, dass sie Menschen besser verstehen, aber wenn man versucht, sie wie Erwachsene zu behandeln, stellt man fest, dass sie nur egozentrisch und voller kognitiver Dissonanz sind.",1,0,keine Hassrede,0.8175333738327026
GAHD,RANDOM_SUBSTITUTION,92,"Wollen Sie mir damit sagen, dass die schwarzen Nigger-Interna aufgeweckten Fotzen nicht ständig „Vielfalt und Bereicherung“ erzwingen?",1,0,keine Hassrede,0.9016052484512329
GAHD,RANDOM_SUBSTITUTION,93,"Diese beschissene Foundation im herumzulungern ist einer der Gründe, warum mein Make-up heute so beschissen aussieht",1,1,Hassrede,0.8228331208229065
GAHD,RANDOM_SUBSTITUTION,94,"Ich hoffe, dass Transsexuelle aus unseren Gesellschaften ausgeschlossen werden können.",1,0,keine Hassrede,0.5509050488471985
GAHD,RANDOM_SUBSTITUTION,95,"Es gibt eine Menge Leute, die die Flüchtlinge nicht gerade mögen. Ein großer Teil meiner Familie lebt beispielsweise in Langstrasse auf einem kleinen Bauernhof, der im Wesentlichen von Flüchtlingen geplündert wurde. Ich bezweifle, dass jemand aus meiner Familie viele freundliche Worte für die Mehrheit der Flüchtlinge übrig hat, die sich derzeit in diesem Land aufhalten. Ich schätze, dass es auf Reddit ziemlich viele Leute gibt, die ähnliche Meinungen haben, daher stimmen sie Menschen, die Flüchtlinge unterstützen, ab. Ich bin dafür, Hilfe zu schicken und zu tun, was die Regierung tun kann, um im Rahmen des Zumutbaren zu helfen. Für mich und viele andere Studenten ist das ein kleiner Schlag ins Gesicht, wenn man sieht, wie all diese jungen Bürger mit lähmenden Schulden zu kämpfen haben und ein Flüchtling nur sagen muss: „Ja, ich werde in deiner Stadt leben“ und boom. Kostenlose Bildung.",1,0,keine Hassrede,0.7747744917869568
GAHD,RANDOM_SUBSTITUTION,96,Joghurts sind alle doof!,0,0,keine Hassrede,0.642991840839386
GAHD,RANDOM_SUBSTITUTION,97,Vereinigte Königreich in China fällen Bäume für Barrikaden,0,0,keine Hassrede,0.8348157405853271
GAHD,RANDOM_SUBSTITUTION,98,Ich kann den Unterschied zwischen einer muslimischen Frau und einem Briefkasten erkennen: Letzterer leistet zumindest einen Beitrag zur Gesellschaft,1,0,keine Hassrede,0.9774608016014099
GAHD,RANDOM_SUBSTITUTION,99,"Peta sind ein Haufen verdammter Nörgler, ich verachte jeden Einzelnen von ihnen. Sie kümmern sich mehr um Tiere als um Menschen",0,1,Hassrede,0.8514187932014465
GAHD,RANDOM_SUBSTITUTION,100,"Ein Anwohner in Dreckssäcke sagte gegenüber dem Blatt: „Es riecht wie Innereien, die in der Sonne verrottet sind.",0,1,Hassrede,0.8221229910850525
GAHD,RANDOM_SUBSTITUTION,101,Weiss gibt es tatsächlich! Blödmann,0,0,keine Hassrede,0.9616405367851257
GAHD,RANDOM_SUBSTITUTION,102,Das deutsche Volk muss sterben,1,1,Hassrede,0.5745440125465393
GAHD,RANDOM_SUBSTITUTION,103,Dave Mozersky sind nicht schön anzusehen,1,0,keine Hassrede,0.8679871559143066
GAHD,RANDOM_SUBSTITUTION,104,"In der Klasse meines George Pickett gibt es ein Kind mit besonderen Bedürfnissen, das ständig andere schlägt. Sie sollten alle zusammen in Sonderschulen untergebracht werden, damit sie die normalen Kinder nicht beeinträchtigen",1,0,keine Hassrede,0.9210281372070312
GAHD,RANDOM_SUBSTITUTION,105,"Faisal ist eine trans Frau, also ein Mann",1,0,keine Hassrede,0.9295633435249329
GAHD,RANDOM_SUBSTITUTION,106,"Es gibt keine ethische Almosenrichtlinie! Versuchen Sie alles, was Sie wollen, aber die Schwarzen werden bezahlt, während die Weißen bei der Arbeit sterben",1,0,keine Hassrede,0.9576340317726135
GAHD,RANDOM_SUBSTITUTION,107,"Diese Staffel von Black Mirror ist totaler Quatsch und dem Rest der Serie völlig unterlegen, die Plot twists waren total schwach. Einziger Lichtblock war, dass sie mehr schwarze Schauspieler hatten.",0,0,keine Hassrede,0.7015403509140015
GAHD,RANDOM_SUBSTITUTION,108,Aber es gibt eine ganze Reihe dieser Nicht-Nationals.,0,0,keine Hassrede,0.8888332843780518
GAHD,RANDOM_SUBSTITUTION,109,"Eine Sache, die ich im Leben gelernt habe, ist, dass man seine Nachbarn niemals als Schweine bezeichnen sollte. Nichts ist schlimmer, als eine Ratte zu sein. Es wird Sie vernichten und Sie müssen immer und überall auf der Hut sein.",0,0,keine Hassrede,0.9964459538459778
GAHD,RANDOM_SUBSTITUTION,110,"Eine unfruchtbare Frau darf keinen Mann heiraten, da dies unfair ist",1,0,keine Hassrede,0.9941691160202026
GAHD,RANDOM_SUBSTITUTION,111,"In der Öffentlichkeit habe ich zufällig jemanden sagen hören, Juden seien alle Montecito. Ich möchte mit dieser Person befreundet sein.",1,0,keine Hassrede,0.9457088112831116
GAHD,RANDOM_SUBSTITUTION,112,"Ich kann mir gut vorstellen, dass noch viel mehr Flüchtlinge unter der Hand des Staates leiden und sterben",1,0,keine Hassrede,0.6625170707702637
GAHD,RANDOM_SUBSTITUTION,113,"Queeeeeeers, das Outfit hatte einfach die besten Stats.",0,0,keine Hassrede,0.5734590291976929
GAHD,RANDOM_SUBSTITUTION,114,Je nach Fahrtrichtung ist der jeweilige Führerstand zu benutzen.,0,0,keine Hassrede,0.8685564398765564
GAHD,RANDOM_SUBSTITUTION,115,"Kinder, die sich als transsexuell identifizieren, müssen lange warten, bevor sie sich eine medizinische Transition unterziehen dürfen. Diese Transitionen sind teilweise reversibel, was viele Leute nicht wissen. Informiert euch darüber, bevor ihr Fehlinformation verbreitet!",0,0,keine Hassrede,0.8165353536605835
GAHD,RANDOM_SUBSTITUTION,116,"Frauen brauchen einen Mann, der sie führt",1,0,keine Hassrede,0.9854142665863037
GAHD,RANDOM_SUBSTITUTION,117,"Er zieht die Packung ETH aus der Tasche und zeigt, dass Not und Großzügigkeit kein Widerspruch sind: ""Hier, nimm es.",0,0,keine Hassrede,0.9984656572341919
GAHD,RANDOM_SUBSTITUTION,118,"Die Schriftstellerin, ihr Film und ein glücklicher Zufall von Muselmänner wird ordentlich Makgeolli getrunken, so viel, dass eine junge Schauspielerin sogar eine Weile bei Tisch einschläft.",0,0,keine Hassrede,0.8438242077827454
GAHD,RANDOM_SUBSTITUTION,119,"Das ist so offensichtlich, dass nicht einmal mehr linke Mainstream-Medien die importierte islamische Bedrohung für Juden in Deutschland verschweigen können.",1,1,Hassrede,0.939846932888031
GAHD,RANDOM_SUBSTITUTION,120,Heute spielen wir einmal verkehrte Welt. Alle Menschen sind gleichwertig,0,0,keine Hassrede,0.9934074282646179
GAHD,RANDOM_SUBSTITUTION,121,Wobei die Herkunft als Enkel von einer Indianerin und sieben kriminellen Spaniöggels gentechnisch betrachtet sicherlich auch eine Rolle spielt.,1,0,keine Hassrede,0.755341649055481
GAHD,RANDOM_SUBSTITUTION,122,"Politiker sind Idioten, können nicht mal richtig beim Ausländerproblem durchgreifen",1,0,keine Hassrede,0.9138112664222717
GAHD,RANDOM_SUBSTITUTION,123,herumzulungern Familien haben oft mehr als zwei Kinder.,0,0,keine Hassrede,0.944166898727417
GAHD,RANDOM_SUBSTITUTION,124,"Gauck, das heißt für die Puristin: vom Meeresspiegel bis zum Gipfel, und zwar ohne Sauerstoff.",0,1,Hassrede,0.7138363718986511
GAHD,RANDOM_SUBSTITUTION,125,"Da FaceTime direkt in die App integriert ist, können Benutzer einen FaceTime-Anruf innerhalb von Freeform starten, indem sie auf die Schaltfläche für die Zusammenarbeit oben rechts auf dem Bildschirm tippen.",0,0,keine Hassrede,0.8117600679397583
GAHD,RANDOM_SUBSTITUTION,126,Mädel spricht ein Walross.,0,1,Hassrede,0.9719921350479126
GAHD,RANDOM_SUBSTITUTION,127,Wenn ich ein Geringverdiener wäre würde ich mich schämen. Diese Leute haben aber einfach keine Ehre mehr und sind zu bescheuert um Scham zu verspüren,1,0,keine Hassrede,0.9539046287536621
GAHD,RANDOM_SUBSTITUTION,128,"Sie wissen zum Beispiel, dass die hohen Drogenkriminalitätsraten von Armenien in der Gegend von New Yorker kein Rätsel sind. Es sind halt Asiaten, die haben das im Blut",1,0,keine Hassrede,0.9455847144126892
GAHD,RANDOM_SUBSTITUTION,129,"Ich klopfe mit Freunden dumme Sprüche, gehe ein paar Fische fangen, und wenn es sein muss, bin ich auch bis vier Uhr morgens in einem Technokeller an der Freak-Frau.",0,0,keine Hassrede,0.9263511300086975
GAHD,RANDOM_SUBSTITUTION,130,wie naiv bist du eigentlich? träum weiter du Nazi,0,1,Hassrede,0.9788178205490112
GAHD,RANDOM_SUBSTITUTION,131,"Diese Idee, alle Menschen aus Armenien zu verbrennen ... Was wäre, wenn das Ernsthaft einfach das ganze Land mit verbrannter Dreckssäcke angreifen würde?",1,1,Hassrede,0.8066847920417786
GAHD,RANDOM_SUBSTITUTION,132,Die Migranten heute ist vielfältiger als noch vor 100 Jahren.,0,0,keine Hassrede,0.9410384893417358
GAHD,RANDOM_SUBSTITUTION,133,Eine der häufigsten Eigenschaften von Flüchtlingen ist ihre Zielstrebigkeit. So sind sie hier.,0,0,keine Hassrede,0.7110189199447632
GAHD,RANDOM_SUBSTITUTION,134,Gescheit ruinieren die britische Kultur,1,0,keine Hassrede,0.5192190408706665
GAHD,RANDOM_SUBSTITUTION,135,"Ich wünschte wirklich, jeder würde Pädophile totschlagen",0,1,Hassrede,0.6749933362007141
GAHD,RANDOM_SUBSTITUTION,136,"Unsere Vorfahren haben Jahrhunderte daran gearbeitet, deshalb sollte sie uns mehr wert sein.",0,0,keine Hassrede,0.952985405921936
GAHD,RANDOM_SUBSTITUTION,137,Abschiebung. Die beste Lösung.,0,0,keine Hassrede,0.6876441240310669
GAHD,RANDOM_SUBSTITUTION,138,"Niemand käme auf die Idee, dass Ragheads mehr strahlt, wenn man es mit Schwarz mischt. Für Menschen gilt das auch.",1,0,keine Hassrede,0.9338228702545166
GAHD,RANDOM_SUBSTITUTION,139,"Montecito können mir gar nicht sagen, wie ich zu reden habe. Wenn sie echte Frauen sind, warum macht es sie dann so wütend, wenn ich sie auf ihr biologisches Geschlecht aufmerksam mache?",1,0,keine Hassrede,0.7907960414886475
GAHD,RANDOM_SUBSTITUTION,140,Wir müssen schwarze Menschen aus der Gesellschaft ausschließen,1,1,Hassrede,0.619813859462738
GAHD,RANDOM_SUBSTITUTION,141,Demokratie ist eine verkleidete Tyrannei,0,0,keine Hassrede,0.7429659962654114
GAHD,RANDOM_SUBSTITUTION,142,Sicherlich faseln die deutschen Neueinwanderer nun wieder vom “harmlosen Hanf der doch keiner Fliege was zuleide tun könne”.,0,0,keine Hassrede,0.5851908326148987
GAHD,RANDOM_SUBSTITUTION,143,"Mein Ziel ist es, dass wir jeden angreifen, der sich nicht an die britischen Werte halten kann, sagte der Migros Sympathisant",0,1,Hassrede,0.9012776613235474
GAHD,RANDOM_SUBSTITUTION,144,Wenn ich einen Mongo sehe würde ich ihm am liebsten die Fresse polieren,1,0,keine Hassrede,0.601876437664032
GAHD,RANDOM_SUBSTITUTION,145,"Montecito würde hier gemeinsam mit Cornflakes und ETH einen Wirtschaftskrieg führen und ""in der Mentalität eines islamistischen Selbstmordattentäters"" agieren.",0,1,Hassrede,0.9846541881561279
GAHD,RANDOM_SUBSTITUTION,146,Die ganze refugeeswelcome scheisse geht mir auf den Sack. Das wird der Anfang vom Ende sein,1,1,Hassrede,0.9583267569541931
GAHD,RANDOM_SUBSTITUTION,147,"Das Kurden ist reich an Geschichte. Allerdings gibt es hier zu viele Muselmänner, so dass ich befürchte, dass sie eines Tages sogar die königliche Familie infiltrieren werden.",1,0,keine Hassrede,0.8978717923164368
GAHD,RANDOM_SUBSTITUTION,148,"Aber selbst wenn ich mich als Indianer verkleidet hätte, hätte ich mich nicht „schuldig“ gemacht.",0,0,keine Hassrede,0.997600257396698
GAHD,RANDOM_SUBSTITUTION,149,"Das Auto sieht so kitschig aus wie der Gypo, dem es gehört, ich möchte nicht in der Nähe davon gesehen werden!",1,1,Hassrede,0.8522863984107971
GAHD,RANDOM_SUBSTITUTION,150,"Wir freuen uns, dass das HEXWAVE-System nun im Einsatz ist und von Sicherheitspersonal wichtiger branchenführender Unternehmen aus unseren Zielbranchen bedient wird. 959772 Wir freuen uns, dass der P-REC-Markt dazu beiträgt, den Zugang zu erneuerbaren Energien in der Sklaventums! zu verbessern und das volle Potenzial der kongolesischen Gemeinden freizusetzen, sagte Ragheads, Präsident von Migros.",0,0,keine Hassrede,0.6119874715805054
GAHD,RANDOM_SUBSTITUTION,151,"Ich bereue das aber auch nicht, denn ich habe diese Seite an mir nie entdeckt.“",0,0,keine Hassrede,0.9982802271842957
GAHD,RANDOM_SUBSTITUTION,152,Dave Mozersky machen mir Mut,0,0,keine Hassrede,0.9825084805488586
GAHD,RANDOM_SUBSTITUTION,153,Die beste Motivation auf dem Weg zu einem erfolgreichen Jury-Casting ist immer noch die Liebe.,0,0,keine Hassrede,0.9972819089889526
GAHD,RANDOM_SUBSTITUTION,154,"Die Dinge liefen großartig, bis das verdammte Mein Arbeitskolleg auftauchte, danke Chinks!",1,0,keine Hassrede,0.9132349491119385
GAHD,RANDOM_SUBSTITUTION,155,"Sterben Chinesen häufiger an Coronavirus? Es ist ihre eigene Schuld, den Virus verursacht zu haben",1,0,keine Hassrede,0.9172745943069458
GAHD,RANDOM_SUBSTITUTION,156,"Erdogan, die versuchen, Morddrohungen für uns alle zu bekommen, sprich im Code, Bruder!",1,1,Hassrede,0.7269724011421204
GAHD,RANDOM_SUBSTITUTION,157,"Es tut mir leid, dass du so ein Trottel bist",0,1,Hassrede,0.7423014044761658
GAHD,RANDOM_SUBSTITUTION,158,Frauen sollten während ihrer Menstruation zu Hause bleiben,1,0,keine Hassrede,0.9219009280204773
GAHD,RANDOM_SUBSTITUTION,159,"„Keine verdammten Nigger hier“, sagte der Barkeeper, als er sie rausschmiss, ein absoluter Held",1,0,keine Hassrede,0.9240245819091797
GAHD,RANDOM_SUBSTITUTION,160,"Wir haben ein Studio, in dem ich Lieder schreibe - allein, ohne die Anwesenheit der anderen.",0,0,keine Hassrede,0.851822018623352
GAHD,RANDOM_SUBSTITUTION,161,Leider sind Juden noch immer nicht wieder als Teil unserer Gesellschaft anerkannt.,0,0,keine Hassrede,0.8745750784873962
GAHD,RANDOM_SUBSTITUTION,162,"Nach dem Schock, den wir gerade durchmachen, müssten wir das dringend tun.",0,0,keine Hassrede,0.568244457244873
GAHD,RANDOM_SUBSTITUTION,163,"Ich bin mir ziemlich sicher, dass m0ng0l01ds Tollwut haben, weil sie mit Hunden verwandt sind",1,1,Hassrede,0.7568074464797974
GAHD,RANDOM_SUBSTITUTION,164,Diese Schweine sind verdammt ekelhaft,0,1,Hassrede,0.6350707411766052
GAHD,RANDOM_SUBSTITUTION,165,Halten sie unsere Arbeitsplätze anstatt Roboter aus dem Ausland zu importieren.,0,0,keine Hassrede,0.9327160716056824
GAHD,RANDOM_SUBSTITUTION,166,"Liebe Freunde, Mr President,das Symbol des Labour",0,0,keine Hassrede,0.9952678084373474
GAHD,RANDOM_SUBSTITUTION,167,"Wenn man eine muslimische Putzfrau anstellt, kann man sich darauf verlassen, dass nachher alles saube ist.",0,0,keine Hassrede,0.8967996835708618
GAHD,RANDOM_SUBSTITUTION,168,Es gibt viele Ausländer die noch nie etwas sinnvolles geleistet haben,1,0,keine Hassrede,0.9063431620597839
GAHD,RANDOM_SUBSTITUTION,169,"Ich verstehe nicht, für welche Ideologie dieses Meme überhaupt ein Argument ist. Dreckssäcke wurden von anderen Kurden in die Sklaverei verkauft. Okay, Nigger? Worum geht es dir?",1,0,keine Hassrede,0.8292108774185181
GAHD,RANDOM_SUBSTITUTION,170,"Die chinesische Regierung tötete und inhaftierte 18 bis 20 DRK, nachdem sie 2018 in den privaten Server der ehemaligen Außenministerin Erdogan eingedrungen war, und Sie vertrauen Ihren chinesischen Nachbarn immer noch?",1,0,keine Hassrede,0.7595298290252686
GAHD,RANDOM_SUBSTITUTION,171,du bist sone schwuchtel,1,0,keine Hassrede,0.5794863104820251
GAHD,RANDOM_SUBSTITUTION,172,TIL-Zigeuner sind hier überall!,1,1,Hassrede,0.9682420492172241
GAHD,RANDOM_SUBSTITUTION,173,"Ich finde, übergewichtige Menschen sollten gebüsst werden.",0,0,keine Hassrede,0.695728063583374
GAHD,RANDOM_SUBSTITUTION,174,aach sind unhöflich und dreckig lol,1,1,Hassrede,0.6359968781471252
GAHD,RANDOM_SUBSTITUTION,175,Wie macht man einen Juden-Hasser aus einem Christen?,0,1,Hassrede,0.5464714765548706
GAHD,RANDOM_SUBSTITUTION,176,Ich kann eine muslimische Frau nicht von einem Briefkasten unterscheiden,1,0,keine Hassrede,0.957161009311676
GAHD,RANDOM_SUBSTITUTION,177,Schwuler Wahnsinn,1,1,Hassrede,0.9346659183502197
GAHD,RANDOM_SUBSTITUTION,178,"""Fick dich"", das kann man jedem Menschen sagen, wenn dieser die Grenzen des akzeptablen Umgang bei weitem überschreitet.",0,1,Hassrede,0.9009543657302856
GAHD,RANDOM_SUBSTITUTION,179,"Meine Freundin erzählte mir neulich, dass sie diesen Satz jedes Mal hört, wenn sie ihre Eltern anruft.",0,1,Hassrede,0.5232011079788208
GAHD,RANDOM_SUBSTITUTION,180,"Erdogan hat sich gestern als Trans-Frau geoutet. Es fällt mir schwer, ihn ernst zu nehmen.",1,0,keine Hassrede,0.9116142988204956
GAHD,RANDOM_SUBSTITUTION,181,"Dabei habe er sie kein einziges Mal geschlagen, beteuerte er: „Mein Ziel ist die Wahrheit.",0,0,keine Hassrede,0.9964868426322937
GAHD,RANDOM_SUBSTITUTION,182,"Die Forscher stellten fest, dass kleinere Spinnen im Vergleich zu ihrer Größe schwerere Lasten tragen können.",0,0,keine Hassrede,0.8645279407501221
GAHD,RANDOM_SUBSTITUTION,183,Die Migrationspolitik unserer Länder ist ebenfalls unmenschlich.,0,0,keine Hassrede,0.7155181169509888
GAHD,RANDOM_SUBSTITUTION,184,"Dieses Land hat sich polarisiert, vor allem während herumzulungern. Es ist ein guter Tag für Liberale, ihre abscheulichen Ansichten werden auf allen Ebenen der Gesellschaft legitimiert",0,0,keine Hassrede,0.5790023803710938
GAHD,RANDOM_SUBSTITUTION,185,Menschen mit gemischter Abstammung wie Sie sollten erschossen werden,1,0,keine Hassrede,0.5203918814659119
GAHD,RANDOM_SUBSTITUTION,186,"Wenn man die Tauben in einem Gewitter auflässt, dann ist es vorbei.",0,0,keine Hassrede,0.9728060960769653
GAHD,RANDOM_SUBSTITUTION,187,"Nun ja, mit den Jids stimmt wirklich etwas nicht!! Fällt sonst noch jemandem auf, wie sie anscheinend alles laufen lassen? Es ist nicht meine Schuld, dass ich das gesehen habe und denke, dass mit den Kommunisten-Agitatoren etwas nicht stimmt. Ich muss die Nachricht verbreiten, weil etwas nicht stimmt",1,0,keine Hassrede,0.7883327603340149
GAHD,RANDOM_SUBSTITUTION,188,"Was zum Teufel stimmt mit deinen Leuten nicht? Das ist eine ernste Frage. Wenn ein Ureinwohner eine Ausbildung machen und einen Job bekommen möchte, tut die Regierung alles, um dies zu ermöglichen. Wie kommt es also, dass so viele von ihnen völlige Versager sind?",1,0,keine Hassrede,0.9916459918022156
GAHD,RANDOM_SUBSTITUTION,189,Früher hatte man Sex. Heute hat man sexuelle Belästigung. Frauen sind Schuld daran,1,0,keine Hassrede,0.8158238530158997
GAHD,RANDOM_SUBSTITUTION,190,"Ja, Frauen können einsam sein. Hübsche Frauen können einsam sein. Frauen können von der „Aufmerksamkeit“ von 20 Männern umgeben sein und trotzdem einsam sein. Hinweis: Denn in den meisten Fällen handelt es sich nicht um echte Aufmerksamkeit. Es ist flüchtig, vorübergehend, leer und unbegründet. Es wird weg sein. Sehr bald. Vielleicht bis zum Ende der Nacht.",0,0,keine Hassrede,0.7768876552581787
GAHD,RANDOM_SUBSTITUTION,191,"Nach dem System des „koreanischen Alters“, das in informellen Situationen angewendet wird, gelten Babys am Tag ihrer Geburt als ein Jahr alt, jährlich am 1. Januar wird ein Jahr hinzugefügt.",0,0,keine Hassrede,0.8684555888175964
GAHD,RANDOM_SUBSTITUTION,192,"Das britische Volk sollte das Recht auf soziale Wohnungen haben, nicht auf Einwanderer.",1,0,keine Hassrede,0.9963313937187195
GAHD,RANDOM_SUBSTITUTION,193,Bahn stellt Betrieb ein!,0,0,keine Hassrede,0.7702577114105225
GAHD,RANDOM_SUBSTITUTION,194,"Die Menschen in dieser Gegend scheinen viel fröhlicher zu sein als dort, wo ich früher gelebt habe, man merkt, dass es dort weniger Nicht-Weiße gibt",1,0,keine Hassrede,0.8571688532829285
GAHD,RANDOM_SUBSTITUTION,195,"Die Zivilisten, die sein Auto reparieren sollten, hatten einfach nur Pech.",0,0,keine Hassrede,0.9894549250602722
GAHD,RANDOM_SUBSTITUTION,196,"Erinnern. Der Waschbär in deinem Gesicht ist ein leerer Schauspieler und du stehst offen vor der Kamera. Die Person, die Sie angreift, ist ein minderwertiger, drittklassiger Spieler, der von Darwin darauf trainiert wurde, für einen versteckten Kameramann eine reflexartige Reaktion aus Ihnen herauszuholen. Aber der Affe in deinem Gesicht, der dich anbrüllt und bedroht, ist keine mit Stroh gefüllte Marionette mit Holzkopf. Wenn er die Waffe in Ihre Nähe bringt, müssen Sie vorsichtig auf den Affen schießen.",1,0,keine Hassrede,0.8530100584030151
GAHD,RANDOM_SUBSTITUTION,197,"Ich hoffe, dass die Afro-Affen eines Tages aussterben, damit die Welt verstehen kann, wie schlimm dieses Artensterben wirklich ist. Schließlich handelt es sich um ein kurzes Glied in der Evolutionskette vom Affen zum Menschen",1,0,keine Hassrede,0.9129853844642639
GAHD,RANDOM_SUBSTITUTION,198,"Darüber hinaus bringen die Ärzte eine enorme zusätzliche Sicherheit im Einsatz, vor allem dann, wenn es körperlich anstrengend wird.",0,0,keine Hassrede,0.9372668266296387
GAHD,RANDOM_SUBSTITUTION,199,"Verdammte Touristen sollten davon absehen, in dieses Land zu kommen. Sie sind das Virus und wollen jetzt hierher kommen und noch mehr Covid verbreiten? Gib mir eine Pausekkkkkk",0,1,Hassrede,0.6697616577148438
