text,label
"@corinnamilborn Liebe Corinna, wir würden dich gerne als Moderatorin für uns gewinnen! Wärst du begeisterbar?",0
"@Martin28a Sie haben ja auch Recht. Unser Tweet war etwas missverständlich. Dass das BVerfG Sachleistungen nicht ausschließt, kritisieren wir.",0
@ahrens_theo fröhlicher gruß aus der schönsten stadt der welt theo ⚓️,0
@dushanwegner Amis hätten alles und jeden gewählt...nur Hillary wollten sie nicht und eine Fortsetzung von Obama-Politik erst recht nicht..!,0
@spdde kein verläßlicher Verhandlungspartner. Nachkarteln nach den Sondierzngsgesprächen - schickt diese Stümper #SPD in die Versenkung.,1
"@Dirki_M Ja, aber wo widersprechen die Zahlen denn denen, die im von uns verlinkten Artikel stehen? In unserem Tweet geht es rein um subs. Geschützte. 2017 ist der gesamte Familiennachzug im Vergleich zu 2016 - die Zahlen, die Hr. Brandner bemüht - übrigens leicht rückläufig gewesen.",0
@milenahanm 33 bis 45 habe ich noch gar nicht gelebt und es geht mir am Arsch vorbei was in dieser Zeit geschehen ist. Ich lebe im heute und jetzt und nicht in der Vergangenheit.,1
@jayxderxmensch @jayxthexhuman Wieso? Was findest du da unklar?,0
@tagesschau Euere AfD Hetze wirkt. Da könnt ihr stolz sein bei #ARD-Fernsehen,1
"Deutsche Medien, Halbwahrheiten und einseitige Betrachtung, wie bei allen vom Staat finanzierten ""billigen"" Propagandainstitutionen 😜",1
@AJCBerlin @AuswaertigesAmt Er hat heute morgen auch Schäuble getroffen. Das ist einfach nur unfassbar,0
@Ralf_Stegner Oman Ralle..dich mag ja immer noch keiner. Du willst das die Hetze gegen dich aufhört? |LBR| Geh in Rente und verzichte auf die 1/2deiner Pension,1
"Klausurtagung der CSU hat eher Fragezeichen vermehrt, ob Union die Kraft hat, die erforderlichen Veränderungen von Europa bis Digitalisierung, bei Arbeit und Rente, bei Bildung und Familie, bei Gesundheit und Wohnen, bei Pflege und Steuern, bei Integration etc. anzugehen.",0
"Den Türken ist die Souveränität der Niederlande egal. Sie wollen dort |LBR| bestimmen. So geht das nicht. Ausweisen, wem das nicht passt.",0
"@L7250402 @RGutmensch Auweia. Es geht nicht darum, dass man uns ""toll"" finden muss. Aber man könnte zumindest versuchen zu verstehen, was wir machen und wie wir das finanzieren, bevor man einfach falsche Schlussfolgerungen zieht und diese schamlos verbreitet. Schafft aber scheinbar nicht jeder.",0
"@DietmarBartsch @DJanecek Na, geht doch. Jetzt muss noch @SWagenknecht in einer Nachtsitzung Angela Merkel die Obergrenze abhandeln, dann kann Schwarz-Grün-Dunkelrot noch vor Weihnachten die Amtseide ablegen.",0
"Für mich ist der morgige Tag ein Tag der ""Größten Deutschen Schweinerei"" seit 1945, eine riesen Mogelpackung bekloppter Politiker🤢",1
@SteinbachErika Das lassen die 🇩🇪 nicht zu....und wenn sie gegen ihren eigenen Willen festgehalten werden... |LBR| Es ist leicht nach 🇩🇪einzureisen...aber raus?,0
"@Steinhoefel Ich finde deutsche haben noch eine Chance verdient...auch wenn ich ein Teil meiner Landsleute nicht besonders mag, aber sie sollten nochmals wählen dürfen...!",0
"#Dieselgipfel: Automobilindustrie muss Schadstoffe reduzieren – schnell, gesetzestreu, technisch sauber und transparent nachvollziehbar (2)",0
@peter2018huber @YouTube Das sitzt die doch aus - Teflon-Merkel ist ihr Spitzname in der Schweiz - an der prallt alles ab.,0
@Beutebadener @LeggaKnoppers @KotzenderStern Was laberst du jetzt von.inzucht schau mal an was dein schönes multikulti mit Deutschland gemacht hat,0
@JensMeding Hast Du schon das Initiationritual hinter Dir?,0
Diese Woche hatten wir die Gelegenheit uns mit 4 kurdischen Bürgermeister*innen der HDP zu vernetzen! @LeylaImret @coban95,0
"@DasErste Danke für die schnelle Info , aber eure Unterschlagungen von wichtigen Nachrichten in der Tagesschau machen euch zum Helfer von Terroristen in Deutschland.Bürger in Sicherheit wiegen die nicht vorhanden ist!",0
Du sollst keinen anderen Gott haben neben mir. Mal schauen wann Gottes Worte als Rassismus dargestellt werden.,0
@krippmarie Ich kenne noch einige Namen unter den SPDler die ebenfalls zu Grabe getragen müssten-sollten-werden....,1
Wir geben unsere Identität nicht auf. Bedenke das Ende bei all dieser Beliebigkeit. #islamfeiertag,0
@StephanJBauer @soskinderdorf Auch in Deutschland hungern Kinder.,0
"@5junx Und hätten wir regiert und alle Zusagen gebrochen, dann wäre hier heute von Umfallen und Postengeilheit die Rede gewesen! 😂 #Beliebigkeit CL",0
#Trump ist als Politiker kein Schwätzer sondern handelt vom ersten Tag an. |LBR| Und geopolitisches Denken des letzten Jahrhunderts ist ihm fremd,0
"In Abwandlung der Kanzler Worte sage ich: |LBR| CDU SPD-folgt diesen Leuten nicht, sie regieren schon immer und die Armutschere ist größer denn je",0
"@ndaktuell Ach Gott mehr nicht,was gedenkt man dagegen zutun,nach dem GG dürfen nur Deutsche Staatsbürger protestieren .Was hier geschehen ist ,ist ein Aufstand von Radikalen Moslems ,da sage ich nur einsammeln und Heimschicken!",1
Die Zahl arabischer Rekruten in der israelischen Armee steigt rasant. Die @BBC hat eine Dokumentation über sie gedreht. #Israel @BBCArabic,0
"@WWF_Deutschland Kein Kohleausstieg,wenn dadurch unsichere Atomenergie aus dem Ausland importiert werden muss.Unsere sicheren Atomkraftwerke werden abgeschaltet und unsichere im Ausland gebaut.Auch die Winkrafträder sind nur eine Verschandelung der Natur.Das Ausland lacht.",0
@krippmarie Die Deutschen checken es einfach nicht,0
@ShakRiet @Heinrich_Krug So ist es....wir haben Maria vergessen...als hätte sie nie existiert....schämt euch...!,0
"@hortarimar @Georg_Pazderski Dann können wir vielleicht eine konstruktive Diskussion führen. Wenn Sie mit Unterstellungen arbeiten, dann wird das nicht möglich sein. Wir laden Sie zu einem virtuellen türkischen Tee ein.",0
"@LgJohnSilver Höchste Zeit und in gemeinsamer internationaler Kraftanstrengung, sowie gebotener Härte.",0
@Uwe_Junge_MdL @krippmarie Die Deppen der Nation....Österreicher lachen am lautesten....😃😃,0
"@pinselpoetin Ich lernte im Jurastud. noch,dass d. Täter nicht therapierbar sind,was d. Praxis meistens beweist. Ewig aus dem Verkehr ziehen",0
@BlauekeP @poschuetzge @lawyerberlin @Die_Gruenen @fdp Hubertus....was hab ich mit Adolf zu tun? |LBR| Und ich erstarre bei beim Wort Nazi auch nicht in Schuldgefühlen wie der Rest nur weil ich🇩🇪liebe,1
@Einzelfallinfos @Carolin94815291 Das ist in Deutschland nicht strafbar...nur wenn deutsche Diebstähle begehen dann ist es anders...,0
"@monikabergholz2 Wir haben keine Meinungsfreiheit ,von wem soll die auch kommen wenn man eine in der DDR ausgebildete Bundeskanzlerin hat .Mielke hätte sich totgelacht.Ich glaube am Grab hört man in 🎉",1
@Einzelfallinfos @FfFrauki Wir sind nunmal Weltmeister...in Aufarbeitung....aber endlose Pfeifen in Vorkehrungen. |LBR| Ich halte alle Politiker für Helfershelfer....sie gehören auf die Anklagebank und nicht in überbezahlten Ruhestand...! |LBR| @AfD .....,0
@Nils_puels @marcobuelow ich glaube wirklich das ein mitgliederentscheid die partei eint 👍,0
"@ulfposh Doch nicht nur die Planeten! Es geht um das Leben, das Universum und den ganzen Rest. |LBR| Ich muss jetzt los, die Milchstraße retten.",0
Infotweet: Antifaschisten sind alle vernachlässigte Scheidungskinder,1
Was machte Luther eigentlich an einem Brückentag? Und was würde er heute über die Türken und die Juden sagen? |LBR| #Reformation_neu_denken!,0
@MartinaRenner @dieLinke Und die Linken Anarchisten üben in Hamburg 👊🔥,1
Zur Eröffnung der #Israelpedia sind unsere Gedanken bei den Menschen in Israel |LBR| #DIG #Frankfurt #Israel,0
@gerdm4863 Das ist einfach so...aber noch lange kein Grund Deutschland mit fremden Männern zu fluten....,1
@Ami66Stefan Juden und Christen werden als Schweine und Affen bezeichnet.. Aber das steht ja nur im Koran. Die Suren erspare ich mir jetzt. Lesen.....,1
@anna_IIna Kann man diesen ganzen Scheiß noch glauben..?,1
@welt Bla bla bla! Lügenpresse verkauft uns mal wider für Dumm! Alles gespieltes Theater!!,1
@OnlineMagazin Das kann doch nur ein Fake sein !!! Die sind sowenig DEUTSCH wie Erdogan ! Nu gehts wirklich los ! Auch im TV der MSM nur noch NICHTDEUTSCHE ! 🤬🤬🤬☠️☠️☠️🤬🤬🤬,1
"Afghanistan ist ein sicheres Land, wenn Deutschland, England u. |LBR| Frankreich als sicher bezeichnet werden. Leider gab es Anschläge.",0
"#illner Das Söder nun auf #AfD Programm macht und die Wahrheit ausspricht,welche nur bei der AfD rassistisch und polemisch,bei Söder aber ""bürgernahe Erkenntnis"" ist,scheint #87Prozent überhaupt nicht zu stören. |LBR| Ja...so sind sie.Die Heuchler und Doppelmoraler.",1
"@Regendelfin Sind selbst Schuld die Dummen Girlies die unbedingt Modell werden wollen,",1
@NorgePrivacy @krippmarie Spätestens seit Blümchen wissen wir welche Waschlappen in der Regierung sitzen....😃😃,1
ja das ist was Kinder so aufem kindergartenspielplatz so anstellen und daraus ist der glaube der Moslems endstanden.,1
"7 Tage Ferienfreizeit mit polnischen Kindern u. Jugendlichen. Sie erinnerten mich daran, was es heißt, stolz auf sein Land zu sein 😜",0
"Wir sind entsetzt von der Vielzahl menschenverachtender, stigmatisierender und rassistischer Kommentare unter unserer Berichterstattung zur heutigen Kundgebung. Strafrechtlich potentiell relevante Äußerungen werden dokumentiert und ggf. zur Anzeige gebracht. #berlin #jerusalem",0
@Miquwarchar Hat die jemand dafür angezeigt?,0
"Merkel: ""Die Bürger haben keine Lust auf Zuständigkeitsdebatten"" ??? Eben ein verlogenes Miststück mit ausreichender Denunziantenerfahrung😜",1
"@fneuhann @fdp Welche Warnung? Ich lese es als Unterstützung unseres Kurses! Es gibt keinen Satz im Text, der diesem widerspricht. CL",0
@welt Abschieben es sind doch nur Moslems!!,1
Jeder dem Deutschland am Herzen liegt soll AFD wählen,0
"@PolizeiBerlin_E Jeder der hier die Polizei schlecht macht, oder verbal angreift, sollte wissen das sie jedesmal für eine falsche Toleranz Politik unserer Regierung den Kopf hin halten. Jeder Polizist möchte nach getaner Arbeit auch gerne unversehrt zu seiner Familie nach hause gehen können.",0
"Änderungsantrag, dass §83 SGO komplett gestrichen wird, wird abgestimmt &amp; abgelehnt",0
"@hdBerretz Die Propaganda wirkt leider bei den Deutschen perfekt, da sie glauben der Onkel von der Tagesschau bringt echte NACHrichten",0
@Hartes_Geld Bayern sollte auch aus Deutschland austreten,0
"@renomarky @RussiaConnects @SenJohnMcCain McCain erwies sich bisher generell als mit Haut überzogener, verlogener politischer Dreckshaufen",1
Was heißt hier Flüchtlingseinrichtungen? Die meisten der jungen |LBR| Männer sind keine Flüchtlinge. Sie sind rücksichtslose Invasoren.,1
@Sammy_aus_Cux Von mir aus gibt es dieses intersexuell aber die eigentlichen Geschlechter sind männlein und weiblein,1
"@cuffedCatling zu einem anderen Ergebnis kam. Vielleicht erschien ihr (der Community) der Kontext klarer, keine Ahnung.",0
Auch durch eure Zensur in Deutschland werdet ihr nichts ändern. Wie sehr in Deutschland zensiert wird kann ich hier im Ausland sehr gut erkennen. |LBR| #illner,0
"Merkel: ""Ich sehe nicht, was wir anders machen sollten"" &gt; Wie HOHL muss man eigentlich sein, um NICHTS zu begreifen Frau Murksel 🤢",1
@brosel_werner @InesHenkler Ich spreche ausschließlich von mir 😜,0
@FroehlichKaiT So früh waren die schon auf?! Was haben die vor?  Sorgen!!!,0
"@kein_gutmensch @Renft1964 @focusonline Dann solltet ihr Grünes Pack, eure Bodygards verdoppeln!",1
"Gestern wieder bis kurz vor Mitternacht im Konrad-Adenauer-Haus der CDU mit der Union. |LBR| Heute steht der letzte Tag der Sondierungsgespräche im heimischen Willy-Brandt-Haus bevor. |LBR| Die Intensität nimmt zu und seit Günter Grass wissen wir, dass der Fortschritt eine Schnecke ist.",0
@dieter_wolfgang @loriotfehlt Im Harz schmeckt es Weltklasse.  Da fülle ich mir immer hunderte Flaschen ab. 😘,0
Bayern = Sicherheitsland Nummer 1 - Sicherheit durch Stärke. #TVDuell,0
"Ich bin Katholik und ich bin mir felsenfest sicher, dass dies nicht die Meinung der überwältigenden Mehrheit der Christen in Deutschland ist",0
@MiriamOzen @berni1173 @berlinwerbung Hab ich auch nicht verstanden :-),0
Ich gratuliere Bundestagspräsident Schäuble zur Wahl. Er tritt das politische Erbe von Norbert Lammert + ein hochwichtiges Amt an.,0
"Innenminist. MV (Caffier) federführend im NPD-Verbotsverfahren. Gestern Optimist für Verbot, heute stolz auf den Rechtsstaat, so geht CDU😂😂😂",0
"@jayxthexhuman Das ist leider nicht ganz klar. Unser Ziel war es etwas für alle zu schaffen, die nicht Mann oder Frau sind. Mal sehen was der Gesetzgeber draus macht #dritteoption",0
@deanerschnitzel @_boycottlove ein paar von den großen Medien haben es tatsächlich hinbekommen. Der @ndr zB. mein ich.,0
@diMGiulia1 Araber haben schon ekelhafte Fressen....!,1
@Rebellin70 Lindner hat es nur verdeutlicht was mittlerweile alles wissen....Die Grünen sind zu nichts zu gebrauchen...!,0
Herzlichen Glückwunsch zu 70 Jahren FU Bayern! Danke für euer Engagement! #CSU #Frauenpower,0
"@burkhardewert @spd Wer die WM als Politiker ""guten Gewissens"" besuchen will, der muss das mit einem aktiven Einsatz für die politisch Verfolgten in Russland und für ein Ende des Krieges und der Besetzung in der Ukraine verbinden. Das wäre auch gut für Russland.",0
@anna_IIna @tagesspiegel Den Kleber sollten sie nicht anzeigen sondern *zensiert*!,1
@GiKi56534206 Erstaunt? Ich nicht. Friedensnobelpreisträger sind so. -siehe Obama - unter ihm gab es die meisten Kriege.,0
@pip_news Doch genau das bin ich - sie scheinen aber zu den 13 % vom anderen Ufer zu sein,0
Wichtige Info für eure Pride Week-Planung: Die für heute geplante Queer HalliGalli Party auf dem Dom kann leider nicht stattfinden.,0
@BonkeKolja Man kann auch alles übertreiben! 😂😂😂😂😂,0
Eines Tages wird sich Russland mit China und einige andere Länder verbünden und das war es denn mit den Größenwahn von Amerika.,0
"@Jack_promotions @Hartes_Geld Welcher Staat, welchen meinst du!?",0
"@430_BC @st3pp3nwQlf Das schlimme daran ist, das dieser sogenannte Eid, nicht mehr als ein Lippen Bekenntnis ist und man Merkel bei zuwiederhandlung nicht einmal Strafrechtlich belangen kann.",0
Der neue #Newsletter ist da! Thema ist unter anderem die Rede von @IsraeliPM Netanyahu vor #NATO-Botschaftern in #Israel,0
"Liebe @tazgezwitscher, den Niedergang der Ösi-Grünen und diesen Herrn Pilz will ich von @peterunfried erklärt bekommen. Geht da was heute?",1
"Worterklärungen: |LBR| Vierling = 9,26 cdm |LBR| Imber = Ingwer |LBR| Lott = 16 g |LBR| Musgatnus = Muskatnuss |LBR| Nägl = Nelken",0
"#Islamisierung ""Zusammenstöße zw GLÄUBIGEN (Richtig: #Islamisten) &amp; Sicherheitskräften"" - #Tagesschau sendet bereits im #Scharia-Modus",1
"@andre_anchuelo @tocotronic Also ich finde, damals konnte man das durchaus tragen. ;-)",0
@Heinrich_Krug @SPIEGELONLINE SPD erwacht nicht mehr aus Koma...das was wir sehen sind nur die letzte Zuckungen eines dahinsiechenden....! |LBR| Schon gut so...R.I.P.....SPDler...👏👏,0
"@Dauerquerulant Sie meinte, ich solle die Mäuse allein fangen - zu flink die Viecher, ich würde verhungern 😂",0
"Der einzige, der sich noch darüber freut, dass Merkel auf ihrem Stuhl klebt |LBR| ist der beginnende |LBR| Dekubitus.",1
"Edel sei der Mensch, hilfreich und gut - Nicht eine dieser Charaktereigenschaften kann Merkel für sich beanspruchen.",0
"Die Grünen sollten sich lieber auf die Themen konzentrieren, statt Posten einzufordern.",0
"Pervers. Die Türken fordern Gerechtigkeit. Anstatt dort, wo sie die |LBR| Ungerechtigkeit gewählt haben, fordern sie das in Österreich. Haut ab.",1
"@investyines @HolgerEwald1 @ChangeGER Die Menschen glauben an den Weihnachtsmann, Gerichte sind mit Nichten unabhängig, in der BRD gibt es ausschließlich freiwillige Ausnahmegerichte.",0
"@Papier451 Kann ja mit Kahane, de Maizire Wagenknecht, Trittin, und Eckhard, Maas. Eine neue SED Partei gründen. Hauptsache IMErika ist weg.",1
Na Kameraden alles gut bei euch ich hoffe ihr habt nen schönen Abend,0
"@emrich_5933 @petpanther0 Dieser Typ erinnert mich in Agitation und Erscheinung an Subjekte der NS Zeit, er wird zusammen mit der Raute unser Grab schaufeln, Deutschland und die Deutschen werden zugunsten eines totalitären EU Systems vollständig vernichtet werden",1
"Streit um Flüchtlings-Obergrenze - So könnten CDU und CSU ihr Gesicht wahren 😜 Wenn eine hässliche Fratze gemeint ist, geht`s 😜",1
"Heute ist der dritte Tag der Sondierungsgespräche mit der Union. |LBR| Gestern ganztägig bis Mitternacht verhandelt. Konzentrierte, teilweise schwierige und kontroverse, aber weitgehend professionelle Verhandlungen. |LBR| Wie immer gilt: Nichts ist vereinbart, bevor alles vereinbart ist.",0
@yartago @happyhaidrich3 Was willst du uns leaken oder was lel,0
"@WolfgangWerda @EricGiesel @SPIEGELONLINE Von Parteien hat das deutsche Volk die Schnauze voll, schon gar von Linken. |LBR| Wenn wir heute den Begriff „Kriminelle Vereinigung „ hören denken die meisten an den sogenannten Bundestag/Bundesregierung.",1
"@waldruhe @hotnakedlove Das wird das Problem sein, statt Bildung bekommen sie „Aus-bildung“",0
"@maischberger Mit wenigen Maus klicken im Internet, hatten Sie Frau Maischberger heraus finden können das die Aussage von Herr Hollstein eine Lüge war.",0
@Gl_owwyrm @GenKuchen @Tenreccc @magda_albrecht Also mich macht es froh wenn Leute ins Nachdenken kommen. Dann haben wir ein großes Ziel erreicht! #dritteoption,0
@KontaktVito Jedes 4 Kind in Deutschland ist arm. Rentner sammeln Flaschen. Familien bekommen keine Wohnungen. Arbeiten bis 67. Aber wir holen uns noch mehr Sozialfälle ins Land!!! Alles zum Wohl des Deutschen Volkes. Zeit dieses Land zu verlassen.,0
@Ralf_Stegner SPD ist der größte Dreck geworden....Stegner und Schulz so ziemlich das lächerliste was es zu bieten hat...!,1
@yartago @happyhaidrich3 Wetten.du bist so ein verbittertes scheidungskind,0
"@BTsmeier Die Pegidareden in Dresden sind hörenswert. Wenn da dumme Nazis aufspringen, sollte man trotzdem nicht alle über einen Kamm scheren. Beim Islam können sie dann plötzlich immer differenzieren...",0
@happyhaidrich3 @ExilSchlangi @ItsAMettWorld @drolnegul @Octopussietus Was wollen diese linken eigentlich damit erreichen ?,0
"@machtjanix23 @teite99 @Norbinator2403 @ennof_ @AthinaMala @troll_putin @NancyPeggyMandy @petpanther0 @info2099 @lifetrend @ThomasGBauer @SchmiddieMaik @charlie_silve @NoHerrman @willjrosenblatt @feldenfrizz @nasanasal @_macmike @ellibisathide @MD_Franz Nicht so gereizt, das BKA hat das Gutachten gemacht - nicht ich. Und da der internationale Druck groß war, musste der Spiegel was dazu schreiben.",0
"Türken, die sich die österreichische Staatsbürgerschaft erschlichen haben |LBR| müssen aufgedeckt und verurteil werden. Davonjagen.",1
"@HartmutSchrewe Da er nicht in einer Kirche oder kirchlichen Stätte aufgetreten ist, fällt das nicht in unsere Zuständigkeit.",0
"Unsere jetzige Regierung ist Verbrecherisch,Hochkriminell,AntiDEUTSCH,Korrupt und Geldgierig. Also ?? Was soll man mit so einen Scheiß ??",1
@focusonline Merkel geht wohl die Muffe.,0
Dortmund haut wieder auf die Kacke ! Die wollen die ganzen Braunhäutigen verjagen mit dem Slogan BUNT STATT BRAUN !! BRAVO !!!,1
@newsphotoDE @ndaktuell Ich freue mich .Es gibt manchmal doch Gerechtigkeit!,0
@China_Welt_News Ich schäme mich in solchem Verbrecherstaat mit deutschfeindlichen Ganoven-Richtern und korrupten Politikern zu leben!,1
"@Yorck_ Ist doch wahr, denn dieses dicke Etwas bekommt kaum zwei zusammenhängenden Sätze heraus und von sinnvoll rede ich garnicht erst 😜",1
"@PatriceCore Die können mich weiterhin erreichen über Twitter, Google+, Skype, Whatsapp etc. Kein Mensch muss Facebook haben.",0
@WMDA1978 :D Wir lassen halt nichts aus und arbeiten und langsam in die Neuzeit vor. ;-),0
@Dora_Bromberger @lawyerberlin Hetze haben weder Fakten noch Argumente je ersetzt.,0
@Carnolie @Titania0001 @WildEastBerlin |LBR| Die Staatsanwaltschaft/Richter führen nur Anordnungen von oben aus! |LBR| Die Politiker aus dem BMI sinds,1
Die EU dient zur Aushebelung der Selbstbestimmung der europ. Völker |LBR| Die Migranten sollen eine Wählermehrheit für die EU Wahl schaffen |LBR| Dann wird alles als freier Wille der Nationalstaaten dargestellt. |LBR| Ziel: Zentralregierung in Brüssel 👎👎👎,1
@DeusVultKTI Nicht nur posten.... Kosten mitteilen denn alles andere läuft nicht. Nicht einmal diese Website,0
"Juhu, der Bayer ohne Eier will wieder einmal alles nach der Wahl richten 😂😂😂 ich pinkel mir vor Lachen gleich ein 😂😂😂",1
@SawsanChebli Wer meint typisch deutsch sei zwangsläufig mit Nazi zu vergleichen ...der ist hirnlos |LBR| Typisch deutsch?...z.B...wir wurden Weltmeister und Millionen von Nazis haben gejubelt..? |LBR| Typisch deutsch?...z.B...jeder der unsere Hymne singt,0
Dass wir diese ganzen IS-Kämpfer haben ist ausschließlich die |LBR| Schuld der Amerikaner. Scheinheiliges Volk.,1
Migrantenanteil in Großstädten |LBR| München 36% |LBR| Frankfurt 43% |LBR| Stuttgart 38% |LBR| Nürnberg 37% |LBR| Köln 31% |LBR| Hamburg 27% |LBR| Berlin 25% |LBR| Der Westen so gut wie verloren wenn sich nix ändert,1
@Magn1ficus @ntvde Merkel bekommt Angst und versucht jetzt mit allen Mitteln ihre Macht zu erhalten!!,0
@johannesdal Beweisen sie Gott und melden sie sich bitte wieder. Die Beweispflicht obliegt nicht den Atheisten.,0
@awkwardPixels Das ist ein ultra wichtiger Punkt und wir hoffen sehr dass die unnötigen Operationen aufhören. Aber da ist noch viel Arbeit und Aufklärung notwendig,0
"@schweizerguy @DuHugonotte In diesem Kiez sollten besser 1000 Wahre Deutsche leben ,als dieses Pack von linken Anarchisten!",1
@hans_obermeier Obwohl Göring kein Interesse hat etwas gutes zu tun ist sie trotzdem nicht unser Problem... |LBR| Sie spricht nur zu einer kleiner Gruppe von Menschen ....die sind das Problem und das sind Deutsche..leider!,0
"@AfDFraktion_MV @AfD Auch wir im ENBW -Land haben viel zu hohe Stromkosten ,dank erneuerbarer Energie,hast du Wind hast du Strom ,hast du kein Wind hast du hoffentlich Kerzen !",0
@StephanStaiger Was hat das mit meinem Anfangstweet zu tun? Troll woanders.,0
@ainyrockstar @welt Die Frauen die nach Geschäftsschluss mit öffentlichen Verkehrsmitteln nach Hause fahren müssen tun mir leid.und wenn man dann durch Käfertal und Viernheim nach Weinheim fahren muss hat man das Gefühl die RNV fährt durch den Kongo.,1
@sternde Jerusalem war schon immer die Hauptstadt von Israel genauso wie die Palästinenser schon immer Terroristen waren.,1
Tja liebe Altparteien. Hättet ihr eine deutsch/bürgerfreundliche Politik gemacht könntet ihr eure Posten behalten |LBR| Jetzt muss es #AfD richten,0
Diese Aussage wurde in der ARD einfach rausgeschnitten!,0
"@Werwald Was hast du gegen Asiaten, du Halbnigger?!",1
Martin Schulz ist 2x sitzen geblieben und hat keinen Schulabschluss. |LBR| Wie kann denn so ein Nulltipper als Kanzlerkandidat aufgestellt werden?,1
@SkyBirdPhoenix fröhlicher gruß aus dem metronom in meine alte heimat 👍,0
"Erneut Bekanntschaft mit linkem Philosemitismus aus #Deutschland, der bevormundet, gemacht. Meinen kritischen Retweet der #Neonazis vom »3. Weg« warf man mir sogar als Sympathie vor. Dass diese Partei doch gegen #Juden sei, erklärte man mir oberlehrerhaft. Was ein Shmock!",0
"@langerbeats @Vancullo Alles zu spät und verlogen, der Schaden ist angerichtet, alle Parteien müssen weg, das Volk ans Ruder.",0
@Joemino Das ist die Stadt mit der Armlänge.... |LBR| Wenn ein Volk seine Frauen und seine Kinder nicht beschützt...welchen Wert hat es dann noch..? |LBR| Yücel hatte recht....die Deutschen taugen nicht viel ..!,1
"@MadamePlissee @Frau_Al3X Ja. Da fehlen dir noch 2. Und die müssen nicht im Kreis w..retweeten, sondern hinausziehen zu den Barbaren und ihnen das Evangelium predigen. Also z.B zu den Mullahs, die gerade eine Frau steinigen, weil ihr Kopftuch verrutscht ist.",1
"@bo_bonn @Grals_Hueter Wie gesagt. Dumme Kinder von alt 68er die man besser abgetrieben, oder besser ins Klo gewichst hätte. Und ich bin kein AFD Wähler.",1
@IQ_Stimulator Wir brauchen dringend einen RESET der MsM und des Grundschulsystems ohne diese verfluchten Handsockenpuppen schwingenden ÖkoAntifaFeministinnen ! DRINGLICHST !!,1
@thethomaskatz @Grals_Hueter @Imamofpeace @thegreyghostofw Sie nennen es Hallal. Ich nenne es Tierquälerei der schlimmsten Sorte. Und Deutsche Supermärkte unterstützen so etwas sogar.,0
"@Calineczka505 Ich schreibe seit 15 Jahren dt./pl. EU-Projekte, seit 41 Jh. habe ich einen pln. Familienteil, ich käme nur nach Hause 😜",0
"@erstmal_denken Hoher Anspruch im Namen und wurde für zu leicht befunden ! Du , für sie reicht einfach der Respekt nicht kennst auch den Unterschied zwischen einem Lieferwagen und einem muslimischen Terroristen nicht ! Das böse und schlimme daran ist das du das garnicht willst!",1
@lawyerberlin nö. damit hat er ja sogar recht. es ging aber um eine alternative zur quote.,0
@burghard_r @SM100d Was ist den das fette etwas da ..?,1
"@Heinrich_Krug @welt Was, Kurz zu Gast bei der Küchenschabe, hoffe er hat den Kammerjäger dabei",1
"@andreasleu1 Wie heißt es doch : ""Humor ist, wenn man trotzdem lacht."" 😜",0
@happyhaidrich3 @Beutebadener Der ist auch älter und anscheinend noch nicht so verstrahlt und lässt mit sich reden,0
Deutschlands Zukunft wird am Hindukusch entschieden #SPD Zitat |LBR| Das stimmt. Wir haben dort verloren. Jetzt fluten die Afganen nach Deutschland und zerstören es von innen.,1
"@FUsling Damit schafft man die Ursachen nicht ab, die Ursachen liegen viel tiefer. Ist wie im Drogenhandel: Wenn man nur den Kurier bestraft, ändert sich gar nichts.",0
"Wenn wir den ""Schiffbrüchigen"" konsequent den Weitertransport nach |LBR| Europa verwehren, werden sie das den anderen per Handy melden.",0
Es geht also doch. Österreich macht es uns vor.,0
Demokratie in Spanien? |LBR| Wer anderer Meinung ist wird entmachtet! |LBR| Kämpft für eure Freiheit! |LBR| #Katalonien,0
@bruno_burzynski @info2099 Kümmert die einen feuchten D....,1
@SM100d Schäuble als Finanzminister war ein Desaster. |LBR| Und seine Tochter wird von der GEZ bezahlt |LBR| Müssen wir wirklich für alle Schäubles aufkommen..?,0
"Wenn die Flugzeugführer Angst haben vor Migranten, müssen die Herrschaften eben |LBR| in Handschellen abgeschoben werden. Wo sind wir denn?",0
"Vehement kotzt sich d. CDU üb. Nazis in d. AfD aus,hatte aber nach 45 Nazitäter in d. Regierung u behinderte d. Aufarbeitung d. 3. Reiches 😜",1
Martin Schulz ist Kanzlerkandidat der SPD ohne Schulabschluss. Er ist |LBR| 2 x sitzen geblieben. Ist das Ihre Führungsspitze?,0
@heinrichwiechm1 @MiriamOzen Aufstand der deutschen? |LBR| Niemals! |LBR| Mit der Wahl wäre es möglich gewesen...aber für einige war das zu anstrengend oder gar überfordernd!,0
Endlich angekommen. Die Beschwerde plagt sich immer noch durch den Verkehr. #dritteoption,0
@RegSprecher Mir war nicht bekannt das Deutschland ein Kriegsgebiet geworden ist!,0
"@ufhoven @lawyerberlin Na gut. Dann nenne mir 5 Punkte, die Belegen, dass der Islam eine friedliche Religion ist. Und fünf Wohltaten Mohammends an der Menschheit",0
"@Lorbass1962 @MiriamOzen @snowcrash729 @davidermes @jreichelt @LorenzMaroldt @ulfposh @polizeiberlin Noch schlimmer ist, das die EU die Palestina seit Jahren Finanziell unterstützt",0
"Parteienwahlkampf &gt;&gt;&gt; Ich fühle mich richtig eingelullt, Versprechen, Vorhaben, hätten, könnten, wollten - wie immer, nichts als LÜGEN 😜",0
"@Joerg_Meuthen Na hoffentlich hat sich der ‚typisch deutsche Richter’ nicht auch noch entschuldigt, weil keine weiteren mildernde Beweise gefunden wurden",0
@KrabatKabat @Westhim Wir haben nicht genug Alternativen,0
@SawsanChebli @SawsanChebli ...sich damit auch noch brüsten ist schön...dämlich... |LBR| Wenn man tief genug gräbt findet man tatsächlich immer noch eine dümmere deutsche...obwohl bei Katja an der Oberfläche kratzen schon ausreicht....😃😃,1
"#Islamisierung #Scharia Beweis: Sagen sie öffentl.: ""Katholiken sind schlimmer als die Pest"" &amp; KEIN Staatsanwalt wird sich um sie kümmern",0
"Wer die Zuwanderung nach Europa alleine auf die Einzelstaaten abschiebt, hat aus den letzten Jahren nichts gelernt.",0
"@Holger_Lucius Merkel reiht sich nahtlos in die Kette deutscher Diktatoren ein, die allesamt ihre Biographien schönen ließen 😜",1
@StephanStaiger Das zeig mir mal mit einem Bild.,0
@EliDerWanderer @Yuma_lein Schaut euch einfach die dummen Köpfe an....das gehört eindeutig entsorgt...!,1
@polizeiberlin @ARDde Und was sagt Euer #Fakenfinder so? |LBR| #ausgruenden,0
@AfD_Bayern @krippmarie Schon ein Wahnsinn....obwohl nichtmal 1/3 der Bevölkerung sie gewählt hat darf sie trotzdem weiter regieren. |LBR| Ist zum kotzen!,1
"@DMFreund1 @krippmarie Träume und Wünsche...leider |LBR| Jamaika-Scheisse wird durchgesetzt....dafür sorgen schon die Lauch-Scheisser |LBR| Die bleiben klebend sitzend...der Troll Joschka hat’s Ihnen vorgemacht, die Warze Roth hat’s perfektioniert ..!",1
"@Die_Gruenen @GoeringEckardt Die gesamte deutschfeindliche Asyl-Politik der Altparteien, provoziert einen Bürgerkrieg! Die Grünen werden als erste vernichtet werden!",1
@Jala_varietas @Grals_Hueter Die Julia hat ja auch 20 Kalte Lötstellen im Kopf. Bestimmt ein Kind der 68er. Sorry aber die hätte man besser ins Klo gewichst. Da wären die heute noch auf Reißen.,1
"Sonderbehandlung, ""Herrenmentalität"", ""Blitzsieg"". Ernsthaft? Welche Begriffe kommen als nächstes bei @SPIEGELONLINE über #Israel?",0
"@Niklas_G_Salm @AfD So derbe mit der Realität konfrontiert zu werden ist schon ein wenig unmenschlich, find ich 😉😇",0
@SPIEGEL_Politik Warum veröffentlicht ihr keine Bilder von linken Anarchisten?Die gibt es zuhauf!Aber ihr seit nur ein Unterstützer dieser Horden!,1
#Mobbing an Schulen setzt sich jetzt in der Politik fort |LBR| Altparteien sprechen alle nicht mit der #AfD sondern nur abfällig(Nazi) über sie,1
"So, jetzt habt Ihr also protestiert. Und, wie geht es weiter? Klar, das nächste Mal werdet |LBR| Ihr auch wieder protestieren. Bahh ei, dat bockt.",0
"@Lu_Honeychurch @laloeffelstiel Ach so. Inhaltlich ist die Veranstaltung aber durchaus breiter aufgestellt, u.a. spricht eine Vertreterin des Istanbul Pride.",0
@Beutebadener @happyhaidrich3 @LeggaKnoppers @KotzenderStern @destatis @Khajiit7 Was für großmeister wir sind sifftwitter trolle natürlich bin ich rechts aber trotzdem sollte man nicht alles von und 100%ernst nehmen,0
"@HenHoffgaard @mboe0407 Da die Kirche jeher den Herrschenden in den Arsch gekrochen ist, inkl. Hitler, wundert es mich nicht 😜",1
@sun_meets_rain Euer Shop ist ja auch toll! :-) &lt;3,0
"@ThunderRainman @arian_elquaida ...nicht ""vor der Tür"", sondern im Haus. Es wird HÖCHSTE Zeit, dass es eine Grundreinigung des Hauses gibt 😜",0
@Karl_Lauterbach Da ist endlich jemand der sich mit Kinder und Kinderbildung auskennt...😂,0
König Juan Carlos verlässt rechtzeitig das sinkende Schiff. Er hat's gewusst!,0
"Was d. Wille eines Nationalstaates noch Wert ist,wurde heute in Brüssel demonstriert. Polen gedemütigt😡Ich hoffe d. Preis f.d. EU wird hoch😡",0
"Wie so ein ThinktankARSCH sagte, es ist ein Krieg der Eliten gegen die Völker und die Eliten gewinnen immo!Das muß sich drehen !",0
Ich hoffe mal bis Morgen ist der acc noch nicht gebannt ansonsten wünsch ich euch eine Gute Nacht Kameraden,0
"@Indiesoph @Beatrix_vStorch @le_seb_ Dümmer geht immer,paßt Stalinisten besser ? Geh besser Grammatikfehler jagen, ist ein rein rotgrünes Ding, bevor Argumente am Geist kratzen!",1
@Varg_I_Veum @tagesschau Verlogene Doppelmoralistenheuchler |LBR| Der arme Hund |LBR| #Hetze,1
"Wenn die Afrikaner merken, dass uneingeladene Gäste konsequent in |LBR| Deutschland nicht aufgenommen werden, hat das doch positive |LBR| Auswirkungen.",0
"Zwischenfazit: Merkel sachlich souverän, Schulz verbissen und unglaubwürdig. #TVDuell",0
"@SaschaUlbrich Tja,ich denke EU wird an Bürgerkriegen zugrunde gehen, ist ja genau das was die Eliten planen und der gierige LINKE Scheiß machts möglich !",1
"@Aphrabehne Kein Problem, ich fuhr gestern mit Gartenlatschen in die Stadt. Meine Tochter kaufte mir daraufhin ein Lätzchen ""Wer kleckert muss ins Heim""",0
"Politiker sind Schauspieler, aber äußerst fiese, da sie ihre Rollen nicht nur spielen, sonder sie leben und sich noch selbst hoch bezahlen.",0
"@66Freedom66 teilen, teilen und nochmals teilen!!!",0
"@XYEinzelfall Was wir davon zu halten haben weiß jeder klar denkende Bürger! Die Ö.R. sind nun mal zu allem fähig, außer objektiver Berichte",0
"@ARTEInfo @ProAsyl Wir tragen einen Teil dazu bei - in Frankreich formiert sich gerade ein Gruppe, die @FlchtlngWllkmmn dort umsetzen will",0
@DirkHafermann Sieh an...sich mal jemand erkundigt wie es anderen tatsächlichen Opfer-Hinterbliebenen geht..?,0
"@RegSprecher Eine ""gute Bekanntgabe"" wäre, wenn Merkel endlich zurücktreten würde! Ganz Deutschland würde aufatmen!",0
"@ibikus31 Wo sitzen die Redakteure der ""Welt""?",0
"@RegSprecher So sieht Meinungsfreiheit in Deutschland aus, dank dieser Volksverräterin Merkel!! |LBR| Herzlichen Willkommen in der DDR 2.0! Es wird Zeit😡😡😡",1
@Strack_C Es gibt schon reichlich dumme in den eigenen Reihen...diesmal ist es halt ein arbeitsloser Journalist..!,1
"Da Satire ja schon längst nicht mehr alles darf, und ich keine Lust habe, wegen jedem frechen Spruch vor Gericht zu landen, erstelle ich gerade wieder ein musikalisches Comedyprogramm voller methaphorischer Anspielungen. Welcher Titel wäre gut?",0
@ludhell123 @Blaue_Rose_ddb Seit Jahren werd n wir von dieser Regierung belogen und jetzt sollen wir glauben das es nur ein Fake ist!! Ich glaube das es echt ist!!,1
@robertandreasch @Report_Antisem Vielen Dank für den Hinweis. Uns war die Veranstaltung bislang nicht bekannt. Wir gehen der Sache nach.,0
@GabyUlm fröhlicher gruß aus der hauptstadt liebe gaby 🎈,0
Mit Deutschland geht es mehr und mehr bergab wann begreift ihr das endlich?,0
"Lieber Markus_Soeder, es ist keine Partei rechts der @CSU entstanden. Die #AFD hat nur euren Platz eingenommen, als ihr nach links abgebogen seid.",0
"@L7250402 @RGutmensch Wir haben Ihnen doch eben signalisiert, dass wir das nicht tun. Also bitte kommen Sie doch einfach unserer Aufforderung nach. Wenn Ihre Worte nicht nur hohle Phrasen sind, können Sie ja sicher erläutern, was die Sondierungsergebnisse mit ""unseren Jobs"" zu tun haben. Dann mal los!",0
"@Magoorooma Das ist zum einen falsch, 2016 waren nur rd. 44% d. Asylbewerber*innen Männer ü18, zum anderen hat es gute Gründe, warum oftmals ein (das ""stärkste"") Familienmitglied zuerst flieht. Schämen sollten sich, folgt man ihrer Argumentation, dann eher die, die Familiennachzug ablehnen.",0
@Heimat_Germania Ich bewundere Österreicher...sie wissen was sie wollen und tun es dann auch..!,0
@FranzAndes45 Gibt es in der Genetik nicht das Prinzip der natürlichen Auslese?,0
"Wenn Trump der neue Hitler ist, |LBR| Was ist dann Clinton?? |LBR| Clinton |LBR| Der Antichrist !!!!",1
Irgend ein Idiot hat sich über die „Feuerzangenbowle „ aufgeregt weil dieser Film während der Nazizeit gedreht wurde.Was. Ist mit den Bestsellers wie „Emil und die Detektive „ Pünktchen und Anton „oder „das fliegende Klassenzimmer „von Erich Kästner.,1
@OwslanderUfo @SM100d Ekelhafte Inszenierung....wir sind hoffnungslos verblödet.,0
"Alle sind permanent beschäftigt sich gegenseitig Verantwortung/Schuld zuzuschustern: ""ist Ländersache""-""nein Bundessache""-""nein kommunal""",0
@SaschaUlbrich @FfFrauki Sou absurd das man es als Fake-News sehen möchte... |LBR| Hier wird Vergewaltigung legalisiert...!,0
Launige Breitseiten vom Kabarettisten Detlev Wischmeyer wie gewöhnlich gestern beim Jahresempfang von Radio Schleswig-Holstein (RSH).,0
"WEG,WEG,WEG mit LINKS !!! Kein Klagerecht für Migranten ! Keine Unterstützung mit SchwesigRaubgeld für Linksautonome ! Prob gelöst!!!",1
@KangaRooger @deadhunt16 @mpeteraltona @udukai2002 @PolizeiHamburg Weil diese Antifantenbrut nicht ihre Gesichter zeigt! Solche Linksversifften Menschen gehören nicht auf die Straße sondern .... *zensiert*!,1
"@Jellybean4711 Gott hat zuviel Humor, als dass er über die Stöckchen springen würde, die Sie ihm hinhalten.",0
"Warum hat wohl der Terrorfürst Yassir #Arafat das Wort »#Palästinenser« für die #Araber in der #Levante benutzt? Dieses Volk gab es vorher nicht, aber man bediente sich aus dem #Antisemitismus der #Römer, die uns #Juden demütigten &amp; Eretz #Israel in #Palästina« unbenannten.",1
@welt Ihr seid doch schon genauso drauf WELT!!!,0
"@JButtermilch @Taykra Was ein Schmonzes! Es scheint, dass du keine Ahnung von der #Kashrut, den jüdischen Speisegesetzen, hast. #Juden nehmen nicht irgendwelche #Tiere &amp; schächten die einfach. Das Tierwohl &amp; die Reinheit stehen auf oberster Stelle. #Shechita, oder das #Schächten, ist eine Wissenschaft",0
"@aranxo @trommler69 @hannes_moser @FrankyFKP @MiriamOzen Beschneidung gehört einfach VERBOTEN, egal ob m/w ! Wenn dann nur aus medizinischen Gründen ! Und überhaupt nur von Ärzten !",0
@NorgePrivacy @Grals_Hueter Macht die SPD das ist sie für immer erledigt.,0
"Die 5 % für die Linken sind weggeworfene Stimmen. Ohne sie wäre |LBR| eine CDU/FDP-Regierung möglich. Weg mit den Linken, sie taugen nichts.",1
Wir sollten den deutschen Kinder und Frauen gedenken die durch den #Islam ermordet wurden.,1
@BlauekeP @anna_IIna Haha...der Schmock @BlauekeP hat sich geschminkt und mich gesperrt... |LBR| Dann habe ich was richtig gemacht...,0
@shlomosapiens @KrahMax Ich will nicht das es Kriminellen Flüchtlingen Deserteuren und Feiglingen hier besser geht..erst recht nicht dem Afrika-Pack |LBR| Und weder bin ich Rassist noch ein Nazi noch xenophob....!,1
"Ihr Japaner, nicht protestieren, Raketen, die über Eure Inseln fliegen, |LBR| abschießen. Bin ich verstanden worden? Sofort umsetzen.",0
@ZDFheute Schade das die kotzgrüne Brühe nicht im Erdreich versickert... |LBR| und die ausreisewilligen werden gegen ihren Willen festgehalten...😂😂,1
#Politiker holen #Terroristen ins Land und lassen die #Opfer hilflos zurück.,1
"@jochen_rohrberg @ARDde Wer so aussieht der träumt davon , die sollte mal sich mal auf ihren Geisteszustand untersuchen lassen!",1
@wasistzeitgeist @artepmobil Besser sie machen es sich hier nicht zu gemütlich,0
"Politisch der Ungebildete, Kriegsbilligende und Charakterlose wird im September Merkels Politik wählen &gt; eine Schande für dieses Land. 🤢",0
"@schultchristoph @fdp @DerSPIEGEL Keine andere, aber eine ergänzte: dass nämlich Transfer- und Haftungsunion, Euro-Zonen-Budget usw. weiter ausgeschlossen sind. Das ist realpolitisch bedeutsamer, weil man dafür uns bräuchte. Beim Zurückfahren des ESM bräuchte umgekehrt die FDP eine Mehrheit bei anderen. CL",0
"Hihihi, ich finde, Merkel bastelte sich aus der CDU/CSU eine neue ""Blockflöten-CDU"" der DDR, voller JA-Sager und Klatscher, eben ohne Hirn😜",1
"@sonneundmond1 Und genau darum geht es uns nicht, wenn dieser Tage Flaggen mit Davidsternen brennen (nicht nur die israelische Flagge) und Jüdinnen und Juden offen mit dem Tod bedroht. Über diesen Antisemitismus werden wir berichten, egal was Sie von Israel halten. Schönen Tag.",0
@IAMMASCHO Bis auf den Holocaust und den Krieg wahr er eigentlich ein solider Kanzler,1
@AsylinNot Trotzdem schaffen sie wahnsinnig großartige Arbeit! Wir sind beeindruckt von den mutigen Frauen!,0
@SvenHeberling Herzlich Willkommen auf Twitter! Und jetzt sorgen wir für Follower! @a_prigge @abendfarben @HamburgRT @Gen_Hamburg @Group_HH,0
@UdyrSux @welt Merkel Vasallen sind bei Twitter unerwünscht!,1
"@Frank_Pasemann Flüchtlingsboote in Küstennähe torpedieren , dann lernen die Sozialschmarotzer schwimmen .Leider sind unsere U -Boote alle nicht einsatzfähig 🛠⚒🔨⛏🔩🔧⚙️",1
#AfD-Versammlung nach Abgesang der Hymne beendet. #de0701,0
@krippmarie @jouwatch Facebook ist nur für Posten von Urlaubsbilder geeignet...und den Migranten-Dreck will man uns mit aller Gewalt schönreden..zum kotzen..!!,1
@AfDBerlin @krippmarie @SawsanChebli @SawsanChebli ..wurdest Du Luder Du nicht mit Rede.-und Schreibverbot belegt ..? |LBR| Berlin Berlin....Migranten überall...im Rathaus und auf Straßen...ne richtige Kanackenstadt geworden..oder heißt es Kanackenstaat..,1
"@martinbott75334 @machtjanix23 @Norbinator2403 @ennof_ @AthinaMala @troll_putin @NancyPeggyMandy @petpanther0 @info2099 @lifetrend @ThomasGBauer @SchmiddieMaik @charlie_silve @NoHerrman @willjrosenblatt @feldenfrizz @nasanasal @_macmike @ellibisathide @MD_Franz Nein, die Häuser stehen in D in Bischofswerda. Direkt am Markt.",0
@lifetrend @MAXXBIKEde @machtjanix23 @AthinaMala @troll_putin @ThomasGBauer @SchmiddieMaik @charlie_silve @NoHerrman @willjrosenblatt @petpanther0 @feldenfrizz @nasanasal @info2099 @_macmike @ellibisathide @MD_Franz Ao - immer noch der.,0
"Wenn ich nachdenke,ist es schon erniedrigend im ""Lobbyisten.Babel"" Deutschland unter Führung der Finger kauenden Marionette leben zu müssen😜",1
G20 ist geplante Verarschung von #Merkel |LBR| Die Gewaltexzesse sichern ihren nächsten Wahlsieg |LBR| Außer Spesen nix gewesen,1
@undayou Wir sind auch innen schön!,0
"@DieRehfeldt Wir haben bei der Wahl zugelegt, über eine halbe Millionen Stimmen mehr..",0
"@AliCologne Nein, Türken sind nicht die neuen Juden #Servicetweet",0
Brettl Spitzen gucken auf BR,0
"@politikkaspar @paradoxxiss Dummheit ist in Deutschland seit Stasi-Merkel, weit verbreitet! Übrigens das war sie bei Adolf ebenso und wir wissen alle wohin das führte!",1
@KlausGunk ich drück die daumen klaus 👍,0
@RegSprecher US-Experte sagt Deutschlands Untergang voraus,0
@Tjark_Limmer Roth wird bleiben und Glaser niemals Vizepräsident. 😊,0
"@anhohX Alberto Rivera – Islam, eine Schöpfung der Katholischen Kirche, |LBR| sieh dir das gleichnamige Video bei Youtube an, |LBR| er hat auch ein Buch geschrieben, ehemaliger Jesuitenpater aus dem Vatikan",0
"Schwach ist,wer sich nicht um Land u Volk kümmert,dann übernahmen schon immer andere die Macht,das beweist d. gesamte Menschheitsgeschichte😜",0
@MiriamOzen Wie verkommen müssen erst die sein die dieses Gesicht gewählt haben....,1
@LizasWelt @HolgerScherer @wahl_beobachter Wie blöd sind deutsche Politiker eigentlich???,1
@Christophgiesa @mollemopp 1. hat in meinem Leben nicht einmal mein Herz rechts geschlagen u 2. d. Antwort lässt auf wenig Bildung schließen,0
@BILD Die meisten Deutschen misstrauen Merkel! |LBR| Warum schreibt dieses Vasallenpack der deutschen Lügenpresse nicht mal darüber!!!!,1
"Moin Piepser, hänge hier immer noch fest! 20cm Schnee bringen d. Kommunalpolitik durcheinander 😡 Was wollen die Affen dem IS entgegen setzen",1
Weltweit fliehen Mio Menschen v. Krieg ... gemeinsam stehen wir vor großen Herausforderungen.(Murksel) Eigener Krieg als Herausforderung 😂,0
@vanderbellen @MatthiasCremer Minister Kickl MUSS seines Amtes enthoben werden.,0
@sebwan1 @Grals_Hueter Stasi IM Erika alias Merkel bezahlt das ganze noch. Und Maas der neue Heinrich. H regelt das ganze. Wer jetzt denkt das hatten wir schon ist NAZI.,1
"@anna_IIna Das sind doch alles masturbierende Pickelplatagen, keine Ahnung von Etwas...deswegen werden sie bestimmt Berufspolitiker..😃😃",1
"@awkwardPixels @Wuffelchen @jayxthexhuman Das hängt von den Transpersonen ab. Wenn sie sich eindeutig als Mann bzw. Frau definieren - dann ja. Es gibt aber auch Transpersonen, die nicht in die Kategorien Mann/Frau passen.",0
@Heinrich_Krug Na klar kriegt der Lob von allen Seiten...ist ja ein Merkel-Blindenhund. |LBR| Wollt ihr tatsächliche Opfer sehen dann geht auf Friedhöfe oder sprecht mit den Angehörigen..!,1
"Warum sollte Brüssel nach Spanien schauen, wurde doch in d. 1990ern ALLES unternommen, um den Balkankonflikt erst zu schüren u. dann, KRIEG😜",0
@aotto1968_2 @krippmarie Mir egal....soll sie es mit ins Grab nehmen...,0
"@petpanther0 Jeder kann die von Kalergi in den 1920ern verfassten Pamphlete die die Ideologie der heutigen EU vorweg nahmen recherchieren, es ist eine Zionistische rassistische Ideologie die auf Vermischung der Weisen Europäer abzielt, geführt von einer Art Herrenrasse",1
@emrich_5933 @DuHugonotte @CDU Wo war das Merkel‘sche Entsetzen beim „Unfall“ in Cuxhaven? Wahrscheinlich weil kein Politiker betroffen war!,0
"@China_Welt_News Da Deutschland keine NATIONALmannschaft mehr hat, interessiert dies niemanden!",0
@TerpentinSusi Heiko Maas hat das Buch - genau wie seine aktuellen Tweets - nicht einmal selbst verfasst. Der Schriftsteller Michael Ebmeyer stand ihm mit seinem schmalzigen Stil zur Seite.,1
@Vancullo Ein Tor das jemals geglaubt hat!,0
@AuswaertigesAmt @RegSprecher Überall werden Millionen unserer Steuergelder veruntreut! Während zig Millionen in Deutschland fehlen um z. B. Armut und marode Infrastruktur zu bekämpfen!,0
Wahl der Rechtskommission - Kandidaten (keine Kandidatinnen ...) stellen sich vor - #aksynode16,0
"@Waldoknalldo @SteveMotley Ja, viele sind seit geraumer Zeit Zwitter out",0
"Hallo Freunde, muss mich doch mal melden, ich hoffe, Ihr seid alle gesund und munter. 5 Wochen in Polen, eine Wohltat für meine Seele.",0
"@IQ_Stimulator Hat sich Fehlerteufel eingeschlichen wenn man zu schnell tippt und anschließend nicht kontrolliert, Soll heißen: ,schonwieder‘",0
.@Karl_Lauterbach will Privatversicherte mit #Einheitsversicherung vor Über-Therapie schützen. Aber Mündige brauchen keinen staatlichen Vormund! #NannyStaat @morgenmagazin,0
Bundeskanzler #Kurz wird sicherlich nicht noch einmal bei Maischberger sitzen. Bei einer Frau ohne Anstand keinerlei Erziehung und Achtung vor Andersdenkende. Eine Heuchelnde Anhängerin der Diktatur das ist Frau Maischberger. |LBR| #maischberger,1
@welt SPD hat fertig. Wenn nicht jetzt dann spätestens in 4 Jahren. 5% und selbst das ist noch zuviel,0
"@petpanther0 @machtjanix23 @NoHerrman @teite99 @info2099 @lifetrend @ThomasGBauer @SchmiddieMaik @AthinaMala @charlie_silve @willjrosenblatt @feldenfrizz @nasanasal @_macmike @ellibisathide @MD_Franz Habe andere Erfahrungen gemacht, in der Schweiz war es kein Problem und hier in Ungarn auch nicht,in NY kannst Du überall Kurse finden.",0
@krippmarie @jouwatch So sind sie halt....unwissend und unbelehrbar....je weniger Ahnung desto lauter ihr Geschrei ..!!,1
@karina_vogel_de @krippmarie Besser kann man ein Bild des Grauens nicht malen.... |LBR| Was kommt als nächstes..?,0
Schulz ist als Kanzler undenkbar. Zweimal sitzengeblieben und ohne Schulabschluss. Eine |LBR| Schande für die SPD und ein Armutszeichen. für D.,1
SPD ist für DE nicht wählbar dieses üble Pack fordert d Familiennachzug für alle Muslimische Invasoren Forderung von Malu Dreyer Schulz |LBR| AFD,1
"@ReissPat @DaFancyTrancy @RobertWillacker @SPIEGELONLINE @marga_owski Du hast das Thema ""überflüssige Angaben in Ausweisdokumenten"" aufgemacht und ich habe dir zugestimmt. Der Personalausweis kommt seit jeher gut ohne Geschlechtsangabe zurecht. Warum sollte das der Reisepass nicht auch?",0
Außerdem Jahresempfang bei Radio Schleswig-Holstein (RSH).,0
@BergholzMonika Wohl wahr ! Die nächsten Jahre werden ein böses Trauerspiel für Deutschland !,0
"Man wird das Gefühl nicht los, dass CDU CSU u SPD über d Abschaffung unseres Landes verhandeln und dieses Gefühl verfestigt sich |LBR| AFD wählen",0
"Happy Pride Week! Wenn ihr diese Woche twittert, benutzt doch bitte den Hashtag #HamburgPride, damit wir keine eurer Tweets verpassen.",0
"😂😂😂 Phantomschmerz (fehlende Eier) und Machtgeilheit zwangen heute erneut den ""Bayern-Horsti"" ohne Vaseline  in den Ar*** der Kanzlerette 😜",1
"@fr @HeikoMaas Sie sind ein Steuerbetrüger und haben die einzige demokratische Partei Deutschlands AfD, nicht zu beleidigen! Bald sind Sie verschwunden!",1
"Sanktionen gegen Russland sind Eigentore und schaden den |LBR| Europäern. Jagt sie davon, diese ""Verhänger"". Wir brauchen sie nicht.",0
@MiriamOzen So schaun Sieger aus lalalalla so schaun Sieger aus lalalallaalla..... |LBR| Mein Traum geht in Erfüllung...kotzgrüne Brühe versickert endlich im Erdreich...😂😂😂😂,1
"@weissrot sie verstehen das mit der gegenposition nicht. ein bsp: |LBR| käme jemand von der grünen, würde ich fragen: „wie ohne obergrenze?“ |LBR| käme jemand von der csu: „wozu ne obergrenze? siehe aktuelle zahlen.“ |LBR| jetzt besser?",0
"@Martin_Sellner Die Linke Arroganz wird schon noch ihre Ohrfeigen bekommen wenn so ""TAPFERE Blödies"" wie M.Albrecht länger am Watschenbaum rütteln !",1
"@shengfui ... und vor allem örtlich zuständiger MdB. Und ja: Machen Sie mal Urlaub im #Saarland. Entspannt total. Achtung, Werbung: Saar-Hunsrück-Steig, Baumwipfelpfad, Vauban-Stadt, Saar-Polygon,.... Schönen Sonntag!",0
@zeitonline Eines ist Fakt...wer vor Assad flieht der führt nichts gutes im Schilde. |LBR| Alle wissen das doch niemanden interessiert es..!,0
"@hdBerretz Gut, dann wissen sie von was ich rede, ich bin kein Freund von Prophetien, aber vieles deutet auf eine Art Selbsterfüllung hin, trotzdem, alles hängt von den Menschen selbst ab und wie weit sie in ihrer geistigen Entwicklung sind.",0
@RT_Deutsch Jedem das seine...aber welch ein Aufwand für „Minderheiten“ betrieben wird ist enorm. |LBR| Diesen Einsatz wünschte ich in anderen Belangen ...und wir haben in der Tat Bedarf.,0
@Grals_Hueter @sebwan1 Selbst das sollte uns zu Denken geben.,0
"@focusonline Falls es euch interessiert, fragt mal einen BW Söldner was er unterschreiben muss bevor er auf Auslandseinsatz darf, die Genfer Konvention gilt nur für Staatsarmeen nicht für private Söldner, und für die BW gilt sie nicht.",0
"Der Ausnahmezustand ist zum 6x verlängert worden. |LBR| Die Regierung in der Türkei regiert nicht demokratisch, sondern nur durch Notstandsgesetze.",0
@Macbeth0815 @Grals_Hueter @DasNoch @wiederDaIchBin @Nightmanager6 @dtpmaker @MiriamOzen @VonSchwer @MatthiasFux @bazonline Strafantrag stellen. Wir wollen das. Suchen aber noch Anwälte und Menschen die diese Klage unterstützen.,0
"Sag, was du denkst. |LBR| Wertschätze, was dir kostbar ist. |LBR| Verteidige, was du liebst. |LBR| Wünsche Euch einen Sonntag!",0
@weissrot auf die verteilung haben sich die eu-innenminister verständigt. ob ich das sinnvoll finde oder nicht spielt überhaupt keine rolle.,0
@anna_IIna Jeder könnte mit @katjakipping Streit kriegen...😃,0
@ultrabreit @KontaktVito @echter_Stock Hatte schon Angst das ich ab jetzt nur noch an den Baum oder in die Hecke pissen darf.,1
Kameraden niemals knien und demut zeigen 💪,0
1683 haben wir die türken vor wien davongejagt. heute sind die europäer |LBR| stärker.,0
@ostfale @tagesschau Vasallen Merkels melden sich zu Wort!!!,1
"Das sind im Dez. lt. #Politbarometer die wichtigsten Themen der Deutschen: Flüchtlinge 44%, Regierungsbildung 33%, Rente 13%, Soziale Gerechtigkeit 12%. Scheint bei der @spdde aber niemanden zu interessieren. #spdbpt17",0
Ich wundere mich immer wieder wieviele dumme Menschen es in Deutschland gibt. 70 Jahre Gehirnwäsche hat ihre Spuren hinterlassen.,1
Kann mir Rainer seine streams nicht geben und wie ist es bei euch?,0
Irgendwie verständlich daß Berlusconi diesen #Schulz mit einem KZ-Aufseher verglich.,1
"Und zu dir,H,MAAS,am frühen Morgen, tust du nicht so wie das Volk es will, so lecke es am ARSCHE !(f.n.G.v.B) Lauf Forrest !!",1
"@Beatrix_vStorch @hrfernsehen Setz dir mal keinen falschen Lorbeerkranz auf die schmierige Frisur, Mohammed!!: das tut die Deutsche Gesellschaft, bestehend  aus Gutmenschen, Duckmäusern und Hatern schon ganz von selbst... (orientierungslose Jugendliche in die Hände von Moslems treiben)",1
"@Lotstep1 @SteinbachErika Nix Sezession, der Ruhrpott ist mir,woll! Und wer dat nich will dem komm ich dabei !Bei mir weht die DEUTSCHE FAHNE, nicht wie Merkel die unsere Fahne in den Dreck schmeißt und draufspuckt! Das Video kennt jeder,das ist ihre Einstellung zu unserem Land ! Blutmerkel !",1
"@conny_asf @UlrichSiegmund @Moebbeck ""Zustände, wie in Berlin und Köln""? Das ist realitätsfernes Feindbild-Geschwafel. Fehlen jetzt nur noch die blühenden Landschaften im Osten",0
"@HolgerEwald1 @jouwatch Ihr diskutiert allen ernstes über eine völlig schwachsinnige, noch dazu ausgezeichnete Rede einer vielleicht schon nicht mehr im Land befindlichen Psychopathin, habt ihr nichts besseres zu tun ⁉️",1
@MFHeine @Frank_Pasemann @AfDKoeln Leute merkt es euch....Finger weg von schlechten Drogen..!!,0
"Wer für das Recht und die Gerechtigkeit unter den Völkern demonstriert und gleichsam zu Gewalt gegen Juden aufruft, der ist klar zu verurteilen, der hat sein Recht auf Demonstration verwirkt und handelt im Widerspruch zum Recht - Islam ist antirassitisch #Jerusalem",0
"@jeanvansta @maischberger @sebastiankurz wenn sie das so sehen, ist das ihr problem. mir jedenfalls geht es nicht ums vorführen.... |LBR| stellen sie sich eine person im studio vor, die sie sehr kritisch sehen. da wollen sie dann doch auch, dass wir ordentlich nachfragen. die gegenseite einnehmen. oder nicht?",0
@AfD @Joerg_Meuthen Perfekt...Glückwunsch |LBR| Alles auf dem richtigen Weg...weiter so...!!,0
Beim #integrationsforum im #dbbforum wird von Menschen aus der Praxis das @BAMF_Dialog als das inkompetenteste Bundesamt bezeichnet.,0
"Seit wenigen Stunden zurück in Deutschland, was für eine lächerliche, manipulierte und verlogene Parteienlandschaft um Murksels Thron.",1
Der Unterschied zwischen Udo Jürgens und Conchita zeigt wie sehr sich Europa in 4 Jahrzehnte gewandelt hat. Lebt damit!,0
"@berndfachinsson @Amygdala712 Es gibt genug Fakten. Stehen mittlerweile sogar in der Bild... |LBR| Ich will gewiss keinen Krieg. Ich will nur, dass Frauen und Kinder sowie eine heile Familie dem Volk wichtiger werden als staatlich geförderter Asylbetrug",1
"@JuttaMBrandt Na der Typ ist wohl die personifizierte LINKSGRÜNversyphte ABARTIGKEIT ! Das auch noch mit Aufruf zur Gewalt, die den DEUTSCHEN durch Messerschwingenden LIBANESEN-und TÜRKENABSCHAUM angetan werden soll, weil es ja so innovative Unmenschen sind! Wie kommt son Typ an solchen Posten",1
@RamazanAkbas37 @welt Mit verlaub würde Dummheit Quietschen müssten Sie den ganzen Tag mit einer Öl Kanne herum laufen. Da 95% der Türkei in Asien liegt ist das reines Wunsch denken. Die NATO und EU braucht die Türkei nicht.,1
@Heinrich_Krug HeinrichKrug lass dich von diesen Merkel Vasall nicht ärgern! Einfach diese Vasallen ignorieren!!!,1
"Und diese ukrainischen Nazis werden heute vom Westen unterstützt - Poroschenko ist ein hinterfotziger Hund, er lügt und betrügt!!!",1
"@RegSprecher Das sind alles nur ""Schlepper-Unterstützer"" und sollten bestraft werden!",1
@anna_IIna Diese nichtsnützigen Analphabeten will Syrien nicht zurück...die sind froh das Deutschland sie nicht mehr hergibt...!,1
Ich glaub ich weiß wer mich gemeldet hat,0
"Der DE Rot Grün versiffte Journalismus hetzt gegen all die Präsidenten anderer Länder siehe Kurz , Orban, Trump die ihr Volk vorziehen |LBR| AFD",1
@crabonace So ist`s eben in alten Mecklenburger Dörfern. Sie trauten sich nicht einmal Anzeige zu erstatten 😜,0
"Verdammt nochmal, Ihr Afrikaner. Fangt endlich an, Eure Probleme |LBR| selbst zu lösen. Nur die besser Gestellten können abhauen.",1
"Es ist widerlich sich diesen Machtpoker um Merkel mit ansehen zu müssen, zuzusehen welche Schwachmaten ausschließlich um MACHT streiten 🤢",1
@dieLinke @katjakipping Sie stiehlt uns nur Lebenszeit!,0
Früher waren Templer ein Ort für Mönche und Kämpfer. Wir aber suchen Denker und wahre Ritter. Der wahre Ritter kam immer aus dem Volk.,0
"@maedchenblog Kommt vorbei, wir freuen uns über viele neue Chatterinnen. :-)",0
"@gerhard_mangott @BSchmeitzner @EvgenyFeldman Ein Wahlkampf, der nicht stattfinden darf. Ist für mich auch spannend zu sehen, wie eine Navalnij Kampagne aussehen könnte.",0
Eine jede Diktatur braucht unseriösen Journalismus wie Maischberger. |LBR| #maischberger,0
"Piepser, ich war shoppen, Hemd gekauft in 44 ""Slim"" &gt;&gt;&gt; Schietkrom, dor passt doch nur so`n süddeutscher Sprottenbuckel rinn 😜",0
"Gute Nacht, Ihr Lieben da draußen und träumt schön von Murksel und ihrem Kurzschwanzdackel Luschet 😜",1
@focusonline Die Britten haben doch alles richtig gemacht. Raus aus der EU.,0
@HLNbg @Arrtrad @LarsWinter_ @SOS_EUROPE_SOS @CDUdresden Was soll man schon von so einer Lügenbande erwarten? Alles politische Schwachköpfe!,1
@KritischerTroll Es gibt nur ein Maas das ist ein Mittelmaß und heißt auch so @HeikoMaas,1
@motikat @ARDde Aber da auch leider nicht mehr ...,0
@ndaktuell @jungewelt Was heißt mehrere waren es zwei?,0
"Jetzt diskutiert die SPD, ob es sich lohnt, mit der Union in Koalitionsverhandlungen einzusteigen, oder den mehr oder weniger direkten Weg zu Opposition und Neuwahlen zu suchen. |LBR| Das entscheidet der Bundesparteitag am kommenden Sonntag.",0
@welt Wen Interessiert schon was der kleine Wicht ruft. Jerusalem ist die Hauptstadt Israels. Basta.,1
Es ist zu kalt Khajiit friert,0
@AfDFraktionAGH @DuHugonotte Hier sieht man wie die Polizei in DE angesehen ist,0
Überfüllter Held*innenplatz. Wir gehen von über 60.000 Menschen aus. #Neujahrsempfang,0
@AfD_Hessen @AfD_Support So werden wir von den Moslems unterwandert und die meisten kriegen nichts mit . Wir sind ein Christliches Abendland und haben die Moslems schon vor Wien Zurückgeschickt.Es wird Zeit denen die Grenzen aufzuzeigen!,1
"Beifall. Illegale Invasoren abfangen und dorthin zurückjagen, |LBR| wo sie herkommen. Das erspart teure Abschiebungen. Weiter so.",1
"Moin, Hat schon einer gemerkt das die ganzen Syrer wieder gehen können ??? Auch die hyperpigmentierten Schwarzafrikanischen ""SYRER"" können auch wieder nach Hause ! Da die Politik das nicht propagiert kann man wohl von gewollten Austausch reden !",1
@NoBiTwt Der Abschaum der Menschheit bekommt deutsche Pässe! Diese schuldigen Behörden würden in einem Rechtsstaat verklagt!,1
"@KopfKlara @jazzlover2017 Der Mann heißt Sarrazin! Er hat in seinem Buch 2010, schondie heutigen katastrophalen Zustände in den meisten deutschen Städten beschrieben!",0
@kefer83512 @welt |LBR| Tiraden gibt es nur von Deutschland / EU gegen Trump und nicht umgekehrt |LBR| #manipulationspresse,1
@focusonline Die Souveränität eines Landes ist ein Grundrecht. Niemand muss sich der EU unterwerfen. Die Britten haben als erstes erkannt das die EU der Weg in die Knechtschaft ist. Ich hoffe Polen Ungarn und Tschechien bieten der EU weiter die Stirn oder treten aus.,0
"@Riedegost Lieber Ralf, da muss man kein Insider sein, so offensichtlich ist das 😂😂😂",0
@anna_IIna Hören wir einfach auf uns aufzuregen...es sollte uns lieber egal sein...!,0
"Die Opfer des Terrorangriffs in #TelAviv sind: Dr. Michael Feige (58), Ido Ben Ari (42), Ilana Naveh (39), Mila Mishaev (32) #Israel",0
"Es war ein wunderbarer HAMBURG PRIDE 2014. Danke an alle Besucher_innen, Helfer_innen und Engagierte! #HamburgPride",0
@tbe979 @Awp2015Awp @SawsanChebli Niemand mag die Sawsan.....ob das wohl bleibende Schäden hinterlässt..? |LBR| Beim @Ralf_Stegner sind sie eindeutig vorhanden....!,0
@Andre_F_Wehner @RT_Deutsch Stimmt....aber Köln ist nicht minder zu bemitleiden 😃😃,0
AUF DAS DER FUROR TEUTONICUS ERWACHT !zurhöllemitmerkel !,1
"@tiefm66 @Jala_varietas Och,Frau Margareta aus der ""Gerechtigkeitsmanufaktur""ist es nicht nur gerecht,auch mal andere Meinungen außer der eigenen u des mainstreams zu respektieren?Schauen Sie sich a d bunten Strassen um-wen also wollen Sie mit rechts denn noch ernsthaft verletzen?",0
"@DirkderKaiser @IQ_Stimulator 1933 hat man das mit den Juden gemacht, dass zeigt das die deutschen aus der Geschichte nichts gelernt haben! Wann öffnet Dachau wieder?😡😡😡",1
@Buettner_MdB @LC180666 Wo ist dieses Plakat her?? Die Polizei Berlin Interessiert sich brennend dafür.,0
"@hortarimar @Georg_Pazderski Wir sind keine islamische Organisation, sondern ein säkularer Verband.",0
"Der IWF fordert die Enteignung der deutschen Sparer! |LBR| Und immer schön die CDU wählen, damit Merkel das umsetzen kann!!!",0
"Schumacher, Brandt, Schmidt, Wehner, Leber u Ehmke wären in der heutigen SPD Nazis u der Shariah Schulz würde sie aus der SPD rausschmeißen",1
Durchbruch bei Jamaika Koalitions Verhandlungen |LBR| Alle sind sich einig daß der Juchtenkäfer geschützt werden muß |LBR| Bei Bienen wird noch gerungen,0
@darkegg4ever @67muellerPeter Schon mal daran gedacht das die Taten Teil einer bestimmten Strategie sind die gegen die Deutschen angewendet wird⁉️,0
"@Alina_Stiegler DIE KOLONIESTAATEN SOLEN SICH UM AFRIKA KÜMMERN,AUSGEBEUTET HABEN SIE ES AUCH !!",0
Mit einem Empfang im #Römer und beim #Bürgermeister endet die diesjährige #Israelpedia in #Frankfurt,0
#Burkhardt von @ProAsyl: Das neue #Integrationsgesetz hebelt den individuellen Flüchtlingsschutz aus,0
Hallo SPD |LBR| warum setzt ihr für eine Groko als Bedingung nicht einen anderen Kanzler als Merkel?,0
@Grals_Hueter @dushanwegner Irgendwann ist Schluss mit reden und Toleranz,0
@SchuhmacherFr @OnlineMagazin Ehrliche Antwort : wir haben Schwachmaten und Dumpfbacken als Politiker! 😉,1
Nur die Dumm-Deutschen wollen es nicht begreifen!! |LBR| DUMBEST WOMAN ON EARTH: Angela Merkel says Islam is ‘not the source of terrorism’,1
"@ioandar ""Traut ihr euch nicht, gelle. War schon klar!"" gehört zumindest für uns nicht zum üblichen Einstieg in eine sachlich geführte Diskussion. Wenn das bei Ihnen anders aussieht, tut uns das sehr leid für Sie. |LBR| Bei den Bürgschaften geht es im Übrigen um die Aufnahme von Verwandten.",0
@Josie4you @Frank_Pasemann Es gäbe eine Lösung...wir sollten als Verstärkung die Maghreb-Polizei holen |LBR| Nichts fürchten die kleinen Schmarotzer mehr..!,1
"@a_prigge Andreas, kannst Du nicht so ca. 10 Stück nach Mecklenburg beamen??? 😜 Ich würde mich auch von Waldheidelbeeren trennen 😂",0
"Es kann nicht sein, dass in Deutschland mehr Asylanträge gestellt werden als in allen anderen EU-Ländern zusammen. Die EU muss bei der Lösung der weltweiten Flüchtlingskrise solidarisch sein und endlich Antworten liefern.",0
@Hartes_Geld @DuHugonotte War doch nur ein „Polenböller“,0
Mit dem Geld für die Goldjungenfamilien hätte man JEDEM DEUTSCHEN RENTNER/IN ein menschenwürdiges Dasein sichern können.ZUR HÖLLE MIT MERKEL,1
"Eins hat Sultan Erdogan schnell erkannt, der Weg zum Islamischen Großreich (IS) wurde ihm vom ""Gefühlsdusel-Westen"" gut geebnet u. bezahlt 😜",1
"@Calineczka505 Ich habe ja immer noch die Option nach Koszalin, od. Bialogard zu ziehen 😜",0
"@info2099 @SnoopysBrain @1Netzreport @peppermind @mittelfinger Um mich hier einzuklinken, kurze Info an euch, verzettelt euch nicht in diesen (Nazidiskussionen) den das ist von der BRD Mafia gewollt, „teile und herrsche“ ist deren System fallt nicht darauf herein, Einigkeit hassen Sie, deshalb vereinigt euch alle‼️‼️",0
"@OSchorsche @ErnstvAll Ist eben ein Dackel, macht meiner auch so &gt; baut sich dann noch auf, wie ein ""Rotti"" 😂😂😂",0
"Josef Schuster, Präsident ZdJ: ""Die Existenz Iraels ist für uns Juden nicht eine Frage der Staatsräson, sondern der Lebensräson."" #DILK16",0
heute in DIE ZEIT ein grosses Interview mit mir ueber ISIS (IS) und Lage in der Region!,0
"@realHelmchen @Martin_Sellner Und das von einem Ungewaschenen ! Au Backe, Lord Helmchen !",1
"Falls die Seite in der nächsten Zeit kurz offline ist, bitten wir um Verständnis - es wird gerade viel an ihr herumgebastelt. :-) Danke!",0
"@Ralf_Stegner Sie sind leider ohne Bildung und ohne orthographische |LBR| Grundkenntnisse berechtigt, Ihren politischen Müll hinauszuonanieren.",1
"@dillerjohann CDU hat Koalition mit Afd eindeutig ausgeschlossen, SPD dagegen Koalition mit linke nicht.",0
"@welt Gabriel hat sich gemeldet weil er auch mal was sagen wollte!! Diese Witzfigur nimmt doch keiner erst, weltweit nicht!!",1
Bin gerade so Mett ........,0
@RamazanAkbas37 @BilgiliUeretmen Das ist ein Spinner der Türken hasst,1
"Defende Europe. Ja, da stimme ich zu. Wir brauchen keine |LBR| Nazis. Wir brauchen Politiker mit Hirn und nicht mit Magenverkleinerung.",1
@krippmarie Ja die machen das tatsächlich...ich könnte mir vorstellen sogar gegen ihren Willen....,0
"Liebe #ARD &amp; #ZDF, sind die dramatischen +demokratisch-existentiellen Ereignisse in #Barcelona keine Sondersendung wert? Habt ihr Urlaub?",0
"@Pasinelli72 Biologische Eigenschaften sind Angeboren, Ideologien nicht.",0
@Fischblog Machts wie die Asiaten mit Mundschutz rumlaufen xD es gibt sogar welche mit Motiven,0
@anna_IIna Dafür hat jemand bluten und teuer bezahlen müssen..,0
@bakkanwahl @MiriamOzen Nennen wir sie beim Namen..Deserteure Fahnenflüchtige |LBR| Die werden in jedem Krieg verfolgt geächtet und hingerichtet... nur die🇩🇪lieben sie!!,1
@Junge_Freiheit Die hätte man früher als Hexe verbrannt.,1
@HughBronson_AfD @Mephisto966 Hitler ist zurück und heißt jetzt Merkel!!,1
"Vier Wochen Theater hat genervt, vier Jahre wären schlimmer gewesen #JamaikaAbbruch",0
@MiriamOzen Sind die Türken eigentlich alle so aggressiv..,1
@Kadett_Pirx @Beatrix_vStorch Nein mich stört es nicht. Was stört Sie denn das die Türken mehr über Islam lernen? Uns geht das ja nichts an.,0
"Die Zeit ist überreif für dass große Ausmisten in Politik, Justiz u Medien dieses ganze Rot Grün versiffte Parteibuch Pack zum Teufel jagen",1
"@FJFStrauss @krippmarie @jouwatch Sehr gut!! Wer nie auf der Straße demonstriert hat, muss sich nicht beschweren. |LBR| Die Zeiten haben sich drastisch geändert.  Ein geheimes Kreuzchen in der Wahlurne oder ein wütender Internetkommentar reichen bei Weitem nicht!!",0
"@Joemino @st3pp3nwQlf Ich weiß das sich am Thema nichts geändert hat, aber selbst ich hab gesehen das dieser Bericht von 2009 ist.",0
Wahlergebnis war: Merkel muß weg. |LBR| Da sie nicht geht muß die CDU zur AfD bis die Merkel alleine ist. |LBR| So kann man sie auch loswerden,0
10 points von Deutschland für das polnische Alpen-Porno. Das passt!,0
"@RainerErichTD Das muss ja erstmal durchs Parlament gehen, wird werden sehn.",0
"Man beobachte USA, Links und Grün stehen wie überall für,INTOLERANZ,GEWALT,TERROR,bei ""Gegendemos""das war schon immer so !",1
"@welt Stimmt, und Merkel als Reinfall für das deutsche Volk und Europa!!! |LBR| Diese Heuchlerin sollte lieber ganz still sein!!!😡😡😡",1
"@MonikaBergholz1 Leberwurst selber machen: Hühnchenleber, Maronen, Äpfel, Thymian, Mayoran, Zwiebel - saulecker!",0
"Ich bin für islamische Kindergärten. In islamischen Staaten. In Österreich |LBR| bin ich für österreichische Kindergärten.Ja, so sehe ich das.",0
"Heute wird “Unwort des Jahres” bekanntgegeben. Wie wärs mit „Fresse“, „Kacke“ oder „Bätschi”? 😂",1
"Bosbach hätte die Ditfurth mit Ohrfeigen und Tritten aus dem Studio davonjagen |LBR| und ihr den Fächer ins Maul stopfen sollen. Ja, so wäre das.",1
Europäer begreifen langsam dass sie durch #EU allen voran #Merkel #Juncker nur belogen und betrogen und ausgenommen werden. |LBR| #katalonien,1
Längere Diskussion auf #altkatholisch|er #Synode über die Frage der Anlage-Richtlinien für die Gemeinden - #aksynode #aksynode16,0
@Ragnar0212 Nadsi ???wenn schon her Obernadsi,0
@cicero_online Wehret den Schlusspunkten. Gefällt mir.,0
Bargeld wird abgeschafft! |LBR| Dann können Banken endlich ungeniert MinusZinsen von Ersparnissen abbuchen. |LBR| Ein Geldabheben ist nicht mehr möglich,0
@KrahMax @Ralf_Stegner ...niemand mag dich😃😃...aber du erfüllst einen Riesen Zweck..👍😃,1
"@norbertwagner3 @SteinbachErika Norbert der Grüne, willst ne Packung Mitleid? schenke ich dir und all deine Lauchfreunden. |LBR| Das du mir die Mauer wünscht ist aber nicht nett.",0
Heute demonstrieren der Bayerischer Flüchtlingsrat u.a. um 19 Uhr am Flughafen München gegen Abschiebungenn nach #Afghanistan.,0
Unter #Afghanischeraufschrei wird über das Protestzelt gegen #Abschiebungen nach #Afghanistan getwittert. #Afghanistanisnotsafe #Düsseldorf,0
Zur Erinnerung es gibt eine große Bürgerliche Mehrheit im Bundestag aber Grundvoraussetzung ist Merkel u Schergen müssen weg |LBR| AFD wählen,0
"@beBerlin @SawsanChebli @ronzheimer Liebe Sawsan...so sehr du dich auch bemühst deutsch sein zu wollen, so sehr gehst du anderen damit auf den Keks. |LBR| Ändere deine Taktik..unterstütze lieber andere Nationalitäten sich zu ihrer Herkunft zu bekennen. |L",0
@FranzChristia15 @MiriamOzen Budweiser Werbung. Aber richtig gut.,0
"@tagesschau Ein Afrikaner der in China lebt oder geboren ist, ist dann WAS? Africhinese. Das ist lachhaft. Es gibt nur eine Nationale Identität. Sie hängt von der Abstammung ab. Eine Ratte die im Pferdestall geboren wird, ist auch niemals ein Pferd. Darüber sollte wohl Einigkeit bestehen.",1
"@dpa @KoelnerJeck2018 @ZDF #Kandel #Koeln #Hamburg #Berlin #Hameln #Essen #Neuenhaus #Silvester etc etc etc |LBR| Von wem verlangt man hier eigentlich ""respektvollen Umgang""? |LBR| #NichtmeineKanzlerin |LBR| #Neujahrsansprache |LBR| #AfD",0
Klare Forderung der #CSU für einen möglichen Koalitionsvertrag: Wir wollen keinen #EU-Beitritt der #Türkei,0
"@AchimSpiegel ""Sigmar Dumpfbacke Gabriel"" gefällt mir richtig gut 🤡",1
@c_lindner ein sehr kluger Schachzug. Bei Neuwahlen wird Ihnen diese Entscheidung nur Vorteile bringen. Das erste Mal dass ich mich mit ihrer Partei anfreunden könnte. CDU und SPD sowie die Grünen müssen weg.,0
@Connybub @AndreZeven Wir erhalten keine Steuergelder. 🙃,0
"@HSVManu @DisasterRider Wenn da Verbindungen zu dem Junge hergestellt werden,  ist der Rassismus ausschließlich in dem Kopf. Der Junge ist süß.",0
"Hunde, die bellen, beißen auch. Und wenn Dich, Kim, der amerikanische Hund |LBR| an der Gurgel hat., ist das Spiel mit Atombomben aus und vorbei.",0
"@DFakeNews @Renft1964 Dummheit kann sehr hässlich sein, wie man hier sieht!",0
"Die Türken machen ihre Politik in der Mitte Deutschlands 😂😂😂 Meine Güte, was hat die Merkel-Klicke nur für einen IQ 😂😂😂",1
@focusonline Ein Problem das dringend gelöst werden muss und zwar bevor ich über den nachzug von Familien Mitglieder von Asylanten auch nur nach denke.,0
@anna_IIna @Heinrich_Krug Was für eine missratenes Blechgesicht....,1
@wengerluis Die Energiewende! Und der Schutz der kleinen Schweinswale in der Nordsee!,0
"So, liebe Freunde, draußen - 8° C, ich verkrieche mich in die Daunen &gt; ""Gute Nacht"" ihr Lieben 👋👋👋",0
"@BavarianPower @hotnakedlove @DirkderKaiser Habt ihr schon in Erwägung gezogen das die Wahlen nur reine Verarsche sind, seit 1949 sind immer die gleichen Volksverräter dran, wie blöd kann man sein und das nicht irgendwann zu durchschauen ‼️",1
"@FreierDiskurs @TerfioStorm @Tomsch24 @Georg_Pazderski Es gibt gewisse Ursachen für den Anstieg von Kriminalität. Was wäre Ihre Alternative? Wollen wir den Großteil von Menschen die Hilfe verwehren, weil eine Minderheit kriminel wird? Auch die sexuelle Gewalt an Frauen ist ein gesamtgesellschaftliches Problem.",0
"@1vanAckeren @petertauber @MarcusWeinberg @CDU Wenn Tauber lebensmüde ist, sollte er bei mir klingeln!!! 😬",1
"@MikeMichaels_HH nein. es geht nicht gegen funktionäre, bin selber kreisvorsitzender. glaube aber das nur ein mitgliederentscheid die partei wieder zusammenbringt.",0
"Wir sammeln Termine von Flüchtlingsinitiativen in NRW. Schreibt uns, wenn wir diese im Newsletter oder bei Facebook aufnehmen sollen.",0
"@soziluca Wer bei @DieLinke stimmberechtigter Parteitagsdelegierter sein möchte, muss sich von seiner Gliederung wählen lassen. Da spielt es keine Rolle, MdB zu sein oder nicht.",0
@Martin28a Sie erwägen es aus migrationspolitischen Gründen. Und das darf bei der Menschenwürde keine Rolle spielen. Siehe Urteil.,0
"@MartinSchulz Ihr hetzt permanent gegen Trump. Und diese ""Demokratiebgemeinschaft Europa"" ist auf Sand gebaut und aus dem Geld des von euch ausgebeuteten kleinen Mannes. Dann lieber ""Amerika First""  - das ist echt, das ist ehrlich, da kann sich der Ami (egal welche Farbe) mit identifizieren",0
@Demian_Ind Was ist jetzt der Vorwurf an mich?,0
"Anstatt neue Polizeibeamte einzustellen sollen Taxifahrer und Trucker laut #NRW Innenminister Reul ""die Augen noch mehr mit aufhalten um der Kriminalität Herr zu werden"" |LBR| Es ist nur noch unhaltbar, was diese Politik an Abartigkeit hervorbringt. |LBR| @AlternativeNRW @AfDBerlin @WDR",0
@tagesschau Und warum redet dieser Vasall Merkels dann noch!!!!,1
@Ralf_Freytag Schade jetzt ist er beleidigt....ich hoffe wir hsben künftig kein Problem mehr wenn ich mich nundig gemacht habe...😃,0
@olivergorus Wer Kinder hat sollte schleunigst aufs Land ziehen. Am besten nicht in Germonney,0
@PrivatClaudia @focusonline Sie sind mir noch eine Antwort schuldig. Ein Gebot der Höflichkeit,0
@QueeniePi Nein. Auf alle Fälle noch zu wenige 😉,0
@ManfredBuder @krippmarie Jaja...es wird noch schlimmer bevor es richtig schlimm wird... |LBR| Mal ehrlich: Denis Yücel hatte irgendwie recht,0
Dortmund:Leipzig |LBR| Die großmäuligen Dortmunder werden von Leipzig hergespielt. Großartig!,1
@lawyerberlin Der Untergang der Nation wurde mit der Grenz Öffnung 1989 eingeleitet. 50% der Regierenden sind Ost bzw Kommunisten.,1
@SteinbachErika Die CDU und andere Parteien sind ein verlogener Haufen Politiker die sich die Taschen auf Steuerzahlers Kosten voll machen! 😨,1
Wahl der Schöffen für die #Synodalgerichte wird durchgeführt - #aksynode16,0
Wer kommt? Am Sonntag um 10 Uhr feiert Kardinal Marx ein Pontifikalamt in der Stiftskirche St. Martin in Landshut. #LandshuterHochzeit,0
"Wenn Merkel die Geschichte d. USA kennen würde, wüsste sie, dass d. USA kein Interesse an einem starken Europa mit einer Kanzlerette haben 😜",0
"@ercankarakoyun Ich freue mich aus tiefstem Herzen für die beiden, um die wir in grosser Sorge waren.",0
"Ich empfinde es geradezu als beleidigend, wenn son ein dreckiges Stück SED-STASI-Erbe, wie A.Ferkel den Zusammenhalt der Gesellschaft predigt!!Merkel muß weg ! Neuwahlen müßen ran !UND SO EINE ELENDSFIGUR wie Schulz darf hier nichts zu bestellen haben !",1
"@China_Welt_News Unterkunft, normales Essen und Trinken! Schluß! Sie sind keine Sozialtouristen auf unsere Kosten!",1
"Bildung u. Wahrheit,auch bittere,sind der Schlüssel zum Erfolg u. kein ausschließl. Verteufeln Andersdenkender, RU, Polens, od. d. DDR 😜",0
@Odenwaelderin Nur Vampiere scheuen den Weihrauch wie Knoplauch!,0
@EdwinPalesch Mir schwebte auch sofort eine notarielle Begleitung vor.,0
"Sippenhaftung für alle Ausländer.. Wer länger als 1 Jahr keine |LBR| Arbeit findet, muss dorthin zurück, wo er herkommt. Ohne jede |LBR| Ausnahme.",1
@focusonline Diese Bundesregierung ist ab gewählt. Es steht ihr nicht zu diese Unabhängigkeits Erklärung zu kommentieren.,0
@Joemino @FfFrauki Unsere Mädels...unbelehrbar |LBR| Aber das es nicht als Vergewaltigung gilt nur weil man sich kannte ist auch neu..!,0
"@ThomasOppermann Wenn ich die gesamten deutschfeindlichen Labereien von Oppermann, Stegner usw. hier aufführen würde, knallte der Server durch!",1
Die Lösung ist einfach: immer eine Axtlänge Abstand halten!,0
@MSchroeren Sie argumentieren auf Basis der Jahresproduktion. Schauen Sie sich den letzten Freitag zwischen 1700 und 1800 Uhr an. Was sehen Sie da? CL,0
"Ich grüble nun schon Monate, bin ich ein Nazi, oder leidet Angie unter einer narzisstischen Persönlichkeitsstörung 😜",1
"@GrueneBundestag @GoeringEckardt @spdbt @Linksfraktion @RenateKuenast @NicoleMaisch @KonstantinNotz @Oliver_Krischer @BriHasselmann Wenn die Grünen Stinktiere in Deutschland verschwinden im September, wird Deutschlands Luft enorm besser werden!",1
"2/2 ...da ich mein Amt als Botschafter des Staates Israel in einem Deutschland antrete, das so anders ist als jenes der Vergangenheit.""",0
"Na ja, die Chefarztbehandlung für Otto Normalverbraucher muss nun wirklich nicht sein. 🤔 Eine Privatversicherung hat nur derjenige der sie sich auch leisten kann. |LBR| Der deutsche Steuerzahler gehört nicht dazu.",0
"Kim Jong Un hält Trump für einen Schwätzer. Würde er ihn ernst nehmen, |LBR| dann würde er die Backen zusammenkneifen und schweigen.",0
Die #AfD will einen Sitz in der #Holocaust-Mahnmal-Stiftung. Leider hat die #LuegeAfD nach ihren Einzug in den #Bundestag ein Anrecht auf Vertretung in diversen Aufsichtsgremien - auch für die Stiftung »Denkmal für die ermordeten #Juden Europas«. #Antisemitismus #noAfD #FCKAfD,1
"@roth_florian @CSUMuenchen @spdmuenchen @Gruene_Muenchen @fdp_muenchen @GrueneRathaus_M Bedeutet das, dass Sie FÜR den Antrag stimmen werden oder wie wollen sie sonst sicher stellen, dass kein BDS Inhalt verbreitet wird?",0
Finaler Schuss wäre besser dann würde er uns kein Geld mehr kosten!,1
"#wasmirwichtigist |LBR| Rentenniveau, Parität in der Krankenversicherung, neue Europapolitik, Ganztagsschule, Kooperationsverbot weg, Einwanderungsgesetz #Sondierung",0
"@Anne_Zielisch @AfD_HD Bald haben wir in Berlin Einen Imam als Bürgermeister.RRG haben abgewirtschaftet .Am besten wäre es wenn wir eine Mauer um Berlin ziehen,um das Pack mitsamt der Meck-Pomm Schlampe zu isolieren ,aber bitte keine Care-Paketflieger schicken!",1
"@Magoorooma @ArasBacho Das ist auf so viele Weisen absurd, dass 280 Zeichen für eine Antwort nicht ausreichen würden. Mehr Aufwand sind Sie uns an dieser Stelle aber nicht wert, so ehrlich müssen wir sein. In jedem Fall Glückwunsch zu Ihrer blühenden Phantasie.",0
unsere Redner_innen sind da und wir sind startklar - gleich geht's los #gay20,0
"@Steffmann45 @troll_putin @petpanther0 @mastermikeg @machtjanix23 @Norbinator2403 @ennof_ @AthinaMala @NancyPeggyMandy @info2099 @lifetrend @ThomasGBauer @SchmiddieMaik @charlie_silve @NoHerrman @willjrosenblatt @feldenfrizz @nasanasal @_macmike @ellibisathide @MD_Franz Versuchen Sie mal in 20 s einen Mord, Brandlegung und einen Selbstmord und das mit einem Repetiergewehr - der Tote hat offensichtlich nochmal nachgeladen, denn sonst ist eben eine Hülse zuviel.",0
@FabriziaFalcone @krippmarie Wir sorgen schon dafür das die AfD bleibt...und die Grünen gehen..!,0
@SJW_MadBunny @machtjanix23 @Steffmann45 @troll_putin @petpanther0 @mastermikeg @Norbinator2403 @ennof_ @AthinaMala @NancyPeggyMandy @info2099 @lifetrend @ThomasGBauer @SchmiddieMaik @charlie_silve @NoHerrman @willjrosenblatt @feldenfrizz @nasanasal @_macmike @ellibisathide @MD_Franz Das ist ihre Spezialität. Mehr kommt dann aber auch nicht,0
@Hartes_Geld Irgendwie beruhigend das es woanders noch schwachsinnigere Politik gibt als bei den deutschen...,1
Die BRD ist eine einzige Schande,1
Ihr Würstel glaubt an den Schaden einer Erderwärmung. Genau |LBR| das Gegenteil ist der Fall.,1
In einer nicht #PoliticalCorrectness-geistesgestörten Welt würden sie dem #Invasoren-#Abschaum die Scheiße aus dem Hirn prügeln,1
@krippmarie Einweisen ...dafür gibt’s die geschlossenen... |LBR| Und den der diese alte hübsch findet oder gar erotisch....ebenfalls..! |LBR| @SawsanChebli ....im Land ihresgleichen bestimmt der Renner...😃😃,1
@dushanwegner @krippmarie @zeitonline Hilfe...@zeitonline treibt wieder ihr Unwesen... |LBR| Da sind schon Schmierfinke am Werke...glaubt tatsächlich noch jemand diesen Unfug...?,1
"Veranstaltet von @IsraelBondsNews in Kooperation mit @JuFoDIGBerlin, @LaFrahm-GISEP und @IsraelinGermany-Economic and Trade Mission",0
"Macht hoch die Tür', die Tor' macht weit, |LBR| es kommt der Herr der Herrlichkeit, |LBR| ein König aller Königreich'; |LBR| ein Heiland aller Welt zugleich, |LBR| der Heil und Segen mit sich bringt; |LBR| derhalben jauchzt, mit Freuden singt: |LBR| Gelobet sei mein Gott, |LBR| mein Schöpfer reich von Rat.",0
Seit 6:00 Uhr wird zurück geschwiegen. |LBR| #Berlin #Afrin,0
@AfD_Kompakt Eine Regierung ohne Sachverstand und EIGENE Werte wird nicht handeln 😜,0
@SpohnMichael @ddbnews Jede Behausung kann ein Knast sein wenn du sie nicht verlassen kannst 😉,0
"n-tv: ""Murksel ein Profi im Umgang mit schwierigen Partnern"" 😂😂😂 Ein Profi, wie eine Mecklenburger Kuh die Rückenschwimmen lernt, meine ich😜",1
@DerBrainfucker Na also...Trump hat das friedfertige Volk gegeneinander ausgespielt.... |LBR| Trump haben wir die Proteste zu verdanken ... |LBR| ...es war eine Frage der Zeit wann die damit rausrücken....😃😃,0
"@nasanasal @SpadeCarrier @machtjanix23 @AthinaMala @_macmike @magna_est @petpanther0 @NoHerrman @teite99 @info2099 @lifetrend @ThomasGBauer @SchmiddieMaik @charlie_silve @willjrosenblatt @feldenfrizz @ellibisathide @MD_Franz Es ist zum Kotzen, seit Tagen!",1
"@X9donernesto @petpanther0 @machtjanix23 @NoHerrman @teite99 @info2099 @lifetrend @ThomasGBauer @SchmiddieMaik @AthinaMala @charlie_silve @willjrosenblatt @feldenfrizz @nasanasal @_macmike @ellibisathide @MD_Franz Kann ich Dir nachher schicken, habe zu Hause hebräische Tastatur.",0
"@Tjark_Limmer Mensch, du bist nicht mal in irgendeiner Reihe. Komm in den Bundestag, dann können wir dort streiten.",0
@krippmarie Nicht täuschen lassen....das sind freiwillige die schnellstmöglich dieses Affenland verlassen wollten..!,1
Der wiklich besorgte Bürger #87Prozent versus 13Prozent #Wutbürger?,0
@Sundownsolution @SteinbachErika Dem Kommentar entnehme ich das auch ihre Schaukel als Kind zu nahe an der Wand gestanden hat.,1
"@kirchentag_de @katholikentag @zdkonline Ja, und wie wär's mit #München?",0
@ArnoRode1967 Wie so ein Wackeldackel....da hatte der Westerwelle von hinten mehr Esprit als der da von vorne...,1
"@xXxOPEXOBxXx @Maxe8888 Bei den Antifa Terroristen fällt mir nur eins ein, „ Der Dieb rannte aus dem Kaufhaus und schrie, haltet den Dieb“",1
Mal schauen wieviel #Frauen dieses Jahr von illegalen Einwanderern #vergewaltigt oder #belästigt werden. |LBR| Ich hoffe aufrichtig sollte es dieses Jahr #Silvester wieder eskalieren dass sich die Europäer endlich erheben und es zum #Aufstand kommt der in die Geschichte eingehen wird.,1
"@pinselpoetin Ich betone erneut, für ewig aus dem Verkehr ziehen, da die zerstörten Seelen v Frauen u Mädchen irreparablen Schaden erlitten.",0
@LawTroll @CarlaScheytt @Korallenherz @motikat @ReginaKuepper @KarieMuster Und @AsylBochum ? Schon mal Danke an alle!,0
Ditib Imame = Stasi der Türkei! |LBR| Neue Beweise von 2016 liegen den Medien und der Politik vor. |LBR| Was passiert? NIX! |LBR| Sofort RAUS aus D! 👇😠,1
@Fraulein_Antje @Boelscheline Er behält seine Einbürgerung trotzdem..? |LBR| Oder nur wegen statistischer Aufhellung..?...😃😃,0
Das Schweigen aus Berlin ist unerträglich laut. #Afrin,0
@krippmarie @jouwatch Diese Gesichter kamen zum Vorschein weil sich Deutschland uneinig ist....und jetzt wird alles nur noch schlimmer..!,0
"@jutta_ditfurth Im Grunde hätte Dir Bosbach eine schallende Ohrfeige |LBR| geben müssen, dass Dir der Fächer davongeflogen wäre.",1
"@BILD Warum lese ich nix über Abgaswerten von ausländischen Autos.Werden diese Daten uns unterschlagen?Kann mir beim besten Willen nicht vorstellen ,dass nur bei deutschen Automotoren geschummelt wurde!!!!!!",1
"@Robert_Braun23 Nö. Wie kommen Sie darauf, dass wir nur im Wahlkampf für Marktwirtschaft werben? Ist uns immer wichtig. TL",0
"@ultrabreit Ein weiterer Grund, den ich häufig erlebe, ist, dass es zu wenig Männer (richtige Männer 😉) im Schuldienst gibt. Erfolgreicher Unterricht ist vor allem auch Identifikation.  Mädchen lieben mich,  Jungen rebellieren...",1
"Politiker, gleichbedeutend mit BERUFSLÜGNER, richten gerade irreparable Schäden für unser Land, Europa und die Welt an und Mio schauen zu 😡",1
"@beate_bm Untaten mit ""Flüchtlingen"" oder Moslems in Verbindung zu bringen wird immer als rassistische Hetze gemeldet.  Fakten benennen = Rechtsextremismus. Da helfen nur blumige Umschreibungen. In der DDR hatte man auch Geheimsprachen entwickelt..",0
@anna_IIna @katjakipping ....die lächerliste Person seit es die Linken gibt. Mit einem Maulkorb für Katja wäre es ruhiger um die Linken und zudem wäre sie dann attraktiver...!,1
"Ich werbe auf Basis der Sondierung für Koalitionsverhandlungen mit der Union, auch wenn meine Skepsis gegenüber der GroKo nach wie vor groß ist. |LBR| Wir sollten hart verhandeln- da muss noch mehr kommen! Am Ende haben unsere Mitglieder das letzte Wort, das ist meine Auffassung.",0
"Wo auch immer in d. EU, od. auf der Welt jemand eine andere Meinung hat, ""mischt"" sich unsere Regierung ein u. daran ist Putin nicht schuld😜",0
@derlinkeleftie Och Mann ey - ich hab nur die Eigenschaft des Nichthellseins benannt. Schwarze ist auch nicht recht. Übrigens habe ich nichts gegen die. Meine Lieblingskünstler sind alle nicht hellhaeutig. |LBR| Warum sind alle immer so empfindlich?  Bei Weißen darf man hingegen Dunkeldeutsche sagen,0
"@SJW_MadBunny @machtjanix23 @Steffmann45 @troll_putin @petpanther0 @mastermikeg @Norbinator2403 @ennof_ @AthinaMala @NancyPeggyMandy @info2099 @lifetrend @ThomasGBauer @SchmiddieMaik @charlie_silve @NoHerrman @willjrosenblatt @feldenfrizz @nasanasal @_macmike @ellibisathide @MD_Franz @machtjanix Ich seh das auch differenzierter, es war nur die kurzmöglichste Zusammenfassung.",0
@Martin_Sellner @krippmarie Wie dämlich müssen erst die Sesselfurzer sein wenn sie den Unterschied von 17 und 32 Jahren nicht erkennen....?,1
"@aufklaerer2017 Habt ihr immer noch nicht verstanden das der Krieg gegen die Deutschen schon begonnen hat, das gehört zum Plan, es gibt genügend Hinweise das diese Leute absichtlich bewaffnet werden um solche Anschläge auszuführen",1
@focusonline Also ich lese auf dem Plakat Lichter Markt. Wasn nu??,0
"Rund 200-300 Demonstrierende bei pro-palästinensischer Kundgebung am #Washingtonplatz. Alles halbwegs ruhig, keine auffälligen Flaggen. #berlin",0
"Die #AfD, ihre lupenreinen faschistoiden Politiker &amp; die zahlreichen deutschen Sympathisanten werden in #Deutschland immer lauter. Ein Richter aus #Dresden (Parteimitglied) beleidigte den Sohn von Boris #Becker als »Halbneger« &amp; es gibt sogar dafür Befürworter. #noAfD #FCKAfD",1
@tschlze @ismail_kupeli Siegmar Gabriel... und IHR wollt eine neue #GroKo??,0
"@Die_Gruenen @GoeringEckardt @sat1 @ClausStrunz Die allerwichtigste Frage ist doch, ""Wie entsorge ich die Grünen""! - Einfach nicht wählen! Die Chancen stehen gut!!!!",1
@BVWattenscheid wer Demonstranten nicht angreift dem passiert auch nix.,0
@Hartes_Geld Nicht Berlin steht im Mittelpunkt sondern Deutschland ist das Vergewaltigungs-Land in Europa...!,0
"@dejancrosic Bzgl. Doppelmoral ist man in D ganz groß dabei - Beitz von Kinderpornos ist ja auch nicht schlimm, wie die Filme zustande kommen, interessiert keinen.",0
@Beutebadener @LeggaKnoppers @KotzenderStern @destatis Ich würde gerne weiter diskutieren muss aber morgen früh raus vllt ein ander mal,0
"@welt Hetze der öffentlich- rechtlichen gegen Trump, zum kotzen diese verlogenen Vasallen Merkels!!!",1
"@CDU Geografie 6 ,setzen. |LBR| Lybien gehört zu Afrika",0
@Naturtalent1973 @Schlawiner2017 Das sehe ich auch so....Hilfe nur dem der sich selbst helfen kann..! |LBR| Es wird sich bald einstellen das unsere Polizei bei Verbrechen garnicht anreisen wird....bald,0
"@Cerberus456 @lichtmesz Bei denen ist nichts zu retten. Dumpfnazitum gibt es da, also Assis, die sich beim Fußball prügeln und antisemitische Parolen brüllen. Die vaterlosen deutschen Jungen lassen sich derweil von Salafisten anwerben. #Kulturpessimismus 😥",0
😂😂😂wie sie versuchen im Takt zu tanzen....,0
"@SteinbachErika @Renft1964 Die gesamten Nullen der Altparteien, sind nur noch ein Merkel-Wahlzirkus! |LBR| Nur Posten zählen! Deutschlands Bürger interessieren denen einen Scheiß!",1
@krippmarie @jouwatch Ich wünschte AfD wäre schon soweit große Verantwortungen zu übernehmen.... |LBR| Ich wünschte ich würde meinen Wunsch nicht bereuen....!,0
Antrag 29 wird an die Rechtskommission überwiesen - #aksynode16,0
"@sternde Eine Partei ohne Rückgrat die auf das Votum der Wählerschaft Schei ...t, und sich gerade selbst zerlegt. Der Wähler vergisst nicht!!!!!!",1
"Da sieht man, dass Schulz 2x sitzen geblieben ist. Er irrt, wenn er glaubt, |LBR| dass die Flüchtlinge nach Osteuropa gehen. Sie wollen -Deutsch.",1
Die neue Pampers Werbung. |LBR| Nur Kinder von Invasoren die man uns dort zeigt. |LBR| Ich würde keine Pampers kaufen. |LBR| Deutsche sollten nur deutsche Produkte kaufen. |LBR| Und deutsche Werbung.,1
"@Freizeitrobin @Alice_Weidel @sebastiankurz @HCStracheFP Hört sich an als hättest du einen Ratschlag für mich...?...was meinst, stehe ich etwa auf verlorenem Posten..?",0
"#Dieselgipfel Verursacherprinzip muss gelten: Nicht Verbraucher, Konzerne müssen die Kosten tragen. (3)",0
@Fraulein_Antje @principessamona Österreicher haben diesen Kurz...diesen Schnösel...der auch noch gute Politik macht..! |LBR| Sehr zum Leidwesen der deutschen Politiker die daran gemessen werden...😃,0
@Sammy_aus_Cux Wenn du meinst hab besseres vor als mich über Geschlechter zu unterhalten schönen tag noch,0
@sauerkreatur Das ist großer Unsinn. X-mal haben wir die Wahl eines SPD-Kanzlers angeboten.,0
"@fxneumann Lieber Herr Neumann,war gerade offline, als ihre Nachricht kam;hoffe, das Bild ist jetzt angekommen &amp; o.k. Herzlich @JungbauerW",0
@Emilydische Wir haben diesen Ausruf bei unseren Beobachtungen der vergangenen Tage weder auf Deutsch noch auf Arabisch gehört.,0
Gerade wieder ne Diskussion mit nen linken...,0
@JoernDehne @Junge_Freiheit Und wir-das Volk- sollten und müssten unsere Zustimmung geben....das verstehe ich unter einer Bereicherung...!,0
"Wie es mit der @spdde weiter geht, hängt keineswegs allein davon ab, ob wir regieren oder nicht. Entscheidend ist, ob wir die richtigen Antworten haben auf die Fragen unserer Zeit. Deswegen ist #SPDerneuern so wichtig. Freue mich auf Tag 2 beim #spdbt17.",0
"Pünktlich zum Wahlkampfauftakt ermittelt der ""Brüsseler Sumpf"" gg. Schulz 😜 Brücke bauen, 100TSD Kühe rüber und zuscheißen dieses ""Nest"" 🤢",1
Younower zu werden ist der finale schritt um ein Hurensohn zu werden,1
"@Cerberus456 @lichtmesz Ja. Wenn ich Geld hätte,  würde ich ein Heim bauen für all die Assikinder. Mit geregelten Mahlzeiten, Tischgebet, Hausmusik, Frühsport, Gartenarbeiten...",0
"@DirkderKaiser @BennosWorld @welt Die Propaganda gegen die AfD ist mit Worten nicht mehr zu beschreiben, die Systemmedien zusammen mit den Meinungsforschungsinstituten übertreffen sich gegenseitig",0
@RegSprecher Merkel will Deutschland vernichten und wir labern über Klimawandel!,0
Jetzt hört doch auf mit dem 2-maligen Sitzenbleiber Schulz. Der ist doch ein |LBR| unwürdiger Kanzlerkandidat. Jagt ihn davon.,1
@KirstJeremy ohne Quellen oder Statistiken sind diese Menschen hoffnungslos aufgeschmissen da sie nicht in der Lage sind selber zu denken.,0
@Hartes_Geld Schon wieder eine Lüge..... nur 213..?? |LBR| Es sind doch eher 213 tausend...oder mehr,0
Kurdischer Aktivist Abdullah S. in Düsseldorf nach 129b zu 6 Jahren Haft verurteilt! weil seine Aktivität als PKK-Aktivität ausgelegt wird,0
@Heinrich_Krug So dumm wie Gutmenschen halt sind!,1
"@Aufgehts100 @Birdie51411736 @MartinSchulz Dieses verlogene unechte Surfen auf dem von oben vorgegeben,  vom Volk mit gerechtfertigtem Argwohn beäugten, #Europawahn kotzt mich dermaßen ab. Ging mir schon vor drei Jahren so, als #Merkel wie bescheuert damit begann",0
Der #Islam gehört zu Deutschland |LBR| heißt auch |LBR| Der #Terror gehört zu Deutschland |LBR| Danke Fr #Merkel für diese Errungenschaft,1
"@strop_peter Wow, was für ein Beweis! Dass es bei Statistiken Ausreißer nach unten und oben gibt, ist Ihnen aber schon bekannt? Wenn bei allen alles gleich wäre, bräuchte man keine Statistiken. Abgesehen davon: Warum Ihre Missgunst, dass diese Familie nun wieder vereint ist?",0
"@OliverFabian1 @ZDFheute @morgenmagazin Eine Partei in der #AfD-Mitglieder SS-Verbrecher verherrlichen (#Magdeburg), #Holocaust-Leugner relativieren (#Höcke über #Havermann), oder lupenreinen #Antisemitismus verbreiten (#Gedeon ist weiter Mitglied) kann keine Partei für uns #Juden sein. Die #LuegenAfD ist abzulehnen!",1
"Die Regierungen Polens, Ungarns usw. handeln im Interesse d. Bürger u. stemmen sich gegen d. zu Scheitern verurteilte Gleichmacherei der EU😜",0
"@2malcs Wie wäre es mit #HamburgPride? Haben wir in den letzten Jahren genutzt, passt auch dieses Jahr wieder. :)",0
@janboehm Lauter linke Ararchisten die sich hier zu Wort melden!,1
"@ronaldlaessig @artepmobil @fernseh_heini Wer das glaubt, mit Respekt, der hat das Gehirn einer Stubenfliege.",1
"@KranzMarkus @SchlimmeHelena @welt Da ich nun die @SchlimmeHelena eine Weile kenne, kann ich versichern: Sie hetzt nie. Ich weiß nicht, was Sie da rauslesen. Sie ist anderer Meinung, das darf sie Ich bin es auch. Ist jetzt mal gut lieber Herr @KranzMarkus",0
#Altkatholisch|e #Synode diskutiert über ethische Kriterien bei Frage der Anlage-Richtlinien für die Gemeinden - #aksynode #aksynode16,0
"@SimonLippe Hi, wir weisen nur auf die Wahlürfsteine hin, wir haben sie nicht gemacht und auch nicht verschickt.",0
Von wegen übertriebener Polizeigewalt. Die Polizei muss in Zukunft |LBR| viel härter vorgehen. Aus Maul hauen und dann verhaften.,1
"@CKemfert Hmmm. Wenn ich es richtig sehe, bestreitet niemand das Problem einer Lücke bei gesicherter Kapazität in den 20ern... CL",0
Im Auto auf dem weg nach Karlsruhe und das Pressehandy klingelt in einer Tour. Läuft :-),0
@rostein45 @berghueserfritz @VonSchwer 😂😂 |LBR| Wie die SPD ler bei Erdogan und anderen Terror Türken,1
@sigmargabriel @EmmanuelMacron Auf des deutschen Steuerzahlers Kosten!,0
"@xxbertixxneu @GertWalterWolf1 @focusonline Genau wie fast alle Türkei-Gefangenen mit deutschen Pass (Sind für mich keine Deutschen), sind Türken und unterstehen türkischer Justiz!",0
@AfD_Support Das fällt nicht unter die Zuständigkeit der Rauten-Merkel!🤷‍♀️,0
@Halbzeitpfiffi @KokoLores100 Würde ich als Merkel Vasall  jetzt auch so sagen!!,1
"@LarsWinter_ @teleherzog @janboehm @ZDF Ach ja, Böhmermann, sich wie immer primitiv in Szene setzen wollen 🤢 etwas mehr Niveau wäre gut 😜",0
@Frank_Pasemann @PatMair1 Nicht mehr mein Land. Nicht mehr meine Bundeswehr. Nicht mein Kanzler... usw.,0
"Schlesien,Pommern und Ostpreußen sind deutsch und werden es immer sein",1
"@AfDFraktionAGH @ChicSancho Für mich alten ""Ossi"" ist der BER ein Gradmesser für das Niveau von Bundespolitik und -wirtschaft 😂😂😂",0
@Frank_Pasemann @krippmarie @AfDKoeln Hilfe....bin ich froh das diese keine Deutschen sind...!!,0
Aber ihr dürft jetzt schonmal mit uns feiern! Nach kurzem Überfliegen haben wir gewonnen!!,0
@bundeswehrInfo Ich war zu Zeiten des kalten Krieges 1979 bei der BW. Damals war es noch eine Armee. Heute lacht die Welt über den Verein. Leider!!,0
@BILD Die Bilder der indentifizierbaren Chaoten sollten auf einer Fahndungs-Plattform im Internet veröffentlicht werden!,0
"Wenn der DEUTSCHE BÜRGER sich erstmal wieder seines Wertes bewußt wird, dann werden ein paar Säue durchs Ländle getrieben und zwar linksrum!",1
@MiriamOzen Sollte im Bundestag gezeigt werden dann werden vielleicht einige außer Merkel wach Bei Merkel ist Hopfen und Malz verloren.,0
Heute vor 100 Jahren konnte #Finnland seine Unabhängigkeit erklären - und zwar erst dank der russischen Revolution. #Onnittelut!,0
"Sippenhaftung. Alles, was mit Islamismus zu tun hat -- aus Europa |LBR| davonjagen---.Sofort. Wie damals die Türken im 17. Jh. vor Wien.",1
Herzlichen Dank an alle Paketboten. Gerade der letzte Karton eingetroffen. |LBR| Frohe Weihnachten 🎅,0
Übrigens auch neben #ehefueralle eine sehr passende Botschaft zum #csdberlin. Allen Teilnehmerinnen und Teilnehmern heute viel Spaß. #csd,0
@comtesolitude @krippmarie @jouwatch So erging es mir damals mit der CDU....zu meiner Entschuldigung: nach Schröder hätte ich alles gewählt..!!,0
"@csdwuerzburg Wir suchen jemanden, der uns einen CSD-Bericht für unser CSD-Diary schreibt. (oder auch Bilder) Hat jemand von Euch Interesse?",0
"@flausensuppe Würde gern ""gefällt mir"" klicken, aber keine Urlaubstage haben, gefällt mir gar nicht ;-)",0
"Bleibe skeptisch mit Blick auf mögliche große Koalition.Will, dass wir harte Verhandlungen führen+SPD Mitglieder über Endergebnis entscheiden.Aber andere politische Konstellationen sind gegen fast alle Verbesserungen,die wir schon jetzt für Arbeitnehmer+Familien erreicht haben.",0
"@Elektro_Robin @ElectriveNet Kompliment, dass Sie für mehr E-mobility arbeiten! Ich werbe seit 5 Jahren dafür. Brauchen E-Cars für Städte!",0
"Klar ist: Wer als Flüchtling nur vorübergehend in Deutschland bleibt, kann nicht seine Familie nachholen.",0
#Yücel von mir aus kann er in der Türkei die Todesstrafe bekommen was redet Wallraff für ein Scheiß? |LBR| Yücel einer der größten deutschhasser. |LBR| #lanz,1
"@DrDavidBerger Je öfter er im TV erscheint umso größer wird sein Pflaster ,da baut die #cdu ein Märtyrerer auf.🤕",0
"RAUS MIT DIESEN IRREN AUS DEM BUNDESTAG, sollen ihre Konfettischwulenparaden woanders feiern, am besten in Türkei bei Özdingens !",1
"Die Bevölkerung Europas wird ""weggezüchtet"" werden, wie einst die Neandertaler und hirnlose ""Prolle"" merken`s nicht einmal 😂😂😂",1
@RAPenneke @KokoLores100 Wo bleibt die Hetze gegen Marcon?,0
@Sammy_aus_Cux Du meinst zwitter und zwitter ist kein Geschlecht sondern eine Behinderung die man von geburt aus leider hat,1
"@AnjaReschke1 Frau Reschke, Vielfalt ist keine Einbahnstraße, deshalb würde Ihnen mehr Objektivität gut zu Gesicht stehen. 😜",0
@RAIMINEM Vllt mach ich mir ein.vid me Account aber aufs geld verzicht ich will ja kein Jutuber werden sondern nur für meine Community videos produzieren,0
"@Coffee__Grind @CarlaScheytt @luna_in_munich Nein, so sieht es nicht das Gesetz. Es gibt das Strafrecht und das Asylrecht. Straftäter sollten hier vor Gericht.",0
@ainyrockstar Es gibt bei uns keine Pressefreiheit mehr. Wir sind eine Bananenrepublik wie Simbabwe!,1
"@sebbi @blaupfeil @Awp2015Awp @MartinSchulz Ähm, lass mich in diesem Zusammenhang mal Jesus zitieren: ""Was zeigst du auf den Splitter in deines Bruders Auge, und siehst den Balken in deinem eigenen Auge nicht!?""",0
@Achiles04885165 @TobiasHuch Warum kehren denn die schieße Türken nicht ins ihr Land zurück?,1
@emma_cocos @Babsi58089 @maybritillner @ZDF @HeikoMaas @nicolabeerfdp @cem_oezdemir @WaltrautDunz @heute Bei dem ist das reine Zeitverschwendung!!,0
@BILD Man sollte diese Drecksbande für Vogelfrei erklären und zum Abschuss freigegeben!!!!,1
"@Titania0001 @Jala_varietas @blacknarga300 @damian_tamwood @AliCologne Steht da irgendwo das ich irgendwas befürworte, ich habe wie von euch gewünscht lediglich die derzeitige Situation der BRD geschildert",0
@axel_rienhoff man kann doch nicht gegen eine entscheidung der mitglieder sein. das ist #SPDerneuern,0
Ich bin nach 1945 geboren folgedessen geht mir alles am Arsch vorbei was vor dieser Zeit geschehen ist. Ich fühle mich nicht schuldig und werde es auch niemals tun. Auch werde ich mir niemals eine Mitschuld einreden lassen nur weil ich Deutscher bin.,1
Illegal eingereiste Invasoren müssen sofort abgeschoben werden. Und |LBR| die Klagen gegen Abschiebung sind lukrative Geschäfte für Anwälte.,1
@loriotfehlt @IngoFunke Macht Pizza mit Schweinefleisch drauf....selektiert sich von alleine...!,0
@Ami66Stefan Eine Zeile aus dem Templer Codex. Lieber sterben als ohne Ehre Leben.,0
@FranzAndes45 Mal sehen...wenn ich jetzt schreiben würde mann soll Flüchtlinge würgen dann werde ich bestimmt gesperrt..?,1
"@joleffers @einestages Der Herr hat ihn rechtzeitig zu sich gerufen, sonst wäre er abgedreht was zur Zeit im Buntland passiert.",1
"@GtzFrmming @AfD_HD Im Europäischen Parlament sitzen eh nur gescheiterte Landespolitiker,die kommen dann aus Langeweile auf so 🐖dumme Ideen!",1
"Altmaier kann jetzt auch noch Finanzminister 😂😂😂 der kennt doch nur 1+1=Merkel, 7x7=Merkel usw. Eben ohne Rückgrat, wie ein Wasserbett 😂😂😂",1
"Das Requiem für den verstorbenen Odilo Lechner OSB feiert Kardinal Marx am Donnerstag, 9. November, um 14 Uhr im Münchner Liebfrauendom.",0
"Tragt zu den Kranken ein Licht, |LBR| sagt allen: Fürchtet euch nicht! |LBR| Gott hat euch lieb, Groß und Klein |LBR| Seht auf des Lichtes Schein.",0
@dunjahayali Also ich finde diese dicke Frau gut...sowas braucht die SPD denn mit ihrer Hilfe schaffen wir endlich die unter 15% Hürde... |LBR| 😃😃,1
"@anna_IIna @Gerd_St Willkommen in 1933, die Geschichte wiederholt sich und wieder werden Tausende der Führerin zujubeln! Am Ende war es dann keiner!!!",1
@ruma1251 @schweiz Nur der Walensee ist schöner😀,0
@Duesseldorf Düsseldorf ist nicht die einzige dumme Stadt...und mit dem Messerstecher habe ich mehr Mitleid als mit dem Möchtegernbürgermeister...!!,1
"@Kuerbislecker Immer, immer, immer vergesse ich beim Asiaten zu sagen ""ohne Koriander"". *Fitzelrauspuhl*",0
".@spdbt wollte erst nicht regieren, jetzt ist @MartinSchulz „stolz darauf“, Verantwortung zu übernehmen. Das verstehe, wer will. @heutejournal",0
@tagesschau Merkels Verhältnis zu Linksradikalen! |LBR| Arbeitgeber Merkel finanziert den organisieren Terror!!!,1
"Diese ""Retter"" bringen illegale Einwanderer, die keine Chance |LBR| auf ein Bleiberecht in Europa haben, in großer Zahl nach Italien. |LBR| Das schadet",0
"@SJW_MadBunny @Steffmann45 @machtjanix23 @troll_putin @petpanther0 @mastermikeg @Norbinator2403 @ennof_ @AthinaMala @NancyPeggyMandy @info2099 @lifetrend @ThomasGBauer @SchmiddieMaik @charlie_silve @NoHerrman @willjrosenblatt @feldenfrizz @nasanasal @_macmike @ellibisathide @MD_Franz Das ist genauso ein Spinner, wie der andere. Gestern setzt sich heute fort - oh mein Gott!",1
@sabine_m_b Hast ja Recht. Erdogan und Merkel gehen mir beide mit ihrer Selbstherrlichkeit am Arsch vorbei. Egomanen sind beide,1
"@Dirki_M Wo denn z.B.? Wenn Sie schon keine eigenen Zahlen zu diesem Thema liefern können, dann doch bestimmt Quellen für diese Behauptung?",0
@Rebellin70 Einen Eid verfolgt unsere Kanzlerin ganz bestimmt...doch welchen?,0
@BILD Merkels Sprecher stellt sich in die Ecke und schämt sich .das wars dann wohl!,0
Auf welchem Niveau findet die Kanzlerkandidatur statt? Ein 2 x sitzen Gebliebener |LBR| und Schulabbrecher soll die SPD zum Sieg führen? Niemals!,1
"Tolle Mitgliederversammlung gestern Abend. U.a. haben wir beschlossen, dass Hamburg Pride e.V. sich um den EuroPride 2020 bewirbt.",0
Jamaika Koalition klingt nicht nur lächerlich sondern sie ist es auch,0
"@mastermikeg @machtjanix23 @AthinaMala @_macmike @Norbinator2403 @ennof_ @troll_putin @NancyPeggyMandy @petpanther0 @info2099 @lifetrend @ThomasGBauer @SchmiddieMaik @charlie_silve @NoHerrman @willjrosenblatt @feldenfrizz @nasanasal @ellibisathide @MD_Franz Der Typ hat sich mit etlichen hier angelegt, hat inhaltlich nichts zu bieten - nur Klugscheißern. Eigenes hat er auch nicht zu bieten - dafür reicht sein Intellekt nicht.",1
#Globale #Klimaerwärmung kann nicht verhindert werden. |LBR| #Lokaler #Giftausstoß aus Kraftwerken und Industrieanlagen stoppen,0
"Schulz, die gerechte Verteilung von Flüchtlingen wird es nie geben. |LBR| Sie wollen in die Sozialsysteme von A und D. Hör auf zu spinnen.",1
"@Steffmann45 @petpanther0 @mastermikeg @troll_putin @machtjanix23 @Norbinator2403 @ennof_ @AthinaMala @NancyPeggyMandy @info2099 @lifetrend @ThomasGBauer @SchmiddieMaik @charlie_silve @NoHerrman @willjrosenblatt @feldenfrizz @nasanasal @_macmike @ellibisathide @MD_Franz Gott sind Sie bescheuert, darf ich Sie an meinen Follower Herrn Dr.Alessandro Meluzzi weitergeben, er ist Psychater und Kriminalist und schreibt zum Thema Ur-Logen und kann Ihnen auch den NSU Tatort analysieren.",1
@mirco_jonny @Westminster1000 @China_Welt_News Die ist ja auch als Baby 5 mal vom Wickeltisch gefallen.,1
@Waldoknalldo D.h. es ist aktueller den je,0
Was haben wir getan dass wir von unseren Politikern so verraten werden?,0
Die Französische Nationalmannschaft besteht aus Schwarzen und Arabern und 1 Ethnischen Franzosen schlimmer als bei uns,1
"@anna_IIna Der arme... Trauma jeden Tag, Sehnsucht nach Familiennachzug, kein eigenes Haus...nachvollziehbar...!",1
@Ralf_Stegner Stegner du alter Nazi...du darfst doch nicht sprechen wenn der Schulz es dir nicht erlaubt...,1
"#OuryJalloh hätte nicht in einer Gewahrsamzelle sterben müssen, wenn er zuvor abgeschoben worden wäre, heißt es bei der AfD-Kundgebung. #de0701",0
"Dienstag feiert die Welt Luther. Niemand weiß, das Luther der größte Feind des Islam war. War er ein NAZI.???",0
"@mastermikeg @Steffmann45 @troll_putin @petpanther0 @machtjanix23 @Norbinator2403 @ennof_ @AthinaMala @NancyPeggyMandy @info2099 @lifetrend @ThomasGBauer @SchmiddieMaik @charlie_silve @NoHerrman @willjrosenblatt @feldenfrizz @nasanasal @_macmike @ellibisathide @MD_Franz Bilderberger ist die Arbeitsplattform der Ur-Logen Compass Star Rose und Pan Europa, nachzulesen bei Höchstgradfreimaurer Gioele Magaldi in ""Massoni"" Presse schweigt das Buch tot.",0
@M0ntico83 Yep....ich laufe...nicht weg sondern hinterher..! |LBR| und jetzt heul lauter...aber in die andere Richtung.,0
"@JoeyGerlach Kirchenbeamter Dröge 😂😂😂 ""De Beamten un de Schwien sünd den` Buern sien Ruin"" (Mecklenburgischer Spruch) 😜",0
@VonSchwer Von IM Erika kein Wort dazu.,0
War doch klar das diese kriminelle Volksverräterin da mitmischt!!! |LBR| Merkel gehört sofort entmachtet und vor Gericht gestellt!!!,1
@Rheinjogger Hatte noch bei keiner Lesung und keinem Vortrag ein Problem.,0
@KaiserDesRap Wer so redet gehört sich Verdroschen,1
"@hdBerretz Viele der sogenannten Eliten werden bald in den Knast gehen, #TheStormIsHere",0
@deanerschnitzel @_boycottlove Nee Vanja benutzt er/sie oder nix oder abwechselnd. Aber niemals durchgehend sie.,0
@Beutebadener @LeggaKnoppers @KotzenderStern Das sind keine Franzosen sondern Einwanderer aus einer kuh wird auch kein hund,1
"@vmedick Sorry, habe Ihre Antwort gestern übersehen. BMF-Zahlen finden Sie in der Datensammlung zur Steuerpolitik. Danach hatten im Jahr 2016 die oberen 10% Einkünfte von mehr als 81.313 €/Jahr. Da bleiben im Monat auf alle Fälle mehr als 3000 netto.",0
"#spdbt2017: Manche führende @spdde-Politiker wissen nicht, was @MartinSchulz sagen wird. Hat sein Manuskript nicht gezeigt. Ungewöhnlich.",0
"@MGrosseBroemer Sprach nicht ein gewisser Herr Seehofer / #CSU davon, dass man die #Afd - Wähler zurückholen möchte? Macht sich ganz klasse, die potentiellen Wähler vorher erst mal noch gründlich zu beschimpfen...Sie haben wirklich ALLES verstanden! |LBR| @Beatrix_vStorch @cducsubt @AfDimBundestag",0
@ranzmann Der Gesichtsausdruck spricht Bände &gt; Verachtung und er würde es immer wieder tun.,0
"Macht euch alle mal keinen Kopp ! Der schuldige für dritten Weltkrieg steht mit Deutschland, im Zuge der NATO-Osterweiterung schon fest!",0
@ritaka9 @Hartes_Geld Alles steht schon in den Startlöchern ....der deutsche wird regelrecht entmannt und immer noch keine Gegenwehr.,0
@morgenmagazin @HugoMuellerVogg er geht von sich aus 😉,0
"Was Sie schon immer über achtwöchige Sondierungsverhandlungen wissen wollten, aber nie zu fragen wagten ... |LBR| ... beantworte ich gleich bei @N24. #Jamaika #🇯🇲 @welt",0
"@Ricardo25701887 Nur Merkel weg reicht nicht - das Übel kommt daher, wo Merkel auch herkommt: Merkel wurde groß gemacht durch STASI-Schnur. Der hat sie und Göring-Eckardt gefördert - Linke Ideologie.",0
"Aha, Afghanistan ist nicht sicher. Deutschland, England und Frankreich sind auch |LBR| nicht sicher. Also Schluss mit Aktionismus.",0
"Wie kommt es eigentlich, dass alle den Mölzer einladen, aber so wenig über die vom Staat verfolgten Refugees berichtet wird...",0
Auf allen Sendern wieder ein einseitiges und völlig verfälschtes Geschichtsbild (Bsp. ntv) &gt; zum KOT*** 🤢,1
@Beutebadener @LeggaKnoppers @KotzenderStern @destatis Ein Deutscher ist wer Deutscher herkunft ist also deutsche Eltern hat,0
"@sonneundmond1 Es reicht jetzt mal: Sehen Sie sich an, wie wir den letzten Monaten und Jahren über diesen rechten Antisemitismus berichtet haben (Facebook und jfda.de). Auch und gerade vor den Wahlen. Und überlegen Sie sich dann, ob Sie uns davor warnen müssen, den Rechten hinterherzulaufen.",0
"Ich bin ganz ehrlich, gegenw. überzeugt mich keine Partei.Es wird zu viel mit Schlagworten an d. Oberfläche gekratzt. Es ist zu viel kaputt!",0
@Freizeitrobin @Alice_Weidel @sebastiankurz @HCStracheFP Jo Mann...du hast es drauf..du weißt wovon du redest...😃😃,0
@Ralf_Stegner Egal wer umfällt...Hauptsache SPD fällt weg.,0
@MiriamOzen @Ralf_Stegner ...Schade da ist mir jemand mit dem Wunsch Blitze beim scheissen zuvor.... |LBR| Ralle du hast nicht viele Freunde....und es werden immer weniger....😃😃,1
@SteinbachErika Diese Jugendlichen sind die Politiker der islamischen Parteien von morgen. |LBR| Das Gedankengut wurd seine Früchte tragen. |LBR| Steht auf Leute!!!,1
@sternde Ein Uralter Hut. Das ist schon viele Jahre bekannt.,0
Sollten nicht #Ärzte und #Facharbeiter kommen? Gekommen sind #Mörder und #Vergewaltiger. Ist das eure Bereicherung ihr #Gutmenschen?,1
@SteinbachErika Die Linke ist auch eine Nachfolger Partei der SED abschaffen? Auf jedenfalls eher als den 1.Mai.,0
"Lieber bezahlter Diener Putins, als Speichellecker einer korrumpierten deutschen Politik 😜",1
"CSU gibt in Obergrenzen-Debatte nach &gt; Hauptsache MACHT, was interessiert da schon die Meinung des eigenen Volkes 😜",0
"Das sind doch überwiegend junge Männer, die uns überrennen wollen. |LBR| Die illegalen Invasoren brauchen Arbeit - in Arbeitslagern - fair.",1
"@KrabatKabat @Westhim Nicht so schnell, infiltriere deine Feinde😉",0
"Ab heute kooperieren wir offiziell mit dem Berliner #Lageso, um den vielen Menschen dort zu helfen eine Unterkunft zu finden #refugeswelcome",0
Sigi in Moskau &gt; Lawrow u. Putin haben ja richtig gezittert vor Angst 😂😂😂,0
@LinkeSPD Bei freier Entscheidung jedes Abgeordneten wäre ich mir da nicht so sicher. 🤔,0
"@undayou Begreift bestimmt wieder kaum einer, was damit gemeint ist",0
Wer schützt eigentlich psychisch Kranke Menschen vor pauschalen Vorurteilen?,0
"@MarcusBornstell @zeitonline @rspaegean Wir wissen nicht, was Sie an dieser Stelle von uns wollen. Wir haben ein Interview einmalig hier gepostet. Wenn Sie das nicht interessiert, zwingt Sie keiner, unsere Tweets zu lesen.",0
Wer wählt denn noch SPD mit diesem schulischen Versager |LBR| Martin Schulz. 2 x sitzengeblieben. Der taugt doch nichts.,1
"@mastermikeg @machtjanix23 @Norbinator2403 @ennof_ @AthinaMala @troll_putin @NancyPeggyMandy @petpanther0 @info2099 @lifetrend @ThomasGBauer @SchmiddieMaik @charlie_silve @NoHerrman @willjrosenblatt @feldenfrizz @nasanasal @_macmike @ellibisathide @MD_Franz Um den Kugelschreiber und die Handschriften, kommt man nicht drumrum, das sind eindeutige Beweise. In der internat. Presse ist man sich einig.",0
@hab_kein_nick @OssiMarzahn |LBR| Sollen sie doch ihre sieben Sachen packen und Erdowahn direkt in der Türkei unterstützen! 🤑🖕👎,1
"@heiseonline Ein Vaterlandsverräter meldet sich zu Wort und die Welt hört zu.schlimm,schlimm,schlimm!",1
@thomashartl1968 Thema verfehlt. Sechs! Setzen ;),0
"Ach ja, so viel Presse heute, wir konnten noch gar nicht alles lesen und sehen. Ein aufregender Tag X :-) Wir hoffen ihr findet die Zukunft genauso spannend wie wir",0
"@DeutschPI |LBR| Den EU-KOMMISSAR braucht niemand mehr, der kann weg! 😛👎",1
Bratkartoffeln mit Sahne dein ernst Rainer,0
@Volker_Beck @fdp Abwarten. Was halten Sie übrigens von der guten alten Verfassungsbeschwerde? CL,0
@lawyerberlin @Heinrich_Krug Lasst sie endlich laufen wie sie wollen...jeder soll schlucken was er will...die Statuten des IOC sind so veraltet wie deren Organisatoren. |LBR| Tauft sie um in pharmazeutische Spiele....und alles hat ein Ende...!,0
"@mastermikeg @machtjanix23 @troll_putin @lifetrend @ThomasGBauer @SchmiddieMaik @AthinaMala @charlie_silve @NoHerrman @willjrosenblatt @petpanther0 @feldenfrizz @nasanasal @info2099 @_macmike @ellibisathide @MD_Franz Könntet ihr mich bitte aus dem Thread rausnehmen, das Klugscheißern von Ao und dessen oberlehrerhaften Bevormundungen gehen einem langsam auf den Sack. Danke",1
@BILD Oh Merkels Wähler wenden sich ab👍👍👍,0
"Flintenuschi kam heute in der Berliner Gedächtniskirche ""groß raus"" 😂😂😂 wo sie doch ihre ""Kriege"" u. ihre Söldner so liebt. 😂😂😂",1
@berlinerzeitung @LC180666 Nach einem Jahr!!!!! Das sollte sie sich besser schenken. Glaubt ihr eh niemand.,0
"Wer für unser Recht und unsere Sicherheit einsteht, hat die beste Ausstattung, eine gute Ausbildung und eine ordentliche Bezahlung verdient. Der Bund trägt seinen Teil dazu bei. Wir haben etwa das Personal beim Generalbundesanwalt seit 2015 um rund 17 Prozent aufgestockt.",0
@tagesschau Oh je jetzt wird Russland auch noch schuld sein wenn die AfD zu viele Stimmen bekommt!,0
"@GoeringEckardt Etwas was wir nie gebrauchen werden, sind die Grünen Deutschfeinde!!!!",1
"Während AfD-MdB Martin Reichardt seine Partei als Partei des Rechtsstaats beschwört, soll Security-Mann, der neben Poggenburg steht, anscheinend gezielt einzelne Pressevertreter fotografieren. |LBR| #de0701",0
@karina_vogel_de @DPhV Eine Entschuldigung würde Rückgrat voraussetzen...in einem derart linksgestrickten und realtätverzerrtem Klima nicht mehr oft zu finden...,1
"@NoHerrman Ich, ein Selfi mit Murksel???!!! Eher würde ich mich zu `ner Klapperschlange ins Terrarium legen.",1
Synodalvertretung beantragt Überarbeitung der Regelungen zum #Altkatholisch|en #Friedhof|swesen - #aksynode16,0
@ndaktuell Gottes Mühlen malen langsam aber fein!,0
"Viell. werden eines Tages die Akten all der Kohls, Merkels u. Gaucks geöffnet u. der gesamte Lug u. Trug um eine ""Einheit"" kommt ans Licht 😜",1
Das aussehen von Andre Teilzeit triggert mich am meisten,0
"@hdBerretz Diese ganzen Wahlen einschließlich dem was gerade passiert ist explizit seit 1990 eine Show für das dumme Wahlvolk um ihnen einen Staat und Demokratie vorzuspielen, und ich bin sicher du ahnst es zumindest, da selbst für große Zweifler all das keine anderen Schluss mehr zulässt",0
@BayernSPD @oezoguz @NataschaKohnen @spdde Wo kriegen die nur ihr Slogans ihre Schlagwörter her...? |LBR| 😂😂😂😂😂,0
"@POffer3 Link korrigiert, danke für den Hinweis",0
@APatzwahl @VonSchwer @phoenix_de Da der Islam im Grunde eine Rassistische Ideologie ist kann sie kein Theologe sein. Eher eine verwirrte Deutsche die sich gerne Lumpen auf den Kopf legt und sich Sharia gemäß gern von ihrem Mann falsch vorhanden verprügeln lässt.,1
"@westhexe Vielleicht, um ihr ansonsten schlechtes Gewissen - insofern vorhanden - zu beruhigen?",0
@focusonline Also ich habe bei dem Herrn eine deutliche Alters Demenz gesehen.,1
"@anna_IIna Das ist so gewollt und beabsichtigt... |LBR| Man will Zivilcourage gezielt demontieren, dazu erziehen lieber ein Feigling zu sein statt für den anderen einzustehen. |LBR| Ist dieses vollbracht dann wird es ein leichtes Spiel auf Übergriffe ....",0
"@BlondJedi @utawie Hoffentlich Bürgen sie auch dafür ,wenn das böse Erwachen kommt, kommt meine Schadensfreude!",0
@AfD @Georg_Pazderski @AfDFraktionAGH Der Luther wird sich im Grabe rumdrehen!,0
".@Martinschulz at ist best: ""Wir sind kein modernes Land"" und ""Wir sollten unser Land nicht schlechtreden"" - heute in @BILD_Politik. Hat der Mann keinen Pressesprecher, der Interviews redigiert? @spdde",0
Abends Gastredner beim Neujahrsempfang der SPD in Wissen im Westerwald.,0
"Ruete von @EU_Commission: Menschen sollen nicht als ""Verlierer in ihr Dorf zurückkehren"" müssen, wenn sie abgeschoben werden. #visioneurope",0
Kein Punkt von den Nachbarn nach Deutschland! Aber die Ukraine schickt 5 Pünkte nach Frank-Walter-Steinmeier!,0
"@MariusWKoehler @Tomsch24 @Georg_Pazderski Die Beschreibungen von Differenz ist nicht das Problem (auch wenn es keine homogenen Kulturen gibt), sondern die politischen Forderungen, die daraus abgeleitet werden.",0
"@LgJohnSilver Sie können es nicht! Sie scheitern am eigenen,falschen Demokratieverständnis. Gefühlsduselei regiert im v. IS erklärten Krieg!",0
"Habe eben ein eingestelltes Video gesehen, das kurz nach den Terroristen-Morden aufgenommen wurde! Ich hatte Wuttränen in den Augen!",0
@heinmax50 in Nutella ist zuviel Palmöl!,0
"@InesHenkler In etwa 😂 aber besser, als sich um Michelin-Nachwuchs kümmern zu müssen 😂😂😂",0
Nationalismus heißt nicht das man andere Völker hasst sondern das mein sein Volk liebt,0
"Wer hier Naziverhalten sieht, hat ein Rederecht. Auf dem Klo. |LBR| Scheisshausparolen gehören dort hin. 1683 haben wir die |LBR| Türken davongejagt. Ja",1
@berndfachinsson @Amygdala712 Das tut auch die #schweigendeMehrheit |LBR| Wie damals... Obwohl heute alle Informationen zugänglich sind...,0
@lawyerberlin @fdp @c_lindner Wenigstens hat Lindner Eier in der Hose gehabt und seine Wähler nicht verraten. Und ich hab diese Partei nie gewählt. Aber für diese Entscheidung muss man ihm Respekt zollen.,0
"@swobodzinski2 @ThomasOppermann Naja, dein Name sagt schon alles! Dumm und dümmer!!!",1
@anna_IIna Keine Angabe über Täterherkunft ist doch Aussagekräftiger als alles andere !,1
"@HartwigKummerle Danach fragt doch niemand, auch nicht, wenn Fettbacke behauptet, die Türken hätten Deutschland wiederaufgebaut.",1
@IQ_Stimulator @Boelscheline Andere mögen es ignorieren.....wir nicht ..!!,0
@GtzFrmming @Frank_Pasemann Wenn schon Schimmel dann Edelschimmel a‘la Gorgonzola!,0
@anna_IIna Deutsche Polizei? Ist wohl ein schreib Fehler. Der Brenner bildet die Grenze zwischen Italien und Österreich. Die Kontrolle ist dennoch lange überfällig.,0
"@AfD Das ist Erpressung am deutschen Volk, keiner will das, tun Sie endlich was ‼️‼️‼️",0
"#MeToo Mir ist heute eingefallen, das ich vor 52 Jahren von meiner Kindergärtnerin Sexuell belästigt wurde. Sie hat mir den Knopf an der Lederhose geöffnet als ich aufs Klo musste.",0
"73 Jahre nach dem Ende des #Holocaust, also der industriellen Vernichtung von 6 Mio. #Juden, heißt es in #Deutschland: Die #Deutschen werden den Juden #Auschwitz nie verzeihen. Erschreckend, wie viele den Verbrecher #Groening verteidigen, oder #Haverbeck feiern. #Antisemitismus",0
@prinzwilli89 Ja das stimmt. Es ist grad schwierig klar zu machen dass es nicht alle Inter* und dafür auch etliche andere betrifft. Wir arbeiten dran und könnten Unterstützung gebrauchen. #DritteOption,0
"@DaniloTepsa @Leonreas @Beatrix_vStorch Wo soll man da fortsetzen, wenn Linker Scheiß wie Fettsack Gabriel von Pack über einen nicht unerheblichen Teil des Volkes spricht, sollten, tendenziell Linksgerichtete, nicht mit Anstand kommen ! Ich respektiere keinen von denen mehr !Anstand setzt Respekt voraus,Fakt.",0
Die Diskussionen zwischen #Augstein &amp; #Blome spiegeln wunderbar die dekadente geistige Verblödung der politischen Presse wieder,1
Die DE ÖR Medien hetzen pgegen Polen angeblich keine unabhängige Justiz u hier in DE gibt es weder unabhängige Justiz noch Meinungsfreiheit,0
"@ainyrockstar @BJBerlinJournal Man sollte Merkel, wegen mittelbarer Unterstützung, einer Terroristischen Gemeinschaft Anzeigen. Denn sie hat erst möglich gemacht, das solche Menschen unkontrolliert gekommen sind.",0
@derlinkeleftie Ich bin absoluter Deutschlandhasser. Wenn ich bloß an Kehrwoche denke.. |LBR| Und der Faschismus nennt sich jetzt was mit Anti.... |LBR| Dauerbeleidigte Leberwürste sind übrigens auf einem satireaffinen Account falsch. Ich empfehle Katja Kipping,0
@Ratakaio @OberkanteU @AfDBerlin Aber doch nicht so einen wohlerzogenen Sozialisten wie HafenkanteDickelippe! Die raffens eifach nicht !,0
"@IsidorMeyer1 @noherrmann @franzchristian8 Das steht bereits im ""Kapital"" v. Marx/Engels 😜",0
"Wir freuen uns über einen neuen Besucherrekord: 165.000 Menschen waren gestern dabei, entweder als Teil der Parade oder am Straßenrand.",0
"@peterroger17 @artepmobil @YouTube Frage an Breitbart, für wen arbeitet ihr ⁉️",0
Wir und eine unserer vermittelten WGs sind gleich um 13h in der @ard im @mittagsmagazin zu sehen. Nicht verpassen :) #fluechtlingewillkommen,0
"@jasonwillsonkin @das_Ruhrgebiet Tröste Dich, es liegen täglich mehr Männer durch Dummheit im Straßengraben 😜",0
@lawyerberlin Eigentlich ist die Antwort einfach. Wer heute glaubt das Volksvertreter das Volk vertritt der glaubt auch das Zitronenfalter Zitronen falten,0
"@Platiniumray Dieses Arschloch vom Wetterdienst auf Hiddensee sprach gestern Abend von ""einigen Flocken"" 😡",1
@JensFriedmann @MiriamOzen Ab wieviel Uhr sind die geöffnet..?,0
"@Woxl0r @Bethel_Aktuell Mir wurde gesagt, für meine Tochter wäre bei allem guten Willen kein Platz mehr in der Gruppe.  Und was stelle ich fest? Für Achmett,  Abdul und Aya war auf einmal Platz.  Und deren Mütter müssen nicht auf biegen und brechen Geld verdienen... |LBR| #Alleinerziehende haben keine Lobby",0
Beschämend was sich Maischberger geleistet hat als Zuschauer dachte man weshalb lässt sich Bundeskanzler Kurz diese Unverschämtheit gefallen,0
@RT_Deutsch @AfD Zoff und Ärger mit den Unfähigen und Unwissenden..? |LBR| Das will ich hoffen deswegen haben wir sie gewählt...!!,0
2/2 Unsere Position zu Iran ist deutlich und unsere Stellungnahme hat diese reflektiert. Sie hatte nichts mit deutschen Politikern oder Bundesbehörden zu tun. Im Journalismus sollte es keinen Platz für solches Vorgehen geben. #JerusalemPost,0
@GegutGeschlecht Das Thema Klima ist bei den Grünen allzeit beliebt...früher sprachen sie sogar von einer Klimakatastrophe...😂 |LBR| Viel Ahnung von nichts..!,0
Der ISLAM ist ein KULT der auf einer sehr gefährlichen HETZ-und Gewaltschrift beruht die zu keiner Freiheitlichen Ordnung paßt !,1
"@mastermikeg @machtjanix23 @Norbinator2403 @ennof_ @AthinaMala @troll_putin @NancyPeggyMandy @petpanther0 @info2099 @lifetrend @ThomasGBauer @SchmiddieMaik @charlie_silve @NoHerrman @willjrosenblatt @feldenfrizz @nasanasal @_macmike @ellibisathide @MD_Franz Kann nur empfehlen, den zu blockieren.@machtjanix , der hat null Inhalte und belegt hier alle.",0
"@DAZN_DE Pech würde ich nicht sagen,dass war kein halten des Niveaus um nach vorne zukommen.Also noch eine Alltagsfliege wie Hopp!",0
Nicht vergessen: Heute um 18 Uhr Rainbowflash auf dem Hansaplatz aus Anlass des Internationalen Tages gegen Homo- und Transphobie. #IDAHOT,0
"JC Neubrandenburg entscheidet nach dem Motto &gt; nur ein toter Deutscher ist ein guter Deutscher, Leistungsverweigerungen verkürzen das Leben😜",1
"Donald Trump, Du bist böse, sehr böse. So viele Milliarden Dollar. Da muss für einen |LBR| gerechten Ausgleich gesorgt werden. 35 % Strafsteuer.",0
"@ARD_BaB @sigmargabriel Gabriel ist widerlich und unverantwortlich. Wird Zeit, dass er schnellstens verschwindet",1
"@Korallenherz Hi, ist das nicht dieselbe?",0
"@DanielBuschman3 @pinselpoetin Man kann und sollte es tun, darf jedoch nie eine gewisse Ausgewogenheit gegenüber seiner Wähler vergessen 😜",0
"@Steffmann45 @troll_putin @petpanther0 @mastermikeg @machtjanix23 @Norbinator2403 @ennof_ @AthinaMala @NancyPeggyMandy @info2099 @lifetrend @ThomasGBauer @SchmiddieMaik @charlie_silve @NoHerrman @willjrosenblatt @feldenfrizz @nasanasal @_macmike @ellibisathide @MD_Franz Bursche, Du hast keine Ahnung und kannst offensichtlich auch nicht Tatorte analysieren. Follower hast Du auch kaum, zieh ab, PS Bilderberger waren in D bis zum Treffen in Dresden auch Verschwörungstheorie - Gott gibts doofe Leute in D!",1
"Happy birthday! Wir freuen uns darüber, das wir mit eurer Hilfe nach einem Jahr für bislang 195 Geflüchteten eine Bleibe finden können!",0
"@Margit030 @SirSchnee Wer schützt uns vor den Aids verseuchten Negern,werden die überhaupt untersucht ?Aber erst mal auf uns losgelassen!",1
"#Heidenau &amp;heute wieder Mail an uns:""Keine Gnade mit euch Landesverrätern"" Was wird unternommen gegen Rechtsextremisten?!Wo ist die Politik?",0
"@DuHugonotte @ZDFmoma #G20 Chaoten haben Baader-Meinhof Strukturen ,ihre Visagen müssen auf Fahndungsplakaten an Litfaßsäulen und Plakatwänden zu sehen sein!",1
"@VeroniqueBantau @AndreZeven Falsch. Wir ""verdienen unser Geld"" aus Spenden unserer Unterstützer*innen. Denen - wie auch uns - wäre es sicherlich mehr als Recht, wenn es weniger Elend gäbe.",0
@FAZ_Wirtschaft @Tinimaus1110 Und es wird noch weniger wenn er sich weiter von Merkel leiten lässt!,0
@ReissPat @DaFancyTrancy @RobertWillacker @SPIEGELONLINE @marga_owski Genauso wenig wie Seitenscheitel oder Lockenpracht. Deswegen hat das BVerfG ja auch gesagt dass der Gesetzgeber auf die Geschlechtsangabe auch ganz verzichten kann. Vielen Dank für den guten Vergleich! #dritteoption,0
"Den Islam zu verlassen ist in vielen Ländern illegal &amp; wird oft mit dem Tod bestraft. Hat die UN jemals dieses Problem angesprochen? |LBR| Aber sie würde es sofort, wenn ein Muslim davon betroffen wäre in einem Land, wo es illegal wäre Muslim zu sein und die Todesstrafe drohen würde.",0
@lauermanfred @ndaktuell Auch Antifaschisten und Linksradikale sind der deutschen Gerichtsbarkeit unterworfen.,0
"@Rivanov5 @KorruptPolitik @cducsubt Mensch, Kauder müsste sich doch bepissen vor lachen, wenn er über diese Lüge nachdenkt 😂😂😂",1
Gleich ist Mareike aus unserem Team im Gespräch bei @UraniaBerlin u.a. mit den Staatssekretären Daldrup und Gerstle zum Thema Unterbringung,0
@BrosiusRolf @Grals_Hueter @RegSprecher Das Heer ehemaliger Soldaten die im Kalten Krieg gekämpft haben. Ist jederzeit in der Lage diese Regierung zu stürzen.,0
"@Alice_Weidel Oh bitte, lassen Sie Gott aus dem Spiel.",0
"@benniH Nein, da ist mehrfach bloß vom Familiennachzug zu subsidiär Geschützten die Rede.",0
"@AnneWillTalk @cem_oezdemir @DasErste Der größte Finanzbetrüger aller Zeiten, trifft einen Grünen deutschfeindlichen Türken! Diese Dummlaberei sollte sich niemand antun!",1
"Zum #Iran sich ausschweigen, aber #Israel, die einzige #Demokratie in der #Levante, einen Apartheidstaat nennen, ist purer #Antisemitismus! Die #SPD hat ja anscheinend einige Kandidaten, wie #Schulz, #Gabriel &amp; #Steinmeier. Eine #GroKo 2.0 Regierung wird #Deutschland schaden!",0
"Riesiger Sturm in D - die ersten Toten gibts auch - Züge dürfen nicht mehr fahren - alles also ganz normal, bis auf den Umstand, dass der CERN auf Hochtouren läuft. Aber Geoengeneering gibts ja angeblich nicht. Hier in Ungarn ist übrigens nichts.",0
@Beatrix_vStorch @krippmarie CDU soll mit Merkel und SPD weiterhin mit Schulz...!! |LBR| Nur so kann das endgültig beendet werden.....😃😃😃😃,0
"@MiRo_SPD Interessant wäre zu wissen, welche Schlussfolgerungen die iranische Seite daraus zieht. Bisher gibt es va zu Israel keine Änderung",0
"@FrlUrban Vielmehr - Liebe passiert manchmal einfach. Sie fragt nicht: ""Wer bist du und wie definierst du dich?"" Sie geschieht.",0
"@RegSprecher Einziger Lichtblick für alle Deutschen, die AfD!",0
"@anna_IIna So sieht es in einem Land aus welches vor der Verblödung steht...ich hasse dumme Menschen, erst recht wenn es meine eigenen Landsleute sind...furchtbar",1
wer weis wie das Verb zum Schreiben von Whatsapp Mitteilungen heißt? |LBR| whatsappen! oder |LBR| whatsen!,0
@realDennisLenz etwas parteitag und so 😎,0
@krippmarie Obwohl sie zurecht als verlieren gelten dürfen sie dennoch weiter regieren....,0
"@Rauten_Ratte Noch nix von Neusprech und political correctness gehört?  Linke zeigen einen an und mobben einen aus der Gesellschaft,  wenn man unbequeme Wahrheiten benennt. Man ist ein Hetzer... Im alten Testament nannte man solche Leute Propheten",0
@AsbHartzer4 Du bist hier der Hartzer steht sogar in deinem namen uff,0
@AthinaMala @Kreuzritter1099 Das recht auf Körperliche Unversehrtheit ist ein Grundrecht das von Juden und Moslems mit Füßen getreten wird. Genau wie das Schächten.,1
"Den Krieg in London sofort beenden. Alle Befürworter des Islam |LBR| dorthin verjagen, wo das Gedankengut herkommt. Friede in Europa.",1
@SusanBrenning @krippmarie Es waren nur ca 26%..nach den Geschehnissen immer noch viel |LBR| Der dumme 🇩🇪braucht halt noch eine vor den Latz...erst wenns richtig weh tut....,1
@MadamePlissee @Frau_Al3X Eine tolle Frau. Aber sie muss sich verstecken. Und wartet auf Verstärkung,0
»Unsere« Regierung von #Deutschland unter #Merkel widert mich an! Der #SPD-Antisemit @sigmargabriel hat nach #Trump‘s gerechtfertigten #Jerusalem-Act sofort die #USA &amp; #Israel gemaßregelt. Doch der #Iran wird nicht kritisiert. Der #IranDeal scheint ihm ja wichtig zu sein…,0
"@APosener @OssiMarzahn76 Sie unterstellen dem user @OssiMarzahn76 ,keine Ahnung zu haben.Dann ist es ja nur legitim, daß man Ihnen+Gattin das gleiche unterstellen darf?Auch e Schule ist nur e Mikrokosmos.Der Naivität mancher Menschen sind-wie d Vergangenheit zeigte (#amri etc)-wohl keine Grenzen gesetzt.",0
@itscz_org ich habe geschrieben Zwang GEZ und Inhalte ARD ZDF sind zu kritisieren,0
@ErtuerkAslan @ShiwaMustafa Kotz deine Propaganda wo anders aus. Hier bist du falsch.,1
@ainyrockstar Auch Niederlagen müssen gelernt werden....😃😃 |LBR| SPD unter 15%....wer hilft mit..??,0
"@FelisEfeutraum @welt Es ist nicht die Aufgabe von Massenmedien, solche Asylanten-Sauereien zu verschweigen!!",1
@BejuBinich @Heinrich_Krug Das liebe Geld....schade das es die Falschen haben ..und noch Falscherer die darüber verfügen dürfen ....,0
"@SchlimmeHelena @KranzMarkus @welt das Thema ist emotional genug, es wäre doch schön, auf persönliche Angriffe verzichten zu können.....",0
@RT_Deutsch Mit Grünen und FDP wird nix möglich sein außer faule Kompromisse...diesen Schlammmasse haben wir selbst verursacht..! |LBR| Und Österreicher berichten über sich atmosphärische gute und konstruktive Verhandlungen..! Davon können wir nur träumen,0
Geheimdienste sind staatlich bezahlte und subventionierte Klatsch &amp; Tratsch &amp; Intrigen Organisationen ohne Verantwortung für irgendwas,1
@lawyerberlin Die werden auch noch feststellen das der Fan /Besucher ihre Irrsinnigen Gehälter bezahlt.,0
"@machtjanix23 @Norbinator2403 @ennof_ @AthinaMala @troll_putin @NancyPeggyMandy @petpanther0 @info2099 @lifetrend @ThomasGBauer @SchmiddieMaik @charlie_silve @NoHerrman @willjrosenblatt @feldenfrizz @nasanasal @_macmike @ellibisathide @MD_Franz Oho - Bedrohung für ein international erhältliches Buch !Lächerlich. Passt Ihnen wohl auch nicht, die Nachweise aus Israels Geburtenabteilung. PS Er hat nicht den Holocaust geleugnet, den gab es, aber die Zahl stimmte nicht, das hat er nachgewiesen.",0
@KazuyaIttegoya @morgenmagazin @L_vonMontfort was sie so alles wissen 🧐,0
"@China_Welt_News Da die FDP eine undemokratische Partei ist, würde dies auch keiner von der AfD wollen!",0
"@anna_IIna Nix abgeschoben....13jahre sind zwar zu wenig, aber für die Gitterstäbe bezahlen wir gerne. |LBR| Danach die Ratte entsorgten..!!",1
@ToniKroos Nehme an Kroos und noch einige andere Ball-Millionäre nehmen Drigen!,0
"@jonworth @RobertHabeck @grafwer Das ist eine Antwort, die mich fast erschreckt. Wegen des Bildes, das du von @RobertHabeck hast. Und wegen “Niemand ist wichtiger als die Partei.” Vielleicht reden wir mal in Hannover darüber.",0
"@RegSprecher Praktisch haben einige europäische Dummköpfe beschlossen, einigen Verbrecherkollegen in Afrika mehr Geld zu schenken!",1
Ich werde Opa. Es gibt sogar noch schöne Dinge im Leben!!!!,0
@Beutebadener @LeggaKnoppers @KotzenderStern @destatis Ethnische Deutsche also schon einige Generationen,0
Politiker von CDU CSU SPD sind eine große Gefahr für unser Land sie Posaunen in die Welt das DE 220.000 Invasoren aufnimmt + Familiennachzug,1
"@KokoLores20 @krippmarie A) ist die BRD kein Staat, und B) es interessiert die auch nicht was die Bewohner des Vereinigten Wirtschaftsgebiets denken, denn die sind nur selbsternannte Sklaven die immer wieder den gleichen Fehler machen!",0
Flüchtlinge fliehen nach Deutschland parallel dazu lassen sie ihre Familien in der Heimat sterben sehr ehrenhaft....,1
"@franzchristian8 Mir reicht, dass ich diesen Feigling aus Rostock 1989/90 kenne. Er wurde ins ""Licht"" geschoben, dieser Gauckler 😜",1
@cpt_huck @SPIEGELONLINE So reden nur Vasallen Merkels!!,1
@sportschau Typisch Deutsch.Einmal Weltklasse dann Kreisklasse!,0
@machtjanix23 @Norbinator2403 @ennof_ @AthinaMala @troll_putin @NancyPeggyMandy @petpanther0 @info2099 @lifetrend @ThomasGBauer @SchmiddieMaik @charlie_silve @NoHerrman @willjrosenblatt @feldenfrizz @nasanasal @_macmike @ellibisathide @MD_Franz Das BKA Gutachten siehe Spiegel-Artikel ist sehr eindeutig.,0
"Die EU-Finanzverbrecher drangsalieren das Griechische Volk weiter, bedienen sich u. ihre kriminellen Banken 🤢🤢🤢💩",1
@KrahMax @GiKi56534206 An alle Pferde Hunde Katzen Kühe usw....ihr seid voll im Arsch...!,1
@focusonline Genau so einen Schwachsinn hat die Welt noch gebraucht.,0
"@DanielSeuffert Nööö, ""die schon länger hier Wohnenden"" müssen vielleicht bald ""Armbinden"" tragen 😜",0
"Der ""Pirat"" muss den Champagner nicht öffnen. Mit einer vollen |LBR| Flasche kann er sich seine üblen Wünsche besser aus dem |LBR| Kopf schlagen.",1
Morgen Abend schmeißt d Verein #FluchtnachVorn eine Geburtstagsparty für Michael Genner! Sparkassaplatz 3 in good ol' 15.Bezirk! Wer kommt?,0
"@andythebearr Mitglieder des Bundestages drohen nicht mit Krieg, sondern werben parlamentarisch für Ihre Inhalte.",0
@AndreZeven Ich beende gleich die Nachtschicht und wünsche ebenfalls einen (kalten) guten Morgen.,0
"@von_Steiner Huhhhhh, Fritz, Du jagst mir richtig Angst ein 😜",0
"@Neverends2017 Gleich = mit gleichwertig gemeint. Klar sind Frau und Mann nicht gleichgeformt, sondern unterschiedlich :)",0
@HugoMuellerVogg Ich hab ein Herz für die Bad Boys.,0
@welt Nur noch Geisteskranke Politiker in der Regierung!! Es muss ein Ende haben!!!,1
"@Reporter_Flash Muslimischer Antisemitismus muss dokumentiert, benannt und mit allen Mitteln des Rechtsstaats und der Zivilgesellschaft bekämpft werden. Gleichwohl: Mit vielen der abgebildeten Meinungen sind diese ""jungen Moslems"" doch bestens integriert. Die Darstellung scheint uns fragwürdig.",0
"Das Merkel-Regime wird alle Machtmittel einsetzen,um sich an d. Spitze dieser DIKTATUR zu halten. ""Denke ich an Deutschland in der Nacht...""",0
"@ForIrene @HMS_Sealord_HRO |LBR| Winter, was ist das? 😉😂😂",0
"@welt Hallo Deniz, du kannst dort verrecken!! |LBR| Bitte wörtlich übersetzen!!!!",1
@ndaktuell @PolizeiSachsen Es gibt auch einen Bestandsschutz!!! Aber das geht den Buntmenschen gegen den Strich!,1
"@Ralf_Stegner Immer rinn mit de Moslems. |LBR| Und atmen Sie mal tief durch Herr Stegner, sie wirken immer voll verspannt. Der atmende Rahmen der Grünen war doch ein guter Ansatz.  Soll ich Ihnen mal die Schultern massieren, damit das Hirn wieder O2 abbekommt?  😘",1
Super BVB kriegt aufs Maul 1:3,0
"@Varg_I_Veum Fakt ist auch, das dieser Bürgermeister über die Köpfe seiner Bürger hinweg entschieden hat, mehr Flüchtlinge als er muss und kann aufzunehmen. Bekommt dafür von Merkel sogar öffentlich einen Preis verliehen. Das da mal ein Bürger ausrastet war abzusehen.",0
"Es ist völlig falsch, jetzt neue Posten wie einen zusätzlichen Vize-Kanzler zu fordern.",0
@ndaktuell Ihr seit Saboteure am deutschen Volk!,1
"Von Storch führt CDU Nadine Schön rethorisch zum Thema #Alterfeststellung vor und zwingt sie, zuzugeben, dass die CDU |LBR| für |LBR| die Feststellung ist. Dennoch Antragsablehnung, weil AfD im Antrag |LBR| nicht |LBR| das Wort ""Hilfe"" erwähnt. |LBR| Kannste Dir nicht ausdenken. |LBR| @AfD @RolandTichy",0
@SoenkeRix @Ralf_Stegner Sollten Neuwahlen kommen....wird AfD mehr Punkte haben als SPD..!,0
"@jutta_ditfurth Ich glaube, wir Ezropäer werden es nie verstehen, weshalb die Türken einen so abtrünnigen Hass auf die Kurden ausüben.",0
@mortalhope1 Im Landkreis Mecklenburgische Seenplatte in der Nähe von Blankensee 😂😂😂,0
@BonkeKolja @na_presseportal |LBR| Und sofort Knüppel auf'n Kopp!,1
@MadFWagner @Palma07001 Wo er recht hat hat er recht!,0
@Varg_I_Veum @Magoorooma Sie denkt eben rational. Erst nach dem 3ten Anschlag rechnet es sich zeitlich und Mengenmäßig mit den Menschen zu reden. Man darf da nichts überstürzen :-),0
"Der Maas benimmt sich sehr undiszipliniert und kann nicht zuhören, |LBR| wenn Frau Weidel eine Frage beantworten soll. Er unterbricht sie |LBR| ständig. So geht das nicht.",0
"@tazgezwitscher Selbst Schuld,hat kein Gespür für Bürgerwillen!!!!!!!!",0
@dawoedmasta @Martin_Sellner Und ?? Ärgert dich das du Kernseifenloser?? Schön !,1
@HelalBeauty Bei mir gibt's heute Hot Dog. #vegan 🌭,0
@ainyrockstar Kroatien-Slowenien-Österreich-Tschechien-Polen bist Ostsee.....eine schöne Migranten/Moslem/Burka-freie Rundreise..!,1
"#Halbneger ( also zum Glück nicht ganzer) und ein gerügter Mitarbeiter - Wieviel Relativismus und Abgestumpftheit, bezahlt vom Steuerzahler, bedarf es eigentlich noch, um klar zu werden, das was nicht stimmt in unserem Land ?! Un’ welche Revolution noma‘ ?",1
@WELT_Politik @Awp2015Awp Genau😃😃 |LBR| Und beide sind fähiger...das wurmt Die Grünen....!,0
"Es steht fest, dass türkisch-österreichische Staatsbürger gegen die |LBR| FPÖ stimmen. Illegale müssen bestraft und dann abgeschoben |LBR| werden.",0
@shlomosapiens @KrahMax Der dumme deutsche hat sich entschieden....jetzt wird alles nur noch schlimmer....,1
@myrkwaldr Ich war 34 und kann den heutigen Dreck sehr gut beurteilen 😜,0
"Welcher SPD soll ich glauben,etwa der,die Begriffe wie sozial u. demokr. seit Jahren verraten hat,die mich üb. Gabriel als Pack bezeichnet?",0
"@Adrianohef @GuidoReil @WDR @drumheadberlin @Alice_Weidel @tagesschau @heuteshow @MartinSchulz Habe mit einer besonders ""guten"" Arbeitskollegin kurz über Migrantenkriminalität gesprochen.Sie sagt,sie lese schon gar keine Zeitungen/Berichte mehr. Ich sagte:das erklärt einiges...",0
@ER_Bayern Wir können die Frage spontan nicht beantworten. Die Kirche macht sich für Nächstenliebe stark - und die kennt keine Nationalität.,0
@undayou Es hätte noch viel mehr rauskommen können...Stichwort Plasma - Akte...,0
"Helmut Schmidt hatte allein mehr Verstand, als die gesamte Berliner Muschpoke zusammen 😜",1
"@GlaubeNichts Na, das ist aber schon grenzwertig in Anbetracht Schulz seiner ""Locken"". Könnte sich zu seinem Rachefeldzug entwickeln 😜",0
@info2099 @petpanther0 @AthinaMala @charlie_silve @ThomasGBauer @feldenfrizz @_macmike @NoHerrman @ellibisathide @Miquwarchar @MD_Franz Nicht öffentlich? Die Firma Rheinmetall hat schon ein öffentliches Werbevideo auf youtube,0
"Etwa 200-300 Personen bei ""Soli-Kundgebung"" für Ken #Jebsen. Hetze gegen Israel darf nicht fehlen. Evelyn Hecht-Galinski setzt am Ende dem ganzen die Krone auf (""Israel mordet genauso wie damals...""), ehe ""der große Meister"" (Fikentscher über #Jebsen) per Audiobotschaft spricht.",0
@SuperSitges2 Waren es Bullterrier oder doch nur Pudel..?,0
"@Europa_1492 @Sarastra Merkel ist schnell auf den ""Abschiebungszug"" aufgesprungen u. diese ""Schreihälse"" sind Produkt ihrer verfehlten Flüchtlingspolitik 😜",0
"#Phoenix |LBR| deMaiziere: ""wir wollen keine Anreize schaffen, dass diese(subsidiären) ""Schutzsuchenden"" |LBR| hierbleiben. Sie sollen zurück in ihre Heimat.""",0
@choolie211 @AchimW Sicher das Sie noch im Land ist?!,0
@sigiber @Joemino @nasanasal Sigi ich geb dir recht...allerdings wenn ich von solchen Urteilen nich selber schon mehrfach gelesen hätte würde ich es auch nicht glauben!,0
@Wilson20Erik Frag dich doch mal wer für die Armut mitverantwortlich ist.,0
Jetzt werden sich alle brav von Bundespräsidenten in die Pflicht nehmen lassen und noch einmal miteinander reden. Aber tatsächlich kursiert zwischen den Parteien schon ein Datum für Neuwahlen: 22.04.2018 |LBR| #JamaikaSondierung #Steinmeier,0
@AlexM7117 @keeprespect79 Solange der Blödelsender RTL die dummen deutschen weiterhin mit Hirnfutter versorgt bleibt alles wie es ist...!,0
"@noherrmann @Eddie_1412 Die ist nicht nur peinlich,hat einen Riss in der Schüssel, das Unfähigste, was mir diesbezüglich bisher begegnet ist",1
Entweder Deutscher oder Türke. Wer gerne türkisch leben möchte -Idee- ab in die Türkei. |LBR| Dort könnt Ihr Erdogan dienen.,1
@anna_IIna @GiKi56534206 Dieses Schwein darf nicht abgeschoben werden...noch nicht...der soll erst seine Strafe absitzen und deutscher Knast ist kein Urlaub. |LBR| Dafür bezahle ich gerne extra...!,1
Schleusern muß man das “Handwerk“ legen. |LBR| Welch eine Beleidigung deutscher Handwerker. |LBR| Menschenhandel ist kein Handwerk-&gt;sondern Verbrechen,0
"@SteinbachErika @krippmarie Sie haben aufgehört zu lesen...und zu denken..! |LBR| Die AfD mit in der Runde das ist schon gut, aber die Grünen das ist ein fataler Fehler.",0
"Wenn Saudi Arabien, Iran, Türkei und Katar unsere Verbündete im Kampf gegen den Terror sind, wer sind denn unsere Feinde?",0
Was zum Teufel läuft denn da beim TV durchschalten mit dem bescheuerten Schulz ?Der Blödmann will alle aus dem Parlament schmeißen ? IDIOT !,1
@BejuBinich @haitabu1 Wir haben Jerusalem vom Islam befreit und das heutige Banken System erfunden. Wer oder was sollte uns aufhalten. Merkel oder Maas etwa. Lachhaft,1
"@GoeringEckardt Wer nichts in einer Renten- oder Krankenversicherung einbezahlt hat, darf auch keine Leistungen über Sozialniveau erwarten!",0
"@welt Ich habe mal geträumt,ja ein Albtraum, ich wäre der SED-Stasi-Trulla auf Ohrfeigenabstand nahe gekommen und mit jedem Watschen wurde sie häßlicher und gruseliger. Erst als ich die Faust einsetzte bekam ihre Horrorfratze die Schönheit die sie verdient !",1
"@Korallenherz Ist das wirklich das produktivste was du hinzuzufügen hast, während wir ein Zimmer für eine geflüchtete Person suchen?",0
"Merkel schaffte es, sich bis an die Seite der FDJ-Führung der DDR zu schleimen, um diese später zu verraten. Heute macht sie es auch so 😜",1
@focusonline Wenn ich das Wort schon höre Transgender,1
"@anna_IIna @IsidorMeyer1 Ist aufgezeichnet, euch kann man wirklich alles erzählen ‼️",0
"@Ismailtipi In Berlin gibt es eine Ausstellung, in der Terroristen als Märtyrer dargestellt werden. Was ist ihr Statement dazu???",0
"@Amygdala712 @HolgerEwald1 Bei wem haben die die Umfrage gemacht, euch kann man jeden Scheiß erzählen ihr glaubt einfach alles was die Systemmedien euch weiß machen",1
"@MrElatan Vor allem Rechtspopulisten &amp; #AfD-Sympathisanten verteidigen #Gröning, kritisieren das »harte Urteil« &amp; feiern gleichzeitig die #Holocaust-Leugnerin #Haverbeck als »Heldin der Wahrheit«. Das Krankheitsbild lautet: Deutsch-nationaler #Antisemitismus NACH #Auschwitz in #Deutschland",0
@ilsegott Ich möchte ihn mal..für ne kurze Zeit....aber dieser Bayer ist wirklich ein Waschlappen,1
@SPIEGELONLINE Wo waren die bei der Demo gegen Terror??,0
"@DanielSeuffert Jede Staatsanwaltschaft kann s.g. ""hausintern"" Vorermittlungen einleiten. Allein mit Dummheit ist der BER nicht zu begründen",0
@roland783 @krippmarie Es gibt schon blöde Menschen...unverständlich das sich deutsche immer vordrängeln müssen....,0
@KokoLores20 @MiriamOzen Die Frage sei erlaubt...wie können Asylanten auf regulärem Weg in ihr Heimatland zurück ohne Spuren zu hinterlassen? |LBR| Märchenstunde?,1
"Pünktlich zum Wahlkampfauftakt ziehen sich unsere politi. Raubtiere Berlins d. Lammfell über, um weitere Jahre im gleichen Trott zu agieren😜",1
@FraukePetry @Tinimaus1110 Wir müssen zulegen und Merkel vernichten!!!,1
"@BMFSFJ Wie sehr die Denker im Land tatsächlich händeringend fehlen, beweist vor allem dies Ministerium täglich neu.",0
"@PicadoFogo @ShiawaseAi Maischberger um 22.45 Uhr, in der ARD!",0
"Es wird für d. NATO keine ""Position der Stärke"" mehr geben, es gab sie nie! Wir hatten Glück, dass kein ""Dorfpolitiker"" den ""Knopf"" drückte😜",0
Georg Restle treibt immer noch sein Unwesen gespickt mit Hetze u Fake News gegen die AFD in d ARD dieser Schweinejournalist gehört entsorgt,1
@Fraulein_Antje @123Lenchen Weist du ob sie überhaupt noch im Land ist?,0
"Seit Merkel wird immer offensichtlicher, das POLITIK nur noch zum Zweck der BEREICHERUNG der eigenen Konten, zum Raubrittertum verkommen ist !Man kann nur noch auf AfD hoffen, weil sie die einzigsten sind die Politik aus Befüchtungen heraus betreiben !",0
@maischberger @Die_Gruenen @CDU @spdde @ToniHofreiter Auch wenn es ihnen nicht gefällt. Herr Kubiki und die SPD sind in der Runde die einzigen mit Rückgrat. Die FDP hält Wahlversprechen. Und die SPD hält nicht den Steigbügel für Merkels Macht Erhalt. Grüne kriechen in jedes Bett. Hauptsache sie sind mit in der Regierung.,0
"Das Foto des Jahres finde ich pietätlos u. Ausdruck dafür, wie tief die von der Politik vorgelebte Hetze gegen RU in Medien verwurzelt ist 🤢",0
@Report_Antisem @littlewisehen @fr Dieser Hass auf Juden und Christen wird importiert...und alle jubeln und klatschen |LBR| Von AfD geht keine Gefahr aus....jede Partei hat in den eigenen Reihen Kleingeister. |LBR| AfD ist definitiv kein deutsches Problem,0
@Hartes_Geld @c_lindner Ja das ist das Ergebnis wenn blinde auf taube treffen....und das die nächsten 4 Jahre...holly shit,1
@DB_Info Täglich lese ich über Notarzteinsätze bei der DB aber ohne Hintergrundinformationen.🚇🚊Was macht ein Arzteinsatz erforderlich.,0
"@leoknauf @johannesdal Und, welche schließen diese Dinge aus? Keiner der Ausrichtungen. Weder die Sunniten, noch die Schiiten oder Wahabiten. ich beende das nun. Informieren sie sich einfach mal unabhängig zu manchen Religionen.",0
@rpo_politik @rponline Die bekommen auch kein Fahrverbot!! Wessen Brot ich esse dessen Lied ich spiele!! Das zeigt wie korrupt diese Regierung ist!!!,1
Ermittlungen gegen Täter: 6 Wochen - gegen Ermittler 9 Jahre. Opfer wurden als Lügner diffamiert.,0
@Beatrix_vStorch @krippmarie Niemals...die Deutschen lieben diesen Dreck....für deren Verbleib werden sie die anderen bekämpfen,0
In Deutschland wird wieder hartes Klopapier eingeführt. |LBR| Damit auch der letzte Arsch Rot wird |LBR| #spd #linke,1
Unsere Kirchenmänner sind nur vom Staat bezahlte Facharbeiter.Bei jeder Lohnerhöhung sind sie mit dabei.Wie wäre es wenn sie nur von dem leben müssten was im Klingelbeutel ist. Dann würde sich die Spreu vom Weizen trennen.Nur so erkennt man die berufenen!,0
"@gerhard_mangott @BSchmeitzner @EvgenyFeldman Vorbehalte gegen Nawalnij, die NYT, den Fotografen, der Fotos freigibt oder das Foto? Oder die Nawalnij-Kampagne?",0
Schröder macht sich zum russischen Söldner. #TVDuell,1
@Pxg96fcb Trotzdem kann mans ändern jeder ist selbst der Widerstand,1
@KaiserDesRap Vllt sind wir von der selben Mutter und wurden nur getrennt Bruder,0
@DanielFreyGER @Hartes_Geld Kleinstaat Tschechei läßt keine Moslems in Land. Die #EU schon. Also lieber Kleinstaat der Interessen seiner Bürger vertritt,0
@ArchangelBlue58 Habe auch gespendet für den Untergang der Verkrusteten Altparteien.Nieder mit den Fettbäuchigen Altmaiers!,1
"@machtjanix23 @Norbinator2403 @ennof_ @AthinaMala @troll_putin @NancyPeggyMandy @petpanther0 @info2099 @lifetrend @ThomasGBauer @SchmiddieMaik @charlie_silve @NoHerrman @willjrosenblatt @feldenfrizz @nasanasal @_macmike @ellibisathide @MD_Franz Man lügt in D und verblödet die Massen. Ich sage doch, D ist das Nordkorea in Europa in Sachen Information und wenn man Beweise auf den Tisch legt, werdet ihr zu Mimimis.",0
"Tief betroffen über Morde v #LasVegas. Mein Mitgefühl,auch den Hinterbliebenen. Und Schande über all die #fake -newser, die Leid instrument.",0
@Carrera_73_RS @BonkeKolja @SPIEGELONLINE @DrDavidBerger |LBR| Nicht nur Linke Politiker decken die Antifantenbrut! 👎 😨 👎,1
@BonkeKolja Schiebt die Linken direkt mit ab! 👍 😂😂😂😂,1
Was soll dass 220.000 Invasoren dürfen kommen + Familiennachzug u Hunderttausende die an der DE Grenze dass Wort Asyl stammeln können |LBR| AFD,1
"#Dieselgipfel: Erster, kleiner Schritt. Weitere müssen folgen. Ende der Schummelei, Verbraucherinteressen wieder im Mittelpunkt stellen. (1)",0
"Für mich sitzen d. Populisten in d. CDU,die mit ihren einfachen Lösungen ein ganzes Land verraten,verkaufen u. d. Bürger vorsätzlich belügen",1
#Myanmar #Islamisierung: Aber irgendwie muss das globale #Dreckspack wohl von seiner krachenden Niederlage in #Syrien ablenken,1
"Antrag 31 wird aufgerufen: Es soll geklärt werden, wer als Geistlicher im Ehrenamt betrachtet wird und wer nicht - #aksynode16",0
"@simplart Hallo ""Bruder im Geiste"", ich habe Dich schon vermisst 😜 Und, selbstverständlich, sonst ""rutschen"" sie nicht und ein Pfeifchen 😜",0
@himbeerhans @stfries @AuswaertigesAmt 6. Wer das alles glaubt o verbreitet ist auf antiisraelische Hetze hereingefallen o selbst einer. Daher Frage: wann u wo hat Isr. angeheizt?,0
@MiriamOzen Deswegen bist du auch ein Freund von mir. Und hast den Ritterschlag bekommen.,0
"Der ""Heuschreckenschwarm"" aus dem ""Süden"" zieht erst weiter, wenn selbst der letzte Mülleimer leergefressen ist. 90% wollen arbeiten??? 😂😂😂",1
@KrahMax Kirche und Staat sind aus gutem Grund getrennt. Sie sollte neutral sein und sich nicht zu Politischen Statements hin reißen lassen. Der Makel des Verrates haftet seit dem 13 October anno 1307 an der Kirche und ist nicht vergessen.,1
Wahl der Rechnungsprüfer auf der #altkatholisch|en #Bistumssynode 2016 in Mainz - #aksynode16,0
"@HugoMuellerVogg @TheBorisBecker Das mag alles sein,. Möchte aber nicht wissen, wieviel Steuern unser Staat insgesamt aus dem Aufblühen des Tennis-Zirkus durch unsr ""Bobbele"" kassiert hat über die Jahre. Ich mag das Kratzen an unseren wenigen Helden nicht. #StandwithBoris",0
"@welt Richtige Entscheidung! Über die #UNESCO wurde #Antisemitismus weiter salonfähig gemacht. Wer öffentlich behauptet, dass #Juden keine geschichtliche Verbindung zur #Kotel, #HarHaBait &amp; generell zu #Jerusalem hätten, der will nicht nur #Israel schaden, sondern auch dem #Judentum!",0
"@zeitonline_stud @zeitonline Danke, dass ihr @FlchtlngWllkmmn verlinkt habt. Allerdings haben 286 Menschen vermittelt und nicht 80!",0
"@Titania0001 @Jala_varietas @blacknarga300 @damian_tamwood @AliCologne Wie oft man auch versucht es euch zu erklären wo die wahren Hintergründe liegen, es bleibt leider nichts hängen .",0
BRD einfach nur noch peinlich scheiß Zensurstaat,1
@sarahgxoxo @welt Hat einer gerufen Dumm -Deutsche bitte melden??,1
@TurkKick Die Film und Bild Beweise sind diesmal eindeutig.,0
Unser Zorn gibt uns die Kraft zum Widerstand.,0
@hab_mein_nick @FfFrauki Was für ein dummes dämliches Volk....Araber sind absolut das häßlichste und überflüssigste was es gibt...!!,1
"Kampf um #Groko wird auch am Buffet ausgetragen. SPD serviert vor entscheidenden #Sondierung-Stunden im Brandt-Haus das sozialdemokratischste aller Menus: Currywurst. Unionisten lästern, schmecke nicht. #megainfo #qualitätsjournalismus #BREAKING",0
@focusonline 2 deren Eltern Geschwister waren mehr nicht.,1
@ardmoma @WDRinvestigativ Ein Tropfen auf den heissen Stein!,0
"@DuHugonotte @bzberlin @focus_regional Man hört garnix von jüdischen Organisationen,wenn wir deutsche was falsches sagen wird in allen Gazetten ein Aufstand gemacht.",1
"Wir brauchen von den Ja-Wählern für das Sultanat nicht die türkischen |LBR| Pässe, sondern sie sollen die österreichischen Pässe zurückgeben.",1
@krippmarie @jouwatch Die dummen deutschen Wähler...mit FDP u den Grünen am Bord werden unsere Probleme nur noch größer... |LBR| Ich schäme mich für meine Landsleute..,1
@HPStauch @Margit030 So muss man mit dem Migrantenpack umgehen!,1
@anna_IIna Ohne Worte....das manche Menschen so dumm sind....noch dümmer sind wirklich nur Schafe...!,1
@weissrot ach ja? wo denn genau?,0
"@manu_mie Hier ist nichts in Ungarn, windstill, 7° C",0
"Zuviele Wähler haben sich ins Boxhorn jagen lassen. |LBR| Ähnlich dämlich wie die Franzosen, die gerade ein böses Erwachen haben.",1
@Mohrenpost @berlinliebich @didiereribon Bleigießen fällt dieses Silvester bei uns aus. Bin gerade schon geschmolzen.,0
@trolltrip Ich spreche schreibe und lese in 5 Sprachen...komm mir nicht mit ungebildet...du Troll,0
"@PolizeiHamburg @Margit030 Und nach Aufnahme der Personalien wahrscheinlich freigelassen ,wäre er ein deutscher Staatsbürger würde er eingebuchtet.",1
"Heute um 19:20 diskutiere ich mit Mouhanad Khorchide in 3sat Kulturzeit über unser Buch ""Ist der Islam noch zu retten?""",0
"@focusonline Sehe ich Kathrin Göring Eckart, Merkel, Gysi, Petry, Wagenknecht und all die anderen Wendehälse die uns heute regieren. Frage ich mich. War der Fall der Mauer ein Fehler.",1
"@China_Welt_News Die bayerische Labertrumpe ist wieder am Werk! Wenn Merkel sich räuspert, ist wieder Ruhe im Duckmäuser-Staat!",1
"Klare Ansage Seehofers für Sondierungen mit @spdde: „Unternehmer sind für uns keine Feindbilder, sondern Vorbilder.“ #CSUPT17",0
"Allein die Stimme der ZDF-Slomka bringt mich ""alten Mann"" zum ko***, ganz abgesehen von ihren hirnlosen Kommentaren &gt; unterste Schublade 😜",1
@Wurfschuh Nach heftigem Schneefall ist Paarshippen okay! 👍 😘,0
"Wenn der Islam in Europa wirklich eines Tages die Überhand gewinnt, dann werden die linksgrünen Bahnhofsklatscher die ersten sein die ihre Köpfe verlieren. Denn auch der Islam hasst Verräter.",1
"@ibikus31 Die einzige Alternative. Deutschland bzw Europa verlassen, bevor es zu spät ist.",0
@lawyerberlin @Kreuzritter1099 Die Tatsache das Kirchen Vertreter sich mehr und mehr auf die Seite Politischer Vertreter schlagen ist nicht hinnehmbar. Trennung muss sein.,0
"@faz_donalphonso Nein, aber in diesem Spiel sind sich alle s.g. ""Volksparteien"" einig. 🤢",0
"@Joemino @c_lindner Das war nicht seine erste Lüge....und sicherlich auch nicht seine letzte... |LBR| Aber egal, er steht da nich alleine im Raum, sind noch ein paar schlimmere Finger vor Ihm..!",0
"@RolandTichy @Westminster1000 Weil die zu Doof für den Sport sind. Bei denen ist der Sport. Ich stelle eine Ziege, auf ein Spielfeld, 22 Gottes Krieger und wer sie zuerst geschwängert hat, hat das Spiel gewonnen.",1
"Wir brauchen kein Schengen für alle, sondern effektiven Grenzschutz, keinen Euro für alle, sondern Haushaltsdisziplin in ganz Europa.",0
"@Dr_Mauz @aegidius @DieterSteffmann @JuedischeOnline Die Mär vom »unausweichlichen Dienst in #Auschwitz« ist längst geschichtswissenschaftlich widerlegt worden. Außerdem meldete #Groening sich FREIWILLIG zur SS &amp; unterstützte so ideologisch das deutsche NS-System! Er war genauso ein Teil des #Holocaust, wie jeder andere #Nazi auch!",0
"@Sedona_gr ""Sammelklagen"" gibt es in Deutschland nicht und grundsätzlich können nur Betroffene einen Fall durch die Instanzen klagen. Das kann natürlich passieren &amp; solche Vorhaben würden (und wurden) von uns auch unterstützt!",0
"@apdvng @GoeringEckardt Die Massen von dummen Kommentarem und deutschfeindlichen Äusserungen dieser Grünen Person sind keine Meinungen, sondern trauriges Gelaber!!",1
"Berichte vom Ringen der #GroKo heute Morgen live auf @N24 und @welt (kurz nach 9 u 10.30h). Höre, der @peteraltmaier schaut auch vorbei! #Sondierung",0
@JulianRoepcke @AuswaertigesAmt @sigmargabriel @RegSprecher Währenddessen: Bei #Nordstream2 geht es gegen die Kritik der EU voran.,0
"Zum vorherigen Retweet: Die ""Tolerant? Sind wir selber""-Filme haben wir im Sommer bei der Pride Night gezeigt. Sehenswert! ^ml",0
"Wir sollten alle Produkte boykottieren die mit Kopftücher, Burkas und ähnliches Werbung machen. Momentan tut dies die Firma #Braun für Frauen Rasierer.",1
Wegen antisemitischer Rufe von Fans wurde Energie Cottbus mit einer Geldstrafe und umfassenden Auflagen zur Prävention bedacht. Dieses Urteil des NOFV-Sportgerichts wurde nach einer Berufung nun aufgehoben. |LBR| Die Vorfälle bleiben für den Verein straffrei. |LBR| #svbfce @SVBabelsberg03,0
@Lexie_M_ @Westminster1000 Gesicht???? Was für ein Gesicht. Der hat nicht einmal einen Hals. Bei uns heißt so etwas Wutzekopp.,1
@nutellaklacks Danke für den Hinweis! Jetzt geht der Link wieder. :-),0
@VonSchwer @megaburschi @eva_leisner die die zu uns kommen und auf ihr Land so stolz sind z.b die Türken,0
Behzad Fallahzadeh vom @BBE_Info: Legale Einwanderung in EU ist die von Eliten.,0
"@Einzelfallinfos @DuHugonotte Wenn die Heimatgefühle zur Türkei so groß sind ,sollten sie zurück gehen",0
@BejuBinich Doch geht hin...es neigt sich dem Ende zu. Weihnachten wie wir es kennen wird es nicht mehr geben...!,0
"Am kommenden Dienstag, dem 12.9., soll die nächste Sammelabschiebung nach Afghanistan von Düsseldorf aus stattfinden. #Abschiebungenstoppen",0
@SpadeCarrier @SJW_MadBunny @petpanther0 @machtjanix23 @Steffmann45 @troll_putin @mastermikeg @Norbinator2403 @ennof_ @AthinaMala @NancyPeggyMandy @info2099 @lifetrend @ThomasGBauer @SchmiddieMaik @charlie_silve @NoHerrman @willjrosenblatt @feldenfrizz @nasanasal @_macmike @ellibisathide @MD_Franz Vor allem Belege erträgt sie nicht.,0
@BILD Ja ist denn schon wieder Muttertag?,0
@DJanecek @FreierRadikaler @AnnasBackwelt @Alice_Weidel Ich weiß Dieter ich weiß...liegt wohl an deinen Kompromisse mit dem Fortschritt..!!,0
Gutmensch-Wahnsinn in Schweden: Hunderte radikale IS-Kämpfer erhalten neue Identitäten |LBR| Von Anonymous - 1. Juli 20174676 5,1
"Heute wieder ganztägig Sondierungsgespräche mit der Union - nachdem wir gestern bis kurz vor Mitternacht in der bayerischen Landesvertretung waren, ist heute das Konrad-Adenauer-Haus dran. Lese viel Falsches, was angeblich vereinbart sei. |LBR| Skepsis war, ist und bleibt begründet.",0
@BrittaDN @Iron_Spartan_ @OssiMarzahn76 @ibikus31 @Hartes_Geld Das kannst du sicher auch begründen oder?,0
@IAMMASCHO Hitler war auch nicht absolut böse sondern hat viel gutes auch gemacht,1
"@alteakademiemuc Oh. Leider können wir gerade nicht rekonstruieren, wie der Fehler passiert ist. Tatsächlich ist der 100. Geburtstag. Entschuldigung.",0
"@Martin_Hess_AfD Schickt unsere Verdeidigungsministerin als Stangengirl zur Truppenbetreuung an die Front ,aber selbst dort wird sie Versagen.Eine Verteidigungsministerin ist Ein Hohn an die Truppe.Rommel wache auf!",1
@BlondJedi @Boelscheline Hey Charr...du bist kein guter Boxer...im Ami-Land haut dich jeder Sparingspartner wech du Pfeife...! |LBR| @ManuelCharrr,1
"@petpanther0 @info2099 @machtjanix23 @mastermikeg @Steffmann45 @troll_putin @Norbinator2403 @ennof_ @AthinaMala @NancyPeggyMandy @lifetrend @ThomasGBauer @SchmiddieMaik @charlie_silve @NoHerrman @willjrosenblatt @feldenfrizz @nasanasal @_macmike @ellibisathide @MD_Franz Siehst Du, wir machen das seit 15 Jahren, aber es müssen immer erst Große kommen, damit man Gehör findet. Jetzt, wo Magaldi auf dem Markt ist, kommen die von damals an und sagen, da hattet ihr ja doch recht 🤯",0
Wie lange wollt ihr uns eigentlich noch verarschen? |LBR| #illner,1
@GabyUlm fröhlicher gruß aus dem heiligen stadtteil st.georg gaby 😇,0
@krippmarie Die leeren ihre Gefängnisse...sie schicken uns unbrauchbares widerliches Pack.,1
"@_hinck @spdbt @larsklingbeil melde dich doch, ich war noch da 😎",0
@66Freedom66 Merkels Vasallen dieLügenpresse und Medien werden das wohl nicht senden dürfen!! Aber dafür wir um so mehr!!! |LBR| TEILEN!!!,1
@AFDtrischi @VonErlenbach @66Freedom66 Kein Fischer Chor. Frag nochmal.,0
@jouwatch @krippmarie Schlimm genug in solch einer Position als unglaubwürdig zu gelten...und trotzdem weiter beschäftigt zu werden...! |LBR| @AnjaReschke1,1
@EstoyLimpia @KumaAndrea @Moni4950 @loriotfehlt Ja. Aber eine Islamisierung findet nicht statt. Wenn wir alle brav Blockflöte spielen 😘,0
"@Blooscr33n Oh, ich hatte schon eine Lesung in einem Gymnasium. Vor der gesamten Oberstufe in der Aula.",0
"Hallo Freunde,bin gerade aus einer poln. Gemeinde zurück.Sagte dort den Polen,""EU-Bürger sind glücklich, wie seit 6 Jahren nicht"" (ntv) 😂😂😂",0
"Merkel – Vollbeschäftigung bis 2025, ""das ist zu schaffen"" 😂😂😂 Das Lügen u. Betrügen geht auch zur BTW 2017 weiter 😂😂😂",1
"@Thomas_S_Wagner @McGeiz @eysvog3l @politics Hätte Vorschläge, die ich besser nicht poste.😜",0
"@info2099 @SnoopysBrain @1Netzreport @peppermind @mittelfinger Er sagte weiterhin ausdrücklich, das es keinem der aufgrund des Grundgesetzes gewählt wurde zusteht an dem Prozess mitzuwirken da diese für die Alliierten arbeiten, und sich ihre Akte erst vorher genehmigen lassen müssen, Punkt aus‼️",0
@HeikoHeinisch Die Türken sollen ihr Hass auf alles Nicht-Türkische in der Türkei ausleben - nicht in Österreich. Es ist ganz einfach.,1
@TeilzeitWinkler Da findet man all die schön sachen aus der guten alten Zeit,1
o2 hat mich nach 1 Stunde in der Warteschleife abgeschaltet. Ich soll es wieder |LBR| probieren. So ein Laden muss boykottiert werden.,0
"@daspunkt @Rainer42 Was ein ""konservativ bis rechtspolitsch""  orientierter Mensch tut, ist niemals gut. Merke(l) dir das!!",0
"@feinesahne Tja wenn man kooperiert und Mitstreiter verrät,gibts als Belohnung Freispruch!",0
"@MariamLau1 @martinklin Nochmal: Nirgends im Text ist ersichtlich, dass die Aufteilung in Schutzkategorien eben nicht für die - als erstes Beispiel gewählten - Familien in Gr. gilt. Es ist einfach eine andere Debatte. Mag nicht beißen, hinkt aber.",0
Gerade auf Phoenix meinen Truck auf alten Bildern am Grenzübergang Marienborn entdeckt. Wir wurden alle bestrahlt mit Gamma Kanonen. Ich hab gerade ne Riesen Krawatte,0
@Schmitt4711 @CDU @CSU @spdde @fdp @Die_Gruenen Steht auf wenn ihr Deutsche seit!,0
@bjoernstritzel @BILD Schickt diese ISIS-Schlampe nach Syrien!✈️,1
"@anna_IIna Die Wahrscheinlichkeit das sich deren Jugend europäisch eingliedert ist sehr gering....warum auch, hier wird den Muslimen alles geboten Muslime zu bleiben. |LBR| Siehe Anschläge Frankreich...allesamt im Kindesalter eingewandert und sie töteten",1
"@jorg_kitzmuller Nimmst Du Drogen, oder ist es Alkohol?",1
Zwei Raketen aus dem Gazastreifen sind vor kurzem in #Israel eingeschlagen. Keine Verletzten.,0
"@blackhawk3423 @hotnakedlove @SteinbachErika Er hatte niemals die Macht das zu verhindern, es war mehr als Warnung an die aber leider zu gehirngewaschene Bevölkerung zu verstehen",0
Wenn Merkel wieder gewählt wird dann wird Deutschland überschwemmt werden und in Gewalt und Chaos enden.,1
"Angela Merkel im t-online.de-Interview -  Wie kann man in so kurzer Zeit nur so viel Schei** labern, lügen u. der Welt etwas vorgaukeln🤢🤢🤢",1
"Zusammen sind wir(stark) #Deutschland #TagderDeutschenEinheit. Gleich Ök.Gottesd., Festakt&amp;Empfang beim BP, dann #TagOffenenMoschee #mainz",0
"@petpanther0 @machtjanix23 @Norbinator2403 @ennof_ @AthinaMala @troll_putin @NancyPeggyMandy @info2099 @lifetrend @ThomasGBauer @SchmiddieMaik @charlie_silve @NoHerrman @willjrosenblatt @feldenfrizz @nasanasal @_macmike @ellibisathide @MD_Franz Der soll sich verpissen - ihm passen die BKA- Gutachten zum Anne-Frank Tagebuch nicht, Menuhin passt ihm auch nicht, da auch da Belege drin sind.",0
Auch Sachsen gehört zu Deutschland - trotz Unfähigkeit die richtigen Lehren aus dem Wahldebakel zu ziehen #cduSachsen,0
@_hinck @spdbt @larsklingbeil schade. das nächste mal meldest du dich rechtzeitig 👍,0
@focusonline ZF Erdowahn und seine Koran und Sharia Treue Gemeinde sind die schlimmsten Rassisten. Wir haben dem Islam heute den Krieg erklärt. Wir haben diese Spinner 800Jahre gewarnt. Jetzt ist Schluss mit Lustig. ++ Deus Vult +++,1
@ibikus31 @krippmarie Dabei hatte der Seehofer mal gute Ansätze...die Watschn von Merkel spürt er heute noch |LBR| Das ablichten mit grünem Dreck ist seine Strafe!,1
SPD Sonderparteitag in Bonn. |LBR| Öffentliche Auszählung der Stimmen. Wer mit Nein gestimmt hat wird bestimmt saniert. |LBR| Das ist Demokratie! |LBR| Warum hat man nicht geheim abgestimmt und ausgezählt. Um Druck auf die Mitglieder der SPD auszuüben. Der Vorstand tut alles um weiter zu machen.,0
@krippmarie @DrDavidBerger Es bedeutet das bei der groko auch die selben Minister im Amt bleiben und Schulz Vizekanzler..?,0
"@Moni4950 @AndreZeven Die Anzahl der Flüchtlinge in Deutschland ist vollkommen irrelevant für unsere ""Einnahmen"", da diese sich aus Spenden generieren. Besser informieren vorm posten!",0
"@LC180666 @DuHugonotte Diese Armani-Punker leben auf der Sonnenseite des Lebens ,da kann man generös über die Probleme hinwegsehen,🙈",1
"Wenn die #FDP wieder mit der CDU zusammen geht damit Jamaika gebildet werden kann, sollte sie bei der nächsten Wahl von der Bildfläche verschwinden. Jetzt hat sie die Chance Stärke zu zeigen. Ich glaube sie wird sich wieder prostituieren.",0
"Um d. Meinung als ""Freiheit Andersdenkender"" steht es heute schlechter, als zu DDR-Zeiten. Nur ich denke, heute würde d. BR schießen lassen😜",0
"@calicoskies_gf @HeikoMaas @kindernothilfe Für Kinderfickerei gibt es keine Härtefälle"" Hier gelten Deutsche Gesetze und sonst nichts!",1
"@AdolfGlunz @Germanbub @Tomsch24 @Georg_Pazderski Wir wiederholen uns gerne. Ein Großteil dieses Landes bekennt sich zur Vielfalt und Demokratie. Das bedeutet aber nicht, dass es keinen Rassismus gibt. Die AfD und die Neue Rechte ist dabei den Konsens einer vielfältigen Gesellschaft in Frage zu stellen.",0
"Ihr Austro-Türken seid doch gar nicht bereit, Euch anzupassen. |LBR| So wie im 17. Jahrhundert müssen wir Euch davonjagen. Es wird Zeit.",1
"Die STAATSMEDIEN sprechen sich noch nicht mal ab !!! Einer hat gesagt , das der Staat Fehler gemacht hat und auf Folgen von MOSLEMTERROR nicht vorbereitet war! Aber wer hats gesagt??? Erst heißt er dieMIESEEHRE und dann wieder MAASmänneken !!LÜGE,LÜGE,LÜGE von STAATSMEDIEN!!",1
"@aufklaerer2017 @maischberger Der erste Satz von Kurz schon symptomatisch bezeichnend, das merkelsche Einhornschloß enlarvend: |LBR| "" nun, wir wußten schon ziemlich früh, wohin die Reise geht"" |LBR| #Maischberger",1
Der Islam hat sich in den Sechzigern nicht integriert warum geht ihr davon aus dass er sich jetzt integrieren möchte? So dumm kann doch kein Mensch sein. |LBR| #illner,1
"@HCStracheFP @FfFrauki Das sind tatsächlich kluge junge Köpfe am Werk, die kriegen es hin..und das sogar gut...! |LBR| Oder ist Fußballweltmeister doch eine höhere Auszeichnung...?",0
@Ralf_Stegner Also...ich mag Stegner oder das etwas Schulz...die dicke Nahles und der kleine unterernährte Heiko gefällt mir auch gut... |LBR| Nur mit diesen in den Reihen schaffen wir die ersehnte unter15% Hürde.....👏👏👏👏👍👍👍,1
Das #BVerfG hat über eine #DritteOption beim Geschlechtseintrag entschieden. Der Inhalt wird morgen Vormittag veröffentlicht. Wie aufregend!,0
@Kreuzritter1099 @focusonline Stellt sich auch die Frage woher die sogenannten Flüchtlinge diese neuen Boote haben. Denk Sport Aufgabe für alle.,0
#Invasion #Fakt Das kulturell inkompatible #Gesindel versucht in verbrecherischer Art &amp; Weise die deutschen Wahlen zu beeinflussen!,1
"Es sind doch nicht Flüchtlinge, die kommen, sondern Gesetze brechende Invasoren, die zu 95% kein Recht auf Asyl haben. Zurück mit ihnen.",1
"Von der Frage, was mit Europa in einer Regierung von Schwarz-Gelb und Grün passieren würde, ganz zu schweigen.",0
"@drdrdietz Die Grünen haben 2013 nicht Schwarz-Grün machen wollen, 2017 haben sie dennoch über Jamaika gesprochen. War das in Ihren Augen auch verhaltenskreativ oder war das okay? ;)",0
"Fangt doch mal an zu denken, Ihr Afrikaner. Geburtenkontrolle ist |LBR| angesagt. Damit die Neugeborenen ausreichend ernährt werden können.",1
NTV ist genau wie ARD und ZDF Rot Grün versifft anstatt AFD Politiker zu Wort kommen lassen werden unaufhörlich Linke u Grüne zitiert |LBR| AFD,1
"@SJW_MadBunny @machtjanix23 @Steffmann45 @troll_putin @petpanther0 @mastermikeg @Norbinator2403 @ennof_ @AthinaMala @NancyPeggyMandy @info2099 @lifetrend @ThomasGBauer @SchmiddieMaik @charlie_silve @NoHerrman @willjrosenblatt @feldenfrizz @nasanasal @_macmike @ellibisathide @MD_Franz Tja, entweder hat @machtjanix früher gelogen und sich verstellt, oder er war nie anders - mich langweilt der Scheiß enorm. Ich guck gleich zu meinen Nicht-Deutschen Followern - das ist interessant und aufbauend.",1
@anna_IIna @AlexF1973 Wie? Dieses Pack wird doch von der Bundesregierung finanziert!! Das ist Merkels privat Armee! Hitler hatte auch Schläger Trupps!,1
"Das Einzige, was in dieser EU mit deutschem Führungsanspruch noch funktioniert, sind die Geldpresse und Merkels Wunschvorstellungen 😂😂😂",0
@Junge_Freiheit Ja die schauen auch abgemagert aus...speziell das fette Altmaier-Etwas....,1
@RegSprecher Spätestens am 25. September alles wieder vergessen! Reine Wahlbetrugsmasche!,0
@Einzelfallbearb @georgesoros @de_sputnik Ist eigentlich noch niemand auf die Idee gekommen diesen Soros endgültig zu ......*zensiert*?! 😉👎,1
"@machtjanix23 @Norbinator2403 @ennof_ @AthinaMala @troll_putin @NancyPeggyMandy @petpanther0 @info2099 @lifetrend @ThomasGBauer @SchmiddieMaik @charlie_silve @NoHerrman @willjrosenblatt @feldenfrizz @nasanasal @_macmike @ellibisathide @MD_Franz Nun, ist Ihre Illusionsblase etwas löchrig geworden beim BKA -Bericht?",0
Die Souveränität eines Staates darf nicht durch ein Gericht aufgehoben werden. Außerdem |LBR| gehen Invasoren nur in Länder mit Sozialhilfe.,1
@Hartes_Geld Das sind strategische Punkte....das geschieht nicht zufällig. |LBR| Die französische Politik will das so....aber wollte es das französische Volk auch...? |LBR| Die gleiche Frage stellen wir deutschen uns auch...und der Rest der Europäer auch.,0
"@YigidoYosi58 @Mesut__A @ntvde @ntv In der Türkei, das Maul nicht riskieren und hier frech werden! Typisch Türke!",1
@ulfposh Weiß Herr Sauer schon davon?,0
"Hab gerade ein paar Ausschnitte dusselige Will geschaut lol ! Klasse Weidel , die Blödmänner gehen wie Besenbinder aufeinander los !👍🏻👍🏻👍🏻👍🏻",1
@RonaiVeromaus Ich schließe mich Gauland an....irgendwo in Anatolien entsorgen...!!,1
"@Maximilian_M Meinst du Citeecar? Wir freuen uns, dass auch Unternehmen an der Parade teilnehmen. Das Maß an Werbung ist durch uns begrenzt.",0
"Was nützt Dir eigentlich die ganze großartige,undifferenzierte Diversity |LBR| wenn |LBR| Du |LBR| tot |LBR| bist |LBR| #NewYork",0
"Die wichtigsten Themen im Januar laut Politbarometer: Flüchtlinge 40 %, Regierungsbildung 35 %, Rente 15 %, Soziale Gerechtigkeit 12 %. Das scheint bei der @spdde kaum jemanden zu interessieren. Funktionäre haben ihre eigene Agenda. #spdbpt18 #SPDerneuern #NoGroKo",0
Türkeiurlaub gestrichen. Keinerlei Vergünstigungen für Türkei. Bis sich dort die |LBR| Demokraten gegen den irren Sultan wehren und ihn davonjagen,1
@bennympfischer Foto: (c) Jüdisches Forum für Demokratie und gegen Antisemitismus e.V.,0
"Wenn andere Meinungen nur niedergebrüllt werden sollen, spricht das letztlich für sich. Ich werde mich davon nicht beeindrucken lassen. (3)",0
"@ainyrockstar @welt Die Tafeln sind total überlaufen zum großen Teil von Asylanten, und deutsche Arme gucken in die Röhre!Die Asylanten brauchen all ihr Geld für Luxusartikel wie Klamotten,Smartphones und Rauschmittel.",1
WO SOLL DAS ENDEN ??? WENN MAN SO VIEL HASS UND WUT ERZEUGT WIE DIESES FRETTCHEN VON DER SED-STASI-SEKTE CDU/CSU/LINKE/ROTE/GRÜNE ????,1
@dscheykopp @ECREA_eu Na sowas aber auch! :/) Danke für die Info!,0
"Schulz wurde als Kind nicht verwöhnt, sondern er war |LBR| ein sogenannter Schultrottel. 2 x sitzen geblieben und |LBR| ohne Schulabschluss.",1
"@BerndLucke @Volker_Beck @amnesty_de Wenn Siedlungsbau kritisiert werden ""muss"", dann bitte zumindest auch Terror-Unterstützung!",0
"Grenzkontrollen, 15TSD Polizisten in HH &gt; Honecker hatte weniger Angst 😂😂😂  als seine ""FDJ-Agitatorin"" 😂😂😂 Putin war ja auch in Dresden 😂😂😂",0
@Spaceman_rb Erstens gibt es aber leider keine Zahlen zu diesen zweitinstanzlichen Entscheidungen und zweitens geht nicht jedes Verfahren in die zweite Instanz.,0
"Der Weitertransport von ""Schiffbrüchigen"" nach Europa ist ein |LBR| Verbrechen an den Italienern, die dann dafür zahlen müssen. Sauerei.",1
@AfD_Support Unterschlagung-Presse!Warum müsse wir diesen öffentlich rechtlichen Vollpfosten-Sender Zwangsabgaben zahlen.Freiheit in der Senderwahl!!!!!!!‘,1
@FOCUS_TopNews @FfFrauki Der nächste Bundesverdienstkreuz-Nominierte....ist gerade enVogue bei den dejtsche.... |LBR| Irrsinn Wahnsinn Schwachsinn Blödsinn....ja ein Land verblödet!,0
@podilein @HalilErtem67 Was werden wir Türken noch merken? Außerdem wer sagt das ich Türke bin?,0
@anna_IIna @Margit030 Wieviel MUFL‘s haben die in ihren Land . Da läuft man durch und hat es noch nicht einmal gemerkt.,0
"@anna_IIna Der Idiot rafft nur nicht das es eigentlich überhaupt keine ""definierbare"" Haßkriminalität gibt. Das ist nur ein sozialistischer Rundumschlag gegen die Meinungs-und Redefreiheit !",0
@focusonline Der Mann hat doch einfach nur die Wahrheit gesagt. Juden und Christen werden im Koran als Schweine und Affen tituliert.,1
Mit dieser GROKO geht die illegale Masseneiwanderung der Islamischen Invasoren ohne Begrenzung weiter faulen Zauber beenden AFD wählen,1
@AfD_Support Wieso ist so ein linker Anarchist noch auf freien Fuß.Einsperren und verschimmeln lassen,1
Stern TV Deutschland Hetze vom feinsten. Jetzt auf RTL. |LBR| @SternTV,0
Wahlbeteiligung gesteigert. Rechtspopulisten klein gehalten. Wahl gewonnen. Glückwunsch @SPDNDS @stephanweil #LTWNDS17,0
@derCharlie_ @anna_IIna Der Brenner ist die Grenze zwischen Österreich und Italien,0
@SchererChristof Haben Sie den Artikel gelesen? Der erklärt es...,0
@China_Welt_News Das ist vollkommen richtig und kann nur so diesen Irrsinn Wirtschaftsflüchtlinge stoppen!,1
@L7250402 @RGutmensch Den Gedankengang müssen Sie uns wirklich nochmal in Ruhe erklären.,0
@hhoeppe @faznet Sie können das Gespräch doch gar nicht im Wortlaut gelesen haben. Als Professor urteilen Sie ohne Originalquelle? Das spricht für sich. CL,0
#Merkel ist in in ihrem Innern eine Kommunistin geblieben und will jetzt mit ihrer EU Macht die alten DDR Ideen realisieren |LBR| Endet im Chaos,1
@StephanStaiger 60 cm sind keine 20 Meter.,0
"@tagesschau #Meuthen, wie auch der Rest der #AfD, toleriert doch längst den deutsch-nationalen #Antisemitismus, #Rassismus &amp; die damit verbundene Hetze innerhalb der #LuegenAfD &amp; weiten Teilen #Deutschland‘s. #Maier ist, wie #Gauland, #Gedeon, #Höcke, oder #Poggenburg KEIN Einzelfall! #noAfD",1
"@mopo Netanyahu als durchgeknallter ""Führer"" &amp; Israel ""brutale Unterdrückung"" vorwerfen. Wie konnte das passieren? Wer ist verantwortlich?",0
"@petpanther0 Das wird eine apokalyptische Invasion. Man muss kein Rassist sein, um schwarz zu sehen...",1
Wo bleiben die Sondersendungen bei #ARD und #ZDF Terroranschlag in den USA von Moslems verübt. |LBR| Die #Medien würden sich überschlagen wenn es ein sogenannter rechter Anschlag gewesen wäre.,0
@Schlonz58 @welt Merkels Vasall mehr sage ich nicht du Dumm-Deutscher!!,1
ich bin so gerne primitiv heute!,0
"Ein ""PKW"" rast in #Melbourne in eine Menschenmenge- bisher 12 Menschen verletzt. via #n24 #cuxhaven",0
@and_smartie @66Freedom66 Also ich höre das nicht. Schlechte Ton Qualität,0
"Verhandlungen werden nicht fundamental andere Ergebnisse bringen können. Aber natürlich muss in einzelnen wichtigen Punkten noch mehr kommen, wenn am Ende die Mitglieder zustimmen sollen. |LBR| CSU Lautsprecherei und manche Falschbehauptung sollten uns dabei überhaupt nicht jucken.",0
"Er ist gerecht, ein Helfer wert, |LBR| Sanftmütigkeit ist sein Gefährt, |LBR| sein Königskron' ist Heiligkeit, |LBR| sein Zepter ist Barmherzigkeit; |LBR| all uns're Not zum End' er bringt, |LBR| derhalben jauchzt, mit Freuden singt: |LBR| Gelobet sei mein Gott, |LBR| mein Heiland groß von Tat.",0
"@von_Steiner @Ralf_Stegner Richtig, all die Merkels u. Stegners sollten ihren Stuhl räumen, denn sie verstehen weder d. Bürger, noch Europa!",0
Schulz fordert bei einem Teil der Abzuschiebenden die Aussetzung. |LBR| Das ist hinterfotzig. In Deutschland gibt es auch Terroranschläge.,1
@ReneTruninger @welt Die Art der Verspottung ist mittlerweile weltweit...!,0
Da fordern also die Türken Gerechtigkeit für die Türkei. In |LBR| Österreich. Wir haben Euch schon im 17. Jahrhundert davongejagt.,1
@mastermikeg @machtjanix23 @Norbinator2403 @ennof_ @AthinaMala @troll_putin @NancyPeggyMandy @petpanther0 @info2099 @lifetrend @ThomasGBauer @SchmiddieMaik @charlie_silve @NoHerrman @willjrosenblatt @feldenfrizz @nasanasal @_macmike @ellibisathide @MD_Franz Laut BKA gab es zum Zeitpunkt 1944 keine feinen Kugelschreiber und auch die Schrift ist nicht identisch.,0
"@erik_fluegge Überhaupt nicht, aber wir machen wenigstens nicht in Populidmus :-(",0
"Wir suchen dringend&amp;kurzfristig jemand, der die eritreische Sprache Tigrinya spricht und übersetzen kann! #followerpower",0
"@ShakRiet @pip_news So mach ein ""Gutmensch"" stand schon auf einer zweiten ""Lohnliste"" 😜",0
@Martin_Sellner Ich könnte kotzen wenn ich daran denke dass wir von #Deutschlandhassern regiert werden.,1
"Soeben erreicht uns über die ML des @FRSHev die Nachricht, dass das BMI von seiner Entscheidung, wieder abgerückt sei. Der voreilige 1/2",0
@Heinrich_Krug @krippmarie Was für ein Gruselkabinett....bisher hatten wir nur die Cholera und jetzt kam doch die Pest hinzu! |LBR| 🇩🇪..wie konntet ihr das nur zulassen..??,1
"Mit Europa im Zentrum meinen die Polit🤡 wohl die verrottete, korrupte #EU",1
"UNGARN. Ein Land in dem man ohne Merkel, Grüne, Linke und Islamisten Leben kann. Vielleicht die letzte Festung Europas. Asylantrag für Ungarn stellen? Eine Option!!",0
@Gesine_Schwan plädiert für legale Wege in die EU statt der Sicherung der EU-Aussengrenzen durch @Frontex #visioneurope,0
"@RvrsApacheMastr @DuHugonotte Ich suche eine bezahlbare Wohnung für eine junge Familie mit 2Kindern. Ist unmöglich da alle von Asylanten beansprucht werden und unser Staat auch Mieten ,wie hoch sie sein mögen,von unseren Steuern bezahlt !",1
Wenn #Politiker über den #Freihandel Regeln festlegen ist es kein Freihandel mehr.,0
"@AfD_Support Jawohl,zerrt diesen Ausgrenzer und Rassisten vor Gericht!",0
Dieser Matthias ist ein Kotzbrocken. #ibes,1
"#G20 Was man der #Polizei vorwerfen kann? Das sie nicht härter, massiver &amp; schneller gg den marodierenden #antifa-Mob vorgegangen ist.",1
"@hdBerretz Jeder kann selbst entscheiden ob er das illegale Piratengeld zahlt oder nicht, es gibt keine Rechtsgrundlage, ein sog. Staatsvertrag ohne Staat der nicht unterschrieben ist und gegen das GG verstößt, wann wollt ihr Helden anfangen Widerstand zu leisten⁉️",0
@monikabergholz2 Die im sog. Bundestag gehören ja auch nicht zum Deutschen Volk.,0
Ist bei euch das Internet auch gestört/ausgefallen? |LBR| #internet,0
"Wohne im Dachgeschoss.  Beim Runtermarsch mit Kindern, Wäsche, Müll,  Pfandflaschen...  kotzt Kind. Sofort reißt Nachbarin Tür auf und ruft: sofort wegmachen. Und ich sorge dafür,  dass ihr Mietvertrag gekündigt wird. |LBR| Die Dame ist 40, #kinderlos und engagiert in Flüchtlingshilfe",0
@NegohotShlomo @Frank_Pasemann Das Grauen hat ein Gesicht...,1
#Bischof Dr. Matthias Ring wurde auf den Namen #Franziskus gefirmt ... #aksynode16 #altkatholisch,0
"@China_Welt_News Ein Asylantrag der abgelehnt ist, darf nicht beanstandet werden! Basta! Dieser Blödsinn kostet Millionen und die Absahner tausende Anwälte!",0
"@lawyerberlin @Gekko125 ja nun. wir haben nun mal die eu. also entweder abschaffen, refomieren, aber einfach gesetze ignorieren (hier jetzt nicht österreich gemeint!) geht nicht. das sollte für jedes land gelten!",0
"@franzchristian8 Nur ist die Treuhand seine Idee, die er wieder aus der ""Vor-Nazizeit"" aufleben ließ 😜",0
"@Helheimer Ernie und Bert und Rappelkiste-das waren meine Vorbilder. Und wenn ich mich heut so umschaue,dann sind sie das noch immer😊",0
"Der @nifberlin in der @SZ „Man kann gegen die @fdp viel sagen, aber sie organisiert selbst den Auszug aus der Regierungsbildung immer noch professioneller als die @spdde ihren allmählichen Einzug.“ @Linksfraktion",0
@N24 @krippmarie Wir lehnen grundsätzlich alles ab was von der SPD kommt...erst recht vom Schulz...!!,0
Ohne #Alkohol gäbe es keinen #Alkoholismus |LBR| Ohne #Islam gäbe es keinen #Islamismus |LBR| Beides muss weg,1
"@kandidatschulz @InesLandmann In meinem Leben schlug mein Herz nie rechts. Hurra-Patriotismus, alles ist gut Mentalität ist dto. Populismus😜",0
@SirSchnee Auf die Bewährung schei.......ss ich!,1
"Widerlich, dieser Schmidt. Ohne Rücksicht auf die Bienen. Dieses |LBR| Stück Gewissenlosigkeit muss abgewählt und davongejagt werden.",1
Die Demonstranten müssen sich in Zukunft vor der Polizei fürchten. Bewaffnung |LBR| mit Gummigeschossen und scharf schießen. Dann laufen sie.,1
"@RalfYsen @berghueserfritz @VonSchwer Das ist auch mein Eindruck, wenn ich die vielen jungen ""Männergruppen"" so ansehe. Sind hauptsächlich wegen Shoppen, Party und Frauen gekommen...",1
"Syr. Flüchtling:""Ich habe über Burkas in den letzten zwei Jahren in Deutschland mehr gehört, als was ich in Syrien während 25 gesehen habe""",0
"@tagesschau Ach, haben sie die Bundes-Regierung verhaftet ⁉️",0
"Demokratie in d. BRD ist zum kümmerlichen ""Lügenmäntelchen"" geworden, um jede gegenteilige Meinung, auch mit Gewalt, unterdrücken zu können!",0
"#FDP zu #NetzDG |LBR| #Beer:""wir dulden keine Privatisierung der Rechtstaatlichtkeit durch Facebook und Co.Wir wollen #NetzDG ersetzen durch unseren Vorschlag.Justiz u Polizei muß mehr in die Verantwortung""",0
"@undayou Sei stolz drauf, brauchst Dich nicht verstecken!",0
"@BlaukePetry @tyramizou @lawyerberlin Sagte die Hippiesugarmama ! Auch ihr dürft Kernseife benutzen ! Nur, grüner DRECK, ist halt tief eingefressen! Fragt mal Mädels oder Jungen, die von Kohn Bendit eingeritten wurden !",1
Von der Meineid u Hochverrat Merkel komplett konservativ entkernte CDU ist nur noch Merkels krampfhafter Machterhalt vorhanden |LBR| AFD wählen,0
"#Phoenix KGE zu #Familiennachzug |LBR| sorry- diese keifende, realitätsferne Grüne zu kommentieren widerstrebt mir so dermassen.",1
"@DanielSeuffert Ich gebe Ihnen recht, die verschwendeten Unsummen des BER sind nicht ""überwältigend"", od. HH, Stuttgart 21 etc. 😜",0
@BasedHeydrich Was das für ne Sprache wenn ich fragen darf ???,0
"@Ralf_Freytag @SawsanChebli @tagesspiegel Uiiii....hier hängt ein Ralf am anderen...😃 |LBR| So seit ihr SPDler alle...durch die Bank...sich zuerst über 280 Zeichen beschweren, sie aber dann in vollem Umfang nutzen..😂😂",0
@beibootpetri03 Touché! Das werden wir ändern.,0
@Jockie59 Es ist unser aller Ding 👍🏻,0
"@ulfposh @RenateKuenast @welt Am Ende gab es keinen klaren Stand, sondern nur Interpretationen. Es hieß: EU-Kommission abwarten... Darunter verstanden wohl alle etwas anderes. In schwarz-grüner Diktion: „Eine Einigung war zum Greifen nah“. CL",0
Man soll ja nicht an sich selbst denken. |LBR| Allen anderen wünsche ich einen schönen Mittwoch ;-),0
"@ibikus31 @BlondJedi @Beatrix_vStorch @CDU @CSU @spdbt @Die_Gruenen @RegSprecher @GottfriedCurio @fdp @Linksfraktion Weil der Rest, also der überflüßige MÜLL, im BT, so PERVERS,PÄDOPHIL,RASSISTISCH,GIERIG,MACHTGEIL,KRIMINELL,IDEOLOGISIERT,POPULISTISCH,HETZERISCH,ANTIDEUTSCH,WURZELLOS und häßlich wie Claudia Roth oder Stegner sind. Kohn Bendit ist auch so einer,der seine Rechnung bekommen sollte",1
"Eines d reichsten Länder der Erde, welches weit über 100 Mill. z Rettung v Banken einsetze, scheitert mit #Jameika weg 80 T. Familienachzug?",0
@FilmElf_yt @Goreminister Aber so viel gelernte fachkräfte sind das nicht die meisten arbeiten bei großen firmen und machen die arbeit die da keiner machen will sprech aus Erfahrung hab selber mal bei DHL gejobt im Lager da war ich der einzige deutsche,0
@__Dr_D__ @smashjulian @tagesschau Trump saß auch nicht am Steuer und trotzdem hat die Lügenpresse und Medienpack ihn direkt dafür verantwortlich gemacht!!,1
"@info2099 @topdilopp @KrabatKabat Du meinst es sind gerade keine Marionetten da die so tun als hätten sie was zu sagen, nun, und was ist mit den Strippenziehern ?",0
Ein rechter Bundeswehrsoldat plant einen Anschlag. Die Diskussion dreht sich aber primär um die Registrierung von refugees! #findedenfehler,0
"@sebbi @Awp2015Awp @MartinSchulz Die Linken Gender- und meetooidioten die du in den Staaten kennst,  natürlich nicht.",1
"#Bischof Dr. Matthias Ring zur Eierlikör-Gabe des baf: ""Na dann: Prost, Synode!"" - #altkatholisch #aksynode16",0
@maischberger @DasErste @ardmoma Tja Herr Hollstein.Wer Wind säht erntet Sturm.,0
"@henrysorgenfrei Wir sind selbstverständlich regierungsfähig und bereit, Regierungsverantwortung zu übernehmen. |LBR| Wer legt eigentlich fest, wer regierungsfähig ist?",0
"@Beatrix_vStorch Ist auch nicht einfach. Gesellschaftspolitische Aussagen zu machen, ist seit 2015 ein Minenfeld. |LBR| Würde sie das islamische Frauenbild sowie dessen Propagieren in den MSN anprangern: Shitstorm von links, Moslems,  von vorne und von hinten",0
@Hartes_Geld @krippmarie Haha....von diesen gibt es tausende...ihr wolltet sie und jetzt habt ihr sie..!! |LBR| Dieses Gesindel werden wir niewieder los😡😡,1
"@Arnefrau Schau mal hier und auf Facebook unter dem Hashtag #vielfaltdemo, da findest du einige Bilder und Videos. ^ml",0
@TichysEinblick @IsidorMeyer1 Wurde Sie die letzten Tage Life gesehen??????,0
"@AfD Um das auch zu machen, was Österreich macht, dafür müßen wir uns erst einmal von völlig durchgeknallten Linken,Grünen und Schwarzen befreien! Kein Land mit WERTEN kann sich solche Idioten, die schon kriminell handeln, erlauben !",1
@jouwatch @Heinrich_Krug Bin viel gereist hab viel gesehen war und bin immer überall willkommen...den ich reise wieder ab..!,0
@TamaraWernli @KrischkeBen @bazonline Ich gab schon immer gesagt: Der mieseste Sexismus kommt von Frauen gegen andere Frauen.,0
"@China_Welt_News Witzbold! Merkel und Rechtsstaat, ist wie Feuer und Wasser!!!",0
Was mich unheimlich ärgert ist das die Bertelsmann Stiftung so unverschämt im Sinne der Politik LÜGEN darf!Das gehört unter Strafe gestellt!,1
"@Ricardo25701887 Merkel sitzt neben Putin und Erdogan in der Ur-Loge Golden Eurasia. Da kommt die Politik her. Aus 36 Ur-Logen. Nachzulesen bei Magaldi (selber Höchstgradmaurer der Ur-Loge Thomas Pain. Bilderberger, CFR, Trilaterale Com. sind die Arbeitsebenen der Ur-Logen.",0
"@lizvlx @msulzbacher Weshalb? Antisemitismus, der sich auf auf Israel bezieht ist nach wie vor Antisemitismus",0
@KrahMax ...er ist viel zu eitel um nicht Erfolg zu haben... |LBR| Unsere Art ist aber eine Respektlosigkeit dem Amt gegenüber,0
"Endlich mal schonungslose, ehrliche Berichterstattung über die momentanen Zustände in JVA‘en der Republik. |LBR| #GABRIEL",0
"@machtjanix23 @Norbinator2403 @ennof_ @AthinaMala @troll_putin @NancyPeggyMandy @petpanther0 @info2099 @lifetrend @ThomasGBauer @SchmiddieMaik @charlie_silve @NoHerrman @willjrosenblatt @feldenfrizz @nasanasal @_macmike @ellibisathide @MD_Franz Auch wurde nachgewiesen, dass die Handschriften mit der Anne Franks nicht übereinstimmten.",0
@BILD Ohne Drogen geht für viele das Geldverdienen schwieriger!,0
Die Linken. SED KED Sozialilstich Kommunistische Einheits Partei Deutschlald. Sozial Demokraten Arsch lecker von Hittler. CDU gegründet aus Stasi und Gestapo Mitglieder. Willkommen im 4ten Reich.,1
"@hm_custserv @GegenJudenhass Lieber @hm_custserv , es ist schön dass Sie - entgegen der ersten Reaktion - nun doch Möglichkeiten ausloten, dieses Verhalten Ihres mutmaßlichen Mitarbeiters nicht so durchgehen zu lassen. Wir sind gespannt, was Ihre Prüfung ergibt.",0
"@Medienmogul Nichts ist teurer als unterlassene Investitionen in Schulen, Infrastruktur, Polizei, Justiz. Sollte man mittlerweile gemerkt haben.",0
@jottes Einmal ins Netz geschrieben wird es für immer bleiben. Sollte jeder vorher überdenken was er von sich gibt.,0
"Bei #Halbneger meldet sich Till #Schweiger grosskotzig zu Wort, bei Mord an #Mila Valentin hört man nichts von diesen Heuchler.",1
@Fam_Dietrich Für 14 Follower ziemlich große Klappe. 😂😂,0
"Bananen, Reisefreiheit, VW sollten uns näher gebracht haben? Nein, hätten wir doch auch Merkel u. Co verschenkt u. lieber Äppel gefuttert 😜",0
@krippmarie @Grals_Hueter Eine Frage die sich jeder stellt.,0
"Danke, lieber Norbert Lammert, für 12 große Jahre als Bundestagspräsident: von CDU und CSU, allen Fraktionen u Menschen in ganz Deutschland!",0
"@drumheadberlin @MatthiasLE45 @China_Welt_News Ich bin 60 u. solche Typen sind f. mich das ALLERLETZTE, leider aber typisch f. unsere Medien",0
@derCharlie_ @anna_IIna Der war gut. Der Grenzbahnhof wäre Kiefersfelden. Ich weiß das weil ich meinen Lkw dort oft auf die Bahn in Richtung Italien verladen habe.,0
"Wer sich für Europapolitik interessiert, sollte erwägen @huettemann zu folgen.",0
@omichalsky @welt Kinder wie Sternschnuppen. Kommen unerwartet. Verbreiten Freude. Verglühen. Immer bleibt ein Wunsch übrig. Was für ein tapferer kleiner Junge.,0
"Gauland, natürlich musst Du Dich entschuldigen. Wer sich mit seinen Aussagen so |LBR| daneben benimmt, taugt nichts und ist nicht wählbar.",1
@krippmarie AfD..es gibt ein paar Gute und einige die kannst vergessen..wie bei allen anderen Parteien auch. |LBR| AfD wird sich fest etablieren..gut so..!!,0
@UEBERFLUG So ist es. Wir beten für die OP mit! 🙏,0
@Ebony_Sunrise @anna_IIna Ihr wisst wer die Drahtzieher und Hauptprofiteure sind oder !?,0
#BVerfG gibt uns recht: Der Gesetzgeber hat bis zum 31.12.2018 Zeit einen positiven dritten Geschlechtseintrag zu schaffen,0
"@FabriziaFalcone Oftmals staunen und ärgern wir uns über Richtersprüche...den Urteile sollten als Abschreckung und als Strafe dienen..! |LBR| In diesem Fall mag die Strafe zu hoch sein, doch als Abschreckung eine richtige und konsequente Maßnahme..!",0
"@FreierDiskurs @Tomsch24 @TerfioStorm @Georg_Pazderski Wenn Sie mit uns in einen Dialog treten möchten, dann lassen Sie bitte die Pauschalisierungen.",0
@IQ_Stimulator @krippmarie So ein Mist aber auch...da kämpft die Jugendkammer mit allen Mitteln ihn doch nach Jugendstrafrecht zu verurteilen und da kommt der dämliche Vater und ruiniert alles...😃😃😃,1
"Nach dem Entwurf wird u.a. der Familiennachzug erschwert, Abschiebelager institutionalisiert und Alg, Mar &amp; Tun als sicher erklärt werden.",0
@DrDavidBerger Bin mir fast sicher...das geschah unter Gewaltandrohung....,0
Die Grünen bleiben nur gefühlte Schwesterpartei der @CDU. Wer bei Merkel Minister wird oder bleibt entscheidet immer noch @CSU. #Glyphopsat #schmidt,0
@Die_Gruenen @GoeringEckardt Der beste Beweis dafür das man auch ohne Hirn aufrecht stehen kann....das ist unterirdisch das ist eines Politiker unwürdig |LBR| Wie kann diese Frau nur so dumm und dämlich sein...??,1
Die #SPD dreht wieder einmal ihr Fähnchen in den Wind um ein paar Ministerposten abzubekommen. |LBR| Und die #CDU würde sogar mit dem Teufel verhandeln um an die Macht zu bleiben. Alle anderen Parteien sind eh nur der Spielball der beiden großen. Außer die AFD natürlich. Darum AFD.,0
"Die #JuFoParty endet und wir danken allen, die mit uns gefeiert und den Abend zu einem Erfolg gemacht haben! #JuFo #Berlin #Party #Israel",0
"@c_lindner Weshalb wurde dann zur gleichen Zeit, eine Demonstration der Hamas Anhänger am selben Ort/ Brandenburger Tor genehmigt???? Soll es dort Mord und Totschlag geben??",0
"@machtjanix23 @Junge_Freiheit Nach Logo.  Also halb acht. Meine Kinder gucken schon lange kein Kika mehr. Täglich irgendwelche zuckersüßen Fatimas,  die die Zuschauer mit in die Moschee nehmen und islamische Bräuche verharmlosend erklären.",1
"Moin, moin Piepser  so, ich bin wieder fit, wie ein Turnschuh 😜 die Woche kann beginnen, wenn`s geht ohne Anne Will u. andere Propaganda 😜",0
@L7250402 @RGutmensch Weiterhin: Die telefonische Beratung ist nur ein Teil unserer Arbeit. Die gibt es schon seit Jahrzehnten. Was heißt das? Auch für den Bestand dieses Angebots ist die Zahl der Flüchtlinge irrelevant.,0
@bizkazandik @Ami66Stefan Ich bin mir sicher das dies aus einem Text im alten Testament stammt. Die Kirche hat sich Refomiert. Der Koran nicht.,0
@N24 Dank der Islamisierung unserer Heimat!,1
"@lko_ch Haben Sie keine Angst, Ihre Vorurteile ehrlich zu prüfen und die Wahrheit selber zu suchen, so wie die Männer im Artikel. Das ist spannend.",0
@Hadi_Riedel @Heinrich_Krug Jamaika...ist mit Verlierern nicht möglich |LBR| Groko...ist mit Verlierern nicht möglich...wird aber möglich gemacht..!,0
"@heutejournal Warum muß eigentlich das ZDF nicht bis zu 50 000 000 € Strafe an MAAS und KAHANE zahlen, für die Verbreitung von FAKE NEWs und HASS-HETZE gegen Trump ???",1
@GrueneHD @GoeringEckardt Mit Grünen Verrückten kann man nicht diskutieren!!!!,1
#nrw17 Liebes #Österreich! Macht es g´scheiter als die Deutschen &amp; schickt die Einheitspartei #SPÖ-#ÖVP-#Grüne-#Neos in die Wüste X #FPÖ,0
"@focusonline Einknicken vor einer Frauenfeindlichen, Rassistischen Ideologie kommt der Sache wohl näher",0
"@ultrabreit Lehrer sind leicht einzuschüchtern, da extrem hohe Anforderungen an Sie gestellt werden. Die meisten, die ich kenne haben Probleme (vor allem auch mit den kulturellen Differenzen kritikunfaehiger Flüchtlingskinder) aber man redet nicht darüber aus Angst vor obiger Antwort...",0
Dank des Protests von @JuFoDIGBerlin und @Volker_Beck konnte die geplante Feier der Israelhasser von #DFLP verhindert werden. Danke!,0
@doctorpuppe @TrauDichDE @Rest2050 Was nun?Was soll die AfD an die Wand fahren und schlechter machen als diese AntiDEUTSCHEN wie 365TageSCHULZ und SED-MERKEL?VERSUCHmachtKLUG,1
Mit wem würdet ihr lieber fucken wenn ihr müsstet,0
"@FraukePetry @AlternativeNRW So sollten sich alle Politiker äußern und nicht dieses verlogene Emotionsgeschwafel, was die Lügenbrut gerne abläßt !",1
"@BergholzMonika Monika, leider gibt es zu viele Menschendie das glauben, was in irgendeinem deutschen Käseblatt geschrieben steht. 😜",0
"@SpadeCarrier @_macmike @machtjanix23 @AthinaMala @magna_est @petpanther0 @NoHerrman @teite99 @info2099 @lifetrend @ThomasGBauer @SchmiddieMaik @charlie_silve @willjrosenblatt @feldenfrizz @nasanasal @ellibisathide @MD_Franz Okay, Du bist die erste, die blockiert wird!",0
@focusonline Internet Gestapo von H.Maas und der Antonio Amadeus Stiftung. Bezahlt mit Steuer Gelder. Knecht von Google.,1
@stefanux23 Sie machen gute tweets. Aber das ist Quatsch. Wir haben einen Unvereinbarkeitsbeschluss und wir werden mit AfD nie koalieren.,0
@RauhputzWand Es gibt die eine Dokumentation zu dem Verfahren auf unserer Homepage. Guck da am besten Mal.,0
"Dieses unwürdige Gezerre bei den #Sondierungen zeigt: Die #SchwarzeAmpel wird keine gute #Regierung für das Land, sondern ist schon jetzt eine Zwangsgemeinschaft aus Angst vor dem Wähler. |LBR| @Linksfraktion",0
"Ich warte nur noch drauf, dass die Grünen ihre V-Waffe ""Claudia"" zum Einsatz bringen und der Bayer ohne Eier Frauenbeauftragter wird 😂😂😂",1
@katjakipping @dieLinke @ReporterOG Und was haben wir Deutsche für Rechte ?Wir sind die Leidtragenden im Buntland!,1
@juppi2806 @Butze_Verlag @Cobe68 Aber selbstverständlich! Bei uns ist jeder herzlich willkommen!!! :-) 🌈,0
"@MalteKaufmann @AfD_HD Leider ja .Da nimmt die Polizei die Verbrecher fest und muss sie wieder laufen lassen,da krieg ich einen dicken Hals.Mein Respekt vor den Beamten ich wäre nicht in der Lage ruhig zubleiben.Ich würde unsere Gutmenschen ein paar Tage auf Streife schicken!",0
"Wetten, dass Klitschko zum Retourkampf antritt? Joshua wird ihn |LBR| bis Runde 11 schonen und dann umhauen. Das bringt Millionen. |LBR| Reine Show.",0
Die Missachtung der Asylanten gegenüber ihren Gastgebern muss endlich zu |LBR| Abschiebungen führen. Konsequent und ohne Ausnahmen.,0
@Lexie_M_ @MiriamOzen Abnehmen hat sich nicht gelohnt...fett weg Hirn weg...!,1
@gollwitzer Vielleicht sollte jeder Politiker im Bundestag mal den Koran lesen. Lesen bildet!,0
@Hartes_Geld @PatMair1 So einen wie den haben wir früher in der Pfeife geraucht. Heute auch noch,1
"@NoSystemCarlo Zum Ritter geschlagen, weil er viel Geld an Hospitäler gespendet hat - Ablasshandel - vor denen, die am meisten Spenden, sollte man auf der Hut sein",0
Kann User nicht ernst nehmen die nur melden,0
"MERKEL MUß WEG !! UND DAS SCHNELL UND RÜCKSTANDSLOS !! DIESER GRÖßENWAHNSINNIGE ALKOHOLIKER SCHULZ DARF HIER NICHTS ZU SAGEN HABEN, AUßER IN DER GESCHLOSENEN! DAS DARF DOCH ALLES NICHT WAHR SEIN !",1
"@BILD Die können ein Zimmerkonzert veranstalten,keine Fans mehr , ja wo sind sie denn ?wo sind die hingelaufen?",0
"Wir brauchen nicht mehr Europa, sondern ein besseres Europa.",0
"Guten Morgen aus Bordesholm. |LBR| Auf dem Weg nach Schleswig zu Mitgliederehrungen im SPD Ortsverein. |LBR| Später in Kiel Schleswig-Holstein Konferenz mit Abgeordneten, Kreisvorsitzenden und Landesvorstand der SPD. Vieles zu besprechen zur Kommunalwahl und zur Lage der Bundespartei.",0
"Nur weil Rechte etwas fordern, muss es ja nicht falsch sein. Beamter der @polizeiberlin übt sich mit dem einzigen Protestierenden im Dialog übers Grundgesetz.",0
Der Verfassungsbeschwerde steht im Stau. Räumt mal die Autobahnen frei dass sie es pünktlich schafft! #followerpower #dritteoption,0
Das Votum der Wahl war einfach |LBR| „Merkel mußweg“ |LBR| Aber die begreift oder will es nicht begreifen. |LBR| Warum verhandelt nicht CDU mit fdp und Grünen,0
@VonSchwer Liegt vielleicht an deinem neuen Account. Ich probier mal löschen und suche dich neu,0
@SuperSitges2 @Tinimaus1110 Die öffentlich-rechtlichen sind Merkels Vasallen und unterstehen der Zensur Merkels!! Die Lügenpresse ebenfalls so wie SAT1 und RTL,1
Denken Merkel u Schergen wir DE sitzen noch in den Bäumen verarschen uns nach Strich u Faden diese Meineid u Hochverrat Merkel muss weg |LBR| AFD,0
"@HugoMuellerVogg @nicolabeerfdp @fdp Wäre es zustande gekommen, wäre es ein „historisches Projekt“ gewesen. Aber Sie haben schon Recht, auch um 04:30 Uhr muss man noch präziser formulieren, damit wohlmeinende Beobachter wie Sie nicht irgendwann irritiert sind. 😂 CL",0
"@Halbzeitpfiffi Nicht nur ein Spardiktat,auch der EU-Führungsanspruch,die Kriegsbeteiligungen, eben das großkotzige Verhalten v. Politikern!",0
"@visstgoerdetont @MatthiasMeisner @CDU @CSU Schon x-mal getan und noch immer in der Lage, Twitterkommentare zu beantworten. Und jetzt?",0
@DrDavidBerger @KrahMax Doch doch wir schulden denen bei der Abreise eine richtige saftige tracht Prügel ....,1
@Steinhoefel Ja Wahnsinn...und die @maybritillner vorne dran.... |LBR| Aber den besten Satz fand ich den mit Gutenberg und seiner Dr.Arbeit....😃😃,0
@mastermikeg @petpanther0 @machtjanix23 @NoHerrman @teite99 @info2099 @lifetrend @ThomasGBauer @SchmiddieMaik @AthinaMala @charlie_silve @willjrosenblatt @feldenfrizz @nasanasal @_macmike @ellibisathide @MD_Franz Es gibt keine Tranliteration hebräisch - deutsch .,0
"@FranzRichard45 Aber ein Bildausschnitt reicht, um Mio ""Wähler"" zu überzeugen &gt; bewusste Manipulation der ""Leser"" dieser Lügenpresse 😜",1
@MiriamOzen @katjakipping ...eine furchtbare Person....das einzige was die Linken aufrecht hält ist @SWagenknecht,0
@info2099 @machtjanix23 @lifetrend @ThomasGBauer @SchmiddieMaik @AthinaMala @charlie_silve @NoHerrman @willjrosenblatt @petpanther0 @feldenfrizz @nasanasal @_macmike @ellibisathide @MD_Franz NEEEEIN - immer noch der? Ich blockier Dich gleich😜,0
"@HeikoMaas Herr Maas! Den Deutschen ihre Meinungsfreihheit einzuschränken und zu verbieten, ist ebenfalls eine Straftat! Ihre trafe werden Sie auch bekommen!",0
@KoppReport FB Deutschland kann man heute beruhigt als die neue Internet Gestapo bezeichnen. Erst wenn viele ihren Account dort löschen wird dieser Konzern wach. FB einfach boykottieren.,1
"@machtjanix23 @Norbinator2403 @ennof_ @AthinaMala @troll_putin @NancyPeggyMandy @petpanther0 @info2099 @lifetrend @ThomasGBauer @SchmiddieMaik @charlie_silve @NoHerrman @willjrosenblatt @feldenfrizz @nasanasal @_macmike @ellibisathide @MD_Franz Gerard Menuhin bestimmt auch? Hups ich hab vergessen, sein Buch kann man weltweit kaufen, nur in D nicht. Na so ein böser jüdischer Mann - mit Belegen aus Geburtsregister in Israel.",0
Bericht der Finanzkommission auf der #altkatholisch|en #Bistumssynode - #aksynode16,0
@KAR98_DFW Hohlmantell Geschoss nicht ganz schlecht. Geht aber besser :-),0
Reisewarnung der Türkei gegen D ist ein schlechter Witz!Grundlose Haft für viele Deutsche ist Unrecht!Nazivergleiche verletzen unsere Ehre!,0
"@Russenkeppi Schmonzes, denn weder gehöre ich zur #Antifa, noch »bilde ich mir etwas ein«! In #Köln ist es unter Antisemiten Gang &amp; Gebe, dass Demos, oder Vorträge, die #Antisemitismus transportieren, auf Tage gelegt werden, wo wir #Juden religiös bedingt nicht erscheinen können.",0
@anna_IIna @krippmarie Nicht ihr soll er helfen...sondern uns allen..!!,0
"@IngoFunke @VeroniqueBantau @AndreZeven Was haben unsere Spenden denn mit den Sozialkassen zu tun? Guter Mann, Sie müssen sich scheinbar noch mal sehr eingehend mit dem Thema auseinandersetzen, bevor eine Diskussion mit Ihnen annähernd Sinn macht.",0
"@BTsmeier Wenn du nicht dafür sorgst, wer dann? Ein paar Dumpfbacken sind immer dabei... |LBR| Andernfalls verendet Deutschland widerstandslos. |LBR| #schweigendeMehrheit",0
@Schwirty @IngoFunke @VeroniqueBantau @AndreZeven Nach Ansicht Ihres Profils sind wir uns sicher: Sie waren vermutlich einer unserr größten Gönner. 😉😄,0
"@Paeulchen Das war und ist sie tatsächlich in ihrem Größenwahn, denn für MACHT verriet sie bereits einen Staat und wird es wieder tun (wollen) 😜",1
Furchtbare Nachrichten aus #Ägypten - ähnlich wie vor Tagen in Nigeria ermordeten Terroristen/Mörder am Freitagsgebet muslimische Gläubige,0
"Ungarn u. Polen werden in den Medien verunglimpft, Russland wird zur Hölle deklariert &gt;&gt;&gt; NUR ""MUTTI"" KANN UNS RETTEN 😂😂😂 ""MUTTI"" LIEBT ALLE",0
@fbluecher @IsidorMeyer1 @knebel99 Ganz so einfach lässt es sich nicht darstellen. (War lange Jahre Offizier einer Spezialeinheit) 😜,0
"Am Montag Abend feiern wir mit der Band Safran und @bandista im ega, 1060! Wer kommt auch? Tickets kosten nur 10 € u Erlös geht an uns!",0
"Die meisten Schiffbrüchigen sind doch keine Flüchtlinge, sondern |LBR| rücksichtslose Invasoren. Wann begreift Ihr politischen Hohlköpfe das?",1
Bischof Ring erbittet Zustimmung bzgl. gegenseitiger Zulassung #Patenamt &amp; Anerkennung #Firmung/#Konfirmation mit Ev. Kirche #aksynode16,0
"@petpanther0 @info2099 @machtjanix23 @mastermikeg @Steffmann45 @troll_putin @Norbinator2403 @ennof_ @AthinaMala @NancyPeggyMandy @lifetrend @ThomasGBauer @SchmiddieMaik @charlie_silve @NoHerrman @willjrosenblatt @feldenfrizz @nasanasal @_macmike @ellibisathide @MD_Franz Es gibt sie - nachweislich und sie ziehen die Fäden. Der Tod Brzezinsky wurde kaum erwähnt - er fiel in Ungnade, weil er Magaldi bei seinem Buch half. So unbedeutend war er nicht, dass man seinen Tod kaum erwähnte. Die graue Eminenz des Weißen Hauses.",0
@IAMMASCHO @RAIMINEM Träum weiter undemokratisch sind alle altpartein aber nicht die afd was Merkel und konsorten machen ist Landesverrat,1
@KrahMax Wenn das zustande kommt müßte es eigentlich jeder merken das wir übergangen werden....! |LBR| Das ist keine Volksentscheidung ...das ist nicht Wählerwille ..!! |LBR| Verfluchte Scheisse...😡😡,1
"@TurkKick @bjoernstritzel @tikkrosa Meine Güte, wenn er lebt wirst du das noch mitbekommen. Solange ist er tot.",0
"Meine Güte , muß ich noch mehr Argumentfreie LinksGrüne Soros-Apologeten blocken ? Wenn Argument fehlt,gröhlen,wie im r.L",1
"@A_Schillhaneck ja, aber nicht verraten! Nachher fällt das der Regierung auch noch auf und sie führt sie ein. ;-)",0
@himbeerhans @stfries @AuswaertigesAmt 4. zu keinem Zeitpunkt (weder vor noch nach dem Statement) gab es anheizende Appelle oder Äußerungen von offizieller israelischer Seite,0
"Die feiste Högl /SPD: |LBR| ohne Familien werden die subsidiär ""Schutzberechtigten"" krank.Und die meisten bleiben sowieso hier. |LBR| Familiennachzug ist gut und wichtig. Alle Menschen sollen jetzt schon ihre Anträge stellen dürfen.",1
Er soll den Namen des von extremistischen Buddhisten geschundenen Volkes nicht aussprechen; und überhaupt etwas zu viel Zurückhaltung angesichts der Greuel an den Muslimischen #Rohingyas. Nach den Willen des Gastgeber von @Pontifex_de dürfen die #Rohingyas gar nicht existieren ?!,0
@info2099 Ursprünglich (gestern) ging es um FEMA-Camps - wir sind keinen Schritt weiter. Da platzt einem der Arsch - sorry.,1
@LarsWinter_ @Arrtrad @HuffPostDE |LBR| Alle ausl. Konsulate sofort schließen in der Türkei und die Türkischen Vertreter raus aus EU Ländern! ☻,0
"Meine Fresse, jetzt gehts wirkich los! ZDFinfo Doku wo DEUTSCHE Geschichte kaputtgelogen wird! Lügenmedien nicht mehr zu ertragen!",1
"heute um 19 Uhr halte ich in Dortmund einen Vortrag. |LBR| Thema: Ist der Islam demokratiefaehig? |LBR| wo: Auslandsgesellschaft, Steinstrasse 44",0
Politische Immunität macht das Blut an Merkels Händen nicht weniger REAL !!,1
@jayb392 @tagesschau Was haben deutsche mit dem Islam zu tun??,0
"@DrDavidBerger Was für eine Schande ,dass ist nicht mehr mein Land wo Chaoten regieren!🤦‍♂️",1
@tagesschau Der Ablauf in der von Merkels Vasallen geführten Sendung wurde vonnMerkel vorgegeben und die Fragen auch! Wessen Brot ich esse dessen Lied.,1
"@eurogegner Habe einige Male für ihn dolmetschen müssen - frag` mich besser nicht. Und wenn er Merkel sieht, kriegt er `nen Stän*** 😜",1
@machtjanix23 @Junge_Freiheit Abends kommen immer Themen für Ältere. Und dann Bernd das Brot 🍞😉,0
@Paul77306629 Sie scheitern offenbar wirklich schon am Rudimentärsten. Erster Absatz des Textes. 🙄 |LBR| Und by the way: seitseid.de,0
"@SaschaUlbrich Ich hab die Vermutung das alles auf die eine Lösung hinausläuft, so zu destabilisieren bis der DEUTSCHE erwacht und es richtig knallt!",0
"@APatzwahl @Boelscheline So ist es...seit Japan befürchten auch wir in Deutschland einen Tsunami, unsere Reaktoren wurden abgeschaltet und seitdem beziehen wir megateuren Strom von den lieben Franzosen...ihre laufen auf Hochtouren....😃😃",0
Endloser langer Beifall für Norbert Lammert: Unser Dank für 12 große Jahre als Bundestagspräsident!,0
@ph1664068 Nichts auf der Welt kann einem Menschen die Mutter ersetzen. Diese Fotos sagen mehr als 1000 Worte.,0
@heinmax50 Ist dein Smartphone wasserdicht (IP67)? 😃,0
@tpcom Mach ich nur bei Twitter! Damit spart man viele Zeichen (zB Bürgerinnen und Bürger)! :-),0
"@nobelundfrei @DeltaFiveEcho Dieses Käseblatt ist auch nur für eins gut, aber selbst der Fisch den man damit einwickelt wäre noch beleidigt",0
"@akifsahinde @der_zmd Natürlich nicht! bitte darum sogar :)übrigens bei derz.lage ist dein ""Modus"" nicht ungewöhnlich. Irgendwie sind wir Menschen zu oft beklopft",0
Behindert wer an Genderfluid und so ne Scheiße glaubt,1
"Nun singt die #SPD in Bonn, allerdings nicht die deutsche Nationalhymne. Das machen nur andere Regierungen und Parteien die sich nicht in Deutschland befinden.",0
"Die Geschenke die die Brasilianer gestern bekommen haben, werden heute von Mexiko abgerechnet!",0
@Varg_I_Veum @krippmarie Was haben wir nur für ein häßliches Grusel-Kabinett....,1
"@TechnikExtreme Danke für den Hinweis! Es sollte wohl eher ""auswählen"" heißen.",0
@aimanMazyek @OthmanMoschee @ZDF Hoffentlich wird dieser widerliche Kinderschänder ausgewiesen...,1
"@AkifPirincci Naja,zu Lauterbach,ich kenne viele Leute die es besser machen würden und zum Dummerchen Thomalla , Merkel ist der Skandal, Watt für IRRE!",1
"@HolgerEwald1 @China_Welt_News Nur ein Hinweis , „Bundespolizei“ was ist an der Bezeichnung ungewöhnlich Holger?",0
@BonkeKolja @na_presseportal In Mannheim scheint es ja immer Action zu geben. 😨,0
Als ilegalisierter Refugee im Iran natürlich undenkbar. Aber Rohollah gibt nicht auf - er ist momentan als Hilfsarbeiter tätig und hat sich genügend Geld für einen gebrauchten Laptop gespart - abends bringt er sich grad Adobe Illustrator mit Youtube-Tutorials bei.,0
#Phoenix Auch Lischka/SPD kommt mit triefender Story über armen refugee. |LBR| #Familiennachzug |LBR| #Parallelgesellschaft |LBR| (lässt Afd Zwischenfrage nicht zu) |LBR| Familiennachzug überfordert 82 Mio in D nicht. Deutsche verhindern Integration wenn kein Nachzug.,0
"@SabineMartiny @PPInternational Es ist gar nicht unsere Veranstaltung, sondern wir haben hier hingewiesen. Sieht man aber auch im Link ...",0
"Strache, Sie verkennen die Roten. Schulz aus Deutschland hat |LBR| einen Ziegenbart und ist ein toller Genosse für Erdogan´s Vorlieben.",1
"Katalonien: EU-Juncker spricht von ""inneren Angelegenheit"" Spaniens? Ich von völlig überforderten Idioten in Brüssel, d. Verbrecher stützen🤢",1
Alles gut bei euch Kameraden?,0
"@ndaktuell Typisch,Demokraten werden ausgewiesen und der Mob von Nafris darf bleiben!Armes Europa.",1
@Mikadoelefant „Menora“ ist der allgemeine Begriff für „Leuchter“. Tatsächlich wird der spezielle Leuchter zu Chanukka (8+1 Kerzen) auch “Chanukkia“ genannt. #Chanukka,0
@JurgenPresser @ShakRiet @traumdiebe @MarvinOppong Selbst bei der Stasi hätte er bestimmt Verstand haben müssen. 😜,0
"Leyla Zana, Trägerin des #sakharovprize für Menschenrechte, wurde das Abgeordnetenmandat entzogen. Tauwetter für die Beziehungen zur #Türkei? So nicht. @EP_President @guyverhofstadt @giannipittella @GabiZimmerMEP @ManfredWeber @HDPenglish @HeidiHautala @MFATurkey",0
"@nrwmensch @krippmarie @CDU @CSU @spdde @Die_Gruenen @dieLinke @fdp @katholisch_de @EKD Deutschland ein Irrenhaus....ich will nach Miami, ob mir wohl jemand ein Strandhaus schenkt..?",0
@KaiserDesRap Edeka soll mal früher aufmachen die Hurensöhne,1
@RolandTichy @MiriamOzen @HugoMuellerVogg Aus eigentlichen Verlierern wurden Sieger. |LBR| FDP u Grünen hätte niemals passieren dürfen.....die dummen dummen Biodeutschen.,1
@Hartes_Geld Absolut korrekt..war zu erwarten. Ich liebe diese Art der Meldungen....!!,0
@janboehm Wieviel Wasser ist im Kopf von @janboehm,1
@welt Na hoffentlich fallen die diensthabenden #Metoo-Beauftragten angesichts solcher Artikel nicht gerade reihenweise in Ohnmacht.,0
"Hallo Piepser, nachtblind, übermüdet, bis früh um 5 Disco im SC Neubrandenburg gemacht, muss ihnen wohl gefallen haben. Alter Mann ist müde😜",0
@Harald70199 Hat sich wohl schon abgesetzt.,0
"#Brüder So lange der Koran nicht Refomiert ist, und der Fundamentalistische Gedanke im Herzen der Muslime verankert ist, wird es nie Frieden zwischen Christen und Moslems geben.",1
Wer die Geschichte kennt weiß das ein Banken System ohne uns niemals möglich gewesen wäre. Und der Islam heute die Macht hätte.,1
@IQ_Stimulator @Heinrich_Krug Ohne Worte...Illner Will Maischberger u der Obertrottel Lanz machen alle so weiter als wäre nicht geschehen ...eigentlich ist ja auch nix passiert...,1
"@AndreZeven @China_Welt_News Nur ein geleuteter islamist und linker Arnachist ist ein guter Mensch,leider hilft da nur Zwang durch das Grundgesetz,aber das wird Durch die Regierung verbogen.",1
@Freizeitrobin @Alice_Weidel @sebastiankurz @HCStracheFP Achja..?... führe mich auf den rechten Pfad des Weges,0
@SteinbachErika @krippmarie Trump wagte es den ersten Schritt zu machen...die hochdotierten Unwissenden stopfen sich nur die Taschen voll.. |LBR| Klima raus aus der Politik.,1
Die Anzahl derjenigen die auf den Heiko Maas Trollaccount reinfallen ist viel zu hoch,0
"@konkotenko Je nach Stadt und genauem Thema kann man auch auf bestehende Strukturen zurück greifen. Uns z.b., TRIQ bestimmt und andere ""Aufklärungsprojekte""",0
"Alles Gute, lieber Deniz Yücel (@Besser_Deniz) zum Geburtstag. Hoffentlich der letzte in türkischer Haft! Für mich sind Sie ein Held!",0
"Eine bürgerliche Mehrheit ist machbar, wenn man den klaren Kurs der CSU unterstützt. #btw17",0
@MiriamOzen @tjpino @trommler69 diese Menschen leiden an Realitätsverlust.,0
@johnwboer @Ralf_Stegner natürlich gibt es neuwahlen. immer diese traumtänzer.,0
"@blacknarga300 @Titania0001 @Jala_varietas Ach, du findest das witzig, na wir werden sehen, „Wer zuletzt lacht“....",0
"@yugobetrugo48 Hahaha vllt gönn ich mir das ma |LBR| Aber diese asiaten sind einfach freaks, das is nich menschlich",1
"@ulfposh @welt Zeit wird es. Guter Beitrag. Ich hoffe aber, sie hat aber den Typen von damals verlassen.",0
@AfD_OF_Land Der deutsche Bürger ist mittlerweile ein Mensch zweiter Klasse.,0
@China_Welt_News Es gibt VIIIIIEL wichtigeres als FC Hollywood!,0
"Nur weil sie dort, wo sie herkommt, weniger Geld für sich und ihre Kinder bekommt, |LBR| kann sie nicht abgeschoben werden. Kein Verständnis dafür",0
Die Islamisierung Europas ist weit fortgeschritten. |LBR| Null Zinsen fürs Geld. ( Zumindest für Arme und Mittelstand) |LBR| Dank SPD und EZB,1
"In deutschen Medien erscheinen wöchentlich so viele falsche Infos über PL, dass sich mir die Haare sträuben. Meine halbe Familie lebt dort!",0
Alle islamischen Kindergärten schließen. Wir brauchen keine |LBR| Parallelgesellschaften. Dort wird der Bezug zu Österreich unterbunden.,1
".@SPIEGELONLINE Wenn die SPD einen ""Spitzenmann"" benennt, der als |LBR| Schulabbrecher 2 x sitzen geblieben ist, wird der Name |LBR| Schulz zum Schimpfwort.",1
Uns beschneidet man in der Meinungsfreiheit. Deutsch-Hetze von deutschen Politikern ist mittlerweile ganz normal in Deutschland.,0
@globaldefence Warum hört man Leuten mit einem IQ von 50 überhaupt zu,1
@F_von_Steiner @krippmarie @loriotfehlt @OssiMarzahn76 Bist du ein asozialer Penner so werde Politiker ...gelingt Anwälten und Immobilienmakler auch..😃😃,1
"+++Gesucht+++ werden Autorinnen, die Lust haben am Magazin mitzuarbeiten! Insbesondere für die Rubriken: #gender, #news, #party, ...",0
"Ein guter Vorsatz für 2018: Hinzunehmen, was man nicht ändern kann, mutig zu ändern, was man ändern kann, und das eine vom anderen zu unterscheiden. In diesem Sinne: Prosit Neujahr! 🍾🍾🍾",0
"@AdolfGlunz @Germanbub @Tomsch24 @Georg_Pazderski Rassismus gab es auch schon vorher in diesem Land (NSU, Mölln, Hoyerswerda, Lichtenhagen usw.). Und die Studie von Pfeiffer macht sehr deutlich, wo die Ursachen von Kriminalität liegen.",0
@KokoLores100 Die deutsche Lügenpresse und Nazi Medien sind nur noch zum kotzen 🤢 schlimmer als Göbbels eben alle samt Vasallen Merkels!!,1
"@WojtekThomalla @_macmike @NawratAnna @AthinaMala @charlie_silve @petpanther0 @MustaphaMondAH @SJW_MadBunny @mastermikeg @machtjanix23 @SpadeCarrier @Steffmann45 @troll_putin @Norbinator2403 @ennof_ @NancyPeggyMandy @info2099 @lifetrend @ThomasGBauer @SchmiddieMaik @NoHerrman @willjrosenblatt @feldenfrizz @nasanasal @ellibisathide @MD_Franz @YouTube Ihn direkt könnte man das auch fragen! Stattdessen glotzen die Leute lieber zerstreuende Unterhaltung, das strengt auch nicht an. Bildung ist Arbeit. Er hält das Volk mit billigen Spielchen von echter Bildung ab.",0
Allein das Wahlsystem im Schland ist Betrug am Wähler 😜,0
Wir sind jetzt schon über 20.000 Menschen! |LBR| #Neujahrsempfang,0
"@rspctfl Die #AfD hat deutsch-nationalen #Antisemitismus in #Deutschland wieder salonfähig gemacht, dennoch existiert #Judenhass auch unter vielen #Muslimen, die ihren Hass auf #Israel &amp; uns #Juden ungeniert zeigen. Im #Ruhrgebiet trage ich deshalb auch meine Yarmulke nicht mehr offen.",0
Einheimische hassen ihr eigenes Volk und würden alles für fremde tun das gibt es nur in Deutschland,1
@huegelkind_de @Kreuzritter1099 Scheinheilige Verräter. In der Kirche hat das Tradition.,1
"@pinselpoetin Zw. d. Propaganda d. Ostens u. d. Westens gab es immer mehr gemeinsames, als trennendes, nur d. Westen fühlte sich wohl dabei😜",0
Die Randalierer von Hamburg müssen den entstandenen Schaden ersetzen und |LBR| notfalls in Arbeitslagern abarbeiten.,1
@SteinbachErika So langsam frage ich mich. Haben wir da eine Generation Gehirn Prothesen träger heran gezogen.,1
@SteinbachErika @Boelscheline Ich glaube das nicht....🇩🇪ist nur ein Land der Bewährungsstrafen....!!,0
@LikeLocusts @tagesschau Wieviele Anschläge von Reichsbürgern gab es auf Menschen und wieviele Autos haben die in Brand gesteckt!!,0
@rot_pe @krippmarie Ja die Welt oder N24....hat jemand geglaubt nach der Wahl wird es aufrichtiger..? |LBR| 😃😃😃,0
"@ndaktuell Man müsste nur unsere defekten U-Boote,Hubschrauber usw. instandsetzen, dann bräuchten wir nicht nachrüsten!",0
@feldenfrizz @AthinaMala @info2099 @Nessie43 @ThomasGBauer @petpanther0 @_macmike @NoHerrman @ellibisathide @MD_Franz Ihr solltet alle eure elektronischen Daten anderweitig sichern - eines Tages werdet ihr in einen dunklen Kasten schauen. In der Schweiz sichern Hochsicherheitsunternehmen ihre Daten IN den Schweizer Bergen mit extra Faradayschen Käfig.,0
#csupt17 Parteitagsauftakt in Moll: Etwas mehr Beifall für @Markus_Soeder als für #Seehofer. Ob die Delegierten sich ihren Jubel für #Merkel aufsparen? :-))),0
@MiriamOzen Ich wünschte wir hätte jemanden der unmissverständlich sagt...Germany first statt Germany last...!!,0
"Wer heute vorbestraft ist, hat gute Chancen im Bundestag zu sitzen. Volker Beck ist ein gutes Beispiel.",1
"@Birdie51411736 @petpanther0 @machtjanix23 @NoHerrman @teite99 @info2099 @lifetrend @ThomasGBauer @SchmiddieMaik @AthinaMala @charlie_silve @willjrosenblatt @feldenfrizz @nasanasal @_macmike @ellibisathide @MD_Franz Du kannst hebräisch als Worte lesen - also die Buchstaben, wie in anderen Sprachen auch und als Zahlen - als Code. Die Kabbalisten setzen noch eines drauf - da geht das alles auch noch andersherum -",0
#Machtverlust Unfassbar mit welchen Methoden sich nun dieses rotschwarze #Dreckspack in #Österreich prügelt ...,1
"Wir bekämpfen den braunen Antisemitismus der Neonazis - und wir werden auch keinen importierten #Antisemitismus dulden. |LBR| Ich halte es deshalb für dringend erforderlich, dass der Holocaust in den Integrationskursen ein noch zentraleres Thema wird.",0
"Problematisch an der @AfD sind nicht ihre Flügelkämpfe; haben andere Parteien auch. Das Gefährliche ist die Stärke der ""Völkischen"" und Rechtsradikalen. Gegen den #Höcke-Flügel geht nichts. #afdbpt17",0
"@Libelle2000R Nöööööö, eine Partnerin reicht völlig 😜",0
"Mathias Döpfner: ""Wir haben ein vitales Eigeninteresse, Israel zu schützen. #Israel ist nur die 1. Etappe der Feinde der Freiheit."" #DILK16",0
"Lieber @kretsc, herzlichen Glückwunsch zur Wahl als neuer MP von #Sachsen! Auf weiterhin gute Zusammenarbeit! #Bayern #Sachsen",0
@Juergen_Fritz @vanBerlichingen Wenn es klappt sind wir alle im Eimer‼️,0
"@AnneWillTalk @Alice_Weidel Frau Will, wieviel haben ihnen die drei deutschfeindlichen Altparteien gezahlt, das sie Frau Weidel einfach kaltstellten?",0
@AthinaMala @Steffmann45 @SJW_MadBunny @machtjanix23 @troll_putin @petpanther0 @mastermikeg @Norbinator2403 @ennof_ @NancyPeggyMandy @info2099 @lifetrend @ThomasGBauer @SchmiddieMaik @charlie_silve @NoHerrman @willjrosenblatt @feldenfrizz @nasanasal @_macmike @ellibisathide @MD_Franz Waren Tatortfotos und wurden auch im Gericht gezeigt.,0
"Betrachte ich die Tätigkeit unserer verantwortungslosen s.g. ""Volksparteien"", so ist es für mich ein Blick in den Mülleimer der Geschichte 😜",0
"@joausdo @greenpeacemag Lieber @joausdo und lieber @hesselmann, |LBR| a) Alte Groko weiß, dass sie 2020-Ziel nicht erreicht, sagt aber öffentlich das Gegenteil. |LBR| b) Neue Groko sagt, dass sie 2020-Ziel nicht erreicht. |LBR| Wer a statt b will, zieht das Lippenbekenntis der Wahrheit vor. |LBR| Alles klar? Herzlich, Robin",0
"@Riedegost @miriam_oehzen @DerIslamNervt Ralf, es bewahrheitet sich immer wieder, der Religion gehört generell eine ""Nebenrolle"" ZUGEWIESEN!",0
"@OnkelJakob @maischberger damit ihnen alle nach dem mund quatschen? stimmt, dann wirds bestimmt besser... #ironie off |LBR| aber gut, hatten wir ja alles schon mal 🧐",0
@MD_Franz @krippmarie Dumm wie Lauch...außen zwar grün aber innen auch hohl...!!,1
"Ihr Grünen-Würstel, haltet Euch raus aus Dingen, von denen Ihr |LBR| nichts versteht. Geht Fahrräder putzen, anstatt über die Nato |LBR| zu reden.",1
"@ultrabreit Ich gehe jetzt hinutner und nehme sie in den Arm, Wenn sie sich wehrt, umarme ich sie umso fester und singe ein Lullaby. Bewährte Methode bei Autisten...",0
@Ralf_Stegner SPD...die bedeutungsloseste Partei mit den widerlichsten Politikern....!!!,1
Kann Polnische User die den Nationalsozialismus ehren nicht ernst nehmen Hitler hätte euch ausgerottet warum feiert ihr ihn dann ......,0
"Das Brüsseler #nikolauspaket führt zur Umverteilungs- und Schuldenunion. Gemeinsame Investitonen, Institutionen und Regeln brauchen wir. Anreize zum Verschleppen von Reformen und zum Verschieben von Verantwortung schwächen Europa aber. CL #nikolaus",0
Jeder Antideutsche soll sich doch bitte einen strick nehmen danke war alles,1
Abends Delegiertenbesprechung für den Bundesparteitag und eine Parteikonferenz in Neumünster. |LBR| Überall geht es um den richtigen Kurs für die SPD.,0
@noway_yay @_Rangoo_ Also wenn die Türken bei euch so kacke sind kann ich auch nix machen 😂,1
So wie Firmen zu groß werden können und ihre zerstörerische Wirkung entfalten (FB ) |LBR| So ist es auch bei Staats– Vereinigungen ( EU. UdSSR),1
"Wer gegen Muslime hetzt, taugt nicht als Verteidiger gegen judenfeindlicher Angriffe. Es bleibt ein Widerspruch, gleichsam sich als Streiter gegen Antisemitismus oder pro-israelisch zu geben und dabei islamfeindlich u. rassistisch gegen Muslime u anderen Minderheiten zu agitieren",0
#SPD für Harz4 |LBR| #AfD für Mittelschicht |LBR| #cdu für selbsternannte Eliten ARD/ZDF |LBR| #rest für die Tonne,1
"Opfer der Silvesternacht, wo sind sie? Mir kann doch keiner erzählen dass es keine Opfer in der Silvesternacht gegeben hat. |LBR| Wurde eine Nachrichtensperre verhängt?",1
"@Titania0001 Wer nicht für D ist, ist dagegen. ... und tschüss!",0
"Sind zwei Wochen #SchwarzeAmpel-#Sondierungen Vorboten für vier quälende Jahre Koalition, die ohne Plan fürs Land verwaltet statt gestaltet?",0
Merkwürdig mit meinem deutschen Twitter Account sehe ich nur die Hälfte von dem was ich mit meinen ausländischen Twitter account sehe. Na das nenne ich doch mal Zensur vom feinsten.,0
@titanvacht @DNovemberkind Arbeitet auch eng mit der Amadeu Antonio Stiftung zusammen. Anette Kahane langjähriges Mitglied der Stasi hat dort eine ganze Abteilung die nichts anderes macht als das Netz zu durchsuchen.,0
...wie süß und entgegenkommend...das Auswärtige Amt nimmt Terminwünsche für den #Familiennachzug an. |LBR| Vielleicht holt man die Angehörigen auch einfach per shuttleservice direkt aus dem Herkunftsland ab. |LBR| Kannste Dir nicht ausdenken. |LBR| #N24,1
@beniboller1 @darkegg4ever Hier sammelt sich das aufgewachte Volk.,0
@Phatentophon @OnkelJakob @maischberger @sebastiankurz lassen wir es. sie verstehen oder wollen es nicht verstehen. schade,0
#Altkatholisch/e #Synode votiert mehrheitlich dafür ein #Ordensrecht weit zu fassen - #aksynode16,0
"@WojtekThomalla @_macmike @NawratAnna @AthinaMala @charlie_silve @petpanther0 @MustaphaMondAH @SJW_MadBunny @mastermikeg @machtjanix23 @SpadeCarrier @Steffmann45 @troll_putin @Norbinator2403 @ennof_ @NancyPeggyMandy @info2099 @lifetrend @ThomasGBauer @SchmiddieMaik @NoHerrman @willjrosenblatt @feldenfrizz @nasanasal @ellibisathide @MD_Franz @YouTube Darf man fragen, warum der Schlaumeier auf dem Bild sich nicht für euch in D einsetzt? Mit seinem Wissen könnte er das - warum tut er es nicht? Schonmal darüber nachgedacht?",0
Am Ende wurde es der 14. Platz für @MrHoviStar. Aber immerhin 12 Punkte an #Israel von der deutschen Jury! #Eurovision #ISR #GER #ESC2016,0
#hartaberfair bin Deutscher aber an Erdogan gefällt mir daß er sich für seine Türken in aller Welt einsetzt. |LBR| Sollten wir auch tun,0
@Beatrix_vStorch In Ägypten ist es sicherer als in Deutschland.Alle anderen Aussagen sind geheuchelt.,0
"Frage zum #NetzDG: Muss @twitter mir sagen, wer versucht hat, meine Tweets zu löschen? Wer kennt sich aus?",0
@strangelove666 @Epanastatis04 Soll keiner mitbekommen wie Merkel ihre Bonuszahlungen von der Autoindustrie erhält!!!,1
Von der Leyen soll sich endlich um ihre Kinder kümmern. Ab an den |LBR| Herd. In ihrem Job absolut unfähig.,1
"Ein falsches Bild über PL zu erzeugen gehört heute genauso zur Tagespolitik, wie eine massive Hetze gg. RU und Putin (über bezahlte Kräfte!)",0
"Wir lassen uns von Morddrohungen gegen @jankortemdb nicht unterkriegen, nehmen diese Schmierereien aber sehr ernst. Im Windschatten rechter Populisten sind rechte Gewalt und rechter Terrorismus auf dem Vormarsch. Dem stellt sich unsere wehrhafte Demokratie entschlossen entgegen.",0
Das war eine Premiere heute Abend: zum ersten Mal ein #Livestream einer Botschaft via #Periscope! @TwitterDE #Israel #Deutschland #Il50D,0
"Guten Morgen, Asyl in Not gibt's jetzt auch auch twitter! Wir würden uns freuen, wenn ihr das verbreiten könntet!",0
"Der #Jugendwiderstand ist nun auch da. |LBR| Redner ""der palästinensischen Gemeinde"" distanziert sich von #Antisemitismus, Gruppe von etwa 30 Personen schreit derweil ""#AllahuAkbar"".",0
@der_ypsilon Warum wurde ich nicht vor 3 Stunden von Dir gewarnt??? 😭,0
@11Freunde_de Nicht ganz. Die damalige Währung im Saarland waren Französische Franc. 100 Franc waren damals etwa 1 Mark. #SteherFürNenZweier,0
@troll_putin @SJW_MadBunny @machtjanix23 @Steffmann45 @petpanther0 @mastermikeg @Norbinator2403 @ennof_ @AthinaMala @NancyPeggyMandy @info2099 @lifetrend @ThomasGBauer @SchmiddieMaik @charlie_silve @NoHerrman @willjrosenblatt @feldenfrizz @nasanasal @_macmike @ellibisathide @MD_Franz @sjw Vielleicht hat sie genauso wie ich die Nase voll von Oberlehrern mit dem von Barnett angestrebten IQ 90.,1
"@Joemino Genau das ist Teil ihres Jobs, das sollte endlich verstanden werden, Sie ist keine von uns‼️",0
"@stoph_w @krippmarie @DerWahreErich @HoneckerMargot @DDROffiziell @AkChefredaktion Dann schicke uns deine Kommentare, wir senden die dann an Maas! Das ganze Netzt kann er ja nicht blocken😜😜😜",0
"Also N24 kann man nur zum ""BELOGEN WERDEN"" anschauen!Erst Merkels Auftritte Spießrutenl.! 2min. später 78% der Deutschen sind GLÜCKLICH !",1
@ReneTruninger @watson_news Sauerstoffmangel kann zu geistiger Beeinträchtigungen führen...😃😃,1
"Wer Politik so unverantwortlich inszeniert wie die FDP, verrät sein großes liberaldemokratisches Erbe von Walter Scheel und Hans-Dietrich Genscher. Die #FDP hat diese Sondierungen nur als Bühne benutzt. Dieser parteipolitische Egoismus beschädigt unsere Demokratie. #jamaika",0
"@welt Schade ich dachte wir wären den fraß endlich los, und es gäbe endlich wieder mehr Imbiss Buden mit Schnitzel Currywurst usw. Früher gab es das alles heute alle 10meter ne Muselmanen Bude die den Dreck verkauft.",1
Jeder der links ist soll mir entfolgen und sich löschen danke wahr alles,0
Ganz Europa lehnt illegale Flüchtlinge ab. |LBR| Nur #Merkel nicht |LBR| Ist die größenwahnsinnig?Abwählen! |LBR| #einfachAFDwählen,1
"Frankreich werden 10 GOLDENE JAHRE vorhergesagt ! Kein Wunder, Matschbirne Schulz will ja unser Geld verschenken! Der dumme DEUTSCHE macht das ja ! Langsam bekomme ich Magengeschwüre und weiß nicht mehr wohin mit meiner WUT !",1
@carlos09381249 @Heinrich_Krug Grüne Ungeziefer....bei nur 2 Wörtern kann man doch keinen Fehler finden...,1
@nordbayern @NN_Online @CSU Wo war den eure „Umfrage“ im Keller eurer Kantine😂😂,0
@karlawagner13 @krippmarie Bei Familienfragen kennt sich die Alte bestens aus... |LBR| Wenn wir schon familienfreundlich handeln wollen gibt es bessere Lösungen: |LBR| Keine Einreise für Alleinstehende..!,1
"Treblinka, Sobibor dort mordeten mehrheitlich ukrainische SS-Angehörige. Bis 50er Jahre mordeten sie auch in Polen, unterstützt vom Westen!",0
"@m_dueker @ArminLaschet Dann müssten die Grünen nur noch eben schnell erklären, wie es ohne Import während Dunkelflauten wie am Freitag um 1700 Uhr gehen soll. 👍 CL",0
@kacktus2010 @traumdiebe Die vom Staat unterstützte Antifantenbrut ist unerträglich!,1
"@OssiMarzahn76 @krippmarie Sogar der Verkehrsfunk mahnt es täglich mehrmals ....es kommt Ihnen ein Geisterfahrer entgegen-bitte Vorsicht |LBR| Spätestens jetzt, früher wäre uns natürlich lieber gewesen, sollte sie endlich abbiegen....!",0
"Heute Tag 2 der Sondierungsgespräche mit der Union. Waren wir gestern im Willy-Brandt-Haus so sind wir heute ganztägig im Konrad-Adenauer-Haus, der CDU-Parteizentrale zu Gast. |LBR| Konzentrierte Arbeit in den einzelnen Arbeitsgruppen.",0
"@AndreZeven Ach, Sie glauben also, die Koalitionsgespräche werden dann andere Ergebnisse haben? Söder bspw. sagt doch schon, dass das Resultat der Sondierungen ""fast ein Koalitionsvertrag"" sei.",0
@krippmarie @jouwatch Dem deutschen größter Feind in Deutschland ist dein deutscher Nachbar...,0
@SKoerzell Gratuliere ihm herzlich von mit!,0
"Niemand hat das Recht dir eine nicht näher definierte Schuld einzureden, nur weil du Deutscher bist! Sei stolz auf deine Herkunft!",0
@ArasBacho @dushanwegner Eine dumme Labertasche dieser @ArasBacho ...,1
@SPD_LTSH @Ralf_Stegner Der arme Ralle....immer noch mag ihn keiner...😂😂,0
@MiriamOzen Keine Einreise Erlaubnis für Menschen die für den IS gekämpft haben!!!!!!,0
@MiriamOzen Und die Grünen wollen noch mehr von denen ins Land holen. Dann Gnade uns Gott.,0
"@Hartes_Geld @DuHugonotte Ich liebe Österreich,seit ihrer neuen Regierung.Werde als Rentner übersiedeln,wenn sich bei uns nichts ändert.",0
"Scheiss-Klimaschützer. Für Geschwindigkeitsbeschränkung, aber |LBR| die Flieger und die Kreuzfahrtschiffe blasen weiter die Umwelt voll.",1
@Alice_Weidel Und wir? Wir belohnen sie dafür mit falschangewandter Milde....wir entschuldigen uns sogar dafür |LBR| Es wird nicht besser...ganz in Gegenteil,0
"Noch eine halbe Stunde, dann beginnt der #hamburgpride 2017! Wir wünschen allen einen bunten, sicheren und fröhlichen #csd! #kommtmituns",0
"@Emilydische Wir haben den Großteil der Kundgebung beobachtet. Aber nicht komplett und nicht überall und können keineswegs ausschließen, das überhört oder nicht verstanden zu haben.",0
Ist schon merkwürdig wie die linksgrünen Nazis immer mehr Einfluss auf Europa nehmen.,1
@Beutebadener @happyhaidrich3 @LeggaKnoppers @KotzenderStern @destatis @Khajiit7 Wer Sifftwitter trolle zu 100% ernst nimmt hat sifftwitter nicht verstanden,0
@China_Welt_News Gibt wohl keinen DEUTSCHEN Fußballspieler mehr?,0
"@DanielSeuffert Richtig, jedoch bliebe immer noch die Prüfung der strafrechtlichen Relevanz, auch der politisch Verantwortlichen 😜",0
#Trump hat schneller begriffen daß seine Macht vom Geld der Wirtschaftsmafia begrenzt ist. |LBR| #erdogan braucht etwas länger,1
Na was macht ihr ?? Ich hoffe ihr habt nen schönen Abend,0
"@Al_Whipstock Normal denkend und als Dolmetscher einer slawischen Sprache über ausreichend Kenntnisse verfügend, die den Osten betreffen 😜",0
"Hallo, bin wieder zurück im Schland - Tagesschau gesehen u. sofort registriert, ich bin im verlogenen Merkel-Land 🤢 Wenigstens Ihr seid da 😜",0
@FrauMensing Bin leider grauer - und in Berlin! 😂 Aber den Herrn würde ich gerne mal treffen. CL,0
"@jreichelt @BILD @richvolkmann Das hättet ihr schon letzte Woche veröffentlichen müssen , aber auf Druck der Internet-Medien seht ihr euch gezwungen heute zu veröffentlichen!Erbärmliche Unterschlagungs-Presse!🤮",1
"@Deppo0128 Ich liebe meine Heimat, verachte politische Versager und ihre Tröten, die deren Schwachsinn noch verbreiten 😂😂😂",1
@KokoLores20 @thomaslauer10 Ich bleibe meiner Meinung treu....Seehofer die größte bayrische Pfeife...!,0
"@pinselpoetin @Nichtkonformist Da bin ich ja beruhigt, ansonsten hätte ich mit 60 der Liebe abgeschworen und mich gänzlich zurückgezogen 😜",0
"@FLHeche Erstmal nachdenken, was ein Interview ist bzw. ein Textbeitrag. 😂 Und beides ist übrigens richtig.",0
@krippmarie Das ist das Ergebnis wenn man auf beiden Augen blind sein will...taub sind sie schon..!,1
@RegSprecher Farce! Es gibt 7 Millionen Hartzler und davon zwei Millionen Ausländer!,1
"@Kittypunk7 In gewissen Kreisen wird diskutiert, welche Tat mehr ""Gewichtung"" als solche hat. #Koeln oder #Kandel . Man findet, Köln ist richtungs-&amp;stimmungs weisend (gewesen). ""Nach Köln""höre man noch sehr häufig,hoffe, dass sich ein ""nach Kandel"" nicht etabliert.Finde den tweet grad nicht.",0
"Huuuuuuuuuu, geht doch, Murksel entglitten in Washington sämtliche Gesichtszüge. Sogar ihre ""Mäulchenfalten"" verschwanden 😂😂😂",1
Wir sind fassungslos und traurig. Unsere Gedanken sind bei den Opfern der furchtbaren Schießerei in Orlando und ihren Angehörigen. ^ml,0
Ihr könnt uns nun auch auf unserem intl. Account folgen @RefugeesWlcm |LBR| Vous pouvez nous suivre pour des tweets en Anglais sur @RefugeesWlcm,0
@AkifPirincci Sehr gut ! Dann die Komments von Leuten die sich lieber Pol.Korrekt bescheißen lassen und sich über Fäk-nee Scheißsprache beklagen!,0
"Übrigens: Schon die #MSM-Bezeichnung ""Heimkehrer"" für diesen Auswurf der Menschheit ist eine Beleidigung des gesunden Menschenverstands!",1
"Die Schulden der Griechen soll der deutsche Steuerzahler übernehmen, |LBR| denkt Martin Schulz. Jagt ihn davon, den schulischen Versager.",1
@krippmarie @jouwatch Wer denkt das dieser Amris der Verantwortliche der irrt gewaltig...Hauptsache ein toter Schuldiger und die Gemüter sind besänftigt,0
@Martin_Sellner @BejuBinich Facebook ist nur für Bilder und Urlaubsvideos geeignet....es hatte nie andere Absichten ..!,0
"Solange solch Polit-Pfeifen, wie Murksel u. ihre Muschpoke bestimmen, was RECHTS ist, läuft mir das am Ars** vorbei - dieses verlogene Pack😜",1
@1zu1_Gedanken Da fühlen sich ja gleich die richtigen angesprochen 😄,0
Gebetsmühlenartige Aufrufe dem Terror nur zu trotzen sind Zeichen der Unfähigkeit dieser Politiker wirksam gegen diesen vorzugehen!,0
"@MariamLau1 @martinklin Das ist dann ein seltsamer Einstieg in eine Debatte um Familiennachzug für subsidiär Schutzberechtigte.;) Jedenfalls: Angehörige in Griechenl. haben auch bei subs. Geschützten (&amp; sogar im laufenden Verfahren) Anrecht auf Zusammenführung. Anders, als der Text den Eindruck erweckt.",0
@cem_oezdemir Nur die Grünen reden über Klimakatastrophe..😂😂 |LBR| Wieso ist diese kotzgrüne Brühe nicht versickert..? |LBR| Ihr dummen 🇩🇪was habt ihr nur getan??,1
"#Seehofers Botschaft nach Innen: „Wenn wir zusammenhalten, zieht uns niemand die Lederhose aus.“ #CSUPT17",0
"An Merkel, Gauck, Flintenuschi &amp; Co: ""Wer Krieg predigt, ist des Teufels Feldprediger"" (altes Deutsches Sprichwort) 😜",1
@Schlawiner2017 Egal wie groß die Familie samt derer Gefolgschaft....es wird nur als eine Person gewertet...!,0
@Ville__7 @morgenmagazin @maischberger wenn man humor nicht versteht (s. kurz übrigens schon).,0
"@mittelfinger @Dora_Bromberger Was heißt denn ""Nerd"" auf Arabisch? Und  Bernd? |LBR| Abdul und Achmett?",0
@RayWiggel @RegSprecher @cducsubt @BMI_Bund @AfDKoeln @Alice_Weidel ...ach so...ich bin aber auch humorlos😊 |LBR| #Kika #HR #DiaaMohammedAli,0
Gleich bei Markus Lanz diskutiere ich über Leitkultur und Integration!,0
@Merkel_Lover 🖕🖕🖕🖕🖕 |LBR| Geh zu Katzenbilder Account 😘,0
@JoanaCotar Ich schlage vor jedem Abgeordneten im Bundestag den Koran zur Pflicht Lektüre werden zu lassen. 90%kennen ihn gar nicht.,0
"@dushanwegner Es ist eindeutig und unmissverständlich.....unsere humanitäre Haltung ist falsch naiv und dumm, vollkommen im Arsch.",1
WER VERLEGT DENN STÄNDIG NATO-TRUPPEN AN DIE EUROPA-OSTGRENZEN UND WIRD ZUR FRIEDENSBEDROHUNG ??????und GAULAND hat sowas von RECHT !,0
Drachenlord wird immer fetter bald kann man die Sau schlachten und damit eine ganze Familie eine Woche ernähren,1
@diMGiulia1 @freivonReue Hm...in einem Punkt hat er recht...😃 |LBR| Ein anständiger Moslem ein Jude u ein Christ würden tatsächlich eine Lösung finden..!!,0
@Frank_Pasemann @KrahMax Wer noch glaubt das wir auf dem richtigen Weg sind der hat mit Deutschland nix zu tun..!,0
"@VonSchwer @rostein45 @berghueserfritz Yoh. Vorauseilender Gehorsam, der eigentlich nichts anderes ist als Angst, welche aus dem Wissen resultiert, es mit einem unberechenbaren Bösewicht zu tun zu haben. Konfrontation und klare Kante wie die Ösis kriegen die Deutschen nicht mehr hin... Kastriertes Dummvolk",1
"@Patentingenieur Banalisieren bringt nichts. Bleiben sie geboten vernünftig. Wir stehen auf der Seite der Opfer, ich hoffe Sie auch.",0
"@WEBDE_News Bitte etwas mehr Disziplin, die Gäste nicht ständig unterbrechen. |LBR| Wo sind wir denn? Blödes -beantworten sie meine Frage.",0
Die einzigsten Fähigen Verbündeten Deutschlands wahren Finnland und Japan,1
@Michael_Leh @majuja28121 Endlich fangen auch Richter an ihr auferlegtes Schweigen zu brechen!!!,0
Mehr als 1 Million Menschen haben unsere Unterstützer mit Haustürbesuchen erreicht und mit ihnen diskutiert.28.000 km zu Fuß! We go for you!,0
"Ach ja, es gibt Schwachköpfe, wie den hier: @ReiseRobby, die ""Listen"" unter ""Nazifreunde"", weil sie zu Beurteilungen zu dämlich sind 😜",1
"Sel. Märtyrer von Dachau: ""Sie zeigen uns, dass uns der Heilige Geist in der Bedrängnis dazu führt, über uns hinauszuwachsen."" (WB Stolberg)",0
@AfD_Support Für den zensierten Scheiss auch noch mehr bezahlen? So eine Unverschämtheit.Freie Senderwahl ich bezahl nur die Sender die ich sehen will.,1
@anna_IIna Hört das denn nie auf..?...werden wir dieses bis zum bitteren Ende ertragen müssen..? |LBR| Wieso schicken wir diese elendige Subjekte nicht zu ihren Familien zurück..wieso nicht..? |LBR| Familienrückführung statt Familiennachzug.....!!,1
@HeikoMaas Die kleine Heike übt den Widerstand....😃😃😃 |LBR| Wie lange bist du den oder darfst noch Minister spielen bevor es zurück zu Lego geht..?,0
"Der Ober-Schul-Versager Schulz forder einen Unsinn, an den sich die |LBR| Ost-Staaten und schon gar nicht die Invasoren halten werden.",1
Heute Ältestenrat zur Vorbereitung der nächsten Landtagssitzung. |LBR| Später diverse Medientermine. |LBR| Nachmittags zu Gesprächen nach Lübeck und zum IHK Neujahrsempfang.,0
@Hartes_Geld @krippmarie Mit „Plagiaten“ kennt sich der 🇩🇪Staat samt seiner Führungspositionen bestens aus....,0
"@noob5a1bot Den Terroristen dürfte es völlig egal sein, wer schuld ist, Hauptseite dem Ziel der Zwietracht, und jenen, die sich d beteiligen, nutzt es",0
Möglichkeit der Dienstzeitverlängerung von Pfarrerinnen / Pfarrern über das 65. Lebensjahr hinaus wird erörtert #altkatholisch #aksynode16,0
Der große #EU Fortschritt |LBR| Über andere EU Länder wird nicht mehr berichtet. Könnte Unruhe auslösen |LBR| Sprachlich verstehen tun sie sich eh nicht,0
"Betrachte ich den ""Datenschutz"" im Schland 😂 dann erkenne ich, Mielkes Schnüffler waren doch nur ""Amateurfunker"" 😜",0
"Guten Morgen an alle, die hier schon länger leben |LBR| Eure Kanzlerin",0
@DietmarBartsch @dieLinke Von Linken unterwanderte Richter haben einen Terroristen freigesprochen!Wir leben in einer Bananenrepublik!,1
@ZDFheute @ZDF Der neue Präsident der Vereinigten Staaten heißt jetzt Donald Trump! Auch wenn es Merkel und ihren Vasallen nicht passt!!!,1
"Die CSU ist klar: Wer Leitkultur statt Multikulti, und wer die Obergrenze bei der Zuwanderung will, muss beide Stimmen der CSU geben.",0
"@VonTorte @Martin_Sellner @WhyNoNews @LudkeThomas Eine Ratte die im Pferdestall geboren wird, ist auch kein Pferd.",0
@MatthiesenUwe @NorgePrivacy WEIDEL KLASSE ! HAT DEN POLITundJOURNALIENABSCHAUM zu RECHT abgehakt und verlassen!ZDF = LÜGENSENDER ! Jetzt wohl bewiesen !,1
@NordhausenFrank @SPIEGELONLINE Tauwetter.... war da nicht was in einer kleinen Stadt namens Goslar...,0
"@MiriamOzen Sehe mir den Film an da ich ein dickes Fell habe. Aber eines ist Fakt. Wäre der Deutsche Islamisten, mein Kind würde ich ihn eigenhändig erschlagen.",1
"@APosener Nein Herr Posener, ich weigere mich nur hier mit Ihnen ernste Dinge mit 140 Zeichen zu diskutieren.",0
"@derorient @Echtzeitreise @Junge_Union @welt Was genau haben Sie denn als tendenziös an dem Artikel zu kritisieren? Wo wird der Volontärin im Artikel Antisemitismus vorgeworfen? |LBR| Im Teaser des Autors heißt es, sie würde tief in die Mottenkiste des AS greifen, was im Artikel dann aufgezeigt wird.",0
@issn81 @Georg_Pazderski Wir sind eine bundesweite Organisation. Wir laden Sie gerne zu einem Tee ein! :),0
"24 Stunden alles niederlegen, sich nicht einbringen, Bundesweit.... Und sie fühlen die Macht des Volkes.",0
"@schalburg1 Hatte die Idee auch schon. Nachzulesen in meinem 2015 geschriebenen Buch ""Wutmama""",0
@TiloJung @krippmarie Wer denkt das SS Wissenswertes zu berichten hat der wird bitter enttäuscht...einfach nur eine lächerliche Nullnummer..!!,0
Antrag 28 wird aufgerufen: Die Synodal- und Gemeindeordnung soll in Bezug auf #Ehe und #Lebenspartnerschaft angeglichen werden - #aksynode16,0
"@stasikasper Blanker Horror, spätestens bei KGE verliess mich jeder Funke an Sachlichkeit. |LBR| Aber da muß man wohl durch.",0
@Gauinator Würde lachen wenn er wirklich mal vom 1 stock ins Erdgeschoss mit seinem Fettarsch durchbricht,1
"@0815Lucky0815 @RitaKratzert @megatwingo @eysvog3l Dann würde ich mich doch glatt auf Denunziantenniveau begeben...sorry, das kann ich nicht. Zumal, ich fing schon vor 6 Monaten an, alles linksversifftgute wegzublocken,weil ich meine Nerven noch was behalten möchte 😁",1
"Das alles ist Deutschland das sind alles sind wir, das gibt es nirgends wo anders. Nur hier nur hier.",0
"@artepmobil @WildEastBerlin Pure Verzweiflung 😂😂😂 das würde sich nicht einmal ein Nafri antun, nehmen eher zur Not `ne Ziege 😂😂😂",1
"@Snoopy92 Gut nicht wirklich, aber ich versuche das Beste draus zu machen 😜",0
"@66Freedom66 Nun ja ...Wasserwerfer sind anders, dass hier sieht aus als würden sie die nur zum gedeihen bewässern....",0
"@charlie_silve @AthinaMala @martinbott75334 @machtjanix23 @Norbinator2403 @ennof_ @troll_putin @NancyPeggyMandy @petpanther0 @info2099 @lifetrend @ThomasGBauer @SchmiddieMaik @NoHerrman @willjrosenblatt @feldenfrizz @nasanasal @_macmike @ellibisathide @MD_Franz Es nervt tierisch. Bitte löscht die doch mal - die klauen euch die Zeit und sind resistent gegen alles, vor allem Bildung. Kruzifixnochmal!",0
"@abususu ab seite 26 bis seite 27 oben (kein witz). extrem dünn: bei türkei-eu-beitritt kein kapitel schließen, aber auch kein neues öffnen. keine rüstungsexporte mehr in Länder, die jemen-krieg führen.",0
"@AlfredoIhl @sebastiankurz was ist daran unhöflich, wenn wir uns über seinen besuch freuen und ihn gerne ins studio lassen?! humor an der tür abgegeben?",0
@Papier451 Ich sprach nicht über Patchwork. Das ist die Interpretation der Redaktion...,0
"@tagesschau Da diese Meldung von den Vasallen Merkels kommt, würde ich sagen das diese Meldung der Tagesschau gelogen ist!! Lügenpresse und Lügen Medien",1
"Heute Abend bei #Maischberger. Anschlag auf Bürgermeister. Wie verblödet ist dieses Land? Anschlag welcher Anschlag? Ein kleiner Kratzer am Hals und Deutschland steht Kopf. Vergewaltigung, Raub, Totschlag durch Asylanten kaum einer spricht drüber.",1
"Merkel lernte u. studierte in der DDR für ""Null"" &gt; ihre wichtigste Erkenntnis, halte deine Wähler DUMM, denn dann keine ""dummen Gedanken"" 😜",0
@SPIEGELONLINE Freiheit für Katalonien und Bayern!,0
@VonSchwer Kann dir keine direkt Nachrichten senden wasn los???,0
@BILD Wie immer keine Nationalität der Angreifer angezeigt!,0
Die Polizei muss mit Gummigeschossen bewaffnet werden. Auf die |LBR| verhüllten Birnen halten. Dann hauen die Chaoten ab.,1
@AfD_Support Hoffentlich finden Sie alle Schweine!,1
"@welt gut so, nicht nachlassen, wir posten alles was wir gegen Merkel finden bin zum 24 September!! |LBR| Ziel muss sein ""Merkel ist weg!""",1
@burghard_r @SM100d Über diese Missstände bereits zig1000 x berichtet...niemanden interessiert es....die 🇩🇪wollen und lieben ihre Asylanten samt Verbrechern,1
"@chorherr @WKogler Hochgeschwindigkeitszüge, die die Kontinentalflüge ersetzen. Ein Ziel. Wurde auf der COP in Bonn zu den Massnahmen gezählt, die grosse Reduktion von Treibhausgasen bringen können.",0
Die Türken dringen hier ein und wollen uns ihre Art zu leben aufzwingen. Und |LBR| beschimpfen unsere entscheidungsunfähigen Weicheier als Nazis.,1
@lawyerberlin @AfD_HD Die werden doch wieder von der Anarchistenfreunliche Justiz freigelassen.,1
"@United__Europe @Europakonzept @MalteKaufmann Die Juden in Deutschland waren gebildet,  assimiliert,  wertschoepfend,  zurückhaltend. Der Hass auf sie kam von links (gegen Eliten, gegen Finanzadel) |LBR| Ich hatte nie Vorurteile gegen Muslime,  liebe andere Länder und Kulturen. Was hier gespielt wird, spottet  jeder Beschreibung",0
@Einzelfallinfos @ibikus31 Die Zeit des kuschelns ist vorbei. Wir haben den Moslems und Islamisten Offiziell den Krieg erklärt. Ein neuer Kreuzung. Sie wollten es nicht anders. 800 Jahre haben wir dem Islam Zeit gegeben um sich zu ändern.,1
Die große Mehrheit der DE möchte keine Kinder mit Kopftuch in d Schule sehen Kreuze mussten weg dafür sitzen Kopftuch Mädchen in den Klassen,1
"Gedeon (#afd) ist nicht nur unfähig, die simple Argumentation des Gerichts zu verstehen, er staunt auch: |LBR| ""Hat doch gerade die zionistische Seite dafür gesorgt, dass [beim Thema Holocaust] das Recht auf freie Meinungsäußerung hier keine Rolle spiele."" 1/2",0
"@petpanther0 Alle die sich dafür interessieren, es gibt 2 Dokumente, eines von der UN und eines der EU beide liegen mir vor!",0
"@nopgy @cebu_11 Lest mal die neue COMPACT, da gibt es einen ausgiebigen und interessanten Bericht über die Kahane und ihre Stiftung!",0
Ohne die vielen engagierten Helfer vor Ort wären die Freien Demokraten: nichts. #TagdesEhrenamts ist ein Anlass Danke zu sagen. CL,0
"@JochenBittner Demnach ist es auch keine Diffamierung, wenn ich islamkritiker zitiere, deren Gehalt Grundlage für die AfD-Wahl ist.",0
"Beifall, Ihr Niederländer, schon im 17.Jahrhundert haben die Österreicher |LBR| die türkischen Invasoren davongejagt. Weiter so.",1
"@LC180666 @jouwatch Vielleicht sollte man den Idioten mal zeigen, wo der Frosch die Locken hat.",1
#Amerika bringt innenpolitisch nichts auf die Reihe. |LBR| Alle #Präsidenten mußten sich mit #Kriegen und Morden im Ausland profilieren,1
@anna_IIna @DuHugonotte Die Grünen sollten auch ein Kopftuch tragen damit man ihre dummen Fressen nicht sehen muss!,1
@lawyerberlin Irgendwann sind die kleinen Scheisser auch immun gegen Reizgas....gegen das deutsche Strafrecht sind sie es bereits...,1
"@janboehm @SpotifyDE Geht zu Spotify,das ist eure Einstellung angemessen!",0
"@heinrichwiechm1 Nee, man nennt es Verstand und erzieherische Maßnahne in die richtige Richtung ! Aber so etwas verstehen Linke,Kommies und Merkels nicht !",1
"@Nico Nehme zur Kenntnis, dass Sie wie die Grünen lieber schmutzigen Braunkohlestrom aus Polen importieren für ein gutes Gewissen. 😂 CL",0
"NSU ist keine dreiköpfige „Zelle“, sondern eine ""homegrown""- also hiesige -Terrororganisation erster Klasse. |LBR| Schluss also mit ständigen Verharmlosungen, Verniedlichungen und Vertuschungen im Namen der Gerechtigkeit und des Deutschen Volkes! Möge die Gerechtigkeit siegen",0
@P_I @MiriamOzen Wohl zu viel Weihwasser gesoffen.,1
"Das Sammeln von Flaschen, Lumpen, Altpapier u Schrott &gt; die Perspektive der CDU für die Rentner von morgen &gt; beginnend nach Merkels Wahl 😂😂😂",0
"@MartinSchulz Von wegen glühender Sozialdemokrat. 2 x sitzen geblieben |LBR| und ohne Schulabschluss. Und gigantischer Raffzahn. Pfui, Schulz.",1
@Beatrix_vStorch @GiKi56534206 Familienrückführung statt Familiennachzug....das wäre das einzig logische vernünftige und anständige. |LBR| Alles andere ist Menschendiebstahl...!,1
@katjakipping @dieLinke Und was ist mit den Rentner/innen? Wieder außen vor.,0
"@tagesschau Der Tod von Maria aus #Freiburg-vom ""Flüchtling"" #HusseinK brutalst ermordert-wurde auch erst durch öffentlichen Druck publik gemacht. |LBR| Euer Problem:über refcrime wird immer noch staatsgetreu geschwiegen-bei deutschen Tätern undifferenziert in Endlosschleife berichtet.",1
@Frank_Pasemann @KrahMax 😂😂...in Deutschland ist alles normal....wer tatsächlich noch Respekt den deutschen gegenüber bringt gilt schon als Aussätziger.... |LBR| Wir hätten die Juden in Ruhe lassen sollen...wir hätten den Krieg niemals verlieren dürfen.,0
@Gauinator Bei mir ist alles klar,0
@JFDA_eV Eine Schande das der Terroristen Verein Hamas in Deutschland Israelische Flaggen verbrennen darf..,0
@Hartes_Geld @FfFrauki 😂😂😂wie dumm nur ist unsere Jugend überhaupt und gilt dieses auch in unserem Land..? |LBR| Ohne Worte...,0
"@hdBerretz Stastssender!? der war echt gut, wenn du den Staat findest sag bescheid.😉",0
@zeitonline @zeitonline ...ihr seit elende Schmierfinke...ihr gehört mit eurer gefakter Berichterstattung tatsächlich auf den Müll..!!,1
@Dora_Bromberger @123Lenchen Ich hoffe das ist eine rhetorische Frage!,0
"Jetzt hört auf mit Euren Sanktionen. Sie bringen nichts und |LBR| schädigen, ja -schädigen- die eigene Wirtschaft, Ihr Nulltipper.",1
#Politiker fördern den #Nationalstaat weil sie sich um Probleme anderer Länder kümmern statt um ihre eigenen.,0
@HelmutHolter @dieLinke @DLFBildung @BildungTH @DLF Ihr habt doch die Wertschätzung von Lehrer*innen runtergefahren durch eure Antiautäre Erziehungslehre!,0
"Einzelne Teilnehmende widersetzen sich der eindeutigen Bitte und Ansage der @OuryJalloh und werfen Böller und Plastikflaschen auf Mitdemonstrierende, Polizei, Presse. Übrig gebliebene Rechte standen rund 150 Meter von den Werfenden entfernt. Ordner und Polizei beruhigen. #de0701",0
"Gerettete Flüchtlinge? Nein, vor der lybischen Küste abgeholte |LBR| Invasoren fluten die italienischen Häfen. Schluss damit.",1
Neuer Rekord nach zwei Wochen Ramadan – schon über 1000 Tote!,0
"@SPIEGELONLINE Das die Hamas in Deutschland eine Plattform bekommt ist mehr als beschämend, da wir alle wissen das es ein Terroristen Verein ist.",0
MEIN GOTT ! WAS HAT DIE SED-TRULLA MIT HILFE VON LINKEN U-BOOTEN AUS DEUTSCHLAND GEMACHT !?!? DAS DAS DAS DURFTE !!,1
@krippmarie @jouwatch Die lachen sich schlapp über soviele dumme deutsche ....absolut verständlich,0
@DeutschPI @heplev Verstanden habe ich Bericht und die Nachricht. Jedoch nicht verstanden habe ich warum das jetzt erst veröffentlicht wird!,0
Wenn #Europa den Zuzug von #Muslimen nicht stoppt ist es für immer unwiderruflich verloren |LBR| #April2017,1
Ich bin nicht ausländerfeindlich nur weil ich mein Volk und mein Land bevorzuge.,0
"@MciMcMiller @Twinnz4you @OpferNaziGewalt #whataboutism Wir feiern Fatih Akin und seine Crew. Es ist wichtig, dass dieses Thema auf der Agenda der Öffentlichkeit bleibt. Mölln, Solingen, Hoyerswerda, Lichtenhagen und über 192 (seit 1990) Todesopfer durch rechte Gewalt sind keine Einzelfälle.",0
@lawyerberlin Währe ein Verstoß gegen den Amts Eid Heute noch Strafbar. Würde er nicht so leicht über die Lippen gehen. Heute nur ein Lippen Bekenntnis.,0
@KirstJeremy bei manchen Menschen scheint die Gehirnwäsche durch Politik und Medien hervorragend geklappt zu haben.,1
"@GlasenappHenrik Übrigens, ich holte mir dieses Almosen 1989 NICHT ab 😜, ließ mir meine Würde durch ""Birne"" und ""Schäußle"" nicht nehmen 😜",1
"@HolgerEwald1 @focusonline Ich weiß jetzt nicht genau, ob ich weinen oder mich freuen soll?",0
@FoxvsBadger Quasi nicht... Worum gehts denn? 😊,0
"Machtgerangel in Deutschland, zum Kotz**, nur nicht auf den Gedanken kommen für das ""Dem Deutschen Volke"" zu wirken, Willkommen im Schland 😜",1
"Trump - sprich Tramp. Wenn die Laien-Ministerin über Trump labert, |LBR| bleibt mir nur : "" Lass den Trampel quaken"". Zu mehr taugt sie nicht.",1
"@pinselpoetin @Eddie_1412 Typen, wie die Kahane sind eine Geißel für die freie Meinungsäußerung (jetzt falle ich um vor Müdigkeit).",0
@StephanJBauer @soskinderdorf Und alles andere investiere ich in die Kinder in meiner Nachbarschaft. Dort gibt es einige die hungern müssen. Kaum zu glauben aber wahr.,0
"@FreierDiskurs @Tomsch24 @Georg_Pazderski Ihre Bemerkung zur Türkei macht das ganze Elend der aktuellen politischen Situation deutlich. Wir sind Bürgerinnen dieses Landes, gewöhnen Sie sich daran. Die Identität dieses Landes besteht aus seiner Bekenntnis zur Vielfalt!",0
@rwschmidt1 @Renft1964 @APatzwahl Die Grünen Idioten sind untragbar für unser ganzes Land!,1
"@AfDimBundestag Eine demokratische Partei ,gewählt in den Bundestag,wird an der Gedenkfeier am Breitscheidplatz ausgegrenzt.Schande über Merkel!",0
"Wir freuen uns sehr über all die Regenbogenfahnen, die derzeit in Hamburg wehen. Auch heute werden wieder welche dazukommen. #HamburgPride",0
@MiriamOzen @Heinrich_Krug Ja Politik kann eine schöne Sache sein...wenn man Ahnung davon hat...!,0
@strackjoshua hat viel spaß gemacht. gerne wieder 🎈,0
@MiriamOzen Das einzige was an dieser Meldung interessant....er durfte die Wache samt Geld wieder verlassen...!..😃 |LBR| Es kümmert niemanden woher die Kohle stammt...? |LBR| ..also mich schon.. |LBR| Ich finde Deutschland wird immer dümmer..😂,0
"@Bibelanwalt Leider sieht das die »noch, oder wieder« #GroKo aus #SPD &amp; #CDU anders. #Israel wird von Außenminister @sigmargabriel sogar als »Apartheidstaat« beleidigt. Der verschleierte #Antisemitismus bei ihm &amp; anderen wird leider in der Gesellschaft weitestgehend ignoriert. #Deutschland",0
Und Schwule die sich selbst als Schwuchtel titulieren sind sowieso Idioten. #ibes,1
"@focusonline Es ist schon sehr beängstigend, wie sich einige Medien und Politiker Islam Kritikern gegenüber verhalten. Nicht Mainstream = nazi.oder was.",0
"@jkcork76 @lawyerberlin @HeikoMaas @Ralf_Stegner @ARDde @ZDF @illner UUUuuunnnnd da isser wieder, der hyperintelligente Differenzierer ! WAR ES NICHT ! ES WAR KEIN DEUTSCHER ! ES WAR EIN NEGROIDER! Die ""arme Frau"" ist diesen Tätlichkeiten, dank solcher Leute wie dir, zum Opfer gefallen! UND JA,ES MACHT EINEN UNTERSCHIED!!",1
@FlorianGathmann @ARD_BaB @CDU Nach einigem Nachdenken: Besser als Schlechtreden! :-),0
@Ami66Stefan @PatMair1 Schlimmer sind die IS Kämpfer die unkontrolliert ins Land kommen. # Brüder wie heute gezeigt in der ARD. Nicht nur Bio Muslems haben da gekämpft. Auch Deutscher Menschen Müll. Anders kann man solche Menschen nicht bezeichnen.,1
Die Demo ist jetzt offiziell aufgelöst. Alle die wollen können mit uns in der Viktoriastr. 12 noch ne Brause zischen.,0
@krippmarie Unsere Bürokratie ist nicht nur veraltet sondern total verblödet....obwohl sich immer mehr junge Menschen für diesen Beruf entscheiden...,0
"Bischof Ring verweist auf §80.1; dort geklärt, wer als #Geistlicher im Ehrenamt zu verstehen; Empfehlung Antrag 31 abzulehnen - #aksynode16",0
@Quatrofinia @ulschzi @Tinimaus1110 Ich will dieses Arschloch nicht auf freiem Fuß wissen...egal in welchem Land..!,1
@Ralf_Stegner Ralle du alter Mülleimer lebst ja immer noch...dachte das zeitliche hat dich gesegnet... |LBR| Bist halt eine zähe Unkrautwurzel,1
"@HannibLecktor @DirtyHarry112 @sebastiankurz offensichtlich ist es nicht legitim, einen politiker oder eine partei kritisch zu hinterfragen, die ihnen gefällt... sofort links, grün, rot, mimimi",0
"@Wookie_In_Crime Die Betroffenheitsperspektive ist die entscheidende. Alles andere wird aus einer Perspektive formuliert, die geschichtliche Zusammenhänge nicht kennt und dann auch noch die Empörung kritisiert. Diese Entwicklung ist mehr als problematisch.",0
"@sternrot @SVBabelsberg03 Sie wurden ja schließlich auch nicht angezeigt! |LBR| Dass sie in dem Beweismaterial, das im ersten Verfahren genutzt wurde, zu hören und im Sonderbericht des Schiedsrichters vermerkt waren, konnte das Gericht ja nicht ahnen...",0
"@_macmike @mastermikeg @machtjanix23 @Norbinator2403 @ennof_ @AthinaMala @troll_putin @NancyPeggyMandy @petpanther0 @info2099 @lifetrend @ThomasGBauer @SchmiddieMaik @charlie_silve @NoHerrman @willjrosenblatt @feldenfrizz @nasanasal @ellibisathide @MD_Franz Ich weiß, es ging aber um Kugelschreiber mit sehr feinen Minen - die gab es nicht, nachgewiesen im BKA- Gutachten.",0
@tagesschau Öffentlich-rechtlichen Nazi Medien und Merkel Vasallen setzten ihre Hetzkampagne gegen den Präsidenten der Vereinigten Staaten fort!!,1
@lawyerberlin Meiner Meinung nach ist Frau Merkel eine Volksverräterin.,1
"Interessant! In den Medien Polens wurde bekannt gegeben, dass Syrien offiziell Flüchtlinge aufforderte zurückzukehren. Wo bleiben ARD/ZDF? 😜",0
@ulschzi @FfFrauki Raub Mord Vergewaltigung muss gesühnt werden...egal in welchem Land...Abschiebung erst nachdem diese Schweine ihre Strafe absitzen...!,1
@anna_IIna @Renft1964 eutschfeindliche Richter sind von Merkel eingestellt und stehen unter ihrem Befehl!,1
@KokoLores20 Ja die kleine Heike spurt...Natalia sagt was Sache ist..! |LBR| @HeikoMaas,0
@dejancrosic Dein Tweet von eben - einfach weg! Wollte Dir eben antworten.,0
Immer Hasskick wenn ich Merkel und Claudia Roth seh,1
@ntvde_Politik Eine gute Tat sollte belohnt werden....aber ich mag dein Lindner immer noch nicht..!,0
"@SchaarSevi @Ofenschlampe Ich nenne solche Kaliber Bessermenschen. Die bezeichnen dich als Mörder,  wenn du eine Fruchtfliege killst, haben aber selbst x-fach abgetrieben. |LBR| #Doppelmoral |LBR| #Narzissmus",1
Aus dem Seelenleben von @spdde-Delegierten. A: Wir haben die Wahl zwischen Sch... und großer Sch.... B: Noch schlimmer. #spdbpt17ِ,1
"@InDerSee Hier in Ungarn gibt es keine Beobachter - ist ein freies Land, wo man sagen und schreiben kann, was man denkt .",0
@lawyerberlin Vielleicht sollte mal jemand der Deutschland Hassenden Partei B 90 die Grünen erklären was Subsidaerer Schutz bedeutet. Ich führe doch keine Menschen zusammen die dieses Land absehbar wieder verlassen müssen. Wer soll diesen Irrsinn den bezahlen? Die Grünen etwa.,1
ohne Holland gehen wir ins Achtelfinale!,0
"@rastaflip @Beatrix_vStorch Freundchen, studiere die Weltgeschichte mal etwas genauer. In jenen Ländern,  in denen Vollverschleierung (nur für Frauen) Pflicht ist,  gab!!!! Es einst Kultur und #Vielfalt.  Vor!!!!! der #Islamisierung. |LBR| Bevor du jetzt meckerst, geh bitte Frauen im Iran vor Steinigung retten!",1
@SpadeCarrier @AthinaMala @machtjanix23 @_macmike @magna_est @petpanther0 @NoHerrman @teite99 @info2099 @lifetrend @ThomasGBauer @SchmiddieMaik @charlie_silve @willjrosenblatt @feldenfrizz @nasanasal @ellibisathide @MD_Franz Quelle? Nicht mal der VS greift auf sowas zurück!,0
"@Nichtkonformist @Piratenfrank @pinselpoetin Okay, ich verzichte und überlasse ihn Dir 😂😂😂",0
@Mirapi_NRW @Gerry_Grantler Die strotzt vor Blödheit! Teilt sich mit Fatima Roth einen 40er-IQ!,1
@Sitewinder @BalianIbelin65 @polizeiberlin Gemäß der Europäischen Menschenrechtskonventionen kann die Versammlung- und Demonstrationsfreiheit kein Privileg für deutsche Staatsbürger sein. Und das ist selbstverständlich gut so.,0
"@SpadeCarrier @machtjanix23 @AthinaMala @_macmike @magna_est @petpanther0 @NoHerrman @teite99 @info2099 @lifetrend @ThomasGBauer @SchmiddieMaik @charlie_silve @willjrosenblatt @feldenfrizz @nasanasal @ellibisathide @MD_Franz An alle: nehmt mich bitte aus dem verschissenen Thread mit Ao raus, ich ertrage deren geistige Insolvenz nicht.",1
"Es dürften wohl 2000 bis 3000 Menschen gewesen sein, die heute in #Dessau #OuryJalloh gedachten und die juristische Aufarbeitung seines Todes forderten. Bis auf eine Handvoll Böllerwürfe blieb es friedlich. |LBR| Bericht - insbesondere von der rechten ""Gegenkundgebung"" - folgt. |LBR| #de0701",0
Keine Überraschung: Auch Gedeon darf in der AfD bleiben.,0
Ein kleiner Auszug vorbestrafter Politiker.,0
"@pournette Sie scheinen sich nicht so gut zu informieren. Plenarwoche im Bundestag und die @fdpbt bringt eigene Anträge ein, u.a. zu Familiennachzug, Digitalisierung in der Landwirtschaft und Senkung des Beitragssatzes in den Arbeitslosenversicherung. TL",0
"@Ernst_1895 Genau.  Und der Flüchtlingsnachwuchs wird sich in die immer radikaler werdenden Parallelgesellschaften ""integrieren"". Wohin sonst?",1
Unser Motto für den Hamburg Pride 2018: „Freie Bahn für Genderwahn!“,0
@KamannUwe das wüssten wir auch nicht. Man kann leider nicht auf die Abschaffung dessen klagen. Daher: passend für alle bitte wenigstens,0
"#AfD meint, dass sie sich als Partei gegen #Antisemitismus stark macht. @Beatrix_vStorch macht oft genug Werbung für einen rechtspopulistischen #Philosemitismus. Als Jude kann ich diesen Schmonzes nicht glauben, weil ich den #Judenhass von #Gedeon, #Gauland &amp; #Höcke kenne! #NoAfD",0
"Wir werden uns in dieser Sache wenn es sein muss auch gegen die Kirche stellen, sollte sie auf den Gedanken kommen dies zu unterstützen. Das Schwert des Mönch Ritters ist noch immer scharf. Das sollte selbst die Kirche wissen.",1
@Mirlangtes Ich bin Ungarin und lebe in Ungarn - es sollte eine Aufforderung zum Nachdenken in D sein.,0
@MiriamOzen Ja die Deutschen identifizieren sich nicht mehr mit Deutschland....3/4 aller hier lebenden ist Deutschland egal...,0
"Tunesien schließt 80 Moscheen im Lande, weil der Terror mit dem Islam nichts zu tun hat!",0
@dustpills @tagesschau Fall Gustl Mollath - tolles GG mit Recht auf körperliche Unversehrtheit!,0
"@Juergen_Fritz @krippmarie @jouwatch FDP..bisher immer unbedeutend, wirklichen Schaden konnten sie nie anrichten..bis jetzt. |LBR| Lindner?.noch eine größere Pfeife als Westerwelle..!",1
"Um 23:15 diskutiere ich im ZDF mit Margot Kässmann und Friedich Delius zum Thema ""Wozu glauben?"". Adel Tawila singt und deskutiert mit!",0
"@tagesschau Man darf nicht vergessen, dass die öffentlich-rechtlichen Vasallen von Merkel sind und das berichten was Merkel vorgibt!!",1
@lionwoman18 @keoma58 @MiriamOzen Margarete...ja wo warst den du die ganze Zeit?😃😃,0
"@krk979 @traumdiebe @ulfposh Noch ein Fehlgesteuerter mehr, der Mut mit Leichtsinn verwechselt u. eine zerstrittene EU aufwerten will 😂😂😂",0
@Carolin94815291 Diese Aktion hat nichts mit Kinder zu tun... |LBR| Kinder die vorher arm waren sind immer noch arm |LBR| Kinder die vorher hungrig waren sind immer noch hungrig,0
"@JanKalkbrenner @CDU @CSU Das ist jetzt interessant. Wir haben den Tweet des Papstes doch einfach genau so wie er war retweetet. Wenn Sie der Meinung sind, dass er eigentlich etwas anderes sagen wollte, müssen Sie das mit dem Papst klären, nicht mit uns. 😂",0
@OnlineMagazin @Heinrich_Krug Die wievielte Generation Türken scheint hier auf der Straße zu sein ca.die 4te das Wespen Nest,1
@MLP_officiel @Ant_Baudino Gottseidank lachen viele Deutsche schon lange über Merkels hohe kriminelle Energie. Verhindern sie es in FR 😜,1
@krippmarie @jouwatch Welch ein Vermächtnis....wenn schon wir das nicht hinkriegen dann die anderen bestimmt..!!,0
Was zum Dönerwetter hat denn der Seehofer an der Oberlippe ? Hat er dreckigen Schmuddelsex mit C.Roth gehabt ? Oder tritt das Böse zu Tage ?? Pfui Spinne hat der nen Herpes wegen Selbstekel! So etwas sollte man nicht zur Kinderfernsehzeit bringen !,1
"Was ich nicht verstehe: Angeblich ist #Merkel „fertig“. Gleichzeitig hat @spdbt panische Angst, von einer „abgewirtschafteten“ Kanzlerin in der #GroKo untergebuttert zu werden. Was sagt das über Merkel - und was über @spdde? @cdu @csu",0
Wie können Türken eigentlich Atatürk gut finden aber Erdogan auch nicht schlecht finden?,0
@nminkmar @Schmidtlepp @peteraltmaier In der saarl. Landesvertretung gab es für die Gruppe Lyoner und saarl. Bier. Bei uns nur gute Politik ;-) |LBR| #HauptsachGuddGess,0
@AnniKlose Sichere Fluchtrouten..?😂😂 |LBR| Ich liebe die SPDler...die begraben sich selbst |LBR| Das hat auch was mit humanitärer Hilfe für‘s deutsche Volk zu tun😃,0
"Bin wieder zu Hause in meinem Mecklenburg - in Szczecin meinte man, Murksel bekam heute die Aufmerksamkeit in Washington, die sie verdient 😜",1
"@Kritisches_Auge Sie wissen aber, um welche Zahlen es sich da dreht?",0
@Hartes_Geld Welche der Identitäten bekommt dann einen Brief von der Polizei?  Vermutlich keine. |LBR| Lächerlich,1
Die Hälfte der Grünen Politiker sind vorbestraft. Sollte zu denken geben.,0
@Frank_Pasemann @Die_Gruenen Wie nennt man Männer die im Krieg ihr Land ihre Landsleute ihre Familien ihre Kameraden im Stich lassen..? |LBR| Deserteure...Feiglinge... |LBR| Und wie nennen wir sie..?,0
"@OliverGeorgi @faznet Also, wie macht man es richtig, wenn man gefragt wird? Man antwortet doch mit der bekannten Position, oder? Und die ist unverändert... CL",0
@vernunftbueger Vergessen wir eines nicht....erinnert euch an Bilder von Frauen mit Kindern an der Hand.. |LBR| die Täter damals waren auch Migrantenkinder denen Frankreich oder Belgien ein Zuhause gab... |LBR| Wir machen den gleichen Fehler...!,1
@Mica4711 @neuaubing @raz_u @ExilMengele Ihr habt nix verstanden bitte verlass uns,0
"Wacht endlich auf, denkt an die Zukunft eurer Kinder. Oder möchtet ihr eure Töchter mit Kopftuch und mit 12 verheiratet sehen? |LBR| Ich nicht, darum wähle ich AFD! |LBR| #illner",1
"@schneeridara @twittonium Selbstverständlich. Fett gepamperte Zugpferde sämtlicher arabischer Islamlobbys. Wenn diese am Ziel sind, werden die Damen unter das Kopftuch ""entsorgt""",1
@dushanwegner Kahane. Langjähriges Mitglied der Stasi. Das sagt alles!!!!!,0
"Wir haben uns in diesem Sommer über jede Wespe gefreut, die unseren gedeckten Mittags- |LBR| tisch besucht hat. Vor 4 Jahren waren die Wespen für uns eine Plage. Ja, so ändern sich |LBR| die Zeiten.",0
"Komplexe Diskussion über Zusammensetzung Finanzkommission, insbes. Frage, ob ehrenamtliche Geistliche dabei sein können - #aksynode16",0
@aotto1968_2 FDP Wähler haben sich noch nicht AfD wählen trauen.,0
"@mrohrlack Zwei Texte, auf zwei Seiten. Deutlich unterschieden. Klarer kann Bericht und Kommentar gar nicht getrennt sein.",0
"@LikeLocusts @tagesschau Mir war nicht bewusst, das die 600 verletzten Polizeibeamten in Hamburg keine Menschen sind!!!",0
"@Rebellin70 Weihnachten ade....es war einmal . |LBR| Dieses zu bereinigen wäre immer noch möglich...doch wir tun es nicht, wir nehmen es einfach hin. |LBR| Wir werden von dummen schwachen naiven regiert...und die haben soviele Helfershelfer.",1
"@Jost2018 @Renft1964 Veruntreuung deutscher Steuergelder muß strafbar werden, Herr Bürgermeister!",0
@sonneundmond1 Das tun wir nicht und erschreckend finden wir diese Kommentare auch. Deshalb ja der Ausgangspost.,0
@MartinaRenner @dieLinke @GBA_b_BGH Es gibt wichtigeres wie z.B Asylantenterror!,1
"Das Konzert gestern war ein voller Erfolg, danke an alle,die gekommen sind!",0
@HStiebert @eroloenal @welt Die Hamas ist ein reiner Terroristen Verein,0
"SPD und Grüne haben uns die Türkei-Probleme erst eingebrockt, weil sie Erdogan den Despoten vom Bosporus jahrelang hofiert haben. #TVDuell",0
Präs.Steinmeier: Israelische Künstler und Intellektuelle müssen in Deutschland willkommen sein. Auf keinen Fall darf das verhindert werden.,0
"@SJW_MadBunny @petpanther0 @machtjanix23 @Steffmann45 @troll_putin @mastermikeg @Norbinator2403 @ennof_ @AthinaMala @NancyPeggyMandy @info2099 @lifetrend @ThomasGBauer @SchmiddieMaik @charlie_silve @NoHerrman @willjrosenblatt @feldenfrizz @nasanasal @_macmike @ellibisathide @MD_Franz Die 20 sec. sind die Angaben der Polizisten vor Ort. Übrigens Zeugen sagten Knall , Polizisten auch, im Bericht wurden Schüsse draus gemacht. Knall ist nicht Schuss.",0
Das deutsche Verbötchen zur Vollverschleierung muss so wie in anderen Ländern Europas ausgeweitet werden. #Burkaverbot,0
@OSchnederpelz @SteinbachErika Jede verdammte Einsatzbesprechung vor Schichtantritt ist eine verdammte Interne Anweisung und ich meine I A =ähnlich Schreiben! Lüge??nö!!,1
@focusonline Politik wir gut bezahlt...und bis auf deinen Namen fehlerfrei schreiben benötigst du keine weitere Qualifikation...,0
"@SJW_MadBunny Die Grünen sind einfach realitaetsfern. ""Minderjährige Flüchtlinge""  terrorisieren bundesweit Klassen, Lehrer, Behörden und Mädchen. DIE sind dann traumatisiert.  Aber nur Deutsche...",1
@RT_Deutsch Wer auch immer davon was abkriegt...😂😂,0
"@DjJEM @dpa @TeamKenFM @SWagenknecht @tagesspiegel @NachDenkSeiten Orwell hatte recht, er wusste es aus erster Hand",0
"@OssiMarzahn Es gibt so unendlich viele Vollspacken, da hilft kein Arzt mehr! 😉👎",1
"Betrachte ich Merkels Gefolge, so fällt mir der nur ""Der Untertan"" (H. Mann) mit seiner Leitfigur Diederich Heßling ein 😂😂😂",0
@ProAsyl: EU will Sterben vom Mittelmeer in die Sahara verlagern.,0
Die @spdde setzt statt auf Aus Bildung und Berufserfahrung auf Qoutenweiber. |LBR| #Sozenversenken,1
"SAT1, RTL und wie die Merkel Propaganda Sender auch heißen, berichten nie was negatives gegen Merkel aber permanent gegen Trump! Noch fragen",1
"Ich brauche keine fremden Kulturen vor meiner Haustür. Ich möchte auch keine bunten Menschen beim Einkaufen begegnen. Ich spreche auch kein türkisch, arabisch oder Suaheli. Meine Familie ist germanisch und wird es auch bleiben. Wir möchten uns nicht mit andere Kulturen vermischen",0
Das durch zählen hat ca. 100 Personen ergeben. #dritteoption,0
"Es ist schön zu sehen, wie viel Unterstützung der Hashtag #WirGegenHomophobie hat. Homophobie ist keine Meinung. #loveislove",0
@joachim_friede @gerd_dold Merkel und Göring -Eckardt sind auch Links - habt ihr deren Vita vergessen? Stasi-Schnur hat sie groß gemacht!,0
@WolfHansen Das Elend in D heißt: gemeines Schlafschaf!,0
@BILD Na klar 100% für Merkel!😡😡😡 Die Bild ist auch einer dieser verlogenen Zombie Vasallen Merkels!!!,1
"@MiriamOzen Selbst die Lüge, das es keinen Anstieg der Kriminalität in Altena gibt ist mit wenigen klicks im Netz wiederlegbar",0
@dshsdm @wattesprech @hoepfner_julia @ARD_Presse @ZDF Die Probleme kleinzureden macht sie langfristig  immer größer,0
"@ainyrockstar Ich hab ja auch schon einiges losgelassen,aber wenn man gebrandmarkt ist dann sagt die Netzagentur ,Maas-voll‘ niente!📴",0
@Einzelfallinfos Ab nach Ungarn oder Polen. Da ist die Welt noch in Ordnung,0
Jetzt wird Deutschland überschwemmt werden aber die Idioten wollten es ja nicht anders.,1
Beitrittserklärungen nimmt zukünftig #Pfarrer/#Pfarrerin entgegen; Zustimmung #Kirchenvorstand nicht notwendig #altkatholisch #aksynode16,0
Die Grenzen sind weit offen alle kommen sie herein registriert oder nicht das interessiert hier kein Schwein ....Das gibt es nur in Deutschland,1
@Recht_schaffen @KirstJeremy und du scheinst ja da oben sehr viel Vakuum zu haben. Selbst denken und schauen ist ja so schwer.,1
"@peteraltmaier Bin mir doch nicht mehr sicher, ob ich sie in die richtige Richtung geschickt hab :-)",0
"@Spekulant1 @SZ @EveRoll das fragen sie dann bitte frau roll. wenn die afd es tut, und um diese partei ging es in dem artikel, dann ist es legitim das zu schreiben.",0
"@VaMudara @Korallenherz @Studt @Ralf_Stegner Die spinnen, die Römer ;-)",0
@anna_IIna Weil die dummen deutschen Grünen und FDP gewählt haben...deswegen werden sich diese Zustände nicht ändern....ganz im Gegenteil...,1
"@Hohensyburg @MisterCassutty @janboehm Schwachköpfe lassen keine Gelegenheit aus, um sich in die Öffentlichkeit zu drängen. 0 zw. den Ohren😜",1
@OnkelJurgen Man muss seinen Gegner kennen. Seine Strategie verstehen. Nur dann kann man ihn besiegen.,0
"@mortalhope1 @DuHugonotte Alle oder keiner ,alter Musketier-Spruch!",0
@RoliSeaDweller Ich zünde zwei Kerzen an und spreche den hebräischen Spruch dazu. Shabbat Shalom 💙🙏💙,0
"Warum hat CDU, CSU, SPD, Grüne und Linke soviel Angst vor Neuwahlen? Sie wissen jetzt ganz genau dass die AFD am Zuge ist? |LBR| #illner",0
"Vor der Wahl u. nach der Wahl 😂😂😂 Merkel würde beweisen, ES GEHT NOCH SCHLIMMER, denn irre bleibt irre 😜",1
"@richvolkmann @SVBabelsberg03 Diese verquere Argumentation war ja niemandem bekannt. Es ist auch nicht üblich ""Anzeige"" zu erstatten, erst recht nicht zu Vorfällen, die bekannt und im Spielbericht des Schiedsrichters vermerkt sind. |LBR| Ein offener Brief des @SVBabelsberg03 wurde aber als Anzeige gewertet.",0
"In Deutschland gilt unsere #Leitkultur, bei der Integration ist sie der Maßstab.",0
"In Deutschland wird zensiert. |LBR| Wie sehr zensiert wird sehe ich in UK an meinen dortigen Twitter Account. In England sage und schreibe ich was immer ich möchte. |LBR| Wenn ich das selbe in Deutschland mache bin ich weg vom Fenster, Account gesperrt. Armes diktatorisches Deutschland.",0
Antrag 31 wird von der #altkatholisch|en #Synode mit großer Mehrheit abgelehnt - #aksynode16,0
"@FAZ_NET Wir als Integrationsunwillige Gesellschaft sind natürlich der Hemmschuh ! Meine Güte, für solch eine BEAMTEN-und JOURNALIENBANDE bezahlt man auch noch immer schön weiter! Ich gebe euch mal einen Tip ! Noch nichtmal die TÜRKEN sind INTEGRIERT, WEIL SIE ES NICHT WOLLEN !KAPIERT??",1
"@MGrieber Der Mann kann leider nicht mehr zurück, er ist in einer deutschen Polizeizelle unter, vors. formuliert, äußerst zweifelhaften Umständen verbrannt. Und die Zustände ""in Afrika"" (übrigens ein Kontinent, kein Land) sind ja wohl keine Rechtfertigung dafür, dass hier sowas passiert.",0
"Die ganze Welt schüttelt den Kopf oder lacht uns aus und dieses dumme Weib, Merkel, macht fleißig weiter !",1
@joernk24 @Thedare79 @SteinbachErika Richtig...wir sind nicht schuld |LBR| Die vor uns allerdings schon..!,0
"@HugoMuellerVogg @heutejournal Das müssen die Gleichen Leute sein, die Pornos bis zum Ende schauen, und hoffen, dass die drei am Schluss heiraten :-) :-)",0
@focusonline Zeigt das diese Parteien nichts dazu gelernt haben. Die ab strafung am Wahltag ist noch nicht hart genug ausgefallen.,0
Könnt ihr mal @ShiwaMustafa folgen? Das ist ein ganz lieber und es wäre schön wenn er mehr Follower hätte.,0
"Ergebnis: Rechtskommission erhält Auftrag der #Synode 2018 eine weitgehende Regelung für Orden, Kommunitäten etc. vorzulegen - #aksynode16",0
@Steinhoefel @Cock4ndPussy Zahlung einstellen ist die einzige Antwort,0
@helmut_kleebank @realDennisLenz ohne eine regierungsbeteiligung der spd würde sich daran nix ändern. fortschritt gibt es nur mit einer spd die regiert und gestalten kann.,0
"Frau Will, fragen Sie Özdemir, ob nicht berechtigte Asylanten |LBR| abgeschoben werden sollen. Wenn ja, muss er die sicheren |LBR| Staaten vermehren.",0
"@RT_Deutsch Es sind doch nur häßliche stinkende Beduinen-Feiglinge die aus sicherer Entfernung, hinterrücks und hinterhältig wehrlose Menschen töten. |LBR| Keiner von diesen Kreaturen hat es verdient weiterzuleben..!!",1
"Hallo auch an .@Freddy2805, .@A_Schillhaneck &amp; .@AMCHAde. Vielen Dank fürs folgen und unterstützen unserer Arbeit.",0
"@info2099 @Maxe8888 @AthinaMala @ThomasGBauer @feldenfrizz @petpanther0 @_macmike @NoHerrman @ellibisathide @MD_Franz Wieso zeigt Twitter beim Strafgesetzbuch an, dass der Tweet Inhalte mit sensiblen Material anzeigt?😂😂😂",0
"Der #HamburgPride 2015 ist vorbei, es war wieder einmal grandios. Vielen Dank an alle, die dabei waren! #LoveIsLove #LoveWins",0
"Wer Polizisten verletzt u. randaliert,verdient keine Toleranz. Diese extremist. Kriminellen gehören nicht auf die Straße,sondern vor Gericht",0
🎄🕯️🕯️🕯️🕯️Wir wünschen einen frohen vierten Advent und Gottes Segen! ✝️,0
@krippmarie @politikstube Gibt es irgendwann irgendwo auch fähiges Personal?...da könnte man doch glatt Absicht unterstellen,0
"@info2099 @machtjanix23 @petpanther0 @mastermikeg @Steffmann45 @troll_putin @Norbinator2403 @ennof_ @AthinaMala @NancyPeggyMandy @lifetrend @ThomasGBauer @SchmiddieMaik @charlie_silve @NoHerrman @willjrosenblatt @feldenfrizz @nasanasal @_macmike @ellibisathide @MD_Franz Gib ihm noch die Quelle, sonst wird er wieder beleidigend.",0
@Hartes_Geld @BejuBinich Frankreich ist ein Land der Feiglinge....Deutschland sowieso...,1
"@Dora_Bromberger Das ist eine Moslem-Schlampe , die es hoffentlich noch bereuen wird .Ich habe kein Mitleid nur Schadenfreude!",1
Die SPD ist heute so überflüssig wie die Haare an meinen Arsch. |LBR| Die neue Volkspartei ist die AFD. |LBR| #illner,1
"@A_Schillhaneck @KamannUwe und Toiletten, und Eheformulare und Umkleiden und Sportteams und...",0
@Woxl0r @Bethel_Aktuell Wir werden überall benachteiligt.  Viele Mütter in Leipzig suchen seit Jahren Kindergartenplätze.  Die Neuhinzugekommenen aus Arabien kriegen ihn hinterhergeworfen. Vong Integration wegen...,0
"@loriotfehlt Ich trinke es (Dachgeschoss mit zwei Kindern, Schlepperei) aber ich bin auch zäh wie Leder... |LBR| Wenn ""Renate"" Gift trinkt, wir Renate nicht vergiftet - das Wasser wird renaturiert.  😉",0
@ShakRiet @krippmarie Köln ist dem Abstieg geweiht....nicht nur im Fußball.. |LBR| 😃😃,0
@CroqiSunshine @Caro22one Verstehe. Ich bin zu nett. Typisch deutsch halt...,0
"UND DER DUSSELIGE GAUCK DENKT ER WÄRE WIEDER IN DER DDR UND LÄßT SICH HONECKERmäßig ALIMENTIEREN, GUTEN MORGEN-DEUTSCHLAND-??",1
@laetacara @SebRoloff Soll ich Lyoner und Maggi mitbringen?,0
@johannesdal Wird ihnen im Namen dieses Gottes mit Mord gedroht? Mir schon. Mehrfach wöchentlich.,0
Gummigeschosse auf die Birnen von marodierenden Demonstranten. |LBR| Dann werden sie fliehen und die Ärsche retten wollen.,1
@Tjark_Limmer Wie einfältig ist eigentlich „für oder gegen Russland“?,0
"@KokoLores20 @Heinrich_Krug Wir werden auf Jahre hin verseucht.....dieses Unkraut, auch dieses in den eigenen Reihen, kriegen wir nie wieder los...!!",1
"Nur am drücken auf ""Wir waren ja so schlimm"" .. Die sollten mal daran denken das Islamisten heute noch schlimm sind! Lügenmedien halt !",1
Wie konnte Gabriel Panzer an Erdogan liefern!Rüstung unter GROKO um 45%gestiegen!wie könnte DTL Waffen in Kriegsgebiete liefern?abartig,0
Kennt jemand eine*n Anwalt oder Anwältin für Vereinsrecht in Berlin? Gerne DM!,0
"Keine Strafen für türkische Doppelstaatsbürger. Sofortige Aberkennung |LBR| der österr. Staatsbürgerschaft, und ab damit ins Sultanat.",1
"So, 3.800 qm gemäht. Als eben das ""Radler"" über die Zunge lief, kam Wasserdampf aus Nase und Ohren. Ab zum See 14° Wassertemperatur, super 😜",0
"Die #Bundeswehr ist marode, |LBR| Geld für #Scheinasylanten ist in Hülle und Fülle da. Jetzt werden erst wieder Milliarden an #Entwicklungshilfe nach #Afrika verschenkt. |LBR| Soll Deutschland wirklich vernichtet werden?",1
"@Pingu Seit vergangener Legislaturperiode gibt es eine Regelung, die die Entwicklung der Diäten an die der Löhne bindet. Geht also nicht um Privileg, sondern um objektiven Maßstab. Ein neuer Bundestag muss diese Regelung innerhalb von drei Monaten bestätigen, damit sie weiter gilt.TL",0
@J_SR @biancalee1671 ein mitgliederentscheid kann die partei wieder zusammenführen.,0
@johannesdal @leoknauf Man kann nichts nicht beweisen.,0
@S_Inez_Aust fröhlicher gruß aus der hauptstadt werteste 😎,0
"Es ist #Eurovision -Nacht! Schaltet pünktlich um 21 Uhr den Fernsehen ein, denn @imriziv singt für #Israel gleich als Erster. #ISR🇮🇱💗🇮🇱",0
"@albastone72 @Ralf_Stegner Stimmt...das solche erbärmliche Kommentare überhaupt notwendig sind verdanken wir ja Stegner und Schulz...glaube mir, ich hätte es auch lieber anders..!",0
@KokoLores100 Dummheit hat einen Namen! SEEHOFER!!!!,1
"Gabriel, was bist Du für ein scheinheiliger Außerrandundband-Minister. |LBR| Verkaufst Deine Demokratie an das Sultanat. Raus mit Dir.",1
"Heiner Geißler hat die CDU geprägt: Soziale &amp; ökologische Verantwortung, Menschlichkeit. Ich bin tief erschüttert. Sein Vermächtnis bleibt.",0
Heute Abend um 23:15 bei Markus Lanz,0
Ausländische Medien berichten dass in Deutschland ein Baby-Boom stattfindet. Allerdings ausschließlich durch Ausländer. Man vernichtet Deutschland durch ausländische Geburten.,1
"@Jarnsaxxa @BILD Warum nicht an Merkel? Ganz einfach, weil diese Aufzählung andere ""Bild-Nachrichten"" für mindestens 1 Jahr blockiert 😜",0
"@Coffee__Grind @CarlaScheytt @luna_in_munich Die Strafe war in den bekannten Fällen noch nicht verbüßt. Wenn im Heimatland die Todesstrafe oder Folter droht, darf nicht abgeschoben werd",0
"@HelalBeauty Satire? |LBR| 1. AfD ist nicht antidemkratisch |LBR| 2. In dieser Geschichte aus dem NT war das Volk aufgehetzt von der religiösen Obrigkeit.  Gotteslästerung lautete ein Vorwurf. Das kennen wir auch im Islam,  wenn Mohammed Karrikaturen veröffentlicht wurden.",0
"@SpohnMichael @xXxOPEXOBxXx @Bigreiner Die werden dafür bezahlt, aber bald ist Schluss !",0
"Heute um 20 Uhr in DRESDEN Motorenhalle, im riesa efau Kultur Forum!",0
"@sprachmittlerud Nein Ursula, mit voller Absicht hineingesteuert 😜",0
"@WolfFreewilli @AndreaSchlegel3 @Ebony_Sunrise Das muss ich nicht Merkel fragen, das frage ich die Deutschen!",0
"Merkel: ""Möglichst viele Menschen in Arbeit bringen""??? Sie u. ihre korrupte CDU-Bande meinen doch ARMUT 😜",1
"@Junge_Freiheit @Renft1964 Wie man an dem Wahlergebnis gesehen hat, sind die ""Deutschen Trottel"" noch immer in der Mehrzahl!",1
Deutschland macht sich wieder einmal zur Lachnummer. Heute Abend bei #Maischberger.,0
"@Kritisches_Auge Lesen Sie doch bitte genau. Sollte mit einem kritischen Auge ja drin sein. ;) |LBR| Der Großteil bezieht sich auf anerkannte Flüchtlinge, die haben dieses Recht so oder so. Beim Nachzug zu subsidiär Geschützten, über den aktuell diskutiert wird, sprechen wir eben nur von grob 50.000.",0
"@Non_Comedian Danke, aber Ich leide nicht. Im Gegenteil: gegen den Strom schwimmen ist meine Leidenschaft.  Gehe ich zum Gothic Konzert, trage ich ein gelbes Smiley T-Shirt. |LBR| Gehe ich auf den Tempelberg trage ich ein großes Kreuz. |LBR| Unter Nazis schwärme ich von jüdischen und schwarzen Freunden!",0
Der Antrag 39 bzgl. Dienstzeitverlängerung von #Geistliche|n wird auf die nächste #Synode 2018 vertagt - #aksynode16,0
"@Einzelfallinfos @IsidorMeyer1 Der „Beamte“ , du meinst einen bewaffneten Uniformierten von der Firma mit der Wortmarke POLIZEI ‼️",0
Merkel ist sich treu geblieben. |LBR| Früher Kommunistin-&gt; alle Menschen sind gleich |LBR| Heute -&gt; alle Länder sind gleich |LBR| Beides fundamentaler Irrtum,0
@Paxter_Redwyne Und die hinterzogenen Millionen darf er behalten..?,0
@tazgezwitscher Wir sind deutsche und keine Cubanische Kommunisten!,0
@a_prigge Du lässt es dir aber gut gehen! 👍,0
"@strop_peter 😂😂 in Ihrem Link wird doch auf genau die gleiche Studie zur Familienzusammensetzung Bezug genommen &amp; auch im Übrigen werden dort, wenn es nicht nur um Vermutungen, sondern wirkliche Schätzungen geht, genau die Zahlen aus unserem Ursprungstweet genannt. Besser lesen, Herr Strop.",0
@aschentonne Und wo findet man dann all die schönen Prinzessinnen??? Wenigstens eine klitzekleine 😜,0
"@danielm2601 Tippfehler passiert, leider. Sorry! TL",0
@postvonheute @Hieroncode @welt Das ist doch nicht wirklich ernst gemeint,0
@KokoLores20 @krippmarie Schaut die Bazille Anwalt an....😃😃,1
"Lebendige Diskussion in der SPD notwendig und stärkend, auch wenn das in den Medien gegen uns gewandt wird.",0
@LC180666 @RealAppell Eine die Ihren Hals aus der Schlinge ziehen will in dem sie Bürgerkrieg in Europa anzettelt und einen Kontinent dem Islam opfert,1
"@ThomasMichael71 @tobiasgroeflin @floriancaliebe @dieLinke @amazon @JeffBezos @amazonDE Dort, wo ich Geschäftsführer war, lief es gut...",0
Wenn die gute Frau Maischberger sich bei einem seriösen Fernsehen Sender oder einer seriösen Zeitung als Journalistin bewerben würde würden die beide Hände überm Kopf zusammenschlagen. Seriöser Journalismus geht anders! |LBR| #maischberger,0
@Fraulein_Antje @krippmarie Ich bin dafür das Österreich Deutschland eingliedert...😃😃...Österland hört sich gut an,0
@HolgerEwald1 @Westminster1000 made my day. Dummheit wurde schon immer bestraft. Die sind sogar so bekloppt das sie jetzt Teddys für Idioten werfen würden.,1
"@waszumelden @MDRAktuell Ist doch kein ""schlimmer Rassismus"" wenn er gegen Schonlängerhierlebende geht. Schliesslich muß man jede Chance nutzen, den Deutschen kleinzuhalten- "" nach DER Vergangenheit...""",1
Antifas beziehen ihren Lebensunterhalt von Vati,1
"@SpadeCarrier @machtjanix23 @AthinaMala @_macmike @magna_est @petpanther0 @NoHerrman @teite99 @info2099 @lifetrend @ThomasGBauer @SchmiddieMaik @charlie_silve @willjrosenblatt @feldenfrizz @nasanasal @ellibisathide @MD_Franz Nehmt alle die raus, die sich hier beschweren - ich gebe euch jetzt für meine Person bis 19.15 Zeit - danach blockiere ich alle.",0
"@AfDimBundestag Ich möchte nicht wissen, wann die Jungs das letzte Mal oder überhaupt mal irgendwas mit ""wir sind stolz auf Euch"" gehört haben.Während Ihr Euch nämlich den A..im Ausland aufreisst,feiern die Fachkräfte hier ständig #Koeln.Wir denken an Euch. |LBR| @bundeswehrInfo |LBR| #timeforchange #AfD",1
"US-Wirt.Minister:""Bürger, die für Gleichheit&amp;Freiheit aufstehen,dürfen niemals m weißen Rassisten,Neo-Nazis +dem Ku Klux Klan gleichgesetzt""",0
@AfD @christianlueth Die Linken Anarchisten sind Saboteure am Deutschen Volk und gehören in Umerziehungs-Lager.🛤,1
"EU: Einen starken Partner an seiner Seite zu haben ist eine gute Sache,jedoch nur so lange,wie er sich nicht üb. andere erhebt,Frau Merkel 😜",0
Laut Infos des Bayrischen Flüchtlingsrats geht der nächste Abschiebungsflug aller Voraussicht nach am 27.3. von MÜNCHEN nach #Afghanistan.,0
"@tschmitz_eu Ich wünsch mir Mitte-Links, aber die Zeiten, als wünschen noch geholfen hat, sind vorbei..",0
"Merkel muß für die Straftaten die sie begeht in den Knast und alle ihre Konten, incl. Mann, mit den Sorosgeldern gehören beschlagnahmt☠️😡😡☠️",1
"Im Grunde ist es fast psychopathisch, wie Trump ständig überprüft wird. Habt ihr Säcke |LBR| auch schon seinen Stuhlgang überprüft?",1
@RegSprecher @KingSalman Ich hoffe das Merkel dort gesteinigt wird!!!,1
@Hartes_Geld @krippmarie Leute regt euch nicht auf...er redet doch nur von Merkel Roth von der Leyen Göring Chebli und ein paar weiteren....😃,0
Türkische Nationalisten die mich gerade angreifen können gerne als Erster an die Front gehen oder haben sie nur bei Twitter eine große Klappe und nichts dahinter? Gute Reise. #Afrin,0
@DuHugonotte Hab ich ein Sommerloch verpasst?,0
"@C_Kissmann @Frank_Pasemann @katarinabarley Weil sich mit den Heulsusen niemand fotografieren lässt, sind die traurig...😂😂😂",0
"@AthinaMala @petpanther0 @Norbinator2403 @feldenfrizz @info2099 @SJW_MadBunny @charlie_silve @_macmike Yep - aber nur, wenn wir Trolle und Vollpfosten zeitnah blockieren - sonst gehts hier den Bach runter.",0
"@KR_Th0 Wieso? Mich stört es sicherlich nicht &amp; sicherlich auch nicht orthodoxe #Juden, wie @EliyahHavemann, oder andere jüdische Freunde. Immerhin machst du dann genau die Erfahrungen, die wir in #Deutschland häufig machen müssen, wenn wir als jüdisch erkennbar sind. #Antisemitismus",0
"@Ricardo25701887 Wenn Du Fragen hast, schreib mir auf DM.",0
"@AfD_HD Lachnummern, wie Papagei Tauber sind gut für`s Wahlergebnis. Merkel steht auf Leute oh. eigene Meinung u. mit NICHTS zw. d. Ohren 😜",1
@Leonreas @DaniloTepsa @Beatrix_vStorch DURCHSEUCHTES SYSTEM ist ein völlig legitiemer Ausdruck für den Scheiß der von LINKSGRÜN verursacht wird !Es gibt kein NAZI-Sprech oder so ein Scheiß ! Hat auch mal nichts mit Anstand oder Erziehung zu tun ! Denn wenn man anständig erzogen wurde dann geht man nicht zur Antifa  !,1
Khajiit = Der Sudetendeutsche mit dem leichten Bauch der Antifas und alles was gegen Deutschland ist verabscheut,0
@krippmarie Grausam....die ist doch schon halbtot....,1
"Die EU ist das Beste, was unseren Ländern seit 200 J passiert ist. Populisten dürfen sie niemals zerstören! #Frieden #Freiheit #Sicherheit",0
"Seehofer, als ehemaliger Hauptschüler sollten Sie jetzt die Überlegenheit eines Akademikers anerkennen. Ab mit Ihnen in den Ruhestand. |LBR| Die Zeit ist abgelaufen.",1
"Ein Volk, das sich einem fremden Geist fügt, verliert schließlich alle guten Eigenschaften.",0
@UlrichHenning2 @weissrot aber darum geht es doch gar nicht,0
"@michael_huether @KH_Paque @fdp @angelamerkel @Die_Gruenen @FNFreiheit @cducsubt Weil diese liberalen Impulse aber eben gar nicht möglich waren, haben wir die Gespräche beendet. Was hätten Sie uns für die Jamaika-Politik verprügelt... CL",0
@KokoLores20 Wir bekommen Strom aus Frankreich...genau von dem der auf ältere steht |LBR| Unsere Stromerzeuger wurden geschlossen wegen Tsunamigefahr..😃,0
"@IngoFunke Und wieder einmal mehr zeigt sich, dass in D mit zweierlei Maas gemessen wird in der Justiz! 😨☹👎👎",0
@igwigg So ein Hetzer gehört in den Knast und nicht in die Kanzel.,0
@focusonline Endlich gibts mal was ordentliches bei Mc Donalds,0
@bpol_by Es ist und bleibt was es ist....illegal..! |LBR| Gebt Ihnen was zu essen was zu trinken...und statt die gleiche beschwerliche Rückreise einen angenehmen Rückflug..!,0
Was ein Hurensohn muss man sein um Imp zu unterstützen,1
@VonSchwer Ich werde dieses Land dann auch für Immer verlassen.,0
@M_Hofmann1983 @AJM162K9 😂😂😂 OMG - dachte ich hätte es schon gelöscht,0
@Wedrfoelnir @Gulag_Grim @ExilPrincess @Fokel_Exil @Khajiit7 @Doggo_non_grata @NiemandesStimme @baccarat_black @WerkOffiziell @Rayzon899 @Elliottstaender @SadisticNiles @DietmoarSchwarz @TheRpgPrincess Finger weg von meinen Skooma!!,0
@Awp2015Awp @MartinSchulz Das Volk liebt Trump. Auch das schwarze mit Hirn. Schulz folgen nur Lobbyisten und verlogene Postenjäger,1
Mach ma weiter so @spdbt @spdde #gabriel macht scheinbar alles für den #erdogan . #fckerdogan #ErdoganTheButcher #erdoganistderhass,1
@CsendC @MiriamOzen Was für eine ekelhafte Person....der alte..!!,1
"@ahrens_theo lach, genieß sie, die weiten 🎉",0
"@GeorgsGlauben Danke für den Hinweis, ist korrigiert!",0
@Sammy_aus_Cux Mein main acc wurde erst kürzlich gesperrt also ciao,0
"Für 2017 wünsche ich mir nichts sehnlicher,als mich nicht mehr mit Berliner Schwachköpfen beschäftigen zu müssen u. Euch PL näher zu bringen",0
"@Baerendeutscher Wer keine Angst vorm Teufel hat, der braucht auch keinen Gott! |LBR| 👇🤘🖕👹",0
"@KaiUeberfeld Und obwohl man im #Koran sogar einen »muslimischen #Zionismus« finden kann, verstärkt die Sunna (»Das Leben des „Propheten“«) einen religiösen Antijudaismus / #Antisemitismus. #Juden werden sogar für den Tod von Muhammad verantwortlich gemacht, weil es in ihrer »Natur« liegt.",0
@MarcSchriese @thegrandtour @RaddiRadditski @RADkult @radverkehr Da geb ich dir recht!,0
@KokoLores20 Zum heulen und zum in die Fresse hauen.....,1
@RNZonline Das meiste geht eh wieder für die Asylanten drauf 🤮,1
@anna_IIna Wo er recht hat hat er recht...,0
"@petpanther0 @MadFWagner @machtjanix23 @NoHerrman @teite99 @info2099 @lifetrend @ThomasGBauer @SchmiddieMaik @AthinaMala @charlie_silve @willjrosenblatt @feldenfrizz @nasanasal @_macmike @ellibisathide @MD_Franz Ich hau mich weg: ""Wer die Existenz des. jüd. Mädchens A. F. anzweifelt ""- das hat hier keiner geschrieben oder behauptet, das wird von Ao draus gemacht, es ging um das BKA-Gutachten bzgl. des Buches - interessant, was draus gemacht wird...",0
"Bei den nun abgesegneten 1000 Flüchtlingen pro Monat sind die, die die BuReg in Nacht und Nebel Aktionen einfliegt aber nicht dabei.😎",1
"Seehofer, Ihr Hauptschulabschluss reicht nicht mehr aus. Jetzt löst Sie ein Akademiker ab. |LBR| Bei den Bayern haben Sie das Vertrauen verloren. Also, ab in den Ruhestand.",1
"Im Schnellinfo und Newsletter weisen wir auf Termine von Flüchtlingsinis, Schulungen usw. hin. Schreibt uns, dann nehmen wir eure auf.",0
@RT_Deutsch Sehr gut! Russland kann noch echte Friedensmission. Was die westliche Allianz hinbekommt sieht man dagegen in Afrika.,0
"Heute ist der dritte und letzte Tag des Straßenfestes, und auch das Wetter ist wieder auf unserer Seite. Schaut vorbei! #HamburgPride ^ml",0
"Abschottung+Nationalismus sind keine Antworten auf akt. Herausforderungen. Guter Tag,sich daran zu erinnern. Bonne Chance @EmmanuelMacron 🇪🇺",0
"@Varg_I_Veum @DuHugonotte Wo sie recht haben ,haben sie recht.Der Schnitt ist Nano-Technologie.Ein wehleidiger Dorfbürgermeister der zudem noch Chef der Wasserwerke ist , die einem deutschen Bürger das Wasser abdreht,während die Asylanten keine Rechnung bezahlen !Ungerechtigkeit über alles!!!!!!!!!!!!!!!",1
"Egal wo ich in PL für öffentl. AG u Kommunalpolitiker dolmetschte,Deutsche Spitzenpolitiker sind bei ihnen zu (wörtl.) LACHNUMMERN geworden😜",1
@China_Welt_News Quatsch! Das ist die deutschfeindliche Schuld von ihnen und ihrer Kanzlerin des Grauens!,1
"Könnte mal jemand @ThomasOppermann erklären, dass @cducsubt nicht 8 und @spdde nicht 5 „Prozent“ verloren haben, sondern jeweils über 20 %. #nurmalso @hartaberfair",0
Ich Glaube ich werde krank hat jemanden ein Trank der Heilung für mich ???,0
@ThorOdinsonDR @kacktus2010 Solche Idioten von Moderatoren gibt es in D gleich mehrere! 😛🖕👎,1
@Wildespess fröhlicher gruß aus der hauptstadt 👍,0
Ich glaube an Vögel mit 6 Flügeln. Jeder der behauptet es gibt sie nicht sollte dies bitte Beweisen. |LBR| #Religioten,1
@Abu_Shaitan Erst einmal sollte der Gesetzgeber Hetze klar definieren. Wo fängt Hetze an hört Meinungsfreiheit auf?,0
@AfD_Bayern @knaagi Gauweiler vor ein paar Monaten im ZDF-Interview; |LBR| Gauweiler:Man kann nicht Millionen Leute ins Land lassen und die Deutschen dabei vergessen. |LBR| Reporter:Ist das denn geschehen? |LBR| Gauweiler:Das wissen wir doch alle.,0
@mortimer669 @derCharlie_ @FOJ45360104 @ndaktuell Nicht jeder findet Anal Ritter gut damit sollten Sie sich abfinden.,1
"@FrlUrban Es ist ein buntgemischter Adventskalender mit vielen anderen Gewinnen, die keine Textilien sind. So ist für jeden etwas dabei. :-)",0
"@ollimoe Mich besorgt das Säbelrasseln gegen RU. Ich kenne das russ. Militär v. 1974-1988 sehr gut u. glauben Sie, d. NATO ist KEIN Gegner.",0
@Non_Comedian @HelalBeauty Das ist kein Idealismus.  Das nennt man Fanatismus.,0
"#CDU Politiker in #Monheim:""Nur weil wir keine Moscheen hier wollen, sind wir noch lange keine Rechtsradikalen"" |LBR| Bei der gemeinen Bevölkerung und der #AfD sieht das natürlich |LBR| ganz anders aus... |LBR| #Phoenix",0
"@SteinbachErika @krippmarie So ist es....gebe es eine aufrichtige Politik, eine Politik auch für deutsche...gäbe es keine Hetze zumindest nicht in diesen Ausmaßen",0
"@Riedegost Dem stimme ich vorbehaltlos zu Ralf. Wenn Merkel nur halb so viel Verstand hätte, wie Du, oder wie Mecklenburger 😜",1
@A_Flicklgruber @GiKi56534206 Und wieso wurde dieses etwas nicht Zwangsverheiratet...?,1
@Sepiroth1986 In den Gulagexpress und dann ab ins sibirische arbeitslager,1
"Hat eigentlich mal ein Deutscher Diplomat die anderen Gefangenen in der Türkei besucht und nicht nur Denis""wünscheSaraziendenTod""Yücsel ??",0
"@DoraBromberger @CanselK Was waren die Zeiten schön, als man einem Arschloch sagen konnte das es eines ist !Schöne neue Zeit ? Ich denke NEIN !Freikarte zum heucheln",0
"@FOJ45360104 @Lauro_Doc Warum hört ihr denen noch zu, was habt ihr von Profilügnern erwartet ⁉️",1
#Familiennachzug. |LBR| Sollen diese Feiglinge doch wieder zurück zu ihren Familien gehen. Warum alle nach Deutschland holen?,1
@focusonline Der Zuzug von subsidaer Geschützen ist das größte Problem. Es ist doch ein Irrsinnig Familien zusammen zu führen die das Land dann geschlossen wieder verlassen müssen. Im übrigen ist Syrien laut Pressemitteilung vom IS befreit. Wer baut diese Land dann wieder auf??,0
"Wenn Minister Listen haben, von Milliarden,die hinterhogen wurden, werden nicht ausgelesen! Datenschutz! Herr Maas ihr NetzDG? So bigott",0
Das Viki in der Viktoriastraße 12 versorgt uns grad mit Essen und macht Solilimo. Vielen dank euch!,0
"n-tv: ""Startschwierigkeiten bei Antiterror-Übung"" &gt; Ich: ""Wenn Dilettanten unter Flintenuschis ""Obhut""  schon Krieg spielen!"" 😂😂😂",1
@wochenblickat @SoniaMikich Frisch dynamisch unkonventionell....der Pimpf wird seine Arbeit richtig gut machen... |LBR| ...eine weitere politische Schmach für unsere Wichtigtuer...😃😃,1
@gellis18 @Ralf_Stegner So weit reicht sein Gedächtnis nicht zurück. Außer Plattheiten habe ich von diesem Mann noch nichts gehört 😜,1
@KrahMax @MartinSchulz ..du Suffschädel.....wir tolerieren bereits weitaus schlimmeres... !!,1
@NiciD_95 @patricia_seelig @spdrlp @D_Stich ich war immer dafür das wie beim letzten mal die mitglieder entscheiden und nicht die funktionäre.,0
@focusonline Kopftuch =Zeichen einer bestimmten Religion. Religion ist Privatsache. Christen bringen auch kein Kreuz zur Uni mit.,0
@AkifPirincci Gab es da nicht mal ein Strafgesetz vonwegen Kuppelei ???,0
"@routeandswitch1 Es hat mich in meinen Positionen bestätigt.  Linke sehen den ""Balken im eigenen Auge nicht"". Schlimm, dass solche Antidemokraten Verantwortung in unserem Land haben. Null Selbstreflexion,  fasst schon narzisstisch gestört",1
@Karl_Lauterbach @Ralf_Stegner Also diesem Schweinepriester Lauterbach glaube ich keinen Cent....aber seiner Exfrau darf man getrost zuhören...seine Vita entspricht dem SPD-Standard...😃😃😃,1
"Tagesaktuelle Netzweisheiten: |LBR| Wer nicht regieren will, ist kein Patriot. |LBR| Es sei denn, er ist Mitglied der SPD. |LBR| Die FDP steht jetzt rechts der CSU. |LBR| Die Linke besteht nur noch aus barmherzigen Christen. |LBR| Claudia Roth wird zum Ehrenmitglied der CDU ernannt.",0
Deutschland spart sich tot. Damit wir den #Invasoren jeden Wunsch erfüllen können.,1
Neueste Fake News der DE Medien u Politik Reichsbürger stellen eine Armee auf dass alles um von der Islamisierung unseres Landes abzulenken,0
"Dance for human rights war ein voller Erfolg, Danke an alle, die dabei waren!",0
"Ich bin immer wieder ""begeistert"", wie Murksel sich ihren Sauladen schön redet. 1,6 Mio Kinder leben im Schland von HarzIV 🤢",1
"@MarcSchriese @Polizei_Ffm Ich lach mich bucklig , Was für ein Hype wegen einem Geschenkpaket .Wir sind halt im Terroristenzeitalter.",0
"@christelmett @artepmobil Alle ""pro Erdogan"" Türken sofort rückführen und falls im Besitz der d. Staatsbürgerschaft sofort aberkennen! = 👍",1
"@RegSprecher Dann kann sie wieder das machen was sie am besten kann: ""Unser Steuergeld an die korrupten afrikanischen Regierungen verteilen!""",0
"@RadekZak7 @nytimes ""unholy relationships with the Kremlin"" - Was für ein hirnerweichender #links-faschistischer Dreck! Wie üblich in der #NYT #nrw17",1
"@RNZonline Vielleicht kann die Person die Stromrechnung nicht mehr bezahlen,dank den Grünen sind durch die sogenannte Alternativenergie die Preise enorm gestiegen",0
"@SPORT1_PR @SPORT1 @fckoeln @VfLBochum1848eV @Rote_Teufel @tipico Bei den Vereinen versagt ,dann hat er dass richtige Profil für die Medien !",1
@FabriziaFalcone Die kleine Heike wieder da....keine Gewalt von deutschen - nur Gewalt gegen deutsche hab ich gesagt...!,0
"@sonneundmond1 Liebe @sonneundmond1, |LBR| daher dieser Kommentar und das Interview. Daher unser Vorgehen mittels Meldungen und Anzeigen gegen facebook und twitter-Kommentare. Daher die klare Positionierung und Berichterstattung über den Antisemitismus aller Seiten. Können wir mehr tun?",0
"@MiriamOzen ..seit sich berufslose Grüne und drogenabhängige pädophile SPD-Politiker im Parlament eingenistet haben, sollte weitaus mehr in Frage gestellt werden als nur unsere Verfassung. |LBR| @SawsanChebli ..dein Vater hätte lesen lernen sollen....viel",1
"Endlich mal Tacheles zu unfairen Handelsbeziehungen und Waffenexporten als Auslöser von Fluchtbewegungen, danke! @BROT_furdiewelt @Misereor",0
#Merkel empört über verbrennung Israelischer Fahnen. Merkel ist nur empört solange etwas mit Ausländern oder ausländische Staaten geschieht. |LBR| Deutsche Fahnen können von Ausländern ruhig verbrannt und mit Füßen getreten werden.,0
@Harald70199 1933 hat auch keiner etwas dagegen gemacht ‼️,0
"Hallo Freunde ""Absurdistan"" hat mich wieder. Gerade mit `nem Geschenk für Murksel aus PL zurück. Ein Kopftuch für die Zweitfrau des Sultans😜",1
"Wer über Polen schreibt, wie die ""Welt"", sollte das Land kennen und die Sprache beherrschen, nur ziehen unsere Medien Lügen vor 😜",0
"@EinerKai Ich kenne beide Seiten und bin nach 3 Jahren haltloser Zustände seit 2 Jahren in einer wirklichen Wohlfühl-Einrichtung.Wenn wir mal ""jaulen"" dann auf ganz ganz hohem Niveau.",0
@MD_Franz Das gibt eine neue Einnahmequelle für das Pack....angedichtete Familien werden meistbietend verkauft,1
"@Sysyphus58 Tusk wird in Polen als derjenige wahrgenommen, der Merkel in den Ar*** kriecht, war sich seiner ""Sache"" sicher u. verlor d. Wahl",1
Deutschland braucht für die jetzige Regierung eine richtige Opposition. |LBR| #einfachAFDwählen,0
"Merke: Die öffentlich getragene #Kippa ist natürlich eine unnötige Provokation, das öffentlich getragene #Kopftuch hingegen ein Zeichen von Vielfalt, das man notfalls einklagt. #Antisemitismus in der salonfähigen Version.",0
@5y5t3m_3rr0r Das will ich doch hoffen 😜,0
Heute Fraktionsgremien im Kieler Landeshaus und später die erste Station meiner Tour durch alle Kreisverbände mit dem Start in Schleswig/Flensburg. Da geht es um die Situation der Bundespartei und die Kommunalwahlen im Mai.,0
"@RegSprecher @iaamesse Merkel hat soviel Ahnung vom Auto, wie die ""berühmte"" Kuh vom Sonntag!",1
"@HaraldRostock @Westminster1000 Hätte das Volk das recht den Kanzler direkt zu wählen, wäre Merkel lange Geschichte.",0
"Moin, moin 😀 ""Für die Grünen geht es abwärts"" &gt; verstehe ich nicht, wo sie uns doch nun auch die Kosten für den ""Kohleausstieg"" aufbürden 😜😂",0
"@BlarryOfficial @jayb392 @tagesschau Vasallen schweigt und kriecht weiter, was ihr ja schon seit Jahren macht!",1
Warum soll die natürliche Selektion in Afrika bekämpft werden? Zu |LBR| viele Menschen haben eben nicht genug zu essen. Geburtenkontrolle!,1
Wenn ich mir sowas wie Maischberger und Co anschaue fällt mir immer wieder Stasi Journalismus ein. |LBR| #maischberger,0
"Merkels Wahlversprechen, ich kriege das Kot*** und Mio ""BILD-dungsbürger"" mit ERBSENGROSSEN Hirnen im Schland glauben dieser Lügnerin 😂😂😂",1
"Auch heute wieder diverse Diskussionsrunden innerhalb der SPD über den Kurs der Bundespartei und den bevorstehenden Bundesparteitag in Bonn. |LBR| Internetforum, Twitterview oder Web-Konferenz, heute Abend ganz altmodisch vor Ort in Malente beim SPD Kreisverband Ostholstein.",0
"@Gekko125 @lawyerberlin gut. dann macht jetzt in der eu jeder was er will... solange es ihre linie ist, finden sie das bestimmt prima.",0
@AfDimBundestag @Joerg_Meuthen ...altgediente zum schwachsinngealterte Politiker auf Abstellgleis mit goldener Pension geparkt.. |LBR| Wehe euch wenn ihr dort landet...wehe euch,1
@krippmarie Ja die belohnen sich gegenseitig schon in voraus ...für schlechte Zeiten die da kommen..! |LBR| Einfach nur widerlich....und deutsche schauen zu und klatschen...!,0
Heute gar keine Antifas da die mich melden bin überrascht,0
@AntaroTV Lindner isz einfach der Lappen für den ihn 90 % der Wähler halten !,1
"AfD-Banner bei Merkel-Auftritt: Polizei prüft Genehmigung 😂 Die Stasi überwachte einst Honeckers ""Wahlkampf"" 😜 Merkel kennt sich aus 😜",0
Eigentlich ist es Schade das man auch hier seinen acount auf geschlossen setzen muss. Wurde auf eine Liste gesetzt. Das hat Folgen.,0
@Ami66Stefan @focusonline Das war Noah der kam später lol,0
@KayGottschalk1 Wenn die Scharia erst einmal eingeführt ist wird sie die erste sein die ihren Kopf verliert.,1
@clemenswergin @mathieuvonrohr Die Deutschen kamen mir heute ganz normal vor.... jedenfalls ausserhalb des Regierungsviertels.,0
@nucleardoc123 @tagesschau Ich gehe wählen und das wird nicht die Partei von Merkel werden!!,0
Deutschland das Land der drei Geschlechter der Duckmäuser und ja Sager der Toleranz Fanatiker. Das Land der Verblödung.,1
@PolkeMajewski ein Merkel Vasall!! |LBR| Auch einer der keine eigene Meinung hat!! Dumm -Deutscher halt!!!!,1
"Moin, moin Piepser. Bild-Reichelt und Platzeck zofften sich bei Illner? Mangelnde Allgemeinbildung traf auf Niveau? 😂 Schrecklich für Bild 😂",0
@LieschenMutzel1 Das deutsche Volk wird unaufhörlich belogen! |LBR| Merkel muss weg!! |LBR| Es gibt keinen deutschen Kanzler in der Vergangenheit der so gelogen hat!,1
"@SPIEGELONLINE Unfassbar!!!! ZDF Journalist Wolfgang Herles: „Wir müssen so berichten, wie es Frau Merkel vorgibt“.  War doch klar!!!",1
Deutsches Fernsehn bestet nur aus Propaganda und geistigen Dünnschiss,1
@Volker_Beck @spdbt @schneidercar @ntvde Ich habe noch von keinem einen größeren Schwachsinn gehört als von diesem Beck...er schlägt alle Grünen 😃 |LBR| Alter zieh dir lieber eine rein!!,1
"@ProAsyl @KlausMu97675009 ´Wahr ist nur, was man glauben will´... eine wahrhaft kranke Welt ist das, die da zusammen gezimmert wird. Und dann beschweren jene sich, dass sie sich abgehängt fühlen und überhaupt ´die da oben´. Aber wenn der ´der da oben´, also Verstand, auf 0 gefahren wird? Wie helfen?",0
"Das EU-Experiment soll einer kosmetischen Behandlung unterzogen werden, nur taugt die Kosmetikerin Merkel in der Wurzel nichts 😜 ÜBERFORDERT",0
@krippmarie Mann könnte fast annehmen das er „sprichwörtlich“ Staatshilfe erhalten hat.... |LBR| Haben wir wirklich soviele dumme unfähige unter uns..?,0
@Norbinator2403 Ich will sowieso weg hier. Das Flüchtlingsheim ist 150 m entfernt...,0
"@Liebes_Buch Hier über den Prozess gegen #NPD-#Neonazi Dominique Oster (@Oster_Dominique) wegen #Kindesmissbrauch. Wie passt das, dass #Neonazis die #Todesstrafe für #Pädophile fordern, aber meist selbst derartige Störungen haben? Sein #Antisemitismus ist nicht weniger widerlich. #FCKNZS",1
Ist die @spdbt zur #GroKo verdammt? Diskutiere um 10:10 Uhr darüber im @DLF mit @MV_AM und Frank Capellan.,0
@JohnnyVCaffine In diesem Fall müssen Sie sich wohl persönlich nach #Israel begeben 😉,0
#Pegida hat alles vorausgesagt für Europa! |LBR| IslamTerror in Madrid. 13 Tote |LBR| Weitere werden folgen ihr deutschen Politidioten,1
@steffi2105 @IM_NRW @Hessenadler82 @AfD_Bund @FDPFraktionNRW @CDUNRW_de Jetzt melden sich die Vasallen Merkels!,1
@Heinrich_Krug @welt Von welchem Krieg reden die eigentlich..?,0
"Ich könnte kotzen.Das erste was man sieht bei Ntv morgens ""SCHWESIG VERURTEILT KRAWALLMACHER"",soll sie bei ihrer BRUT machen. ROTE Stinker!",1
@anwaltsgelaber Das Gesetz wird die nächste große Justizreform unter Heiko Maas.,0
"Mit offenen Grenzen bedient d. Politik d. Wirtschaft, also d. Kapital, was im Gegenzug d. Politik schmiert u das quer durch alle Parteien 😜",0
"Waldbericht 2017 zeigt: Dem Wald geht es gut, Waldsterben überwunden, mehr Nachhaltigkeit &amp; Wirtschaftlichkeit! Echt große Bilanz!",0
@hope_no1 @krippmarie Das also ist weiterhin unser Oberhaupt....für ein junges dynamisches Volk.,0
"@Riedegost Sie können gelassen auf jeden Polit-Idioten warten, der auch einen Krieg nur in Erwägung zieht 😜",1
"@petpanther0 @machtjanix23 @NoHerrman @teite99 @info2099 @lifetrend @ThomasGBauer @SchmiddieMaik @AthinaMala @charlie_silve @willjrosenblatt @feldenfrizz @nasanasal @_macmike @ellibisathide @MD_Franz Fakt ist, Du sollst in D kein hebräisch lernen, denn dann kommst Du an Informationen, auf hebräischen Seiten, die den ganzen Geschichtsunsinn ad ab surdum führen, - auf hebr- stehen Dinge über Merkel, da würden euch die Haare zu Berge stehen!",0
"@SteiblBarbara @FfFrauki Es reicht wenn sie lächelt, wirkt zwar nicht intelligenter ist aber angenehmen für die drumrum ....!",1
@Jost2018 @profraika Wir haben nur ein Problem! |LBR| MERKEL!!!,1
"@pipapopipifax Wieso, zahlen Sie mehr? gez. die Vorzimmerdame @AuswaertigesAmt",0
@rplantiko @_macmike @WojtekThomalla @NawratAnna @AthinaMala @charlie_silve @petpanther0 @MustaphaMondAH @SJW_MadBunny @mastermikeg @machtjanix23 @SpadeCarrier @Steffmann45 @troll_putin @Norbinator2403 @ennof_ @NancyPeggyMandy @info2099 @lifetrend @ThomasGBauer @SchmiddieMaik @NoHerrman @willjrosenblatt @feldenfrizz @nasanasal @ellibisathide @MD_Franz @YouTube Ich werde die nächsten Tage nachschauen - wir haben alle Ausgaben - Die kriegt man hier in Ungarn nachgeworfen. Die Erstausgabe ist die Teuerste - umgerchnet 250 €,0
@lawyerberlin Schon erstaunlich was alles den Weg in die Politik findet...und vor allem wer da herzlichst willkommen ist,0
@KaiserDesRap Die Pisser wollten schon immer unsere Länderein um jeden Preis und jetzt haben sie die Bruder .....,1
"@Fussball_Bild @BILD_Sport Die Ultras sind das gleiche Pack wie linke Anarchisten,wann wird endlich mal durchgegriffen.Unsere Juristen sind halt alle Gutmenschen die lieber eine arme Rentnerin ins Gefängnis schicken",1
Antrag 30 wird aufgerufen: Auch hauptberufliche #Geistliche sollen geistliches Leben führen sollen - #aksynode16,0
"Die Brandstifter von heute tarnen sich als Kirchen- und Gutmenschen. Wenn es dann gesellschaftlich kracht, rufen sie zynisch „ihr Nazis“.",1
@AkifPirincci @krippmarie Joschka war einst der größte Stinkstiefel ein Unruhestifter...bis man ihn zum gutbezahlten Minister ernannte.... |LBR| Sagt das nicht viel aus...?,1
@soskinderdorf Hermann Gmeiner würde sich im Grab umdrehen wenn er sehen würde was aus seinen Dörfern geworden ist.,0
@m_zeitung Warum wird diese Sauerei von den anderen Medien nicht angeprangert? Hat Merkel es verboten?,0
"@c_lindner Ich war nie Wähler der FDP, aber so viel Rückgrat dem Wähler gegenüber hat meinen größten Respekt. Vor NEUWAHLEN braucht die FDP keine Angst haben. Meine Stimme ist sicher.",0
"@welt Es will wohl keiner an Deniz schreiben, weil alle froh sind das er endlich da ist wo er hingehört!!!",0
@manfredheck1 @tagesschau Nicht nur ein Vasall Merkels sondern auch ein Trump hasser!! Also ein Nazi!!!,1
"@fruehwein @Dana_Heide @handelsblatt Beinah hätten Sie recht: 3021 wär das Datum, wenn Rot-Rot-Grün demnächst regieren würde! :-)",0
Ich freue mich ja schon auf die TV-Kritiken morgen zum #Tatort .,0
"Moin, moin! Nach dem Willen von Verteidigungsmin. Ursula v. d. Leyen sollen ab 2018 flächendeckend Umstands-Uniformen zur Verfügung stehen 😜",0
"Bei der JU sah man es deutlich, Merkel lernte viel bei der FDJ 😜 ausgewählte ""Klatscher"", zum Munde reden u. Einheitsmeinung 😂🤢",0
@janboehm Ist der nicht jetzt Zahnarzt?,0
@marco_goedde @HovelsHorst @dushanwegner Marco...du warst schon vorher raus....hast es nur nicht gemerkt...!!,0
"Heilige FÄKALIEN, da läuft gerade Anne Will(schön sein) auf 3SAT!Keine Ahnung ob Wiederholung oder so,iss auch egal ! NUR SO EINEN HAUFEN GEMEINSCHMUTZIGER DUMMHEIT HAB ich selten gesehen ! Spiegelt voll den ZUSTAND DEUTSCHLANDS ! BÖSER TRUMP, SUPER MUSLIME !",1
"@HelalBeauty Das mit Religion in Verbindung zu bringen,  ist schon sehr... gewagt,  um nicht zu sagen tendentioes.  Vielleicht liegt es auch am Inzest?  Studiere mal die Einwanderungsgeschichte Englands",0
@dushanwegner Das wird nie aufhören...die fucking Gutmenschen würden ihr eigenes opfern um diesen Völkerwahn aufrechtzuerhalten,1
Der Familiennachzug für Flüchtlinge mit eingeschränktem Schutzstatus muss dauerhaft ausgesetzt bleiben.,0
@66Freedom66 Aber den geritzten Bürgermeisterlein gleich kondoliert 👎,0
@anna_IIna Leute regt euch nicht auf....negative Berichte haben eine positive Wirkung....AfD bleibt und wird stärker |LBR| Wie sagte die komische Kuh von den Grünen...und ich freu mich darauf....😂😂,1
@dunjahayali @krippmarie 😃Wenn Argumente ausgehen....ihr seit alle so leicht auszuhebeln...doch mehr schein als sein..! |LBR| Dürft ihr euch wirklich Journalisten nennen?,0
"Auf der Buchmesse diskutiere ich mit Philipp Ther u Michel Friedman über ""Die Getriebenen"" am Freitag (10.30Uhr) Weltempfang,Halle 3.1,L 25",0
Falsches Getue zum Klimawandel. Was ist denn mit den Flugzeugen am Himmel und den |LBR| dreckigen Schiffsdieseln auf den Meeren?,0
@Steinhoefel Das haben wir dem kleinen Wicht zu verdanken...😃,1
@chrisjuko die Quotenmusel in der Sharia Partei D. für was das auch immer steht der Blonde ist aber auch nicht ganz hell auf der Platte,1
"@heiseonline Wenn die infamen Lügen der etablierten Altpolitiker aufhören, dann gibts auch keinen Grund zum Hass!",1
@KontaktVito Wir sind nur noch von Menschen mit Gehirn Prothesen umgeben. .,1
@RNZonline Da wird wieder einmal observiert bis er untergetaucht ist !,0
@heinzegly Stasi war daran beteiligt - das Kinder-Bordell Jasmin und Club Rose.,0
@Spekulant1 @SZ @EveRoll entschuldigung. sie verstehen ja grad nicht mal ihre eigenen worte,0
"Ich frage mich warum ""Mein Kampf"" aber nicht der kleine ""Terroristenratgeber ""KORAN"" verboten war !?!?",1
"@Islamrat Und wer sich nicht nur in Mutmaßungen ( san) über begnügen will, der kann ja einfach Tweets davor lesen, welche Position @der_zmd dabei hat",0
@soskinderdorf Er wollte den Kindern eine Familie geben und keine Wohngruppen mit dauernd wechselnden Personal.,0
"@mittelfinger Selbstverständlich gilt Rassismuskeule nur bei der ""friedlichsten Religion von allen""!",0
"CHAPEAU. #DenizYuecel ist einer,der sich auch im Gefängnis treu bleibt. Er wolle seine Freiheit nicht“mit Panzergeschäften von Rheinmetall....befleckt wissen"", sagte er @dpa. Auch wolle er keinen etwaigen Austausch mit Anhängern der #Gülen-Bewegung. via @SPIEGELONLINE #freedeniz",0
"@Rambonelli Ja,so ist es,aber leider hat diese Regierung weder Stil,noch Charakter. Sie ist unehrlich u gewaltbereit gegenüb. Andersdenkende",0
Der User der jetzt einen Haufen setzt,0
"@LennartPfahler Entschuldigung, wo kam ich denn zu spät? Sie scheinen mit den parlamentarischen Abläufen nicht vertraut genug, um darüber berichten zu können. 😂 CL",0
"@hortarimar @Georg_Pazderski Dieser Tweet macht deutlich, wie weit verbreitet Vorurteile sind. Die Gleichsetzung Türkische Gemeinde und Islam macht das klar. Wir sind ein säkularer Verband, dessen Mitgliedsstruktur religiös vielfältig ist. Wir haben auch Mitglieder die nicht gläubig sind.",0
"@schnee_mueller Ja, habe ich u. richtig, weder in d. DDR, noch in den ""alten Ländern"" sollte man d. Begriff der ""Volksherrschaft"" benutzen 😜",0
"@GeorgMeckler Ich wünsche mir für sie, dass eine Großfamilie aus ""Syrien""  einzieht. Leider wäre solch eine kleine,  schlecht ausgestattete Wohnung für die neuen Herrenmenschen keine artgerechte Haltung....",1
"@SieSindGefeuert @IQ_Stimulator So sieht es aus ! Man müßte eine mediale Plattform haben wie ARD/ZDF um die richtigen Bilder zum Islam,Flüchtlinge,Politiker u.s.w. an die Leutz zu bringen! So wie youtube Kanal von Quasir oder Vulgäre Analyse aber das ist wunschdenken, leider! Deswegen endet alles im Knall!",0
"@AfDimBundestag @Alice_Weidel Wenn die AfD @Alice_Weidel dieses nicht zu verhindern versteht, dafür wurden sie gewählt, dann ist bald Schluss mit AfD..!",0
@JoeyGerlach @Renft1964 Werden wir und müssen wir NICHT! Es sind zu 99% nur Sozialtouristen (auf gut Deutsch: Schmarotzer) und zigtausende Kriminelle/Terroristen darunter! Das ist bewiesen!,1
beim spd-bund-länder-gesprächskreis finanzen im bundesrat zu den themen: grundsteuer und sondierungen.,0
@happyhaidrich3 @bleidsamel @ExilMengele Wenn Almans das Internet entdecken.immer wieder lustig,0
"Gerade im TV gesehen. Wer einkaufen will, und 10 Cent sparen will braucht eine App von Edeka Rossman usw. Vielleicht ist das old shool, aber wir brauchten nur nen Einkaufszettel und Geld.",0
"#Transgender #Model sagt nach sämtlichen Operationen, Brust und Genitalbereich, |LBR| ""nun bin ich eine richtige Frau."" |LBR| Richtige #Frau? |LBR| Ohne #Eierstöcke und #Gebärmutter? |LBR| Wie d*** diese Menschen doch sind!",1
@westfunker Das Sein des Menschen und des Volkes formt die Kultur. Es gibt Barbaren und es gibt Zivilisation.,0
@dushanwegner Diese Vorgehensweise ist der beste Beweis dafür wie es die nächsten 4 Jahre laufen wird... |LBR| Wir werden für unsere eigene Dummheit bestraft und das ist gut so... !!,0
Bei Neuwahlen wird safe AFD gewählt,0
"@WEBDE_News Was erwartet denn ein zweimaliger Sitzenbleiber, der nicht einmal |LBR| einen Schulabschluss hat, von den deutschen Wählern? Er ist ein |LBR| Blender.",1
Vielleicht ist es an der Zeit Lobbyvereinigungen wie EurActiv verbieten zu lassen wenn sie Referenden verbieten lassen wollen! 👍,0
"Heute geht es nach Bonn, wo morgen der Bundesparteitag stattfindet. |LBR| Sitzungen der Fraktionsgremien, um den Parteitag vorzubereiten. |LBR| Selbstbewusste und eigenständige Entscheidungen der SPD nach intensiver Debatte - das erwarte ich nach den guten Gesprächen der letzten Tage.",0
@OssiMarzahn @BILD |LBR| Wer Andersgläubig oder Immigrant ist erhält dafür Bewährung bei harten Straftaten! LÄUFT DOCH IN D!,1
"@_macmike @petpanther0 @machtjanix23 @NoHerrman @teite99 @info2099 @lifetrend @ThomasGBauer @SchmiddieMaik @AthinaMala @charlie_silve @willjrosenblatt @feldenfrizz @nasanasal @ellibisathide @MD_Franz Fein, bin ich froh, dass ich eine normale Tastatur habe😊",0
"Ein Preis hier, ein Orden da, wer vergibt u. wer bekommt &gt; eine Krähe hackt der anderen die Augen nicht aus. Also wertloser Müll 😜",0
deutschland landet diesmal auf dem vorletzten platz. also für eine echte blamage wird es nicht einmal reichen!,0
"@TwittingThom @NATO Ich weiß zwar nicht, was Altmaier heute wieder geraucht hat, aber es wird im mögl. Konflikt keine GEWINNER mehr geben 😜",1
"@simplart Du weißt doch, ich kann nicht anders 😜",0
"Können sie Kanzler, Hr. Schulz? (bei A. Will) &gt;&gt;&gt; Klar doch, ""Experten"" können Bücher verscherbeln, Flaschen ""sammeln"" u. auch Kanzler 😂😂😂",0
"@sternde @bundeswehrInfo Wir hatten keine Probleme in der Truppe. Es gab keine Frauen in der Truppe, und das war gut so.",1
"Zeit d. inhaltlichen Rücksichtnahme ist vorbei. Es geht darum, keine faulen Kompromisse zu machen, sondern Themen d. Bayernplans umzusetzen",0
"auf dem weg zum ersten termin des tages. wird ein langer tag. heute plenum, ice in die schönste stadt der welt, neujahrsempfang der spd in rothenburgsort, danach elbseparee-neujahresempfang im schmidtchen mit talk über die sondierungen.",0
@soskinderdorf Der Traum von Hermann Gemeiner ist schon lange ausgeträumt. Heute werden die Kinder nur noch verwaltet. Schade denn es war ein guter Traum. Und ich bin jemand der Hermann Gmeiner persönlich kannte.,0
@focusonline Wir brauchen nicht noch mehr Leute die unser Sozialsystem zerlegen.,0
Unsere Gedanken sind heute Abend bei den Opfern vom #Breitscheidplatz und ihren Familien. #Israel steht an der Seite Deutschlands. #Berlin,0
"Unfähigkeit hat bei uns einen neuen Namen: ""Remondis"" &gt; Preiserhöhungen und miese Leistungen! Winterdienst heute, Fehlanzeige! Keine Post...",0
"@EnricoPomsel Deshalb werbe ich dafür, in Koalitionsverhandlungen zu treten und dann die Parteibasis entscheiden zu lassen. Die von der SPD in den Sondierungen durchgesetzten Punkte werden sich in einem Koalitionsvertrag wiederfinden.",0
@NiciD_95 @patricia_seelig @spdrlp @D_Stich natürlich braucht man vertrauen und eine brücke. diese brücke ist für mich eine entscheidung aller mitglieder.,0
@KokoLores20 @Margit030 Früher war in der Bronx sicherer als heute in DE,0
@gerhard_mangott @fbrantner Die Sicherheit und auch die soziale Sicherheit der Deutschen ist nicht unabhängig von der Stabilität und dem Zusammenhalt der EU.,0
@atze_atzig @ndaktuell @CarenLay @StadtBautzen Endlich wurde dem Linken Anarchisten-Pack eine auf die Fresse gehauen!🤛,1
@Korrektus @MiriamOzen Das ist war...wo Islam da auch Islamisten |LBR| Moslems sind alle gleich...sonst wären sie keine Moslems..!!,1
"Er ist daraufhin sofort wieder in den Iran geflohen, wo er als Afghane zwar keinerlei Rechte hat*, aber wenigstens die Feinde seiner Familie nicht ständig auftauchen bzw. wo es nicht tagtäglich Attentate durch die Taliban und den IS gibt und Zivilist*innen sterben.",0
"@19Chichi40 @AkifPirincci Yapp, sind eh net mehr zu retten und nicht der Mühe wert!",1
"@dushanwegner Wie konnte der Donald dieses im Alleingang entscheiden, ohne vorher Özdemir um Erlaubnis gefragt... |LBR| Was erlauben Trump... |LBR| @cem_oezdemir",0
"@SteinbachErika Da redet keine Sau drüber . In den Medien beiläufig erwähnt,und doch ein Fall der weit über den Ritz eines Bürgermeisterlein hinausgeht.Ich wünsche dieser Frau alles Gute und möge sie wieder so fit werden wie vorher !",0
"@GenKuchen @Gl_owwyrm @Tenreccc @magda_albrecht Sollten Sie (als Mann?) mal vor der Situation stehen Durchfall zu haben, aber nur Frauentoiletten anzutreffen, werden Sie verstehen, was das Recht angstfrei Toiletten benutzen zu können mit dem Persönlichkeitsrecht zu tun hat. #dritteoption",0
"morgen 14.5. halte ich in Berlin, Urania um 19:30 eine Vortrag ueber den islamischen Faschismus!",0
Für d Schweinejournalisten Pack von ARD u ZDF ist es Hetze wenn man d tatsächlichen Zustände in diesem Merkeltollhaus anprangert |LBR| Jetzt AFD,1
"@AfD_Support Die müsste man zur Beihilfe zu mehrfachen Mord Anklagen. Hat sie doch im Bundestag geschworen Schaden vom deutschen Volk zu verhindern,Wieviel Schaden darf die noch machen!",0
@BonkeKolja @SawsanChebli @berlinerzeitung Mich interessiert ob in den muslimischen Ländern auch Christen in der Regierung/Ämtern sitzen?😎😜,0
"Wie oft Kurz die Selbverständlichkeit betonen |LBR| MUSS, |LBR| |LBL| 953858918761029632 |LBR| dass man eine demokratisch gewählte Partei zu akzeptieren hat, ist |LBR| grenzenlos peinlich. |LBR| #FPOE @AfD @RolandTichy",0
@MattFux Woher wissen Sie das? Kennen doch meine Geschichte überhaupt nicht.,0
@roland01962 Wir machen dies Frau bis zur Wahl im September fertig!! Zeigen wir der Welt wer diese Volksverräterin wirklich ist!!,1
@SirSchnee @IsidorMeyer1 Weil die gestörten Deutschen sich alles gefallen lassen obwohl sie die Macht hätten es zu ändern,0
"@EstoyLimpia @loriotfehlt Stimmt. Assad hat die schlimmsten Extremisten bekämpft,  ist selber Alevit - irgendetwas zwischen Moslem und Katholik.",0
@siegfried175 BINGO 😜 Du hast den Hauptpreis gewonnen 😜,0
"An alle, die sich gern über die religiösen Gefühle anderer lustig machen: Ohne Christentum müsstet ihr heute arbeiten! In diesem Sinne wünsche ich einen schönen 2. Weihnachtsfeiertag.",0
@Erik_Reinke @China_Welt_News Wenn das schon alle behaupten....wieso ist die alte noch immer auf freiem Fuß...?,1
@Hartes_Geld Ich kann diese scheisse mit diesen drecksmigranten einfach nicht mehr ertragen....wenn ich nur schon kanacken sehen wird gruselig....verfluchte Scheisser ..!,1
"im metronom 🚂 in die alte heimat, der erzeuger feiert seinen 85igsten 🎉 dann heute nachmittag im ic in die ehemalige hauptstadt, bundesparteitag. danach morgen in die hauptstadt, montag sondersitzung des deutschen bundestages aus anlass des 55. jahrestages des elysee-vertrages.",0
So Schmierfinke wie Frau Maischberger sind die wahren Feinde der Demokratie. |LBR| #maischberger,1
"@topdilopp @info2099 @KrabatKabat Es gibt keine andere juristisch korrekte Lösung, würden alle Deutschen es erkennen wäre die Sache in 24 Stunden vorbei",0
@aotto1968_2 Das ist die Folge wenn Schwachmaten wie Laschet und Konsorten Politik machen! 😨 👎,1
@MaxMusil @AfDVerOhz So kennen wir die Antifantenbrut! 👎🖕,1
@ellibisathide @MiriamOzen Das ist alles zum verrückt werden.....,0
"Erdogan und seine Minister dürfen gerne in die Niederlange auftreten, aber bitte gleich in Den Haag!",0
@POTUS Trump hat @IsraeliPM Netanyahu ins Weiße Haus nach #Washington eingeladen. Der genaue Termin wird in den nächsten Tagen festgesetzt,0
"@Beatrix_vStorch Wenn schon Vollzeitterroristen dem Ruf von MAAS und Merkel folgen, dann werden da wohl auch Hilfsjobber dabei sein! Tolle Journalisten!",1
"@SJW_MadBunny @Steffmann45 @machtjanix23 @troll_putin @petpanther0 @mastermikeg @Norbinator2403 @ennof_ @AthinaMala @NancyPeggyMandy @info2099 @lifetrend @ThomasGBauer @SchmiddieMaik @charlie_silve @NoHerrman @willjrosenblatt @feldenfrizz @nasanasal @_macmike @ellibisathide @MD_Franz Der kann nicht anders schreiben - seit 24 h. Hab mir seinen Acc. angesehen, der hat fast alle Follower aus D belegt. Bei den Amis zieht er den Schwanz ein - ach ja, ist eine sie😀",1
"In Deutschland gilt derjenige, der auf Probleme hinweist, als viel gefährlicher, als derjenige, der die Probleme verursacht. Es müssen wohl noch viele Kinder erstochen, Homosexuelle gejagt &amp; Frauen auf bestialische Art &amp; Weise vergewaltigt werden, bis die Politik aufwacht!",1
@dushanwegner Kein Mitleid mit Terroristen. Wir haben dem Islam heute den Krieg erklärt. Sie hatten 800Jahre Zeit sich zu reformieren. Jetzt ist Schluss.,1
@SWRAktuell Hatte das Haus Brandmelder?Ist doch Pflicht!,0
"@ChristophMach Auweh: Subsidiär Geschützte wurden eben nicht abgelehnt sondern - 3 mal dürfen Sie raten - genau, haben einen subsidiären Schutzstatus erhalten. Abgesehen davon, dass 2016 rd. 70% aller Antragssteller Schutz zugesprochen bekamen. ;)",0
@Heinrich_Krug @rponline Das macht echt traurig...ich schäme mich dermaßen für meine dummdämliche Landsleute ..!,1
"Kahane, ""Extremismus-Expertin""??? 😂😂😂 Hinterlistig schnüffeln, wie ein Trüffelschwein trifft`s eher 😜",1
"@AfD_Kompakt @FraukePetry Eine wird geschlossen, 2 an anderer Stelle geöffnet, 4 neu gebaut u. d. Kölner Dom durch d. CDU umfunktioniert 😜",0
@MiriamOzen @focusonline Ich muss dir jetzt leider folgen :-),0
@FilmElf_yt @Goreminister Anständige Löhne würden die sache regeln,0
Engagierte und ermutigende Diskussion bei der voll besetzten Parteikonferenz in Neumünster über den richtigen Kurs der Bundesparteimit Blick auf den Bundesparteitag am Sonntag in Bonn.,0
"Von #altkatholisch|er #Synode neu gewählte Finanzkommission: H.Kiefel, C.Velosa da Silva,K.Georgi,Dr.N.Giebeler,Pfr.N.Schönherr #aksynode16",0
"@kirchentag_de @Volker_Beck „Es ist Israel, das Palästinenser und Araber tötet und ihr Land besetzt."" Wie bewertet @kirchentag_de diese Aussage ihres Gastes al-Tayyeb?",0
AfD gehört zu Deutschland nicht der Islam |LBR| #AfD #AfD #AfD,0
@Nibelungenheld .... |LBR| Gehirnwäsche braucht Zeit. Das Gehirn lässt sich programmieren.  Aber noch viel zu viele hängen der Aufklärung und dem Christentum an.,0
"@machtjanix23 @teite99 @Norbinator2403 @ennof_ @AthinaMala @troll_putin @NancyPeggyMandy @petpanther0 @info2099 @lifetrend @ThomasGBauer @SchmiddieMaik @charlie_silve @NoHerrman @willjrosenblatt @feldenfrizz @nasanasal @_macmike @ellibisathide @MD_Franz Bist voll im Stress, was, soviele böse Leute um Dich und soviel Text, Dein Zynismus lässt auch langsam nach - was ist los?",0
"@chteffie Nein nein, wir sind guter Dinge!",0
#GroKo = weiter so geht nicht. Lügenbande.,1
"@rocknproll Grundsätzlich schon, beide Parteien haben aber eigene Anträge - und glaubt man der Union, möchte man dort nicht auf die Stimmen der AfD angewiesen sein.",0
"Hallo, war einige Tage in PL, bin gerade zurück u. muss erst all die positiven Eindrücke verarbeiten😜Horsti u. Murksel, ein Thema in PL 😂😂😂",1
"@MalteKaufmann @123Lenchen @AfD Nicht in der Lage!? Ich denke sie verkennen die Situation, die Absicht die dahinter steckt ist wohl nicht mehr zu verkennen, der Kalergi Plan wird gerade umgesetzt, sie sollten langsam in die Gänge kommen, oder es ist nichts mehr übrig ‼️",0
"Dobrindt, Du Heuchler. Es gibt keine illegale Software. Es gibt nur illegale |LBR| Vorschriften und hinterfotzige Politiker. Ab mit Euch.",1
"@mortalhope1 Nein, meistens nur schneller (weil sie sich nur in AUSNAHMEFÄLLEN schminken) 😜",0
@ein_prozent Da ihr permanent die falschen Begrifflichkeiten in Bezug auf die BRD benutzt muss euch Vorsatz unterstellen,0
@dunjahayali Sie geben mir recht..Trump ist gewählt worden weil er der einzige Gegenkandidat war |LBR| Amis wollten keine weitere Obamaregierung durch Hillary?,0
Ein spannender Besuch! Auf bald! @KaiDiekmann @chstenzel @antjeschippmann @hansvehlewald @Jugendpresse @Adi_Farjon #ILpo16,0
"Die Japaner wissen ja, wie gefährlich Atomwaffen sind. Damit wir |LBR| uns verstehen: Nur die Amerikaner dürfen Atomwaffen zünden. Ja, |LBR| so ist das",0
"@MichaelStuerzi Islam ist immer beleidigt, wenn man nur die geringste Kritik übt.  Vor diesem ""Beleidigtsein"" haben alle Angst. Ich hoffe,  dass alle Beleidigungsparagraphen abgeschafft werden!",0
@MiriamOzen Jeder der bei klarem Verstand wird das so deuten....leider obsiegt die Gleichgültigkeit und das mach so traurig so wütend ..!,0
Dieser alte Millionenfach missbrauchte Zopf Asylrecht gehört sofort abgeschafft u ein neues der Zeit angepasstes Asylrecht aufstellt |LBR| AFD,0
"@P_Plattform @Renft1964 Die Prozentzahlen der Grünen, beziffern nur die Idiotenzahlen in Deutschland!",1
@ExilMengele @happyhaidrich3 @_jhurn Weil er sich nur mit melden währen kann Kamerad,0
"@DuHugonotte @RegSprecher Genau wie bei den Moslems, können nicht lesen und schreiben aber glauben alles was der Imam predikt!",1
"@MeLivyT @CDU Dazu stehen wir sowas von! Wir haben es jetzt schon zeitweilig erreicht, und ich möchte, dass es dauerhaft so ist.",0
"Oh Gott, sehe gerade Laschet in den n-tv Nachrichten, ich glaube ich muss ko***, mir ist schlecht 🤢🤢🤢",1
"@TichysEinblick @st3pp3nwQlf Wer heute noch glaubt das Politiker das Volk vertreten. Der glaubt auch das Zitronenfalter, Zitronen falten.",0
300 bekloppte Bahnhofs klatschen bilden Lichterkette in Altena. Wo waren oder sind diese Gehirn Prothesen wenn Deutsche in Berlin oder sonst wo ermordet werden? Wenn schon kein Gehirn dann wenigstens Lichterkette.,1
"@anna_IIna Man achte auf die Bemerkung... Das Motiv der Attacke sei unklar, so der NDR. |LBR| Die bei NDR brauchen dringendst schlauere Köpfe...😃",0
@focusonline Das war wohl eher ein Grüner Gehirn Furz.,1
#Diesel-#Fahrverbote: Wie vorhergesagt nimmt ihnen das #Globalisten-#Dreckspack jetzt leistbare #Mobilität &amp; zerstört dt. Schlüsselindustrie,1
@Hartes_Geld So hat es in Schweden auch begonnen. Mit Burka ist man auf jedenfall sicherer als in 90ies Outfit. Das waren noch Zeiten.,1
Seehofer garantiert nach der Wahl eine Flüchtlingsobergrenze 😂😂😂😂😂 Steht der Bayer ohne Eier etwa trocken? 😂😂😂😂😂,1
"@vronixi ich fordere ebenfalls: raus mit dem Gesindel: Kanacken (wahlweise Moslems), Nigger, Gutmenschen jegl. Couleur, Grüne usw.",1
In der Schule war Martin Schulz ein Versager. Jetzt sollen die |LBR| deutschen Steuerzahler die Schulden der Griechen übernehmen. |LBR| Pfui Deibel.,1
"Schulz das REKTUM ist wirklich nicht mehr zu ertragen, unser 365 Tage AMTMANN ! Ich lass mir den nicht gefallen, auf keinen Fall !",1
"@Aufgehts100 @L3P3de @IsraelinGermany Man hat in #Deutschland / #Europa zu lange toleriert, dass antisemitische #Muslime &amp; ihre hiesigen Helfershelfer mit #Antisemitismus durchkommen. Und wie? In dem man das Wort »#Israelkritik« erfunden hat. Die Hetze gegen #Israel dient lediglich für #Judenhass gegen #Juden.",0
@sexydollyblue Endlich...wir lechzen regelrecht nach good News...!,0
"Wenn Hacker die Bundestagswahl beeinflussen sollen, ist Merkel die Leithäckerin &gt; sie hackt sich den Stuhl unter`m gewaltigen Arsch weg 😂😂😂",1
"@Russenkeppi Noch mal: In #Köln ist es Gang und Gebe, da die Kölner #Juden relativ ambitioniert sind, was den Kampf gegen #Antisemitismus betrifft (siehe: »Klagemauer« auf der #Domplatte &amp; Antisemiten-Meetings in der alten Feuerwache). @Buurmann berichtete mal darüber, dass es Taktik sei.",0
"@hans_obermeier Der ""Eichene Wodka"" dient lediglich dazu, dass die Biester besser ""rutschen"" 😜",0
"Nach der Frau mit Bart, kommt jetzt die orientalische Haarentfernung!",0
@SWagenknecht @lionwoman18 Steueroasen gehören eindeutig abgeschafft...jeder sollte nach seiner Nationalität besteuert werden....!!,0
@DrDavidBerger @BejuBinich Ja irre...hier wird alles geboten damit der Moslem sein Islam weiterleben darf...,0
Heute ist ein denkwürdiger Tag für die #SPD. Sie haben sich gerade das Grab noch ein bisschen tiefer gegraben. |LBR| Die nächste Wahl kommt bestimmt.,0
@AfD_OF_Land AfD ist richtig und wichtig...wer das nicht einsieht ist einfach nur dumm. |LBR| Wer denkt AfD wird irgendwann 🇩🇪regieren...der ist auch einfach nur dumm...!,0
"@feldenfrizz @info2099 @ThomasGBauer @Nessie43 @AthinaMala @petpanther0 @_macmike @NoHerrman @ellibisathide @md_franz Nostradamus war wie Agrippa ein Hochgradeingeweihter - kommt übrigens auch bei ""Faust""gleich am Anfang vor - Goethe- Hochgrad (33.°) und Illuminat - na sowas.",0
@Ibokallweit @DrDavidBerger @melli_mail Das ist möglich...achte aber bitte darauf das die sich möglichst nicht kennen...😃😃,0
@ZDF @Frontal21 Es müsste Straf Anträge gegen die verantwortlichen beim Verfassungsschutz Hagel. Jeder kann das tun. Und gegen Merkel ein Strafantrag wegen indirekter Unterstützung einer Terroristischen Vereinigung. Gibt es hier Anwälte die noch Eier in der Hose haben?,1
@anna_IIna Was für fucking Menschenrechtsorganisationen....? |LBR| In unserem Land ist es unsicherer als in ihren...!,1
"@EinsLive1 Es wäre schlimm, wenn alle immer die gleiche Meinung hätten. Wie denkst Du darüber?",0
"@Vancullo ‼️Sie waren fast alle so, Merkel Kasner setzt dem ganzen nur die Krone auf‼️",0
@focusonline Grüne gehören einfach nicht in Regierungs Verantwortung. Schon gar nicht diese Ost Schabracke,1
@methusalix64 @Die_Gruenen Was für ein gruseliges Bild....mir fehlen die Worte.. |LBR| Wenn aus Verlierern Sieger werden....dummes dummes Deutschland,0
"@welt Konfuzius sagte schon: Ein Glas, das bereits voll ist, kann nicht mehr befüllt werden. Iss ne Denksport Aufgabe.",0
"Was ist das denn für eine, die Blonde mit Harry Potter Brille? |LBR| Umso eher die AFD an die Macht kommt umso besser für Deutschland und deutsche Bürger. |LBR| #illner",1
"@ufhoven Gutmenschen lieben es,  mit Zitaten aus ganz anderen unvergleichbaren Zeiten zu moralisieren. Würde Goethe jetzt durch Leipzig wandern, würde er weinen, ob der Ueberfremdung, kulturellen Verwahrlosung und all den Messer- Überfällen",1
"@schneeridara @twittonium Ach, die ist noch nicht nach Anatolien ent...schwebt?",0
@Hobbit9797 @tagesschau Warum berichtet ihr dann nicht über Merkel!!! An Verbrechen gibt es da ja wohl genug!!,1
@dietmar_danz fröhlicher gruß aus der hauptstadt dietmar 🎈,0
Wer hängt jetzt noch am Tropf im Sauerstoffzelt herum?,0
@66Freedom66 @krippmarie Die Kanackenweiber sind die schlimmsten....,1
"Den meisten Polen ist bewusst, dass Murksel u. ihre Chaoten Dtl. u. Europa mit den ""Gästen"" ins Chaos stürzten - den NRW-Wahlschafen nicht 🤢",1
@Hinnerk45 @NDRnds @ndr Der/Die Vanja oder ohne Pronomen wenn es sich vermeiden lässt,0
Dummes Geschwätz von Kern. Er ist für Lösungen. Bin |LBR| ich auch. Unfähige Nulltipper davonjagen. Die Wahlen kommen.,1
"@simplart Ich grüße Dich von Herzen, mein Freund und noch alles, alles Gute für dieses Jahr 😜",0
@info2099 @Mister_Trs Die Khasarischen Rathen werden wahrscheinlich aus ihren Löchern getrieben,1
Linke Mullen sind einfach der größte Schmutz,1
"Kirchhoff, ist Ihnen entgangen, dass 98 % der Migranten aus |LBR| Marokko nicht als Flüchtlinge anerkannt werden? Lassen Sie |LBR| Ihre blöden Ideen.",1
"Wenn das deutsche Volk nicht bereit ist, sich für seine Selbsterhaltung einzusetzen, gut: Dann soll es verschwinden! |LBR| Damals wie heute, weise Worte!",1
@Jellybean4711 Na sicher kann er das.,0
"@PhilipSchimkat Sooo schlimm ist das auch wieder nicht :-)! Aber schön, dass Sie sich politisch engagieren! Grüße an die Jusos!",0
Und N24 geht mir auch aufs Arschloch heute morgen // Über Trump--er klage das Medien unehrlich sind!!?!?soll er mal nach🇩🇪kommen !!!!,1
@happyhaidrich3 @KotzenderStern Bin auch geblockt von dem,0
@SWRAktuell Und dann ein Schaden Von 750.000€ Muss man nicht verstehen!,0
"@keeprespect79 @Margit030 @welt Überall unterwerfen wir uns den Islamisten ,müssen wir uns integrieren oder Die Islamisten. Ein Moslem kriegt ein Sonderstatus , ich fasse es nicht !",1
@andreasleu1 Manchmal fasse ich nichts mehr! 😉,0
@feldenfrizz @info2099 @ThomasGBauer @Nessie43 @AthinaMala @petpanther0 @_macmike @NoHerrman @ellibisathide @md_franz Sie forscht seit 30 Jahren,0
"Leere Mägen, nichts zu beißen, schlechte Zähne, nichts zu scheißen, |LBR| aber Raketen. Eh ich´s vergess, der Druck wird erhöht. Aha.",0
"@kandidatschulz ""Revolutionäre Deutsche Parteiprogramme"" (d. SPD seit Eisenach 7.-9.8.1869) wurden bis 1989 im Bez. Neubrandenburg gelehrt😜",0
der Bund Alt-Katholischer Frauen (#baf) kommt auf die #altkatholisch|e #Synode - #aksynode16,0
@EngBuldog @SteinbachErika Schaukel als Kind zu nah an der Wand gestanden???,1
"@BILD Schreibt besser mal über die Asylanten Verbrechen ,dass wird bei euch totgeschwiegen!",1
"@Odenwaelderin Dass ist nicht freiwillig,sondern der Geldknappheit der Städte und Gemeinden geschuldet,die Gelder den Asylanten wie Puderzucker in den Hintern blasen.🌬",1
"@oOMorteOo @ZDFheute Uns ist nicht klar, wieso immer wieder Leute so einen Stuss kommentieren, ohne sich vorher wenigstens ein klein wenig zu informieren. Wie soll denn der ""Profit für PA"" aussehen? Wir sind spendenfinanziert. Und wie Sie beim Familiennachzug auf 1 Mio. kommen, ist auch schleierhaft.",0
@Cerberus456 @Gigakuss Genau so ist das- der Algorithmus der deutschen Medien ist so durchsichtig wie verkommen heuchlerisch. #Presserat #Rundfunkrat,1
Retweeten ist offiziell erwünscht! =,0
Jeder der den Koran verbrennt absoluter Ehrenmann,1
@MattesBerlin @67muellerPeter Ich wette es gibt trotzdem noch Deutsche die das glauben!,0
"@raschie2 Kandidieren sie doch für den Bundestag, werden gewählt und bringen ein solches Gesetz ein..",0
"@ultrabreit Hey, du hast Stil.  Tolles neues Foto übrigens 😘",0
@lawyerberlin Es gibt Eid. Ein Soldat der dagegen verstößt Kommt vor Gericht. Ein Politiker nicht.,0
Wehrmachts Soldaten und die der Waffen SS haben meinen höchsten Respekt so wie jeder andere Soldat der für sein Land gekämpft hat,1
"@petpanther0 @machtjanix23 @NoHerrman @teite99 @info2099 @lifetrend @ThomasGBauer @SchmiddieMaik @AthinaMala @charlie_silve @willjrosenblatt @feldenfrizz @nasanasal @_macmike @ellibisathide @MD_Franz Ja, in D - versuch mal im achso Judenfreundlichen Land D eine hebräische Zeitung zu bekommen, oder vernünftiges Material zum Erlernen der hebräischen Sprache - Fehlanzeige - doppelbödige Moral. Mittlerweile werden wieder jüdische Läden angegriffen - Politik ist stumm -",0
"Unter @Tweeting67 kann historischen Persönlichkeiten, die über die Geschichte Israels twittern, folgen. Absolute Empfehlung!",0
"@KAR98_DFW @AkifPirincci Und wenn schon, weiß doch jeder halbwegs schlaue was gemeint ist ! Gammatikfehlersuche ist eigentlich ein "" linkes"" Ding!",0
@RvrsApacheMastr Braucht dieses Pack jetzt noch jemanden zum Arsch abputzen?,1
"@SPIEGELONLINE 2-Klassen-""#Justiz"" ... oder einfach ""#Bewährungsstrafe #Asylbewerber"" googlen",1
"@motikat @Korallenherz @ARDde Aber den Bericht sehe ich dort nicht. Er hieß: Ein Warlord als Türsteher zur Hölle. Wenn ihr den zufällig findet, bitte an uns.",0
"@hans_obermeier Mit ""Żubrówka"" bin ich vergriesgnaddelt, habe mir das Gras aus Ostpolen mitgebracht, gepflanzt. Wächst super 😡😡😡",0
Warum hat die Evolution eigentlich Nationalstaaten hervorgebracht? |LBR| Zum Nutzen der Bewohner |LBR| Warum Globalisierung? |LBR| Zum Nutzen der Geldeliten,0
@boell_stiftung Kleine Korrektur: Vanja hätte sich ohne Eintrag registrieren lassen können. Wollte es aber nicht.,0
"#CDU #CSU müssen ermahnt werden, während einer Abgeordnetenrede ihre angeregten Gespräche zu unterlassen. |LBR| #Respekt #Wertschätzung |LBR| #Bundestag",0
"@hortarimar @Georg_Pazderski Es geht hier um die rassistischen Äußerungen von AfD Politikern. Jede Diskussion landet am Ende bei Muslimen und dem Islam. Dies zeigt uns, dass keine Debatte gewollt ist. #whataboutism ist das intellektuell armselige Verhalten der AfD. Wir trauen Ihnen mehr zu. Gute Nacht!",1
"NEEE,NEE,NE, ich schäme mich für EUROPA und insbesondere für die DEUTSCHEN MSM wegen der LÜGEN um das russische Manöver!!",0
"Die syrischen Hartz 4 Empfänger müssen kontrolliert werden, ob sie schwarz arbeiten. |LBR| Wie viele davon sind Analphabeten? Sie müssen zurück.",1
@zeitonline @Umwelthilfe In den USA wären diese Verbrecher schon längst im Knast! Unter der Führung Merkel gibt es Bonuszahlungen! AUCH FÜR MERKEL!!!,1
Yay 🎉 Wir freuen uns über 1 neue WG-Vermittlung in #Nürnberg &amp; 2 in #Barcelona ❤ |LBR| #NeueVermittlung |LBR| #RefugeesWelcome #FlüchtlingeWillkommen,0
"Wie sagte es d. CDU heute in d. Tagesschau,Schulz sei ein ""Sozialpopulist"" 😂 Diese Schwachköpfe sollten sich m. d. Definition beschäftigen 😂",1
"@BVBorussia_ @rponline Was hat diese saublöde Frage mit meiner ""Fußballerfrage"" zu tun? 80% der Fußballvereine, bestehen nur aus Legionäre! Das ist trauriger Fakt!",1
@emrich_5933 @krippmarie Von Gauland wurde verlangt das er sich wegen ˋentsorgen‘ entschuldigen sollte... |LBR| Würde das von der Kröte auch verlangt..?,1
"@WEBDE_News Anne will kitzelt nicht, sondern nervt mit ihrem Dazwischenreden. Und |LBR| sie soll die Hand nicht vor den Mund halten, wenn sie spricht.",0
"@mittelfinger Alles zu maskulinistisch!! Die Kinder  brauchen mehr #Genderwahn. Der Fladen muss also eine VaginaMütze und ein BallettTutu tragen. Über der Burka, selbstverständlich.",1
Die Österreicher haben die Brandschatzungen und Überfälle der Muslime nicht |LBR| vergessen und sie damals davongejagt. Das gilt heute noch.,1
"@maybritillner @ManuelaSchwesig Die frage ist doch, weshalb sollen wir Flüchtlinge, die dieses Land absehbar wieder verlassen müssen, für sehr viel Geld Integrieren. Die zusammen Führung macht deshalb auch keinen Sinn, da ich umso mehr Abschieben muss. Von den immensen Kosten mal ganz abgesehen.",0
"@Frank_Pasemann @TinaHassel Wo ist eigentlich der jüdische Zentralrat, habe seit Monaten nichts mehr von ihm gehört.Wenn ein Deutscher die Juden kritisiert, dann herrscht im Zentralrat Ausnahmezustand!Bei Moslems ducken sie sich feige ab.",1
"@MarcSchriese Es gibt auch Rentner die darauf angewiesen sind ,die den Cent 2-3mal umdrehen müssen bevor er ausgegeben wird ,anders ist es mit den Asylanten,die haben freie Fahrt!",1
@SJW_MadBunny Was für ein Affentanz 😉,0
"@BILD_LA Ein krimineller, perverser Dummkopf, der bald endlich schlechte deutsche Geschichte ist!",1
@RuFfRyDaH @mdrkultur @MDRAktuell Ich bin mir sicher das Sie zu Zeiten des 2ten Weltkrieges nicht mehr als ein Feuchter Traum im Sack ihres Vaters waren. Wir haben keine Kollektiv Schuld der Krieg ist lange vorbei. Wenn Sie sich Schuldig fühlen wollen ist das ihre Privat Sache.,1
@himbeerhans @stfries @AuswaertigesAmt 2. dass sich von israelischer Seite Status Quo am Tempelberg ändert stand nie zu Debatte sondern basiert lediglich auf Lügen und Hetze,0
"@MarcSchriese Wenn man sieht wie die mit ihren Rädern in die Schule fahren ,dann hätt ich sie auch in die Schule gefahren.Aber dass ist die Schuld der Eltern ,sie im Straßenverkehr zu schulen ,nicht immer alles den Schulen überlassen.",0
"Zur Erinnerung: 462 Neonazis sind trotz Verurteilung auf freiem Fuß,einige von ihnen untergetaucht.Auseinandersetzung NSU brachte ans Licht",0
"Unser Ziel in den anstehenden Sondierungsgesprächen muss sein, die Maximalabdeckung des Bürgerlichen in den Themen zu erreichen.",0
"@Jala_varietas @Titania0001 @blacknarga300 @damian_tamwood @AliCologne Das Problem mit nahezu 100% der Organisationen wie diese ist, sie reden nur und haben keine probate Lösung für die Situation",0
"Harpyie Murksel drückt ""Verbundenheit"" für Manchester aus &gt; Wie falsch muss man eigentlich sein, wenn man d. Terror Tür u. Tor öffnete 🤢🤢🤢",1
@ReneTruninger Die Rede ist von 80 handverlesenen und nach Qualifikation ausgesuchten..? |LBR| Das macht Sinn...!,0
@GThummerer @PolizeiBerlin_E @MiriamOzen Selbst eine angemeldete Demo muss genehmigt werden.,0
"@Norbinator2403 Von der Seite habe ich es noch gar nicht gesehen.  Wie gesagt,  wenn alle Stricke reißen,  kaufe ich mir Kopftuch,  klebe Damenbarthaare an,  und melde mich beim Lageso. Dann muss ich gar nix mehr sauber machen 😁",1
"Merkel wird sich weitere Jahre IHR persönliches ""(Un)Recht! basteln, welches sie außerhalb von Kontrolle u. Strafverfolgung stellen wird 😜",0
"Dieser Rot Grün versiffte Zick hetzt in d ARD gegen all die DE, die durch diesen Lug, Trug u Manipulation Journalismus nicht verblödet sind",1
@HeikoMaas Bin 1947 geboren und habe mit diesem ganzen Scheiß nichts am Hut! Basta!,1
Frohes neues Jahr euch allen!,0
@WhoIsInGermany0 @welt Genau deswegen blieben die Moslems doch weg!! Merkel und ihre Vasallen nehmen noch nicht mal die Moslems mehr erst! Erdogan doch auch nicht,1
@BILD Ach Gott gibt es auch noch Gerechtigkeit? In diesem Lande fast unvorstellbar!,0
"Angst zu erzeugen und die wahren Ursachen ANDERSDENKENDEN anzulasten, das bringt Wählerstimmen. 2017 hoffentlich eine Rechnung ohne Wirt!",0
Frau Merkel hätte mich jederzeit anrufen können. Meine Nummer hat sie. Stattdessen hat sie die MFK ohne Gegenargument blockiert. #tvduell,0
Diese Maischberger hat sich aufgeführt als wären wir noch in Zeiten der Inquisition u Bundeskanzler Kurz der Beschuldigte jetzt |LBR| AFD wählen,0
@focusonline Was hat eine Hautfarbe mit Hetze zu tun? Hautfarbe ist keine Rasse das solltet sogar ihr Schreiber wissen. Der IQ bei Focus Schreiber ist wohl deutlich niedriger. 95% der Europäer sind nunmal Weiß. Das werdet ihr auch nicht ändern. Was ihr hier verbreitet ist Hetze,1
"@Riedegost @GoeringEckardt @Die_Gruenen Richtig, wie in MV: ""Idylle mit Glyphosat und Gülle."" Nichts haben sie bewegt, außer den großen Mund",0
"Das Wahlsystem in diesem Schland dient nur einem Zweck, den Bürger zu verarschen, ihn glauben lassen er hätte ""Einfluss"" auf Entscheidungen😜",0
Neues Treffen: Papst Franziskus wird Angela Merkel am Samstag 17. Juni empfangen,0
"@reimers_37619 Nazi?...wär i nur wenn der Meister da a Fremder ist..😃 |LBR| Weißt du, es ist keine Kunst sich selbst abzuschotten, den Schlamassel anderen überlassen und sich dann auch noch als Held feiern lassen von jemandem dessen Dreck man beseitigt.",0
@Michael96054009 Weder Mitgefühl noch richtig sehen: das sind leere Kinderaugen vom Krieg gezeichnet - machen sie aus ihrem Herz keine Mördergrube- is besser,0
"Warum haben Sie AfD gewählt, fragte #ZEIT ""...Zudem las ich H. Abdel-Samad, A.H. Ourghi, B. Tibi, A. Hirsi Ali, S. Ates, A.Mansour..."" achso",0
"Ihr Demonstranten, warum zerstört Ihr Hamburger Bürger-Eigentum? Bei solchen |LBR| Verfehlungen bin ich für den Einsatz von Gummigeschossen.",0
Grüne onanieren jetzt täglich 😜 erst konnten sie ihre neue Macht kaum fassen u. jetzt nicht mehr erwarten das Schland völlig zu ruinieren 🤢,1
"@dushanwegner @Heinrich_Krug Hey Leute, wir haben so lange die Warzentusse ertragen...das mit dem Kleinwüchsigem kriegen wir auch hin...",1
"@JotDora @DieterSteffmann Macht's das besser, kleiner Kreuzritter?",0
@Frank_Pasemann @HeikoMaas Wer andern eine Grube gräbt ..........!,0
"@Beatrix_vStorch @AfDimBundestag Was für Schlawacken hat unsere Regierung aufgenommen,aus Höhlen importiert und jetzt Sterneküche verpflegt genießen wollen!",1
"@welt Es ist an der Zeit, das wir diesen Juden Hassern zeigen, wo der Ausgang von Deutschland ist.",0
@JulyaRabinowich @zeitonline Dann kauf dir eins ...,0
"Verdammt nochmal, Ihr Italiener. Schließt endlich Eure Häfen für |LBR| ShuttleschiffeWir brauchen keine illegalen Einwanderer.",1
@tagesschau Unsere Politiker sind zu blöd einen Terroristen auszuweisen weil er keinen Pass hat!!!,1
Die Zins-Schergen der EU rauben den Sparern Milliarden. |LBR| Und Schäuble freut sich mit diesen Verbrechern.,1
"@FlipPeter1 Enttäuschend sind allenfalls die Lügen beider Systeme, jedoch erwartete ich aufgrund guter Allgemeinbildung nichts anderes 😜",0
@Sepiroth1986 Naja vllt bei den alteingesessenen linken aber die neuen zu 95% Antideutsche leleks,1
@FrlUrban Die Gewinnerin wählt aus - manchmal nur die Größe - manchmal generell aus dem gesamten Shop. Freie Auswahl und so... ;-),0
@mattfischler Israelisch-Jüdische Professoren zu boykottieren entspricht nicht unserem Verständnis von Wissenschaftsfreiheit,0
"@hesselmann @joausdo @greenpeacemag ""Alles klar"" ist nicht mehr pc, im Ernst?",0
"@peter_millet @Margit030 @pflegefrau @NoHerrman In ihrem Land war dass so nicht möglich ,aber bei uns kann man dass ausleben ,dank freier Meinungsäußerung.Wir Deutsche sind die gelackmeierten !",1
"@utawie @JLomm @HolgerEwald1 @China_Welt_News Da die BRD lediglich Bewohner hat ist es sowieso egal, aber selbst wenn, sagen Sie nicht welches Volk, fieser Juristischer Trick",0
"@wolflotter @fdp Ist doch alles Fäkal-egal, Hauptsache die Ungelernten wie C.R. oder K.G.E. oder der Migrationspatriot C.Özdedingens ziehen eine lange Fresse. Das die Ö.R.Medien plus die Lügenpresse so berichten wie sie es tun, war doch absehbar! Das schon seit Jahren !",1
"@Ricarda_Lang @SWRAktuell @bento_de Mit dem was du frisst, könnte man Afrika ein Jahr lang ernähren.",0
"@AfDimBundestag @krippmarie Ja sie belohnen sich gegenseitig für Ihre Vasallentreue.....demnächst kriegt die Merkel einen Preis zurück...bald, es muss nur noch einer erfunden werden...!",0
Ich hoffe die AFD bekommt bei Neuwahlen 20%,0
@KAR98_DFW Barett Kaliber 50 Scharfschuetzen Gewehr gerade gepostet. Das Ding macht alles platt. Selbst probiert,0
@ainyrockstar Kirche und Staat hat seine Anhänger schon immer verraten und missbraucht. Wir kennen das und haben gelernt. Religion ist privat Sache.,1
".@MartinSchulz mit 81,9 % wiedergewählt, ein Minus von 18,1 Punkten. Entspricht in etwa dem Rückgang der @spdbt bei #BW2017. Ist nach Schulz' eigenem Maßstab kein ""Regierungsauftrag"". Oder?",0
"Thema Krim: Offensichtl. werden dumm geborene,die nichts dazulernten u. davon noch d. Hälfte vergaßen POLITIKER Schwarzmeerflotte bleibt RU😜",0
"@AkifPirincci ÄÄääHhhhh, WIR SCHAFFEN DAS ??????!!!?!!",0
"Walter Kohl erhebt in einem Interview im ""Zeit""-Magazin schwere Vorwürfe gg. Merkel. ""Anteil am Tod meiner Mutter"" durch VERRAT (passt 🤢)",0
"Einem Kind Geräusche zu verbieten sei etwa so unmöglich, wie einem Afrikaner seine Hautfarbe zu verbieten. |LBR| Harald Martenstein",0
"UNESCO anti-israelische Positionen vorwerfen,aber es im eigenen Land nicht mal schaffen,sich klar von Antisemiten zu distanzieren: unfassbar",0
#Özdemir und #Peter von der #Grünen Sekte treten nicht mehr an. Noch mehr gute Nachrichten von dort? KGE oder Conchita? |LBR| #OhneGrünelebtsichsbesser,1
"Alle Götter sterben, wenn sie den Menschen langweilig werden! Stell dir vor es gäbe Facebook und keiner geht hin!",0
#GROKO wird zur Vernichtung der europäischen Menschen und Kultur gebraucht. |LBR| Gleichzeitig zur Stärkung der zentralen EU Ausbeutungs Eliten,1
@focusonline Kopftuch =zur schau Stellung einer Religiösen Einstellung. Religion ist jedoch privat Sache. Und hat an Schulen nichts zu suchen.,0
"Sachtma, soll ich zum Türken oder zum Chinesen ins Dorf runter fahren? |LBR| #keinbockzumkochen",0
@JensMaierAfD Schadenfreude ist die schönste Freude!🤣,0
"Illners Runde hat das Niveau, wie eine Werbung für vegetarische ""Wurst"" &gt; Mogelpackung und sehr fad, völlig geschmacklos 😂😂😂",0
NTV Bilder von Trump u Obama Vereidigung komplett Manipuliert Bilder von Trump zeigen Stunden vor der Vereidigung wo Menschen erst kamen |LBR| AFD,0
"Die Deutschen müssen sich endlich von der Vorstellung verabschieden das die BRD Regierung für das deutsche Volk arbeitet oder Interesse an ihm hat. Um ihre Agenda durchzusetzen, benutzen sie die durch Geheimdienste durchsetzen BRD Medien.",0
@ellibisathide @krippmarie Widerliche Fratzen...sie machen unsere Welt nur schlechter...!!,1
Bündelung aller Asylverfahren in Entscheidungs- u. Rückführungszentren wird die #Abschiebungen endlich beschleunigen. #Asyl,0
@lawyerberlin @fdp Es gibt noch einen Gott. NEUWAHLEN die einzige Kosequenz.,0
"@JoeyGerlach @KrahMax Wir hatten wie immer für alles Verständnis, dann folgte Misstrauen Wut und grenzenlose Ablehnung. |LBR| So entstand Hass der🇩🇪auf Asyl-Migranten!",1
"#Barcelona &amp; wo bleiben jetzt die #MSM-Artikel gegen Polit-Arschlöcher, die NICHT den MUSLIMISCHEN #Terror klar benennen?",1
"@jutta_ditfurth großes maul und nichts zu sagen, dummes labern, ohne fragen.",1
EU und dieses Schland mischen sich wieder MIT VERLOGENEN DARSTELLUNGEN in die Innenpolitik Polens ein &gt; DAS GEHT IHNEN EINEN SCHEISSDRECK AN,1
#Norwegen ist kein Mitglied der Europäischen Union. Die wahlberechtigten norwegischen Bürger haben einen Beitritt zur Europäischen Gemeinschaft 1972 und einen EU-Beitritt 1994 in Volksabstimmungen abgelehnt. Die deutschen hat man erst garnicht gefragt ob sie in die #EU wollen.,0
"150 Personen bei AfD-Kundgebung gg. das Gedenken an #OuryJalloh. Poggenburg, Tillschneider, Däbritz, Bachmann applaudieren aktuell u.a. der Behauptung, AfDler würden wie Juden '33 behandelt. Die Straße würde aber ""uns Deutschen"" gehören. Außerdem Diffamierungen Jallohs. #de0701",0
@Ismailtipi Frage zum 2ten Advent. Wieso gibt es kein Statement der Regierung zu den Ausschreitungen der Hamas Anhänger in Berlin? Hass Parolen gegen Juden in der Hauptstadt Flaggen Verbrennung. Was kommt als nächstes? Synagogen werden wieder angezündet. Ich Schäme mich für diese Regierung.,0
"ICH BIN METALLER ! Die IGM, das sind keine Metaller! Mich haben schon die Arschkriecherischen Betriebversammlungen, Ende der 70er angekotzt ! Alles was ROT,SPD,LINKS und besonders GRÜN ist, ist ein DORN im Fleisch der ARBEITNEHMERSCHAFT !",1
"Verhandlungen bei den Sondierungsgesprächen mit der Union für heute beendet. |LBR| „Geduld, Vernunft und Zeit macht möglich die Unmöglichkeit“ (Simon Dach)",0
"Netanjahu wirft Gabriel Instinktlosigkeit vor. Tatsächlich ist Gabriel |LBR| ein völliger Versager, der einen Abgeschobenenposten bekleidet.",1
"Man sollte sich die Namen derer gut merken, die das aus unserem DEUTSCHLAND gemacht haben! Immer mehr Leute biegen RECHTS ab, angesichts ANTIJÜDISCHER PALÄSTINAApologetik und ISLAMverherrlichung! UND FRAUEN, laßt euch nicht durch GRÜNE Genderscheiße in den Untergang treiben !",1
"Nur bei der notwendigen Veränderungsbereitschaft kann es in Frage kommen, der Partei zu empfehlen, in ernsthafte Verhandlungen für eine Regierungsbildung einzusteigen, wie immer diese aussieht. |LBR| Am Ende entscheiden bei uns die Mitglieder und das ist auch gut so!",0
@krippmarie @DrDavidBerger Politikerpflichten wäre uns vom Schaden zu bewahren...nicht welche zu produzieren..! |LBR| @AfD wird es schwer haben die begangenen Fehler der naiven Parteien zu bereinigen...wenn es den überhaupt möglich ist..!,0
@Deichgraph_ Peinlich peinlich....aber eine mehr oder weniger was spielt das noch für eine Rolle...😃😃,0
@paradoxxiss @ainyrockstar Alle totalitarian Systeme der letzten 200 Jahre waren linke Diktaturen die von zionistischen Gruppen geschaffen wurden.,0
Wenn die Deutschen erstmal alle erwachen aus ihrem schlaf wird dieses kranke land namens BRD wieder zum alten Deutschland,1
"@PolizeiBerlin_E @MiriamOzen Diese Kundgebung hätte NIEMALS genehmigt werden dürfen. Man hat billigend in Kauf genommen, das es zu Ausschreitungen kommt, da gleichzeitig das Chanukka Fest am Brandenburger Tor stattfindet. Mir tun die Polizisten Leid die für diesen Irrsinn immer den Kopf hin halten.",0
@welt das Volk wird geschröpft und die Elite erhält Milliarden!! Das Volk wird verarscht!!!😡😡😡,0
Ich will nen neuen Deutschen Kaiser,1
"@andreas_j_penk @Piratenpartei Ihnen ist aber bekannt, dass es bereits Obdachloseneinrichtungen gibt? Zweifelhaft, ob die meisten Obdachlosen in abgeschotteten Kasernen in Randgebieten leben möchten. Und zu 2: Die Menschen haben einen Schutzstatus erhalten. Was heißt das wohl?",0
@Rumsucher Sachsens Frauen für die Freiheit!!!,0
"Wenn man Äußerungen von @ralf_stegner, @tsghessen oder @sigmargabriel liest, könnte man meinen, der @spdbt fehle nur 1 Mandat zur absoluten Mehrheit ... #nurmalso",0
@das_Ruhrgebiet Mecklenburger sind doch soooooooo ängstlich 😳 und brauchen immer etwas länger zum Nachdenken 😜,0
"@DarkGermany Selbst ernannte ""EU-Experten"" im ""Handelsblatt"" 😂😂😂",0
2015 hing an unserem Küchenschrank der Zeitungsartikel über euch. Heute hängen dort Fotos von der ganzen WG. Feedback von einer WG! &lt;3,0
"Was waren die 11,5 Mio. Erst- und die 9,5 Mio. Zweitstimmen für die @spdbt bei der #BTW17 wert? Das entscheiden morgen 600 Funktionäre beim #spdbpt18. Motto: Erst das Funktionärscorps, dann die Wähler.",0
"@SpadeCarrier @SJW_MadBunny @machtjanix23 @petpanther0 @Steffmann45 @troll_putin @mastermikeg @Norbinator2403 @ennof_ @AthinaMala @NancyPeggyMandy @info2099 @lifetrend @ThomasGBauer @SchmiddieMaik @charlie_silve @NoHerrman @willjrosenblatt @feldenfrizz @nasanasal @_macmike @ellibisathide @MD_Franz Verstehe nicht, dass man es in D hinnimmt, dass Mörder draußen frei rumlaufen.Versteht keiner im Ausland.",0
"@machtjanix23 @teite99 @Norbinator2403 @ennof_ @AthinaMala @troll_putin @NancyPeggyMandy @petpanther0 @info2099 @lifetrend @ThomasGBauer @SchmiddieMaik @charlie_silve @NoHerrman @willjrosenblatt @feldenfrizz @nasanasal @_macmike @ellibisathide @MD_Franz Sehen Sie, ich brauche keine Drogen - Sie reden offensichtlich aus Erfahrung. Sachsens ehem. Innenminister Eggers, der kennt das Problem auch, deswegen durfte er gehen. Ich habe eine ungarische und eine amerikanische Nationalhymne - Herr Oberlehrer.",0
@Epanastatis04 Wo ist Merkels Balken? |LBR| Wahrscheinlich wird der negative Bereich nicht angezeigt!!,0
@SLoechtefeld @heuteshow So hab ich das auch verstanden: co2 Abdruck eines mitteleuropäers ist zehnmal stärker als der eines Afrikaner!,0
@krippmarie @jouwatch Die die dafür verantwortlich sind der eigentliche 🇩🇪Feind |LBR| Jedem der Grün gewählt hat dem wünsche ich alles schlechte im Leben...!!,1
@chteffie Danke! Wir teilen die Aufregung. Morgen früh wissen wir mehr,0
"@hortarimar @Georg_Pazderski Sich für muslimische Feiertage einzusetzen, bedeutet nicht gleich religiös zu sein. Es bedeutet sich für die im Grundgesetz verankerte Religionsfreiheit einzusetzen. Alles andere über unsere Organisation finden Sie unter: tgd.de, dann kommt es auch zu weniger Missverständnissen.",0
Die Welt von #Maas und #Merkel |LBR| Im Internet gibt’s Sperrung wenn nicht Staatsmeinung vertreten wird |LBR| In Hamburg gibts Schläge auf den Kopf,1
"Als Atheist glaube ich nicht an die Existenz von ca. 2700 Götter. |LBR| Christen, Muslime und Juden glauben auch nicht an die Existenz von 2699 Götter. |LBR| Damit sind sie fast so atheistisch wie ich.^^",0
@bundeswehrInfo Die Bundeswehr sollte zum Schutz der Europäischen Grenzen da sein und sich nicht zu Gehilfen der Schlepper machen lassen.,0
Was macht ein Verbrecher (BETRUG) wie H.MAAS in einem Amt wie das was er besetzt ?? Ticken wir DEUTSCHE noch richtig ???,1
@rsabine900 Verkauft ist Verkauft!Was die Türken damit machen steht in dern Verantwortung die sind Alt genug.,0
@ThomasOppermann Ob von Merkel oder Schulz? Wir Deutsche wollen und können dieses Dummgelaber der Pest (Merkel) und Cholera (Schulz) nicht mehr hören!,1
JedenTag strömen Muslimische Invasoren ins Land u es nimmt kein Ende Merkel u Schergen Posaunen dass wir weiter Hunderttausende aufnehmen,1
@anna_IIna Ja unsere Polizei ist auf der Suche...und wenn sie fündig wurden werden sie wieder freigelassen... |LBR| Ein blödes Spiel..ein saublödes Spiel sogar....!,0
"@KrahMax In GRÜNE Obhut??? Das ""riecht"" so`n bisschen nach Beck, oder? 😜",0
Hmm? Meine Theorie: Die Österreicher sind in Summe die klügsten Menschen Europas ... #grueneversenken,1
Glaubwürdig wären die #Grünen wenn sie persönlich alle Flugreisen zum Schutze des Weltklimas sofort unterlassen. |LBR| Schau mer mal…hahaha,0
@IchBinKalle7 @genderkrise hast du maas alte tweets grind etwa verpasst,0
"@lawyerberlin @DuHugonotte @Die_Gruenen @spdde Ich bin evangelisch,ich werde ich aus dieser Kirche austreten.",0
"Es ist eben ein entscheidender Fehler, bei ""Ziegenhirten"" zu kriechen und bei Charakterköpfen nur Schwachsinn heraushängen lassen 😂😂😂",1
"#CNNBlackmail ... achja ... &amp; ""entsetzt"" sind nur #Arschlöcher, die #Trump als ""todbringenden Kometen"" oder ""enthauptet"" toll finden",1
"@Christ_Rose_ddb @YouTube Die Masse versteht das nicht, sie sind so dumm gehalten das annähernd jede Hilfe zu spät kommt",1
Interessant die EU mahnt Weltweit die Meinungsfreiheit an und in Deutschland wird diese gerade Abgeschafft faulen Zauber beenden AFD wählen,0
"@WeatherNews2016 @georgrestle @ARDKontraste @tagesschau Sie nutzen die Argumentation von #Neonazis: »Alle Kriegsparteien hatten Dreck am Stecken«; das ist billiger #Revisionismus! Die #Deutschen begangen das größte #Verbrechen der #Menschheitsgeschichte, nämlich die industrielle Vernichtung von 6 Mio. europäischer #Juden (#Holocaust).",0
"Sagt mal, ""Mossul-Offensive""??? Wie lange basteln die USA mit ihren Hilfstruppen da noch rum??? 😜",0
"Hallo, bin wieder aus Szczecin zurück.Treffen mit Sportvereinen.Gut,dass es Freunde gibt,die Politik LEBEN u nicht nur wirres Zeug quatschen",0
"@Beatrix_vStorch Typisch,wird verurteilt,dann abgehakt und geht zur Tagesordnung über.Da muss ein Exempel statuiert werden ,dass sich sowas nicht wiederholt!!!!!!",0
@welt Deutschlandtrend 1939 Die Zustimmung zur NSDAP und Adolf Hitler steigt deutlich. Mit solcher Propaganda hat Goebbels bereits gearbeitet.,0
@BuheEdgar fröhlicher gruß aus der hauptstadt edgar 😇,0
"(3) Sexismus beginnt oft schon lange, bevor es strafbar wird. Respekt beginnt bei der Sprache. Auch bei sexualisierter Gewalt gilt: Erst kommen die Worte, dann die Taten. #EndViolenceAgainstWomen",0
@petrus_corvera Im Jahre des Herrn anno 1307 hat die Kirche ihre Verteidiger verraten. Heute verrät sie ihre zahlenden Mitglieder. Verrat bleibt Verrat.,1
@Grals_Hueter @sebwan1 Stimmt aber dazu ist er zu blöde.,1
@DuHugonotte @bzberlin @focus_regional Man hört noch nicht einmal einen Judenfurz💨,1
@66Freedom66 Dreckiger Neger...dreckiges Pack...die Deutschen lieben sie halt..!!,1
"Salvatore, siehst Du nicht, wer da aus Afrika kommt? Wenn Du diese |LBR| rücksichtslosen Invasoren willst, dann füttere sie selbst, und sitz.",1
"@MehmetRTE42 @HalilErtem67 @IGMetall Gewöhnen sie sich mal Anstand an, oder haben sie es gern wenn man sie Türken Troll nennt 😡👎",1
"Die ersten 'Terroristen' wurden getroffen von der Türkei. |LBR| Wer Bomben auf Zivilisten feuert, bekämpft keinen Terrorismus, er ist der Terrorist. #Afrin",0
@ainyrockstar ....das steht uns gut zu Gesicht....KUNST FÜR BLÖDE....!!,0
"Fällt euch auf daß vor der #WAHL2017 olle Kamellen Rente,Löhne,Kita…aber nicht die wichtigen Themen Terror und Sicherheit besprochen werden",0
@Hallo_Lucky So traurig es so zu sehen..,0
@dunjahayali Dann frage ich anders..demokratisch gewählte Entscheidungen gilt zu akzeptieren! |LBR| Würden Sie sich auch so negativ über Hillary äußern..?,0
@Heinrich_Krug Das ist Arithmetik ....je mehr umso besser können sie sich gegenseitig wärmen....,0
"Broder:""Wenn unsere Freiheit am Hindukusch verteidigt wird, dann wird sie auch am Jordan, Golanhöhen und dem Roten Meer verteidigt."" #DILK16",0
"Unsere dicke ""Friedenstaube"" ist außenpolitisch so feige, dass sie das ""Säbelrasseln"" ihrer blonden Krähe überlässt 😜",1
"@FelisEfeutraum @welt Erzähle keinen Schwachsinn! Das sind Meldungen über die NUR einige ""echte Redakteure"" in Lokalblättern berichten! Und ich gebe es weiter!",0
"Unser Bundes-Pastor verabschiedete sich mit einer Predigt zur Demokratie, für deren Zerstörung seine AgitProp-Sekretärin verantwortlich ist.",1
@Maulhalter @BonkeKolja Große Scheine bekommt man schlecht gewechselt und damit mit bezahlen ist auch nicht einfach! 😜😜😜,0
Der Wechsel auf neue Modelle lässt die alten Diesel nicht |LBR| verschwinden. Das ist ein saudummer Vorschlag. Die Schiffe |LBR| versauen die Luft mehr,1
"@Karstensailer Zum Ritter geschlagen, weil er viel Geld an Hospitäler gespendet hat - Ablasshandel - vor denen, die am meisten Spenden, sollte man auf der Hut sein -!",0
"@Nichtkonformist @pinselpoetin Sei zu Frauen höflich 😜 Männer tauschen sich u.a. per DN aus, okay?",0
"@Fraulein_Antje @BlondJedi Wer den spektakulär dummen Böhmermann für voll nimmt, der soll das doch tun ! Ich habe noch Hoffnung für Deutschland, da kann so ein dummer Bengel nichts dran ändern nur weil er zu beschränkt im Schädel ist !",1
@SandraSigel @anna_IIna Die Arschlöscher der Justiz leben in einem eigenen Biotop,1
@ZDFheute @morgenmagazin Der #Antisemitismus hat nicht mit der Befreiung von #Auschwitz &amp; dem Sieg über #Deutschland aufgehört zu existieren! Selbst nach 1945 existiert #Judenhass unter Deutschen weiter (#AfD &amp; Co.). Antisemitische #Muslime sind jedoch ein weiteres trauriges Kapitel für uns #Juden hier.,0
"Es ist unglaublich dieses Politische Pack posaunt in die Welt hinaus es können 220.000 plus die, d zusätzlich kommen in unser Land strömen",1
@ibikus31 Als Frau bist du ein Ritter . Ich kenne wenige die im Orden aufgenommen wurden. Du hast aber meinen Respekt.,0
"@dibanezgut @ewtnDE Tipp: Anlicken, um das ganze, grandiose Bild zu sehen 😊",0
"@DerSeidenBerg Da haben wir uns wohl im Datum geirrt. Wir hoffen, Sie hatten trotzdem ein schönes Wochenende!",0
@faz_donalphonso Ihr solltet alle schon mal Jodeln üben..,0
"@Frank_Pasemann Wir könnte ja ein Quiz machen ,wer das wirkliche Alter des Killers errät darf ihn entmannen!",1
"Ich hätte da mal eine Frage. |LBR| Wenn ich mir die Situation in Deutschland so anschauen dann frage ich mich, wann kommen wohl die politischen Umerziehungslager? |LBR| Der Anfang ist mit dem NetzDG gemacht.",0
@heiseonline O.k dann fahren wir auf Glasfaser-Autobahnen!,0
.@SophiaKaboom freut uns sehr! Viel Erfolg bei der Arbeit :) |LBR| cc: @uni_mainz,0
"Nachts noch viele Kilometer auf den Straßen unterwegs - wer kennt das in der Politik nicht. Gute Besserung und schnelle Genesung, liebe @_A_K_K_ . CL #Verkehrsunfall",0
Erst wenn Europa islamisiert ist werdet ihr merken dass |LBR| P E G I D A |LBR| P atrioten |LBR| E Uropas |LBR| G egen |LBR| I slamisierung |LBR| D es |LBR| A bendlandes |LBR| recht hatte,1
"Was macht ihr Italiener denn, wenn Österreich den Brenner |LBR| schließt? Gibt es einen Shuttleservice nach Libyen?",0
"O wohl dem Land, o wohl der Stadt, |LBR| so diesen König 👑 bei sich hat! |LBR| Wohl allen Herzen insgemein, |LBR| da dieser König ziehet ein! |LBR| Er ist die rechte Freudensonn', |LBR| bringt mit sich lauter Freud' und Wonn'. |LBR| Gelobet sei mein Gott, |LBR| mein Tröster früh und spat.",0
@ShakRiet @Schlawiner2017 @AfD .... Macht es einfach besser...egal wie Hauptsache Deutschland wir wieder ein stolzes Land in dem es sich gut und gerne leben läßt.,0
"@BalianIbelin65 @Sitewinder @polizeiberlin Nunja, da das GG das Demonstrationsrecht der Deutschen sichert (aber nichts über die anderen sagt) und das VersG und die genannten EMRK das Versammlungsrecht für jedermann, brauchen Sie sich doch jetzt nicht unbedingt ums GG sorgen?",0
"die schützenlliesl spricht von nachbarschaft zur türkei. sie soll mal dem, der |LBR| verdächtig war, ziegen zu ficken, das schandmaul verbieten.",1
@Gauinator @KotzenderStern Weil es kleine fotzen.sind Kamerad!!,1
"Patriotismus in der Minusversion: Alle, die das Wort bislang nur mit der Beißzange anfassen, werfen @c_lindner und der @fdp plötzlich vor, keinen zu haben. So als ob es patriotisch sei, auf Teufel komm raus regieren zu wollen. #JamaikaAbbruch",0
"@Rabid_Glow @sander_georg Lieber Georg, die Sommerpraktika sind gerade voll, aber schick uns ein Mail und triff dich mal mit uns für Herbst!",0
@SnarkySchnauzer @MiriamOzen Asyl Industrie läuft. Man sollte mal fragen wieviel Geld er bekommen hat.,0
"@KokoLores20 Frage mich schon seit Jahren, wieviel Stoff jemand intus haben muß, um solche deutschfeindlichen Idioten zu wählen?!",1
@Frank_Pasemann Das sind die Taugenichtse...die ewig Studierenden....da geht nichts brauchbares hervor.,1
@SirSchnee @FfFrauki @MartinSchulz ..regt euch nicht auf...Leberzirrhosen im Endstadium.. |LBR| Schulz bleibt nicht unser Problem....!,1
@faz_donalphonso Der kleine Mann muss bluten |LBR| aber klar: |LBR| die Linken sind die Guten,0
"@RegSprecher Merkel &amp; Co sollen ihre gestohlenen Gelder der Rentenversicherung, endlich zurückzahlen!",0
Wir klagen an. Zensur Minister Heiko Maas. Anette Kahane Angela Merkel Lothar de Misere Altmeyer Sigmar Gabriel wegen Verrart am eigenen Volk.,1
@MenschMerz @michael_lgg Hier sind schon ein paar richtig dumme Menschen unterwegs.... |LBR| Gegen wenn oder was habt ihr eigentlich vor der AfD gehetzt und gestänkert? |LBR| Ich pubertierende Pickelplantagen...,1
"Allein dieses Wahlsystem wird durch bezahlte, von der Lobby gesteuerte ""politische Beamte"" immer eine ""Scheindemokratie"" hervorbringen 😜🤢",0
spannender Wahlabend in Ägypten. Erste Hochrechnungen: |LBR| al-Sisi: 93% |LBR| Hamdeen Sabahi: 3% |LBR| ungültige Stimmen: 4%,0
"Moin, moin, seid Ihr alle noch gesund und munter bei all dem geistigen Dünnpfiff im ""Merkel-Propagandaschrott"" ???😜",1
@66Freedom66 @krippmarie Eher beantragen die Deutschen eine Auslieferung....,0
@DrKissler Ihr habt nicht ernsthaft des Schweizerdeutsch von Frankie untertitelt????,0
"Achja ... und steckt euch euren - in Wahrheit RASSISTISCHEN - ""#diversity""-Scheißdreck sonstwohin ...",1
"@Juergen_Fritz @NoHerrman @Leif_Erik_Holm @KrahMax @S_Muenzenmaier Die ganze „Mafia“ in Berlin muss weg, das Volk kann es auch selbst, dazu brauchen wir keine Politmarionetten.",1
"@ManuelaSchwesig weist darauf hin, dass 90% aller engagierten Menschen Erfahrung mit Bedrohung &amp; #hatespeech machen #engagement_macht_stark",0
"Gleich online mit @anitawinglee für unser erstes #Periscope - Interview :) Falls ihr das nutzt, schaltet euch live zu…",0
"@Alice_Weidel @tantegerd1 Tip, SCHULDEN, die Rechnung bezahlen die, die so oder so nix haben",0
"Irgendwann wird @Ralf_Stegner behaupten, Agenda 2010 wäre der @spdbt von @cducsu abgepresst worden. Wetten dass ... ?",0
@Anonymer_Nutzer @Georg_Pazderski Wie kommen Sie denn jetzt auf Muslime?,0
@MDRAktuell Es gibt sie noch. Politiker die ihr Land nicht verraten.,0
Ursula von der Leyen hat sonst keine Sorgen (die Maße für Schützengräben werden wohl auch angepasst). 😜,0
@pinselpoetin  Und es sollen sogar noch welche mit Anstand und Charakter dabei sein 😜,0
Und: Nur mit transparenteren Steuerregeln in EU können wir auch weltweit glaubwürdig für mehr Steuergerechtigkeit eintreten. #paradisepapers,0
@krippmarie Die Kölner haben’s voll drauf....ihre Politik gleicht ihrem Fußball....😂😂,0
"@TrailChem @welt Vier Jahre. Natürlich ist #Deutschland ein Rechtsstaat, aber genau dieser Rechtsstaat hatte vor allem zwischen 1948 &amp; 1963 die deutschen Täter des #Holocaust genüsslich ihr Leben weiter leben lassen. Erst mit den #Auschwitz-Prozessen zwischen 1963 / 68 endete das so langsam.",0
"@Ofenschlampe Nicht wirklich.  Diese WutBürgerin klopft mit dem Besen an die Decke, wenn wir ängstlich auf Zehenspitzen durch die Wohnung schleichen. Sie klingelt nachts Sturm, wenn meine Waschmaschine im Keller einen Zentimeter gewandert ist..",0
Leute die sich löschen sollten |LBR| Antifaschisten |LBR| Rainer Winkler |LBR| Yartago |LBR| Imp,0
Wenn nicht bald was geschieht in diesem Land haben wir einen neuen linksgrünen Hitler. Linksgrüne Nazis gibt es ja schon. Die Meinungsfreiheit wurde am 1.1.18 verboten. Demokratie gab es noch nie in Deutschland. |LBR| Denunziantentum 2017 neu eingeführt. Kann es noch schlimmer kommen?,1
"Obwohl im #Bundestag fast alle den Kampf gegen #Antisemitismus beschlossen haben, werden wir #Juden keine Veränderung in #Deutschland spüren. Es ist zu gefährlich für uns geworden offen als Juden erkennbar zu sein. Vor allem der #Judenhass vieler #Muslime macht mir richtig Angst.",0
@Hartes_Geld @SirSchnee Den hätte ich absaufen lassen!,1
"DDR ""Überwachungsstaat""?😂 Merkel u. ihre Bande führen den totalen ÜBERWACHUNGSKRIEG, erfinden Vorwände u. lügen, dass sich d. Balken biegen😜",1
@juli_anh @P_Illinger Aber nach den Messwerten der Franzosen (IRSN) handelt es sich um einen sehr schweren Unfall. #Majak,0
@Yorck_ Mich an ein dickes Ende 😂 den Stan Laurel &amp; Oliver Hardy hatten wenigstens was auf dem Kasten 😜,0
"@Heinrich_Krug @ntvde Alternative Fakten für linksgrüne Journalisten: Denis Kuspert, alias DesoDogg ist jetzt mit operierter Nase (Arabische Länder sind spezialisiert darauf) unter dem Namen Aya IbnHotdog mit Kopftuch im Rahmen des Familiennachzugs zurück nach Germonney gekommen.",1
"ICH WÜNSCHE ALLEN BIODEUTSCHEN CHRISTLICHEN GLAUBENS EIN FROHES WEIHNACHTSFEST,FREI VON MOSLEMTERROR,NORDISCHGLÄUBIGEN, WÜNSCHE ICH EIN FROHES JULFEST,ATHEISTEN WÜNSCHE ICH TOLLE TAGE UND DEN MOSLEMS WÜNSCHE ICH,DAS DER KORAN ENDLICH AUF DEM INDEX FÜR KRIMINELLE HETZBLÄTTER KOMMT",1
@heinzegly Der Schlüssel ist Freimaurerei und Geheimdienstklüngel - die einen nutzen es zum Erpressen und die anderen für ihre Rituale.,0
"Als Demokraten sollten wir immer bereit sein, mit allen zu reden und zu diskutieren. (1)",0
"Wir kämen nie auf die Idee, in der Türkei österreichische Kinder- |LBR| gärten zu fordern. Wir sind für islamische Kindergärten.",0
"@L_vonMontfort ausgangstweet gelesen??? |LBR| wie soll ich denn bei jemanden „kritisch nachfragen“, wenn diese person nicht anwesend ist? hilfe!!!",0
@lawyerberlin Das ist mit Abstand das schlechteste was ich je an Talkshow gesehen habe.,0
@Identitaere_B @krippmarie Früher...schon viel früher... |LBR| Schade das die Verantwortlichen bis dahin schon abgekratzt sind....früher wäre besser,1
@SteiblBarbara @Thomas_S_Wagner @RitaKratzert Weitaus schlimmer. Heute ist es nicht mehr Dummheit.  Ein ganzes Volk ist zu (m)wutlosen Zombies dressiert worden.,1
Wie war der Rainer stream habs nicht gesehen ?,0
"Von wegen Umweltschutz! Aus Angst vor Diesel-Fahrverbot und per Abwrackprämie wird der Bürger zum Verkauf seines alten Diesel-Fahrzeugs getrieben. Die angeblichen Dreckschleudern werden jedoch nicht verschrottet, sondern nach Afrika oder Osteuropa weiter vertickt.",0
"@katjakipping @dieLinke Wenn man das Begräbnis eines Terroristen besucht und Rache schwört gehört man eingesperrt ,aber sowas wird von den Linken Gutmenschen verschwiegen !!!!!!!!",1
"Ich bin nicht sicher,mit welchen Waffen der III. WK ausgetragen wird,aber im IV. WK werden sie mit Stöcken u. Steinen kämpfen. Einstein 😜",0
@AkifPirincci Hat nix mit dem Islam zu tun!Auf keinen (Einzel)-Fall! Wäre ja wohl zu sehr an den Haaren herbeigezogen!Religion des Friedens und kuschelns!,1
@AegisBridge Väter braucht das Land!!!! |LBR| Retweet please. Germany is lost without real fathers!,0
"@axel_rienhoff man kann viel, man darf aber nicht die mitglieder enttäuschen die jetzt abstimmen wollen. das ist nicht #SPDerneuern",0
"@MGrieber Unter den Demonstranten waren auch genügend ""weiße Deutsche"", die aus gutem Grund nicht hinnehmen wollen, dass solche Vorfälle hier in Deutschland geschehen können und noch von den Behörden vertuscht werden.",0
Dieses Wochenende sind Vertreter von Hamburg Pride beim Copenhagen Pride. Bereits im 2. Jahr kooperieren wir mit der dänischen Metropole ^ml,0
Grenzkontrollen bis der Schutz der EU-Außengrenzen funktioniert! #TVDuell,0
"@florianklenk 😎 Erfreulich! Götterdämmerung für kriminelle, staatsgefährdende ""#NGOs"" und das #antifa-#Terror-Netzwerk ... deren Heulen und Zähneklappern ist jetzt schon episch 👍 #TuFelixAustria",1
@RT_Deutsch 😃😃 liegt wohl daran das Mexikos selbst eine Grenze zu Guatemala errichten will..,0
Gestern beim Neujahrsempfang der SPD in Wissen im Westerwald. Gute Diskussion zur Lage der SPD und dem Ausblick auf unseren Bundesparteitag.,0
130.000 Teilnehmer und Besucher bei der Parade vom HAMBURG PRIDE 2013 - neuer Rekord! DANKE!!! #HamburgPride,0
@MiriamOzen @MartinSchulz ...worauf du einen lassen kannst....ich war Gestern dein Feind bin es heute und werde es auch in Zukunft sein..! |LBR| Wir brauchen ganz sicher etwas....aber dich nicht...!!,1
@Junge_Freiheit Ja es war ein hinterhältiger feiger Anschlag....Abschaum... |LBR| Aber Amri hat damit nichts zu tun....!!,1
@bizkazandik @Ami66Stefan Dann lach weiter ist ein freies Land.,0
"Özoguz attackiert CDU, AfD will Intergrationsministerium verhindern &gt; RICHTIG, etwa noch so ein Faulenzerposten für diese Chaoten🤢",1
Deutschland macht die Grenzen auf und die Schwimmbäder zu. So viel zur Lage der Nation!,0
@stefanmeierfkw fröhlicher gruß aus dem metronom in die alte heimat 🚂,0
Die Linke in der @spdde will angeblich eine neue Parteihymne: Spiel mir das Lied vom Tod ...,0
"@loriotfehlt Ich bin kein Ausländer Hasser. Habe viele nette,  gut integrierte Menschen aus aller Herren Länder kennen gelernt. Aber zahlreiche Erfahrungen mit Angehörigen einer bestimmten Weltanschauung lassen mich deine Vorurteile verstehen.  Würde da auch nicht mitfahren...",0
@ObenausThomas @Jung_us_Koelle @anna_IIna Der syrische Sozialtourist und eine Haftplichtversicherung? Hahaha!,1
@Frank_Pasemann @CDU Steinmeier die überflüssige Wurst wird es schon so hinbiegen das Verlierer weiter regieren...und uns dann erklären dieses sei Volkeswille ....! |LBR| Spätestens jetzt müsste es doch jeder erkennen...R.I.P. Deutschland,1
"Ist Euch überhaupt bewusst, dass die Wahl der CDU u.a. weitere Kriegseinsätze, steigende Kinder- u. Altersarmut bedeutet? 😜",0
"Donald Trump, Du bist böse, sehr böse. So viele Milliarden Dollar. Jetzt streichen wir |LBR| mal alle Berichte über Dich. Zur Strafe.",0
"@ddbnews Ja, gut das es noch freie, objektive und schonungslose Informationen im Netz gibt 👍🏻",0
@BilBuHa_iR @DirkHafermann War auch mein erster Gedanke !! Verdammte RaserOhneInnen !,1
"@China_Welt_News Das war eine NEUE Aufforderung an den letzten Busch-Afrikaner, seine Koffer zu packen!",1
"Meine lieben Seehund können nun überleben. |LBR| Gut, dass sie der Eisbär nicht mehr fressen kann. |LBR| Ja, die Natur kümmert sich um Eisbären.",0
Die BRD &gt; lächerliches Bildungssystem züchtet Wahlschafe; Spaßgesellschaft mit Brot u. Spielen; Hausfrauen-Bildungs-TV ab 14:00 Uhr usw 😂😂😂,1
"Jetzt hätten die Japaner mal zeigen können, was ihre Abwehrraketen taugen. Hätte ich mich |LBR| gefreut, wenn Kimjongun´s Rakete abgeschossen wird",0
@weirdBielefeld Und sie ist die Beste! Eine tolle Unterstützung und als Anwältin sehr zu empfehlen!,0
"@JBotanica Er lässt jetzt zwar nach, aber dafür schneit es etwas - gruselig, brrrrrrrr 😡",0
"@buran63 @dieLinke @SWagenknecht @instapaper Leider können die wenigsten Menschen die Wahrheit, selbst durch Fakten belegt, ertragen! 😳👎",0
"Polizeibekannter, psychisch kranker und Drogen süchtiger Mann steuert in Melbourne seinen SUV in Passanten. 14, zum Teil, schwerst Verletzte. |LBR| Wieso läßt man solche Leute Auto fahren. Aber wehe, man hat ein Bier getrunken |LBR| Kein Terror!",0
"Heute wurde ich gefragt, was d. poln. Regierung gg. Tusk hat. Etwa das, was Merkel gg. S. Wagenknecht hat. Nur Tusk arbeitet gg. sein Land 😜",0
Es sind nicht nur Männer die Frauen vergewaltigen. Auch Männer werden von Frauen mißbraucht. Es spricht bloß keiner drüber. Mit 11 einer 40 jährigen die Muschi lecken zu müssen ist nicht gerade der Traum eines 11 jährigen Jungen. Aber wie gesagt ich lebe noch. |LBR| #MeToo,1
@SteinbachErika Also langsam sollte jeder abchecken wer die ANTIdemokraten und INTERnationalsozialistischen Braunen sind ! Jeder mit einem Fünkchen Verstand sollte sich auf Gewalt und zwar physische in den nächsten 3 Jahren einstellen !,1
"@SteinbachErika ES IST NUR UND AUSSCHLIEßLICH DER ISLAM, ALSO A L L E UND J E D E R   MOSLEM,DIE EIN PROBLEM MIT DEM REST DER MENSCHHEIT HABEN! IM ISLAM HABT  IHR BESCHEUERTEN GUTMENSCHEN DIE N A Z I S DIE IHR SO VERZWEIFELT BEI  DEN DEUTSCHEN SUCHT! IHR SEID NUR ZU MINDERBEMITTELT DAS ZU SEHEN!",1
@fiedler_irene Beuteland Germonney.  Der Koran preist es in schmachtvollen Hymnen...,1
@anna_IIna Über 10 Millionen Ausländer leben in Deutschland....die meisten sind Türken...und über 50% davon leben vom Sozialamt...! |LBR| Das sagt viel aus über die Deutschtürken.,1
Woher er die Zahl von 70% her nimmt bleibt offen. |LBR| Weniger als die Hälfte der Türken hat überhaupt gewählt in den Konsulaten.,0
"@phbVingTsun @tagesschau Schmonzes! Haben Sie meine TL überhaupt komplett gesehen, oder meine Artikel gelesen? Seit wann ist man als #FDP-Wähler ein »kaputter linker Hetzer«? Aber wahrscheinlich glauben Sie, dass #Juden generell »kaputt«, »links« &amp; »antideutsche Hetzer« sind. #Antisemitismus #AfD #NoAfD",0
"Happy New Year! Wir hoffen, dass ihr die Feiertage gut überstanden habt und wünschen euch ein tolles Jahr 2014. ^ml",0
@vespasianus69bc @Varg_I_Veum Vielleicht sogar 4 Sekunden.  Ehrlicher wäre die Basis trotzdem nicht.,0
@1208gul Isso hahaha für türken ist euro gleich goldbatzen,0
"@thie_no Dann nutzen Sie einfach nicht antisemitische Stereotypen gegenüber uns #Juden, dann muss man ihnen auch nicht #Antisemitismus vorwerfen!",0
"@Ingolstadt_01 @Bento Wir zählen (die auf arabisch drohenden) Islamisten einfach als Deutsche, dann passts für den Staatsfunk wieder.",1
"Musik, Sport und Rassenschande. Das kann Europa noch retten! Nationalismus ist out!",1
"@machtjanix23 @Norbinator2403 @ennof_ @AthinaMala @troll_putin @NancyPeggyMandy @petpanther0 @info2099 @lifetrend @ThomasGBauer @SchmiddieMaik @charlie_silve @NoHerrman @willjrosenblatt @feldenfrizz @nasanasal @_macmike @ellibisathide @MD_Franz Na, noch Fragen - kannst das BKA fragen - am besten den Gutachter. Der ist bestimmt auch ein Fake, das BKA auch ?",0
@ZazikiLong Normaler weise block ich keine soll ich ??,0
"@florianklenk Mimimi ,,, und was machen unsere politisch-korrekten #safespace-Krieger dann im Ernstfall? Sich in die Hosen sch...?",1
@DDuric 😜👍Dazu bräuchte es bei der Dame einen Funken Humor und Kompromissbereitschaft. Bei allem Optimismus... sie würde mir die Tür vor der Nase zuschlagen und die Polizei rufen...,0
"Wir sind nicht mehr Papst, wir sind jetzt Islam! Das ist das Geschenk von Merkel und Co.",1
@BILD Auf welcher Plattform sind die Fahndungsfotos veröffentlicht!,0
"@_John_Doe_2018 @helmut_hedrich Obwohl, nimmt man ihre, also A. Merkels, ANTIDEUTSCHEn Antrengungen, als LEISTUNG, dann sind ihre Taten schon übermotiviert ! Sie schadet den DEUTSCHEN in mörderischen Eifer !!Und eine Witzfigur ist sie ohne Zweifel !",1
Merkel-Regime zufrieden: Kriminelle Organisation „Bundestag“ winkt Zensur-Gesetz durch |LBR| Von Anonymous - 30. Juni 20172126 20,1
@TichysEinblick @krippmarie Auswahl wohl eher Dschungelcamp Niveau...D Promis😂😂 |LBR| Maybrit ist schon eine treue Polittusse...alle so richtige Zuchtstuten bei ARD-ZDF...!,1
@focusonline Nichtraucher Schutz der fake des Jahrhunderts. Es gibt mehr Raucher als nicht Raucher. Die Steuereinnahmen durch Tabak sind gigantisch. Würde jeder aufhören zu rauchen hätten wir eine MwSt von 30% um den Verlust auszugleichen. Das sollte jedem klar sein.,0
"Heute in Berlin: um 18 Uhr im Kino Babylon, Mitte, Filmavorfuehrung und Diskussion ""Arabischer Fruehling oder islamischer Faschismus""",0
@markusgroiss @dushanwegner Wer ehrlicher von den beiden? |LBR| Definitiv Trump. |LBR| Maßgeblich sind die Schäden die durch Lügen verursacht werden. Gott bewahrte 🇺🇸u🌎vor Hillary,0
@ObenausThomas @Jung_us_Koelle @anna_IIna Nein! Die wenigsten in Deutschland haben eine Haftpflichtversicherung!,0
"@SchulzundBoemi Jetzt habt ihr's schon wieder FAST geschafft, uns mit Namen zu benennen! Wann ist es endlich so weit?! :) #refugeeswelcome",0
"Dr #Merkel, ihr #EU Friedensprojekt ist gescheitert |LBR| Treten Sie zurück",0
"@MBremerDE @tompat_de @morgenmagazin @sebastiankurz @maischberger ich möchte sie alle mal sehen, wenn wir jemanden befragen, den sie nicht leiden können, und wir dann nicht die gegenseite einnehmen würden...",0
Deutschland hat schon viele Gefahren überlebt wir werden auch Merkel und Co überleben.,0
"Verdammt nochmal, Ihr Italiener, seht Ihr denn nicht, wer da über |LBR| das Meer kommt? Das sind doch keine Flüchtlinge, das sind Invasoren",1
"@SchafDas @dornkobold Hat es die jemals gegeben, oder hat man das dem deutschen Volk nur vorgespielt!?",0
"Mehr Infos zum Sonderfonds LGBTI-Refugees, den die Mitgliederversammlung gestern beschlossen hat, gibt es in Kürze auf hamburg-pride.de. ^ml",0
"@leitmedium Morgens, halb zehn in Deutschland haben die Jungs aber schon ne ganze Nacht Sandsäcke gefüllt. 💪",0
"Die latente Versuchung in jedem akademischen Umfeld ist wohl, die Schöpfung auf einige interpretative Schemata zu reduzieren und sie so des eigentlichen Mysteriums zu berauben, das ganze Generationen dazu bewegt hat, das unbedingt Notwendige, Gute, Schöne und Wahre zu suchen.",0
"@kld_schulz @Feindpresse @Mirlangtes Asyl ist hier so eine Sache, hier kann erstmal prinzipiell jeder kommen, der nachweisen kann, von was er lebt und eine Krankenversicherung, sowie Wohnraum. Letzteres ist das Schwerste, da Mieten eher selten vorkommt, 90% Wohneigentum. Asyl hat hier harte Maßstäbe.",0
#Bayern sollte eine Unabhängigkeitswahl wie die Katalonen machen. |LBR| Wir brauchen keine sexy linksversiffte Regierung in #Bayern,1
Radioaktive Belastung der Region um #Majak war Untersuchungsgegenstand des internationalen Forschungsprojekts Southern Urals Radiation Risk Research (SOUL).Koordination machte Helmholtz-Zentrum München.[21] Was sagen Experten bei @HelmholtzMucEn zu Ruthenium Freisetzung?,0
"#Myanmar, das Übliche: #Globalisten greifen mit #NGOs, ""humanitärer Hilfe"", ausl. ""Beobachtern"" &amp; ihren muslimischen #Terrorhorden an",1
"@rastaflip @Beatrix_vStorch Ja mach das mal, Pummelchen. Ich habe das hinter mir. Objektiv und detailliert.",0
Anne Will dehnt ihre Sätze mit äähh äähh und ähs. Während sie |LBR| redet verdeckt sie häufig ihr Gesicht mit den Händen. Das wird |LBR| immer schlimmer. Da muss sie was tun. Sie langweilt.,0
Trump ist tragische Figur. Er erkennt den Betrug am Volk. |LBR| Aber Establishment und Presse verhindern aus Eigeninteresse sein richtiges Handeln,1
"#Frauenhäuser hoffnungslos überfüllt. Mittlerweile werden deutsche Frauen die Hilfe brauchen abgewiesen, weil nicht genug Plätze vorhanden sind. Ausländische Frauen belegen deutsche Frauenhäuser. 🤐",1
Warum verbieten wir den Afrikanern nicht die illegale Einreise nach |LBR| Deutschland? Klar und hart durchsetzen. Das muss doch erfolgreich |LBR| sein.,0
@gerhard61 Hi. Für Pressekontakt schreib gern eine Mail an presse@fluechtlinge-willkommen.de. Danke ✌️,0
"@Valentin_Marcus @JIssacharoff @sachsenanhalt @reinerhaseloff Das ist @reinerhaseloff und nicht @JIssacharoff, aber trotzdem vielen Dank für's Mitmachen!",0
"@L7250402 @RGutmensch Und zu guter Letzt: Diese Angebote kosten uns logischerweise Mittel, anstatt dass wir etwas davon haben. Ein Rechtshilfefonds z.B. GIBT ja Geld und nimmt keines ein. Oder? |LBR| Soweit klar oder sehen Sie immer noch nicht ein, was für eine Grütze Sie hier verbreiten?",0
@focusonline Völlig falscher Ansatz. Fördert Altersarmut. Österreich und die Niederlande machen es seit langem vor. Jeder auch Politiker /Beamte zahlen ein. Der B.satz rauf auf 23% und die Altersarmut ist Geschichte.,0
"Synodalvertretung entscheidet am Ende Vikariat, ob Kandidat/Kandidatin geeignet, in ständige Geistlichkeit übernommen zu werden #aksynode16",0
"@info2099 @SnoopysBrain @1Netzreport @peppermind @mittelfinger Dr. Carlo Schmidt, einer der Väter des Grundgesetzes hat es damals in der Einführungsrede 1949 klar definiert, nur das deutsche Volk originär aus sich heraus kann sich in freier Selbstbestimmung eine Vollverfassung geben und beschließen....",0
@dushanwegner @SM100d Die@welt....was sind das eigentlich für Schmierfratzen die für diese Texte und eigentliche Fake-News ...verantwortlich sind?,1
"@StephanDerrick2 was sie so alles über mich wissen... gehen sie doch schon mal los und holen den wagen. ach ne, das war ja n fake. wie ihr account?",0
@Beutebadener @bingowist @KotzenderStern Bloß weil du in irgendeiner Partei bist heißt das nicht das du recht hast mein lieber,0
@HalloLG Im bett liegen musik hören und tweeten,0
"Deutschland ist christlich geprägt und deshalb haben wir christliche Feiertage, das ist unsere Leitkultur, die wir bewahren müssen.",0
@Alice_Weidel Kämpft für Yücel...jede Silbe von ihm entsprach der Wahrheit. |LBR| Deutschland verblödet und muss sofort unter Nachbarländern aufgeteilt werden!,0
"Rüstungsausgaben NATO ca. 900 Milliarden, Russland ca. 66 Milliarden. Welchem Idioten wollen die Berliner Hirne einreden, RU sei aggressiv 😜",1
@HH_Rick Das freut uns. :-) ^ml,0
"@HoffHoffmann @JoernLinnertz @ZDF @BILD_Promis endlich jemand, der mich versteht.",0
"@Riedegost @OnlineMagazin Bergepanzer??? Drei Scharfschützen, denn wer weiß denn um welche Waffen es sich handelt!",0
"FDP, zurück an den Verhandlungstisch. Eine Minderheit kann gegen eine |LBR| Mehrheit nicht bestimmen. Bin ich verstanden worden?",0
"@DuHugonotte Das Pflaster müsste über sein dummes Maul reichen,😷",1
ich nahm Abschied vom Himmel und umarmte die Hölle in mir!,0
@InDerSee Ja. Und hier kann ich alle Bücher legal kaufen.,0
"Gabriel, Du armseliges Würstel, was bist Du für ein hinterhältiger |LBR| Geselle. Versuche nicht, Frau Dr. Merkel anzupissen. Geh scheißen.",1
@66Freedom66 @krippmarie Das geht aber nur wenn du kein deutscher bist.....,0
"@Beatrix_vStorch Also Frau von Storch: die Frage muss dringend als Volksverhetzung gemeldet werden. Weil die Antwort ein schlechtes Licht auf die Moslems (ist der Begriff eigentlich noch p.c., weil neuerdings steht überall Muslime) wirft. |LBR| #SabatinaJames 💕💙🙏",0
@Hartes_Geld Kriegsflüchtlinge werden in Sklavenflüchtlinge umgetauft...das kann nur unsere Kanzlerin...😃😃,0
Ich bin #87Prozent #BTW17 und werde #jetzterstrecht mein Land und mein Volk gegen die Antidemokraten und Rassisten verteidigen,0
"@Klartext_Berlin @Joemino Holen sich mtl. ihre ""Stütze"" ab,lassen sich ""prämiert"" nach Hause fliegen,sind in 4 Wo wieder mit neuem Pass da 😜",1
"@sternde Eine Partei die die Schwulen Ehe forciert, schießt sich ein Eigentor, und ist da wo sie jetzt ist. Nicht Wählbar.",0
"Reagan sah einst ""The day after"", schiss sich in d. Hose u. beendete Provokationen ( die u.a. zum Abschuss d. korean. PassagierJets führten)",1
"Der Dresdner ""Terrorkünstler"" verarscht nicht nur Dresdener Bürger, indem er dem Terror ein Denkmal setzt, dieser Idiot passt zur Politik 😡",1
@lawyerberlin @ZDF Das ZDF berichtet was Mutti erlaubt. Hat einen SED Beigeschmack.,1
@Frank_Pasemann @spdbt Unserer Kanzlerin ist aber auch nichts zuwider....die würde an allem nuckeln Hauptsache sie bleibt vorn...widerwärtig! |LBR| Das geschieht nur weil ihre Mission noch nicht beendet...sie ist noch nicht fertig mit uns..!,1
@Dagobert95 Das Badnerlied ist am besten!,0
"Gabriel, keinerlei Ahnung von irgendeiner deutschen Geschichte! 1962 kamen die ersten türkischen Schmarotzer nach Deutschland!",1
@MiriamOzen @Lorbass1962 @snowcrash729 @davidermes @jreichelt @LorenzMaroldt @ulfposh @polizeiberlin Wie immer gut erkannt Miriam,0
"@UlrikeDemmer @RegSprecher Sie weiß genau das sie die Schuldige ist! Mehrmals unser Grundgesetz mißachtet, um solche Mißgeburten und Bastarde in unser Land zu holen!",1
Meine Vorsätze für 2015: |LBR| 1. Abnehmen |LBR| 2. ein neues Buch schreiben |LBR| 3. das Abendland unterwandern!,0
@MalteKaufmann Niemand auf der Welt möchte diese Heuschrecken haben.,1
@pinselpoetin Eben ein Beisp. mehr für die kranken Hirne von Politikern. Dieser geistige Schwachsinn auch unserer Politiker wird sich leider bitter rächen,1
@DoraBromberger @GiKi56534206 Was für ein Volltrottel ...der hat den Gürtel nicht lange und von wegen für Deutschland Boxen...😂😂,1
Übrigens sind die Sitze der #AfD wieder mal -im Gegensatz zu anderen Parteien- bestens besetzt. |LBR| #NetzDG #Bundestag,0
@RegSprecher Und wieso haben wir weiter über 7 Millionen Hartz-4-Bezieher?,0
"Im Rathaus Koszalin fragte man mich,ob am Berliner ""Reichstag"" schon die türkische Flagge hängt. Ich knurrte,wie ein DEUTSCHER Schäferhund 😜",0
@Pfaelzerin96 Günstig ist es in der Urlaubszeit leider nicht in HH.Alle Hostels fahren z.Zt. Hohe Auslastung jenseits von 90% = hohe Preise.,0
Der Bürgermeister von Altena hat das Geld seiner Bürger verplempert. |LBR| Dabei hat er wichtige Investitionen zu Gunsten von Immigranten |LBR| gestrichen. Die meisten waren keine Asylanten.,0
"Merkel redet von Afrika, soll Sie mal aufpassen das China nicht Afrika aufkauft!",0
"Illegale müssen an der Grenze abgewiesen werden. |LBR| Ohne Papiere keine Einreise. Danke, CSU. Das stärkt |LBR| das Vertrauen zu den Regierenden. Verstehe nicht, |LBR| warum die SPD dagegen ist.",0
@stasikasper Nie und nimmer hätte sie kandidieren dürfen...nie und nimmer dürfte sie trotz Niederlage weiter regieren...,0
"Eines prophezeie ich Euch, Afghanistan, der Irak, der s.g. Arabische Frühling u. Syrien wird für den WESTEN das zweite Vietnam 😜",0
"@SPORT1_US Das war ein legaler Check , wir sind nicht bei den Memmen vom Fußball!",1
"@RvrsApacheMastr @Renft1964 Die Grünen, die aus einem kriegsfreien Land Syrien noch mehr Sozial-Touristen (und evtl. tausende Terroristen und sonstige Kriminelle) holen wollen, ist ein extreme deutschfeindliche 8,9%-Partei! Wird Zeit diese Idioten zu verb",1
@Reconquista979 @atadic13 @SawsanChebli @faz_donalphonso Sawsan sollte nicht unbedingt schreiben...weil es zu Verwirrungen führen könnte und weil ihr Analphabeten-Fanclub es eh nicht entziffern kann...,1
@PetrBystronAfD Andere Gesetze für Moslems müssen her. Was mit denen zu tun ist schreib ich nach Rückerlangung der Meinungsfreiheit.,1
"#merkelstreichelt und die meisten, die über Asyl diskutieren, streicheln auch oder hauen drauf. Debatte bitte entemotionalisieren!",0
@DonQuijote324 @plos_silvia Menschen mit (religiösen) Schuldgefühlen sind immer erpressbar...,0
@China_Welt_News Quatsch! Es gibt keine Fachktäfte aus dem Ausland! Außer in Kriminellen und Vergewaltiger-Bereich! Grüne Dummheit!,1
@yartago @happyhaidrich3 Unsere Häuser und Wohnungen mit Nazis raus beschmieren oder was,0
"Uiii, ein Gewitter zieht hier in der Seenplatte auf, aber ich weiß ja, dank der Medien-Propaganda im Schland &gt; Putin hat Schuld! 😜",0
@KlausGunk fröhlicher gruß aus der hansestadt bremen 😎,0
"@Hartes_Geld Alle Türken und Kurden aus Deutschland ausweisen, ab in die Türkei!",1
"@GoeringEckardt @SPIEGELONLINE Kaum haben Grüne ihre Dummheit rausposaunt, kommt der nächste Schwachsinn!",1
Kommission '#Missbrauch und #Prävention' berichtet über ihre Arbeit - #aksynode16,0
"@plasticfinger Hahaha, ich fasse es nicht. 😲",0
"@MonikaBergholz1 Maronen(Esskastanien) am besten schon gekochte, alles in Pfanne braten und ab durch den Mixer - mit getrockneten Steinpilzen auch sehr lecker.",0
"@vonDobrowolski Es heisst ja, die Kommissarin habe gekündigt.",0
"Schießt doch die Raketen von Kim ab und ""prostituiert"" nicht |LBR| ständig, Ihr Maulaufreißer. Handelt endlich mal.",1
".@TheBorisBecker hat sich als junger Mann vor der Bundeswehr gedrückt, ist als Steuerflüchtling ins Ausland gegangen und hat in D massiv Steuern hinterzogen. Jetzt nennt er sich einen ""Patrioten"". Diese Definition hat er wohl exklusiv.",0
Erdogan hat mit seiner Willkürherrschaft und der Geiselnahme unbescholtener deutscher Bürger das Fass zum Überlaufen gebracht. #TVDuell,0
Bitte des Bischofs: Die Frage bis Ende des in der #Synode angestoßenen Gesprächsprozesses abzuwarten; sonst wird es kompliziert #aksynode16,0
@Beatrix_vStorch Sehr gut schlagen wir sie mit ihren eigenen Waffen.,0
@michaeladam1984 es gibt nichts schöneres auf erden als in deutschland panzergrenadier zu werden 😇,0
"@DoraBromberger @FfFrauki Die armen Kölner....was sie aus Verzweiflung nicht alles ertragen müssen....😃😃 |LBR| Aber was soll’s....es wehrt sich ja niemand, viel zu kalt",0
@_macmike @MustaphaMondAH @AthinaMala @petpanther0 @charlie_silve @SJW_MadBunny @mastermikeg @machtjanix23 @SpadeCarrier @Steffmann45 @troll_putin @Norbinator2403 @ennof_ @NancyPeggyMandy @info2099 @lifetrend @ThomasGBauer @SchmiddieMaik @NoHerrman @willjrosenblatt @feldenfrizz @nasanasal @ellibisathide @MD_Franz @YouTube 3 Tage vor den Attentaten von Las Vegas verkaufte er die Aktien der Hotelkette - die jetzt pleite ist. INSIDE-JOB.,0
@krippmarie Auf die Mehrheit der Deutschen ist geschissen....die labern nur Blödsinn und wählen können sie auch nicht...,1
"@Vancullo Warum verbieten wir denen eigentlich nicht alles, ich meine in dem was sie ihr Grundgesetz nennen steht Art. 20/2 „alle Staatsgewalt geht vom Volke aus“ und machen von unserem Widerstandsrecht Art. 20/4 gebrauch, andere Abhilfe ist nicht mehr möglich ‼️‼️",0
"Öffentliches Statment.Wir verurteilen jegliche Gewalt. Auch gegen sogenannte Representanten des Staates. Aber wir verurteilen die Gewalt als Souverän dieses Staates gegen die Bevölkerung. Politiker sollten sich im klaren sein,das wir als Souverän ihr Arbeitgeber sind",0
@oezoguz Egal was ihr tut oder sagt...bei nächster Gelegenheit kriegt ihr wieder eine „mitten in die Fresse rein“....😃😃,1
@Varg_I_Veum Wann bekennen sich die Türken endlich für die Belagerung Wiens schuldig,0
@krippmarie @jouwatch Bitte nein...ich wünschte grün würde getilgt...,0
In England wird die Meinungsfreiheit noch groß geschrieben auch ein Grund für den Brexit.,0
"@DoraBromberger Hoffentlich bekommt die dumme, gewaltbereite Antifantenbrut richtig auf die Fresse! ☻👹🤘 |LBR| Respekt für friedliche Demonstranten! 👍 👍",1
@KokoLores20 @krippmarie Hört sich zwar krass an...aber es fühlt sich tatsächlich so an...,0
@JFDA_eV Wir hoffen alles bleibt ruhig.,0
"@tagesschau @IschtarIsik Wessen Brot ich esse dessen Lied ich spiele! |LBR| Das gilt auch für die öffentlich-rechtlichen ""GEZ"" |LBR| Eben Merkels Vasallen Propaganda Medien!!",1
"@ainyrockstar @welt Wir sind nicht alle so,Ich und ein Freund sind auf einer Rückfahrt nach Hause mit der RNV aufgestanden und haben solche Nafri-Antänzer in die Schranken verwiesen die mit ihrem Benehmen die Fahrgäste drangsaliert haben.An der nächsten Haltestelle wurden die Nafris rausgeworfen.",1
@GoeringEckardt Der Krieg ist zu Ende! ALLES nachhause! Unsere Sozialtröge sind leer! Grüne Deutschfeindlichkeit hat abgewirtschaftet!,1
"@Heike891 Uffff, Gottseidank ist dieser ""Kelch"" an Mecklenburg vorbeigezogen 😜",0
@SPIEGEL_Politik @roland01962 Nazi Lügenpresse und Merkel Vasallen hetzen weiter gegen Trump!!,1
@SWeiermann Währen es Türken die Flughäfen und Parteizentralen besetzen währe die Empörung groß! Ihr Heuchler,1
Die Zukunft Deutschlands: |LBR| Der #Schulz verspricht alles und die Merkel hält es dann nicht in der nächsten GroKo mit #Merkel als Kanzlerin,0
Ich bin wirklich entsetzt wie viel Idioten immer noch zu Merkel und Co. stehen.,1
Es ist vollbracht! @imriziv steht für #Israel im Finale! #eurovision #ESC2017 #ISR🇮🇱,0
@BananenJooe @Andreas62582094 Die höchste Gesetzgebung im Islam ist die Sharia. Mal mit dem Koran auseinander setzen. Google ist da keine Hilfe.,0
"@ThomasVerheugen Haben die neulich bei NSU Leaks auch gemacht, ein Film mit ARD -Ausschnitten sofort gesperrt.",0
@mittelfinger @Dora_Bromberger Du bist zu frech. Harammett,0
"Sondierungsgespräche liefern nur Zwischenergebnisse für Frage,ob es lohnt in Koalitionsverhandlungen einzusteigen. |LBR| Aber:Verbesserungen für Menschen bei Arbeit,Rente, Bildung,Familien größtenteils in anderen Regierungskonstellationen wie Schwarzgelb oder schwarzer Ampel undenkbar!",0
"@rnfde_feed Warum macht man das nicht wie in den Staaten ,erst den auffälligen sichern und dann fragen? |LBR| Erst muss ein Polizist ins Gras beißen bis so ein Idiot dingfest gemacht wird. |LBR| Früher hat die MP erst draufgeschlagen und dann gefragt.Das wäre die richtige Vorgehensweise!!!!!!!!!!!!!",1
Mit einem spannenden Vortrag über die Struktur und den #Antisemitismus des iranischen Regimes endet der zweite Tag der #Israelpedia,0
"In #Afrin werden nur die armen Soldaten Sterben, die Reichen haben alle ihre Kinder vom Militärdienst freigekauft. |LBR| Nicht ein Kind von AKP Politikern macht Dienst an der Waffe. #Türkei",0
@Volker_Beck @fdp Sie als total objektiver Beobachter müssen es ja wissen. 😂 Bei VDS haben wir es genauso gemacht. CL,0
@IAMMASCHO Höcke ist ein Patriot den sein Vaterland am Herzen liegt und kein Nazi,0
"@PresidentRuvi Rivlin ""Möge die Erinnerung an unsere Lieben in unseren Herzen bleiben von Generation zu Generation."" #Munich1972",0
"@ellibisathide @charlie_silve @AthinaMala @Cerberus456 @feldenfrizz @petpanther0 @nasanasal @Miquwarchar @lifetrend @info2099 @ThomasGBauer @_macmike @NoHerrman @MD_Franz Die sog. Wiedervereinigung ist eine Fals Flag für die Deutschen, sie ist juristisch niemals erfolgt, lese Art. 133 GG dann weißt du in was du lebst. |LBR| Die Wiedervereinigung ist außerdem wie „VV Krisztina“ schon schrieb von Freimaurerlogen eingefädelt worden, |LBR| man lernt nie aus😉",0
@CroqiSunshine @Caro22one Ich hab mir ein dickes Fell zugelegt. Schuldienst bedeutet Shitstorm täglich 😉😂😘,0
"Die Gewalt muss im Keim erstickt werden. Das geht nur, wenn die Polizei von den |LBR| Tätern gefürchtet wird. Das ist leider nicht der Fall.",0
"Wir gratulieren #FatihAkin u. Crew zu dem Gewinn des #GoldenGlobes2017. Wir hoffen, dass der Film für Rassismus u. Rechtsextremismus in unserem Land sensibilisert. #NSU #GoldenGlobes2017 #AusDemNichts #InTheFade",0
"@Steffmann45 @troll_putin @petpanther0 @mastermikeg @machtjanix23 @Norbinator2403 @ennof_ @AthinaMala @NancyPeggyMandy @info2099 @lifetrend @ThomasGBauer @SchmiddieMaik @charlie_silve @NoHerrman @willjrosenblatt @feldenfrizz @nasanasal @_macmike @ellibisathide @MD_Franz Erklärung kannst Du also auch keine geben, die Fotos entstammen der Akte, Ps sie wurden auch im Prozess gezeigt, der ist öffentlich. Na los, erklär mal die saubere Wand, ansonsten halt besser Deinen Oberlehrerschnabel.",1
@SPIEGELONLINE Oh das ist ja blöd😜😜 also ab nach hause!!!,0
Der dumme Deutsche hat gewählt er läuft freiwillig zur Schlachtbank. |LBR| Armes dummes Deutschland.,1
@CarstenP Kevin Keegan ist schuld. Anfang der 80er. Sorry. Kann man nix machen. #nurderhsv,0
Jeder der Deutschland hasst soll raus aus Deutschland,1
"@domau_1 @vmedick Sie haben Recht, wenn man Krankenversicherung einbezieht. Habe meinen Tweet deshalb korrigiert.",0
"@MiriamOzen Hat sich mal jemand gefragt, warum dieser Bürgermeister angegriffen wurde.",0
"@Achim7871 Bitte auch retweeten, danke .",0
@AfD @Alice_Weidel @JoanaCotar @AfDimBundestag Der Auftritt der AfD ist richtig gut....absolut verständliche nachvollziehbare Politik.... |LBR| Es wird Zeit die Sesselschnarcher abzuservieren ...!,1
"Liebe Leute, |LBR| die Identitäre Bewegung ruft dazu auf, Vormundschaften für unbegleitete minderjährige Flüchtlinge zu übernehmen. Eine möglichst breite Warnung/Sensibilisierung halten wir für wichtig. Auch Ehrenamtliche und Gerichte sollten davon wissen.",0
@aotto1968_2 @renate_rudolph Das muss ein Ende haben!!😡😡😡,0
Scheiß Merkel wird den nächsten Schritt zur Destabilisierung und geplanten Vernichtung Deutschlands sicher bald anordnen !,1
Die israelische Basketball-Nationalmannschaft gewinnt nach einem spannenden Spiel 82:80 gegen das deutsche Team #GERISR #EuroBasket2017,0
@HuffPostDE Wäre das die einzige Lüge oder eine der wenigen...damit könnten wir durchaus leben... |LBR| Politik-Lügen sind ein fester Bestandteil. |LBR| Was aber unverzeihlich ist die Dummheit der deutschen....wir hatten die Möglichkeit jemanden zu wählen,0
"Außerdem esse ich diesen Moslemdreck eh schon Jahre nicht mehr, da ich nach Iserlohn, in den 90ern, wo Sperma der Dönerbudenbesitzer in der Knoblauchsauce, gefunden wurde !Seitdem traue ich den Moslems alles zu !Scheiß auf DÖNER !",1
@TvSinnvoll @BILD Das geht der Frau Merkel garantiert am Arsch vorbei. Die heuchelt mit anderen Politikern nun wieder Erschütterung + fertig,1
@megatwingo @eysvog3l 👍wir lassen uns nicht unterkriegen.,0
@welt @GiKi56534206 Bis heute wusste ich garnicht das Jerusalem nicht die Hauptstadt von Israel ist..... |LBR| Es ist eine Christen und Juden Angelegenheit...was geht es eigentlich die bärtigen Kinderschänder an..?,1
"@RT_Deutsch Trump sollte sich endlich zu einer Aktion durchringen, um die Türken zu disziplinieren!",0
Jetzt werden erst mal wieder die angeblichen Opfer aus der Versenkung hervor kommen um sich zu profilieren. |LBR| #metoo,1
"@dudeh96 und das ist auch völlig ok. ich mach mir auch sorgen, kann sie aber vernünftig formulieren...",0
@paradoxxiss Innerhalb des See und Handelsrechtlichen Systems ist eine Umkehrung unmöglich da die US Holding BRD Vertraglich geknebelt ist bis 2099. |LBR| Das BRD Parteiensystem ist de facto nur zum Schein um den Bewohnern die Illusion der Demokratie vorzugaukeln.,0
"@AthinaMala @machtjanix23 @SpadeCarrier @_macmike @magna_est @petpanther0 @NoHerrman @teite99 @info2099 @lifetrend @ThomasGBauer @SchmiddieMaik @charlie_silve @willjrosenblatt @feldenfrizz @nasanasal @ellibisathide @MD_Franz Die Antwort ist wieder passend, die sie Dir gegeben hat - nun ist auch der Beleg Hirnriss nach Ao`s Meinung - mal eine Frage: Wieso verschwendet ihr eure Zeit mit dieser Unterbelichteten?",1
"@RonaiVeromaus Es sind zu viele die ausscheiden und zu wenige die dieser Beruf begeistert...das war früher anders...wie alles eben..!! |LBR| Wer das kriegt was übrig bleibt, der ist verloren..!!",0
@Neidhammel @die_zeitenwende @LandkaufHalina @AchimSpiegel @Kittypunk7 @ist_wenig @vespasianus69bc @Varg_I_Veum @MiriamOzen @publizistikon @faz_donalphonso @ShakRiet @huegelkind_de @Einzelfallinfos @BlondJedi @PeterSweden7 @nasanasal @FabriziaFalcone @diMGiulia1 @VonSchwer @SNordicS @SBunners @SJW_MadBunny @Ulli_Bln @altgold Lieben Dank🍸🥃🥂😊 und die allerbesten Grüße und Wünsche zurück!,0
Gerade bei Anne Will. ARD. Konstantin von Notz Bundniss 90 Grüne. Wir Grüne verteidigen den Rechtsstaat. Ich bin vor lachen vom Sessel gefallen. Die größte Lüge 2017,0
"@troll_putin @SJW_MadBunny @machtjanix23 @Steffmann45 @petpanther0 @mastermikeg @Norbinator2403 @ennof_ @AthinaMala @NancyPeggyMandy @info2099 @lifetrend @ThomasGBauer @SchmiddieMaik @charlie_silve @NoHerrman @willjrosenblatt @feldenfrizz @nasanasal @_macmike @ellibisathide @MD_Franz Ich kann jede Minute im Leben nur einmal nutzen - an Vollpfosten, die nicht einmal interessant sind, verschwende ich keine Zeit mehr. Für interessante Menschen gebe ich gerne Zeit.",1
"@wolfgrosny @JanJaeschke Sie spielen den immer gleichen deutschen #Antisemitismus ab. Fällt Ihnen eigentlich nicht etwas Neues ein, oder glauben Sie wirklich an diesen antisemitischen Schmonzes, dass #Juden in #Deutschland »das Sagen haben«? Der #Judenhass ist, 73 J. nach dem #Holocaust, immer noch hier!",0
@Christoph0109 @Indiesoph @Beatrix_vStorch @le_seb_ Bist du bekifft ?? Oder Methsüchtig? Oder einfach nur Linkslastig behindert ? Das frage ich dich ?,1
Es wird immer toller in den DE Medien um die Islamisierung unseres Landes zu vertuschen werden jetzt die Reichsbürger ins Spiel gebracht,0
"@lawyerberlin @BILD Vielleicht weil er von der Asyl Politik seines Bürgermeisters die Schnauze voll hatte. Die Tat war natürlich nicht richtig, aber absehbar.",0
"@anhohX Wurde einige Zeit nach der Buchveröffentlichung vergiftet aufgefunden, noch Fragen?",0
"@FroehlichKaiT @AfD_Support Wähler sind seit Jahren auch Islamlobbyvereine. |LBR| Wer glaubt, dass in Deutschland noch etwas zu retten sei, glaubt auch an den Weihnachtsmann 🎅",0
"Fury, Du armes Würstel. 5 mm Bewegung an einem Revolver mit 9mm |LBR| Kaliber würden Dir Dein Maul sofort stopfen. Damit das klar ist.",1
@Einigkeit_und Schickt unsere unzufriedenen Asylanten alle zum Vatikan!,0
@lawyerberlin @krippmarie @welt Unsere Polizei ist wirklich nur noch zum Personalien aufschreiben geeignet....obwohl wir neue Situationen haben versuchen wir sie mit alten Maßnahmen zu lösen. |LBR| Nie und nimmer geht diese Gleichung auf.,0
Der nächste der mich meldet den zieh ich nackt #realtalk,1
"@Ismailtipi Märtyrer : Menschen, die um des Bekenntnisses ihres Glaubens Willen LEIDEN. Nicht töten. ggf ihren Tod gewaltsam, erdulden.",0
Ausreisepflichtige kriminelle Ausländer müssen schnellstmöglich raus aus Deutschland.,0
@OnkelJakob Wo ist  hier die Hatespeech - Stasi?,0
@focusonline Jeder Rational klar denkender Mensch weis das es nur 2 Geschlechter gibt. Männlich /Weiblich. Alles andere kann man getrost als einen Gehirn Furz bezeichnen.,1
"Tunesiens Aussenminister gegen ""Lager"" - Recht hat er. Flüchtlingsursachenbekäpmfung ist viel mehr als moderne Ghetthos, EU mitfinaziert",0
"Ich bin überzeugt, dass nur durch Leitplanken in unserer Gesellschaft, Integration gelingen kann. #Leitkultur",0
"Auch von mir alles Gute für 2018! Mit stabiler Regierung, gutem Klima, viel Europa &amp; Frieden . Und vielleicht mit Erdbeerkuchen im Sommer!",0
@karlheppner Das ist Satire oder? So offen würde sie die Unkultur islamischer Länder nicht ansprechen!,1
@AfD @Renner_AfD Bis @Twitter von solchen Meldespacken so dermassen den Papp aufhat.,1
@info2099 @RalfPflug Das Video enthält entscheidende Fehler in den Texten (Der Staat DR) auch die Schlussfolgerung im Video ist falsch,0
Deutsche Rentner müssen Flaschen sammeln und die Grünen labern was von Klimaschutz.,1
"@sternde Wer suggeriert, das Deutschland das Sozialamt der Welt ist, braucht sich über diese Zustände nicht zu wundern",0
@AndreasSteier Glückwunsch zum direktmandat! Auf gute Zusammenarbeit,0
"@kadmos_junghans @Bigreiner @Friedadiezweite @SteiblBarbara @Gedankenrausch1 @KokoLores20 Zitat,“Wenn du ein Problem nicht beseitigen kannst, baue daneben etwas neues auf“",0
"@_Fraulious Mit ein bisschen Phantasie, eventuell, nur mit einer Kandidatur für die SPD, dann doch nicht 😜",0
Gestern intensive Debatte über das weitere Vorgehen in der Bundespartei bei der Sitzung der SPD Landtagsfraktion. |LBR| Abends Besuch bei der SPD Schleswig/Flensburg. |LBR| Dort sehr konstruktive Diskussion mit den Mitgliedern bei sehr gut besuchter Veranstaltung.,0
"@focusonline Die Bundeswehr ist eine Private Söldnertruppe im Dienst des Bundes NGO, viel BRD Politiker haben es euch schon ins Gesicht geworfen aber die Deutschen begreifen einfach nicht, sie leben in ihrer eigenen kleinen Traumwelt, wann begreift ihr es endlich, bevor sie uns auslöschen!",0
"@Bundeskanzlerin, da Sie ja für eine schnelle Integration von Geflüchteten sind, nehmen Sie einfach Kontakt mit uns auf! Wir beraten gerne",0
"@fhon ""Absichtliche Provokation oder unfaire Verteilung von Intelligenz?"" Mein Lieblingssatz.",0
"Da gibt es nichts mehr anzuschauen, Herr Altmaier. Jetzt heißt es: HANDELN. Die Zeit |LBR| ist um. Sonst schieben wir Sie ab. Klar?",1
@vatanmillet77 @sternde Träume weiter das wird nie geschehen.,0
"@66Freedom66 Endlich greift mal die Polizei gegen randalierende Antifschisten und Linksradikale durch ,zwar nur in Italien aber zum Anschauen für unsere Polizei beispielhaft!",0
@Waldoknalldo @SteveMotley Mehr als 20 US CEO‘s zurückgetreten und Teilweise auf der Flucht,0
@Medienmogul Es gibt in der politischen Debatte den sinnvollen Vorschlag einer Mindestinvestitionsquote.,0
"@Matrixgofire Tun Sie das. Und überdenken Sie nochmal den Ausdruck ""Halbjude"".",0
@CorradoBln @Steinhoefel @Joemino AfD ist noch nicht soweit...aber auf dem Weg..!,0
@StefanStreng @JoshuaStrack vielen lieben dank stefan. ebensolchen 👍,0
@Ami66Stefan Die Frage die sich in Wahrheit stellt ist. Ist der Islam wirklich eine Religion. Oder eine Rassistische Ideologie.,1
"#Fokus #Lügenpresse |LBR| Fakebild, Flüchtlingsangst, Falschaussagen - wie der Bundestag die AFD entlarvt🤣 |LBR| Ist wohl eher anders herum🤔",1
#Israelpedia am historischen Campus Bockenheim in #Frankfurt: |LBR| Gerade ein Vortrag zur Geschichte deutsch-israelischer Studiengruppen. #DIG,0
@ingathomas @welt Die ist ein Merkel Vasall und handelt auf Anweisung von Merkel!! |LBR| Folgt den Aufruf eures Präsidenten Erdogan!,1
"Wieviele Jahrhundert Hurrikane muss es geben, bis die Klimawandel-Leugner merken, dass sie gerade das Leben ihrer Enkelkinder ruinieren?",0
"Wir geben unsere Identität nicht auf, sondern sind bereit, dafür zu kämpfen. Die Burka gehört nicht zu Deutschland. #Burkaverbot",1
"@EgoRepair Erinnerst Du Dich an den Rosenheimerplatz, Messerattacke und so? im Oktober?Ich bin heut noch felsenfest davon überzeugt,dass der Täter auch so ""gefärbt"" deutsch war.Was hat die Polizei München da triumphiert.",1
@happyhaidrich3 Die leute reden über uns Kamerad,0
"@aufklaerer2017 @Heinrich_Krug Schon aus Respekt wäre ein anderes Verhalten notwendig...und für jedermann nachvollziehbar. |LBR| Wenn alles in Vergessenheit gerät nur um die Migrantenflut nicht zu gefährden, wass bleibt dann tatsächlich von uns übrig..?",1
@hdBerretz Das ist nicht das einzige was auf Twitter passiert,0
@HStiebert @eroloenal @welt Türken sollten besser den Ball flach halten. Ich hab die Fahnen gesehen.,0
@SpringerPunkt So lang du nicht antideutsch bist Bruder seh darüber hinweg,0
@salzmanufaktur @VonSchwer @wellejena @Oskar752 Kenne ich. Schon damit Geschossen. Kaliber 50 Barret M28 gibt es heut auch beim Bund. Falls Munition da ist :-),0
@IAMMASCHO @RAIMINEM Hitler wollte uns nur von der Roten Pest befreien ausserdem hatte Polen schon 1935 den Plan gehabt Deutschland anzugreifen Hitler ist ihnen nur zuvor gekommen,1
"@CSU @Markus_Soeder Und wenn du dein Versprechen nicht einhältst, müssen wir dich dann mit Schande aus Bayern verjagen oder wirst du freiwillig gehen..? |LBR| Irgendwie ist mir der Uli Hoeneß als einziger Bayer sympathisch....er hat sich allem gestellt..",0
@focusonline Damit ist die SPD gut beraten.,0
Diese Woche in den deutschen #MSM: Massive #Propaganda für die #FDP um die Unzufriedenen #LastMinute doch noch einzufangen,0
@Jul1aCarina @MiriamOzen Danke für die Korrektur ist mir auch gerade aufgefallen,0
"In Polen sagte man mir heute, da erhielt doch ein Arschloch einen Preis dafür, weil er sein Heimatland Polen in Brüssel verklagen wollte 💩🤢",1
@krippmarie @jouwatch Wenn ich unsere dumme Jugend sehe glaube ich es fast...doch eines ist sicher: mit den amtierenden Politikern sind wir es definitiv früher...!!,0
"@Guggs67 @SPIEGELONLINE Mir sind die Türken lieber, als ein falscher und verlogener Kurde!",1
"@Yorck_ Richtig und so altehrwürdig sollte das BGB auch betrachtet werden, vor allem von Verantwortlichen in Staat und Politik.",0
@panemetc62 ach so. na klar. na dann alle man an die gewehre... #ohmann,0
@SteinbachErika @krippmarie 11jahre für das Schwein ist schon ok...alles besser als Bewährung...,1
"@Snoopy92 @liebbaerchen592 Kennst Du die Gründe meines Schweigens wirklich? Liebe Grüße an Dich, Bärchen und alle Ruhrpott-Freunde 😜",0
"@PittivomDorf Gewollt und nicht gekonnt ! Der Designer des Kleides wird wohl seinen Schädel gegen die Wand knallen, weil auch die Wanderwarze sich für seinen Entwurf entschieden hat und aussieht wie ein Modegag oder was man nicht tragen darf !",1
@omichalsky @ulfposh @welt Ja so sind die Onlinebosse. Immer auf der Jagd nach Klicks. :-),0
"Am Reichstag sollte ""DEM DEUTSCHEN VOLKE"" durch ""DEN POLITISCHEN BEAMTEN"" ersetzt werden &gt; hohle Birne, volle Taschen 😜",1
@Bauchnabelzwerg @sigmargabriel Quatsch! Ein Diktator Kim lässt sich nicht von einer Islam-Regierung Deutschland beeindrucken!,0
@ufhoven Die aktuellen Sozen sind nicht besser als mittelalterliche Feudalherren. Sogar schlimmer. Sie bevorzugen Kriminelle aus aller Herren Länder und Kassen den kleinen deutschen Mann dafür bluten.,1
"@Claus_Pandi @sebastiankurz @HCStracheFP @krone_at Unsere Nachbarn haben es vorgemacht..... da regiert ein Österreicher sein Land, welcher vom österreichischem Volk gewählt wurde. |LBR| Zu beneiden ein Volk welches keine Helden braucht...!",0
"@Riedegost @GoeringEckardt Sage mal Mecklenburger, uns beiden reicht doch eigentlich das Grün unserer Wiesen und Wälder, oder? 😜",0
@LauraL_Escort Die Fantasie kennt keine Grenzen. ;-),0
"Das Ergebnis der Sondierungsgespräche mit der Union ist eine vernünftige Grundlage dafür, dass unser Bundesparteitag sich für Koalitionsverhandlungen ausspricht.Aber es kann noch nicht das Endergebnis sein. Darüber entscheiden dann unsere Parteimitglieder und das ist auch gut so!",0
@JF_Hoffgaard Ich habe nichts gegen direkte körperliche Bestrafung der Antifantenbrut an Ort und Stelle ihres Vergehens! 👍 😉,1
@BILD Lasst die ISIS-Schlampe wo sie ist.Ein Gefährder weniger.,1
"@lawyerberlin @HeikoMaas @Ralf_Stegner @ARDde @ZDF @illner Jaja, man stelle sich vor das wäre einem negroiden Goldstück passiert ! Das hätte sofort ein Mahnmal der Schande in Berlin zur Folge gehabt. Womöglich am Breitscheidplatz mit Würstchenbude für SED-und STASI-Funktionäre!",1
"#btw17 Knapp 40% füer #SPD, #Grüne &amp; #Linke - #Deutschland hat ein massives #Linksextremismus-Problem",1
@droeder72 @gegenNetzDG @DJVde @Twitter @titanic Ja.Stimmt. Verdammte 87er. Umd sie waren so stolz !,0
"@JoergDittus Werden da alte deutsche Volkslieder gesungen, oder neu gedichtete Motivationslieder gesungen? Ich schreibe Auftragswerke und studiere sie gerne mit euch ein!😘😘",0
Ich glaube wir haben gestern Geschichte geschrieben und ich glaube ganz begreifen werden wir das erst in einigen Jahren. #DritteOption,0
@Lars9596 @krippmarie @c_lindner Jesses...was ist das da auf dem Bild..? |LBR| ...ein fettes vollgefressenes selbstverliebtes Deutschland..!,0
"@matalxis Ne, falsch verstanden. In Verhandlungen kann man immer bestimmte Dinge durchsetzen, andere nicht. Viel wird geredet über das, was vermeintlich fehlt oder zu wenig ist. Ist legitim. Mir ist aber auch wichtig, darüber zu reden, was durchgesetzt worden ist. Darum gehts.",0
Grenze kontrollieren und jeden unrechtmäßigen Einreiseversuch |LBR| notfalls mit Waffengewalt verhindern. Die jungen Afrikaner müssen zurück.,1
"@juli_anh @P_Illinger Die Bewertung durch IRSN ist, dass es sich um einen wirklich ernsten Störfall handeln muss. Nicht bei uns aber für Region, in der sich dieser Unfall ereignete, hätte laut IRSN Evakuierung angeordnet werden sollen.",0
.@WeareHH hat einige Impressionen von der heutigen Parade getwittert - schaut doch mal vorbei! ^ml,0
"@FrlUrban Wir können nur verlosen, was die Shops anbieten. Eine eigene Kollektion haben wir leider nicht. Ich bitte darum um Verständnis.",0
ISIS meldet die Hirichtung von 1700 irakische Studenten der Luftwaffen-Akademie in der Stadt Tikrit!,0
@rponline @Rebellin70 Die Kölner sind Pfeifen...und nicht nur im Fußball....Köln ist am Ende. Köln ist durch und durch kanakisch..!,1
"@Snoopy92 @Seewinde Guten Morgen, bei so lieben Grüßen hüpft das 💓😜 Habe bei dem Schmuddelwetter mein Frühstück gerade beendet. 2. Kaffee OK",0
"Deutschland liefert Waffen nach Saudi Arabien, obwohl sie wissen, das es das Gründungs Land der Wahabiten ist und somit Unterstützer des IS.",0
"@tazgezwitscher Bald ist 1.Advent , „Advent,Advent ein Lichtlein brennt.",0
@hdBerretz Glaubst du immer noch an die Mafiabande und die Hollywood show in Berlin ⁉️,1
@Karl_Lauterbach Karl hör auf zu bellen...Zahl lieber deine Alimente,1
"@Maxe8888 Nicht Zeitungsartikel, steht in der Magaldi-Übersetzung: Superlogen regieren die Welt Band 1-6",0
"Rohollah hat in Österreich den Entschluss gefasst, Grafik-Designer zu werden. Wäre er hier in Europa geboren, würde er wahrscheinlich gerade Ausbildung/Praktika machen oder eine Kunsthochschule besuchen.",0
"@JanKalkbrenner @CDU @CSU Und was hat das jetzt mit seinem Tweet und der Tatsache zu tun, dass Sie uns unterstellen, ""Botschaften aus dem Kontext zu reißen""? Der Text steht genau so da. Ohne Zusatz. Ohne Einschränkung.",0
"@GlasenappHenrik Kein Problem, Alter ist eh kein Privileg. Mich ärgert heute nur die allgem. Verteufelung des Ostens, gerade durch Merkel 😂",0
"Was lese ich ""Erdogan droht: Europäer bald nirgendwo auf d. Welt sicher."" Für mich ein Strippenzieher d. Terrors, von Murksel mitfinanziert🤢",1
"@SJW_MadBunny @troll_putin @machtjanix23 @Steffmann45 @petpanther0 @mastermikeg @Norbinator2403 @ennof_ @AthinaMala @NancyPeggyMandy @info2099 @lifetrend @ThomasGBauer @SchmiddieMaik @charlie_silve @NoHerrman @willjrosenblatt @feldenfrizz @nasanasal @_macmike @ellibisathide @MD_Franz @sjw Seit diese Pfosten sich gestern eingeschaltet hatten, ging es mit dem Niveau bergab - wir sprachen gestern über FEMA - das ist lang her - und die Nerven liegen blank, der Klugscheißer wegen.",1
"Hallo Freunde, Krankenhäuser sind grässlich, 05:30 Uhr ""Gefechtsalarm"", fieses Essen, Tierquäler im weißen Kittel &gt; hab`s aber überlebt 😜",1
"Ich bin jemand, der gern hilft, bereit das Wenige zu teilen - verachte aber Menschen, die dies ausnutzen und sich Hilfe erpressen wollen. 😜",0
"@rauhrackl @MadamePlissee Weil 1+1= ""Weltoffenheit""  und #Vielfalt,  klingt viel schöner als sich den Problemen zu stellen. Lieber weiter in Wolkenkuckucksheim bleiben und alle Propheten als böse Hetzer diffamieren",0
"Mama, ich hab Glühwein Bomben gefunden! What???? |LBR| Ach, Kind meint Glühbirnen 😂😂😂😂💡💡💡💡💡💡💡",0
@_macmike @mastermikeg @petpanther0 @machtjanix23 @NoHerrman @teite99 @info2099 @lifetrend @ThomasGBauer @SchmiddieMaik @AthinaMala @charlie_silve @willjrosenblatt @feldenfrizz @nasanasal @ellibisathide @MD_Franz Das Kind entspricht der Summe der Buchstaben aus Mutter und Vater - Mit der Genderkacke kann man das Zahlenspiel vergessen -,1
@Spuelverfahren Das die sich nicht schämen. Das ist der Skandal und der Unterschied zwischen aufhübschen und betrügen !,0
@DieselMeister @DidiFreiheit 😉 |LBR| Die Realität mit solchen Nachbarn übertrifft jede #Kishon Satire,0
"@DraMolnr3 @PeterPa34083139 Man stelle sich vor, gewisse Subjekte, „Vorzugsweise anzutreffen in Berlin“ haben das vielleicht schon vorbereitet für den Fall das man es gegen die Deutschen braucht, interessante Hypothese oder?",1
"@Grals_Hueter Noch zu viel für die SPD. 4,5 wäre besser.",0
#EU schiesst nicht auf agressive Grenzüberschreiter aber auf eigene Bürger in Katalonien/Spanien |LBR| Wertegemeinschaft hahaha!,1
Der Mensch darf nie zum bloßen Objekt von #Algorithmen werden. (2) |LBR| #digitalesLeben,0
"Europa habe “tiefe Schuld” gegenüber Afrika wegen Kolonialzeit, sagt Angela #Merkel beim #WEF18.",0
"@RalfPflug Dieses Miststück hat uns soviele Milliarden gekostet! Um sie endlich zu ""entsorgen"" käme es auf ein paar Millionen nicht mehr an! Oder?",1
"@DrDavidBerger sorry, ich konnte zum ersten Male einen Bericht von Ihnen NICHT lesen,-die headline hat mich angewidert, das Bild erschüttert.Mein Gott, was macht man nur aus diesem Land.Bin nah dem Erbrechen.",0
"@Strombelberg @_lennartvoss @fgabrielEU @afd_thl Leute wie sie sind die Schande Deutschlands, umerzogen, ohne Intelligenz und so unverschämt für sich den Anspruch ""GUT"" sein zu beanspruchen",1
@Ralf_Stegner Die Deutschen Wähler wollten kein SPD-Politiker ...und sie wollen Euch immer noch nicht... |LBR| Weder Stegner noch Schulz erst recht nicht Nahles oder sonstwas lächerliches...!,0
@ShakRiet @thomaslauer10 @CDU @JuliaKloeckner Wie kann nur jemand so dumm sein....was für eine dumme Kuh...@JuliaKloeckner,1
"@klausMohr1 ""Alle Staatsgewalt geht vom Volk aus"" und das muss auch für bundesweite Abstimmungen in einem Gesetz festgeschrieben werden!",0
"Tragt zu den Kindern ein Licht, |LBR| sagt allen: Fürchtet euch nicht! |LBR| Gott hat euch lieb, Groß und Klein |LBR| Seht auf des Lichtes Schein.",0
Ich lass mir mein Land nicht von einer Horde Nafris und Antifaschisten nehmen deswegen bin ich #AFD wähler,1
@ExilMengele Die.linken können tun was sie wollen dieses pack,1
@Birgit_Kelle Wie ich schon sagte. H.Maas und Frau Kahane die langjähriges Mitglied des Mfs war kann man heute mit Sicherheit als moderne Gestapo bezeichnen. Heute Sperre früher Dachau.,1
"@ChicSancho Da ich das russ. Militär aus eigenem Erleben kenne, könnte ich mich immer vor Lachen bepissen, wenn ich Uschi u. ihre NATO höre😂",0
"@pinselpoetin Liebe ""Pinselpoetin"", Männer 😂 Ich schäme mich für solche Wesen,die darauf angewiesen sind,ihre Neigungen öffentlich zu machen",0
Jetzt geht es Einkaufen. Bei dem miesen Wetter mal keine Freude.. |LBR| #TwOff,0
@dushanwegner Besser Sie leidet als andere....,0
"(2) In den vergangenen Jahren haben wir viel getan, um Frauen besser zu schützen. Gegen Stalker können Behörden früher einschreiten. Und der Grundsatz „Nein-heißt-Nein“ stellt klar: Wer erkennt, dass eine Frau keinen Sex will, sich aber darüber hinwegsetzt, macht sich strafbar.",0
Hallo Twitter. Darf man Herrn #Gabriel eigentlich auch Kriegsminister nennen oder verstößt das gegen das #Netzdg ? #Afrin #Türkei #Panzer,0
"@Heinrich_Krug Das deutsche Volk wurde am 18.07.1990 durch Kohl und Genscher verraten und im wahrsten Sinne des Wortes verkauft, seitdem sind wir in einem ungeklärtem Zustand und werden praktisch als Handelsware im See und Handelsrecht verwaltet .",0
"@vronixi @BejuBinich Engländer...nicht immer als Vordenker bekannt, aber die haben das Waffengesetz oder Messergesetz perfekt gelöst. |LBR| Härtere und schwere Bestrafung..sollte auch bei uns sein..!",0
Schulz verbreitet #Fakenews: CDU und CSU nicht für Rente mit 70. #TVDuell,0
"@FrankyFKP @MiriamOzen @hannes_moser @aranxo Bei Frauen werden innere Schamlippen und die Klitoris entfernt. Stell dir vor,dir wird ohne Betäubung fleißig an der Eichel gesäbelt!google!",0
@PaulsGurke @66Freedom66 @HolgerEwald1 Schickt die „links-grüne“ Welt zum Mars zwecks Terraforming und die Kriminellen Asylanten gleich mit!🚀🚀🚀,1
Die Türken haben schon mal vor Wien im 17. Jahrhundert |LBR| Ohrfeigen bezogen. Raus mit den Doppelstaatsbürgern. Ab dafür.,1
@66Freedom66 @krippmarie Neuwahlen sind gut...endlich wird Spreu vom Weizen getrennt.... |LBR| Ich bleibe dabei...dieses Chaos braucht eine Alternative....und wir haben eine..!,0
"Wenn es um #Flüchtlinge aus #Syrien geht, beschwichtigt #GEZ &amp; Politik in #Deutschland. Aber wenn es um #Israel &amp; uns #Juden geht, kommt der moralische Zeigefinger &amp; der verdeckte #Antisemitismus, der sogar den arabisch-muslimischen #Judenhass verharmlost. #KiKa #KiKaGate #Diaa",0
"@DieWahreMargot 😂 macht nix, in Berlin glaubt man noch immer &gt;&gt;&gt; ""Einmal wird ein Wunder geschehen"" 😜",0
"Vielleicht sollten wir keine ""NATIONAL""-Mannschaften mehr in kämpferische Auseinandersetzungen (WM´s,EM´s u.s.w.) schicken,zu PATRIOTISCH !",0
"Als Migranten werden jene Menschen bezeichnet, die von einem Wohnsitz/Land zu anderen Wohnsitzen/Ländern wandern beziehungsweise durchziehen",0
"@MonikaFries @domradio Als ich noch in der Kirche war, bat ich auch um Hilfe. War alleinerziehend mit Kleinkind,  Schreibaby, selbst krank, traumatisiert, am Ende.  Kinder litten. Niemand half. Machte bei jedem Kirchenverein Aushänge. Niemand rief an. Wäre ich nur eine Kopftuchfrau aus Syrien gewesen..",1
"@SpadeCarrier Mein Internet ist gesperrt. Sitze gerade mit meinen Kindern im Luxus-Restaurant mit W-Lan. (Mac-Donalds) |LBR| #Kinderarmut |LBR| Die Bücher (Hass ist keine Meinung, Aufstehen statt wegducken) habe ich geliehen...",0
Wer illegal nach Österreich einreisen will muss sofort zurück |LBR| geschickt werden. Da gibt es keine Ausnahmen.,0
Jamaika Koalition gescheitert ist doch ne naise sache,0
"@himbeerhans @stfries @AuswaertigesAmt 3. ""Bedeutung der heiligen Stätte"" wurde v Terroristen missachtet, die nicht nur v pal. Seite nicht gehindert sondern angestachelt wurden",0
Danke an all diejenigen die diesen Tweet retweeten und mit einem Luke versehen. Merci muchas grazias Danke Thank you dobre spasiva,0
Die Parade des #hamburgpride ist gestartet! #kommtmituns von St.Georg aus durch die Innenstadt. Happy Pride!,0
"@Birgit_Kelle @HugoMuellerVogg Ihr Held hat sich von einer Russischen Bezahlten das Sperma in der Besenkammer klauen lassen, das Resultat kennen wir, ja ein echter Held wir sollten eine Statue bauen lassen",0
@der_ypsilon Fange einfach mit dem zweiten Eis an 😜,0
"@machtjanix23 @teite99 @Norbinator2403 @ennof_ @AthinaMala @troll_putin @NancyPeggyMandy @petpanther0 @info2099 @lifetrend @ThomasGBauer @SchmiddieMaik @charlie_silve @NoHerrman @willjrosenblatt @feldenfrizz @nasanasal @_macmike @ellibisathide @MD_Franz Außer hier rumzulamentieren, können Sie mal was eigenes präsentieren?",0
@HeikoMaas @kindernothilfe Deswegen unterstützen Sie auch Kinderehen?! Kotz!,1
@makemyday1965 @ThomasOppermann Ein Europa der zahlenden Deutschen! Wir haben die niedrigsten Löhne und Renten usw.! Aber für Wirtschaftsflüchtlinge die höchsten Kosten!,1
@YigidoYosi58 @Mesut__A @ntvde @ntv Mit dummen Türken diskutiere ich nicht! Basta!,1
"@AsylinNot Dublin widerspricht Genfer Konvention. ""Auffällige"" bei Polizei zu melden ist eben Denunziation. Da gibts nichts schön zu reden.",0
"Nichts kann wieder gut machen, was Opfer der Krawalle erlitten haben. Sollten Sie dennoch schnell u unbürokratisch entschädigen #g20protest",0
@66Freedom66 Wo werden diese Clowns nur gezüchtet und wie entsteht solch eine Gesinnung ...?,1
"#CNN hat offenbar nur #Linksgestörte, #Geisteskranke &amp; Leute mit schweren psychischen Defekten unter Vertrag ...",1
@g_vau Die Roten importieren Judenhassende Moslems ohne Kontrolle und du heulst wegen einem Liedtext rum? #Landbauer,1
"@SpadeCarrier @machtjanix23 @AthinaMala @_macmike @magna_est @petpanther0 @NoHerrman @teite99 @info2099 @lifetrend @ThomasGBauer @SchmiddieMaik @charlie_silve @willjrosenblatt @feldenfrizz @nasanasal @ellibisathide @MD_Franz Wenn ihr alle Zeit habt, euch mit Ao`s Negierungen aller Fakten zu beschäftigen - bitteschön, ich kann jede Minute nur einmal nutzen und die ""Konversationen"" mit Ao ist Beschäftigungstherapie auf IQ 90 -Niveau. Solche Leute habe ich schon immer gemieden .",1
"Wolfgang Meier vom @BAMF_Dialog findet beim #integrationsforum im #dbbforum die Arbeit von Ehrenamtlichen ""selbstverständlich""",0
@sprachmittlerud @krippmarie Ja die von der Leyen....redet gerne wirr...kennen wir schon,1
Vielleicht geht Caffier wieder bald mit Förderbescheiden auf Stimmenfang und unser Dorf bekommt ein 3. unsinniges Feuerwehrhaus 😂😂😂,0
@Natanji @chteffie Dann kann ich das von hier gerade leider nicht verlinken. Findet ihr auf der offiziellen Hamburg Pride-Facebookseite. ^ml,0
Das Theater mit der Türkei muss beendet werden. Abzug aller |LBR| deutschen Soldaten. Wir brauchen die Türkei nicht. Dann herrscht |LBR| Ruhe.,0
.@CSU-Delegierte geben #Seehofer 83 Prozent - ein kleiner Denkzettel für sein wochenlanges Zaudern und Zögern - aber keine Watschn. #CSUP17,0
@Hartes_Geld Grünenphilosophie...Nazis beschädigen Auto einer syrischen Fachkraft..!,0
Ein paar Kratzer v einem Hund löst bundesweit auf allen Medien Kanälen große Empörung aus bei ermordeten DE ist das nicht d Fall |LBR| Jetzt AFD,0
@Papier451 wahr gesprochen. Eine Tugend des Ordens.,0
"@GoeringEckardt @maxramezani @hannamraz Wo ist der Grüne Tierschützer, bei den täglichen Tier-Schächtungen der Muslime????",1
@sundog412 Sag das der sprechenden Schlange.,0
@Odenwaelderin Wird das Gerät mit Dampf betrieben?,0
@fluegellahm @ndaktuell Es trifft schon die richtigen ihr Grünen faschistische Schmetterlinge!,1
@c_vogt @Grals_Hueter @JTrittin Hat der Trittin wieder vom Chem Özdemirs Gras geraucht?,1
Toony ist ein polnischer Hurensohn,1
@mirco_jonny @Westminster1000 @China_Welt_News Gab's ja im Osten gar nicht. Oops dann eben vom Tisch.,0
"Der Shuttleservice der ""Notschiffe"" hat sich herumgesprochen. Der |LBR| beste Weg direkt nach Europa. Das muss aufhören.",0
"Entweder handelt es sich bei der Vermeidung eines Bekenntnisses zur Vielfalt, um einen Kniefall vor der #AfD oder den #Sondierungsparteien sind diese Themen zur Gestaltung unserer Zukunft einfach nicht präsent. Eine Erklärung trauriger als die andere. #GroKo #Sondierung",0
"@NoHerrman @HolgerScherer @feldenfrizz @AthinaMala @info2099 @Nessie43 @ThomasGBauer @petpanther0 @_macmike @ellibisathide @MD_Franz Wir sind aus der Schweiz ausgewandert - wegen zuviel Dekadenz. Bergpanorama ist Spitze, was in den Bergen ist, ist hochinteressant....",0
"@TamaraWernli Unter den US Schauspielern grassiert der linke Virus. Meinen Respekt haben nur die, die gegen den zeitgeistlichen Strom schwimmen.",1
@Riedegost Ich beschäftigte mich mal mit dem Wirken der evangel. u. kathol. Kirche im III. Reich u. kann keinen Unterschied zu heute festst.,0
Staatsfernsehen tut alles das Merkel weiter regieren kann. |LBR| Es müssen Neuwahlen her.,0
@Junge_Freiheit @Grals_Hueter Dazu fällt mir nichts mehr ein.,0
Europa führt keine Kriege mehr untereinander aber die Staaten gehen einzeln zugrunde wegen der #EU Flüchtlings Politik. |LBR| Europa zerstört sich,1
Bericht der Rechtskommission auf der #altkatholisch|en #Bistumssynode - #aksynode16,0
#maaslos wird zum Synonym für Meinungsunterdrückung und Zensur in Deutschland und FB,1
"Wenn ihr Fotos von rassistischen Wahlplakten gemacht hat, schickt sie uns doch an schnellinfo@frnrw.de",0
"Schon wieder Manipulation von Zahlen der Asylbewerber angeblich unter 200.000 alles Lug, Trug u Volksverdummung von Politik |LBR| und Medien |LBR| AFD",0
@Herr_Nic Deutsche haben dafür MEIST Jahrzehnte einbezahlt! 99% der Asylanten haben nie und werden NIE etwas einbezahlen!,1
"@SWagenknecht Tja liebe Sarah, dazu müssten wir erst mal einen Staat haben, sie könnten ja mithelfen ihn wieder zu errichten, aber ich glaube die Fleischtöpfe der BRD Nichtregierungsorganisation und die „Argumente“ der Strippenzieher im Hintergrund sind dan wohl doch zu verlockend oder?",0
@vatanmillet77 @sternde Wer sich in Geschichte nicht auskennt sollte besser nicht so einen Mist schreiben,0
Erst schicken die von Europa eroberten afrikanischen Länder ihre Besatzer nach hause und jetzt flüchten sie in deren Länder nach Europa.,0
Was geht denn in diesem Trump vor? Der will doch nur Unfrieden |LBR| stiften. Der Mann muss sofort abgewählt werden.,0
!!!!!Eilmeldung!!!!!! FDP ist raus aus Jamaika. NEUWAHLEN.!!! Es gibt noch einen Gott.,0
"Ist das etwa ein Anzeichen dafür, dass die Türken ihre ""Operation Olivenzweig"" in Afrin abbrechen werden?!",0
"@Bigreiner @Swissairliner Stimmt, die BRD geht mir auch am ARSCH vorbei. DEUTSCHLAND gillt es gegen POLITVERBRECHER,wie Merkel,Schulz,u.MAAS zu schützen !!",1
"Wohow das ist weit oben: Die Wendelsteinkirche, höchste Kirche Deutschlands, ist frisch renoviert. Sonntag um 11 feiert Kard Marx dort Messe",0
"Merkel hat sich schon so daran gewöhnt alles auszusitzen und sich das Recht zurecht zu biegen, dass sie jeden Bodenhaftung verloren hat.",0
"@tagesschau Hallo, waren es die Linksradikalen oder Reichsbürger die Anschläge auf Privateigentum verübt haben!!!😡 die verkommene Lügenpresse war klar!",1
"Stell dir vor, du kannst deinen Kanzler direkt wählen. Würdest du Merkel wählen",0
@diMGiulia1 Mädels aufpassen.....Gerichte urteilen sehr milde bei Vergewaltigung durch Migranten-Asylanten...oder wie immer sich dieses Gesindel nennt..,1
@SJW_MadBunny @NoHerrman @HolgerScherer @feldenfrizz @AthinaMala @info2099 @Nessie43 @ThomasGBauer @petpanther0 @_macmike @ellibisathide @MD_Franz Habe Blick. ch vergessen und Blick am Abig😂😂😂😂,0
"@NegohotShlomo Entartet,  also vong Satanas umprogammiert.",1
"Die Erinnerung an 1947 sollte allen die Bigotterie der antiisraelischen Kampagnen verdeutlichen. Es ist an der Zeit, dass endlich die ganze Welt die Legitimität der jüdischen Unabhängigkeit akzeptiert und Frieden mit Israel sucht",0
@eysvog3l Das glaube ich nicht..niemals... |LBR| Das sind die sogenannten vielzitierten fakenews...?,0
@Maxe8888 @Entwirklichung Das Grundgesetz ist schon seit dem 18.07.90 ungültig da der US Außenminister per Anordnung den Art. 23 der den Geltungsbereich festlegte gestrichen hat. |LBR| Gesetze ohne Geltungsbereich gelten nicht. |LBR| Anstelle dessen findet man jetzt ein Euro blabla was ebenso illegal ist...,0
"@AfD @Heinrich_Krug Wer hier noch Zweifel hegt das mit der AfD endlich Wahrheit in den Bundestag gelangt, der ist einfach nur verbohrt taub oder nur dumm....",0
"Fakt ist: SPD-regierte Länder blockieren Einstufung von Tunesien, Algerien und Marokko als sichere Herkunftsstaaten! #TVDuell",0
@__Loewenherz__ @IBDeutschland Wir teilen das gerade wie die Weltmeister. Danke an alle die es teilen.. Wir müssen ein Zeichen gegen das vergessen setzen.,0
"@SJW_MadBunny @petpanther0 @machtjanix23 @Steffmann45 @troll_putin @mastermikeg @Norbinator2403 @ennof_ @AthinaMala @NancyPeggyMandy @info2099 @lifetrend @ThomasGBauer @SchmiddieMaik @charlie_silve @NoHerrman @willjrosenblatt @feldenfrizz @nasanasal @_macmike @ellibisathide @MD_Franz Ist schon verrückt, im Wohnwagen lagen über 30 Waffen und man entscheidet sich für ein Repetiergewehr. Umständlicher gehts nicht und dann noch alles in 20 s. Incl. Brandlegung. LOL",0
Da Terrorist in London in England geboren wurde ist klar daß es sich um religiösen fanatischen islamischen Wahn handelt. |LBR| Moscheen überwachen,1
Wir gedenken des Märtyrers Br. Eugen (Michael) Ostermeier OSB. |LBR| * 17. Sep. 1885 München |LBR| † 14. Sep. 1949 Oksadok,0
@bronchipret @burkhardewert @spd Hatte über Gernot Erlers Reiseempfehlungen bei @DLF gehört. Nunja.,0
"@kuerekdanyal @dortmund_24 Das würde den Selbsthass erklären. Und ferner ... nicht wenige Moslems tun alles dafür, damit man sie nicht mag.",1
"@HugoMuellerVogg @MartinSchulz @spdde @sigmargabriel @tagesthemen TV-Duell hat vielleicht nicht viel verändert, aber doch einiges bestätigt!",0
"@OliverGeorgi Nein, WK war unterstellt worden, ihm ginge es um diese Wahlperiode. Unsere Position ist: Man muss es nicht für alle Zeit ausschließen, aber in dieser politischen (Wahlprogramme) und personellen Konstellation geht es nicht. CL",0
"@Waldoknalldo @SteveMotley Soros hatte gestern einen Herzinfarkt, warum wohl 😉",0
"@KrahMax @MalteKaufmann Ich glaube es hackt!Gerade die Rentner sind diejenige , die Angst haben , dass das bisher einigermaßen ausgewogene Sozialsystem durch die Eselstreiber und Ziegenmelker kaputtgemacht wird.Siehe Krankenkassen!!!",1
"@IsidorMeyer1 @fbluecher Die $ zahlten sie zurück, mit $ schießt es sich schlecht, also, Profit am I. + II. WK gab es in den USA 😜",1
"@LandauDaniel Stimmt, Österreich muss mittlerweile hinnehmen dass Moslems in Wien zur Schlachtung der Juden aufrufen. Aufruf zum Völkermord!",1
"@Magoorooma @ArasBacho Och Mensch, ist es denn so schwer, sich einfach kurz die Zahlen zu recherchieren, bevor man wieder irgendetwas behauptet?! Nein, auch das ist falsch. Abgesehen davon, dass 44+44 zwar eine für Sie sehr beliebte Zahl gibt, aber eben nicht 100%.",0
"@DrDavidBerger Wer noch nicht gesehen hat ,so ein Abschaum darf bleiben!",1
@KrahMax @AfD_HD Wenn das die Toten wüssten!,0
@krippmarie @jouwatch Ja dieses fette Etwas....redet und redet,1
@undayou Und der Pol wandert und wandert...,0
"@DetlefAlsbach1 @Derzweifelnde Das wäre rassistisch, denn der Islam ist eine angeborene Eigenschaft, und das Ablegen eines Kopftuches kann (orthodox muss) mit einem Ehrenmord geahndet werden.",1
"@NikSput @Daniel_Hrncir Das Wort ""Asylant"" hat halt auch keinerlei rechtliche Bedeutung.",0
"@SJW_MadBunny @machtjanix23 @Steffmann45 @troll_putin @petpanther0 @mastermikeg @Norbinator2403 @ennof_ @AthinaMala @NancyPeggyMandy @info2099 @lifetrend @ThomasGBauer @SchmiddieMaik @charlie_silve @NoHerrman @willjrosenblatt @feldenfrizz @nasanasal @_macmike @ellibisathide @MD_Franz Ich hab beide schon blockiert - die sind unerträglich - seit gestern unentwegt nur Belehrungen, Beleidigungen - warum blockiert ihr sie nicht, dann haben wir alle Ruhe, die wollen nichts lernen -nur stören.",0
Afrikaner nach Afrika |LBR| Europäer nach Europa |LBR| So einfach ist das,1
"@ARD_BaB @HeikoMaas Was hat eine abgewählte, deutschfeindliche SPD-Null, hier noch zu labern?",1
"2000 trat das neue Staatsangehörigkeitsrecht in Kraft, das jedem, so er/sie nur hier geboren wurde, alle Bürgerrechte gibt. 2018 werden folglich die ersten von ihnen volljährig und wahlberechtigt. Die Grünen erreichen ihr Ziel, diese Republik bis zur Unkenntlichkeit zu verändern!",0
@Dieter_Stein @krippmarie @AnneWillTalk @SWagenknecht Meinung interessiert mich...aber nicht die der Linken..!,0
"#Politiker und #Medien sollten sich einmal fragen warum die Deutschen immer #radikaler werden. |LBR| Wenn Politiker und #Medienvertreter selbst die Antwort nicht finden, ich helfe gerne aus und das ehrenamtlich!",0
"@Platiniumray Ob in Ost,od. West für die zunehmende Herabsetzung einer ""Hemmschwelle"" werde ich nie Verständnis entwickeln, egal, ob re./li.",0
@AfD_Support Wird den mehrheitlich deutschen Schüler*innen auch den Ramadan nähergebracht?,0
@anna_IIna Arbeitsbeschaffungsmaßnahme für alte ausgediente Taugenichts-Politiker...für welche Tat auch immer sie diese Belohnungen kassiere....,0
"Merkels Niveau reicht nicht einmal für eine EHRLICHE Diskussion mit einer Putzfrau, Lug u Trug zeichnen eben einen verkommenen Charakter aus",1
"Wieviele Suren des Korans Bedarf es um zu zeigen,das der Islam sich nicht Refomiert hat? Er ist Rassistisch und Frauenfeindlich.Punkt...",1
@PhiKuro Bitte meinen Namen hier herauszunehmen!,0
"Hetze, Wahlbeeinflussung in den USA u. GB, DAS IST DIESES SCHEISSLAND!!! Ach so, aber der Putin ist ja SCHULD 😂😂😂",1
@erik_fluegge Andra moi ennepe Mousa! Leider habe ich keine griechischen Buchstaben! :-),0
"Was mir Sorge macht ist, in den MSM erscheint immer häufiger und gaaanz beiläufig die Meldung sinkender Flüchtlingszahlen und die bescheuerte Pseudokanzlerin hätte ja Recht behalten ! ???? Gehts noch ihr Lügen-und Lückenmedien! Gott was für ein verlogenes System !",1
@twittonium @schneeridara viel gefährlicher ist Oberdummzicke Sheitan Chebli,1
"Ich muss mich von ungebildeten, überbezahlten politischen Phrasendreschern nicht als Nazi, Pack, oder Populist bezeichnen lassen!!!",1
@PeterS16649683 @MiriamOzen Von wegen Sport sollte neutral bleiben...😃😃 |LBR| Wer zum Henker denkt sich sowas aus...,0
Ich glaube in Deutschland gibt es mittlerweile mehr Volksverräter als Patrioten.,1
"Ausländer, die 1 Jahr lang keine Arbeit annehmen, müssen dorthin |LBR| zurück, wo sie herkommen. Das Gesetz fehlt in Österreich.",0
@Christ_Rose_ddb Gerne! Echt gutes Buch - erschien in Graz 2007,0
"@AfD_Bv_HH_Nord Man braucht keine neuen Parteien gründen, nur die vorhandenen zielgerichtet zu unterwandern, die Übernahme regelt sich dann😜",0
"@Varg_I_Veum Ich gehe gar nicht auf Facebook. Absoluter Spionage Verein. Renate Künast zeigt jeden persönlich an, der dort Fakten benennt, z.B, dass sie ... nicht soooo schön ist.... (Nachzulesen ihre Anzeigen in ""Hass ist keine Meinung"")",0
"@petpanther0 @machtjanix23 @troll_putin @AthinaMala @info2099 @lifetrend @ThomasGBauer @SchmiddieMaik @charlie_silve @NoHerrman @willjrosenblatt @feldenfrizz @nasanasal @_macmike @ellibisathide @MD_Franz Die Operation zur Wiedervereinigung hieß ""Operation Luce"" und wurde 1986 u.a. von Cond. Rice unterzeichnet - diese ist Mitglied der Ur-Loge Hathor pentalpha. äußerst reaktionäre Loge.",0
@janboehm Dann bleib am besten dort du linker Heuchler!,1
@FOJ45360104 @Papier451 Bei einigen Promis zeigt sich das sie entweder zu viele Schnaps Pralinen gefuttert haben oder was wahrscheinlicher ist eine Gehirn Prothese tragen.,1
"Wir haben Millionen arme deutsche Familien mit Kindern! Wir haben eine immer drastisch werdende Altersarmut, durch Minirenten! Und trotzdem Millionen Sozialtouristen in UNSER Land lockt! Wir lassen trotzdem einen deutschfeindlichen Teufel Merkel zu, die dies zu verantworten hat!",1
@Pxg96fcb @lawyerberlin Laut Gutachten ist es Verfassungswiedrig,0
"@Spekulant1 @SZ @EveRoll ich zitiere sie mal, falls sie es vergessen haben sollten: |LBR| ""Würde Frau Roll oder SZ das auch bei der oft zu beobachenden identischen Situation bei CDU/SPD/Grün/Links schreiben?"" |LBR| wie soll ich das also beantworten? und damit guten abend.",0
"@anna_IIna Gibts bestimmt schon ein Patent drauf - wie bei Ebola und Aids - bereits Jahre vor ""Entdeckung"".",0
"@DanielSeuffert @vertig0nix Jetzt sind wir uns einig, die Kostenkalkulation ist ein sehr wesentlicher Planungsbestandteil. 😜",0
"@ainyrockstar @welt Ich finde Zynismus bei diesem Thema geschmacklos. |LBR| Vielmehr beschäftigt mich die Frage: Was tue ich gegen dieses himmelschreiende Unrecht? |LBR| Der Staat unternimmt nichts, wie auch bei Dauerkindesmissbrauch #Kinderehen. |LBR| #Frauenmarsch mit #LeylaBilge",0
@citoyen_lauris Z. B. Weisser Ring. Einfach mal googeln. LG!,0
"Bin in Hamburg und komme mir vor als hätten sie Afrika und die Türkei zusammengelegt. Fürchterlich, ich möchte wieder aufs Land.",0
"Widerlich. Sie zeigen die nackten Brüste einer Frau. Ich habe Sie aufzufordern, das Bild sofort herauszunehmen. Ihr scheinheiligen Schmutzl.",1
@HovelsHorst @dushanwegner Genau...und wenn das noch niemand glaubt dann kommt Trump ins Spiel....,0
Die Maut ist mit der SPD beschlossen! Wo war Schulz? #TVDuell,0
"@megatwingo @eysvog3l Was meinst Du wie lange es braucht, dass Twitter von diesen vermeintlich meldewürdigen tweets von meldewütigen pussies dermaßen den Papp aufhat.Die Sperre solcher siffmoralischen Dauermelder wird kommen,-da bin ich sicher.Und dann gnade ihnen Twitter-Gott.😉 |LBR| #NetzDG",1
@SPIEGELONLINE Merkel ist die größte Versagerin der Weltgeschichte!!!,1
"WANN ENTSORGT DEUTSCHLAND ENDLICH SEINE VOLKSMÖRDER ??A.Merkel,H.Maas,K.Göring E.,Paket Grüne,D. Nuhr,C. Ehring,M. Schulz als bevorz.Beisp.!",1
In Deutschland werden Verbrecher geschützt und Opfer bestraft.,0
Mit der CSU wird es keinen Islam-Feiertag geben.,0
#illner schöne Demo was News und FakeNews sind. Die Türken sagen sie sagen die Wahrheit. Wir sagen die Türkei lügt. |LBR| Was ist wahr?,0
"Zum ersten Mal wieder deutsche Nachrichten gehört, gleichzeitig laut gelacht u. den Kopf geschüttelt, über so viel Doppelzüngigkeit 🤢",0
"@ZimonJames Auch wenn sie schon im Aufruf ausgeladen wurden: Dass viele Rechte sich für große Islamkritiker*innen halten ist doch nichts Neues? |LBR| Warum sie das in der Regel eben nicht sind, wurde in den Reden benannt. Aber zugegeben: Das haben sicher manche der Angesprochenen nicht verstanden.",0
"@AntaroTV Ja, weil Merkel dann abdeschossen wäre, wenn so ein Unding zustande käme, wäre wohl Voraussetzung für Koa. .",0
"@ModonaiGoldberg Darling, in der öffentlichen Presse findet man leider keine Wahrheit mehr zur Realität. Fahr mal hin. Ansonsten schicke ich dir Bilder von aktuellen Anti white Demos... Ich habe Verwandschaft dort. Jeden Tag einer weniger in deren Freundeskreis... Grund: Überfälle",0
"@IngoFunke @VeroniqueBantau @AndreZeven Weil wir, wie einfach herauszufinden ist, eine Organisation sind, die sich f. die Rechte von Flüchtlingen und Migranten in Deutschland &amp; Europa einsetzt. Und da unsere Unterstützer*innen dafür spenden, geben wir unsere Mittel satzungsgemäß auch dafür aus. Eigentlich ganz einfach.",0
@RolandTichy @Asansoer35 Aber unabhängig und mit Lebenserfahrung 😜,0
@BlauekeP @anna_IIna Und das sagt gerade eine pubertierende Pickelplantage....heiligsblechle...😃😃,1
@BonkeKolja @BILD Sofort alle Hämmer verbieten! 👍 😛,0
"@AdolfGlunz @Germanbub @Tomsch24 @Georg_Pazderski Uns wundert, dass Sie ausgerechnet bei den Schwächsten in dieser Gesellschaft sparen wollen und mit keinem Wort die Steuerflüchtlinge erwähnen, durch die uns hunderte Millionen verloren gehen, die wir gut gebrauchen könnten, um in Bildung zu investieren.",0
@anna_IIna Die Jana....sie hat nicht nur ein großes Herz....,0
@Beutebadener @bingowist @KotzenderStern Ich Interesse mich nicht dafür was ein Multikulti in der TL hat,0
Deutschland Erwache aus deinem Schlaf,1
"Dummes Gelaber, Kern. Kurz stellt sich nicht gegen die Italiener. Er |LBR| will nur 200.000 Invasoren nicht nach Österreich einreisen lassen.",1
"@rudifussi Hmm ... wo sind denn diese ""#Flüchtlinge"" überall ""um ihr Leben gelaufen""? In der #Türkei, in #Griechenland, in #Mazedonien, #Ungarn, #Serbien, #Kroatien, #Slowenien, etc., etc., ...? Meiner bescheidenen Meinung nach ALLES tolle Urlaubsländer!",0
"@werthvoll Nein zu sagen, zu wertloser ""Nahrung"",  ob für Körper, Seele oder Geist erfordert Disziplin.  Aber es lohnt sich!!!",0
"@DeutschPI Wenn ich ""Ralle"" höre oder sehe, dann empfinde ich förmlich die Auswirkungen von ""Lochfraß"" im Hirn (BSE) 😜",1
"Anne Will, verbergen Sie nicht ständig Ihren Mund mit den |LBR| Händen, wenn Sie glauben, besonders intelligente Fragen |LBR| zu stellen. Gefragt ist ein offenes Visier.",0
#spdbt2017: @Martin Schulz beginnt mit Rede 8 Minuten früher als geplant. Anders als am 19. März ging keine Zeit durch Jubelarien verloren. As time goes bye ... @spdde,0
@joergprante @Volker_Beck Trump eskaliert also indem Iran sein Raketenprogramm ausbaut? Interessante Weltsicht,0
"@CroqiSunshine @Caro22one Wer much persönlich beleidigt,  oder gar droht wird auch bei mir geblockt. Andere schalte ich auf stumm. So einfach. Wer sowas schreibt, offenbart doch nur seine innere Verzweiflung und Dummheit.  Dass eine Grünenpolitikerin sowas nicht versteht. |LBR| Ach ja: nur bei Deutschen nicht",1
Die #SPD ist der Steigbügelhalter von Angela #Merkel. |LBR| #illner,0
@20piraten @piratringwraith Leider nicht: Es mussen heißen beim ...,0
ARABER TÜRKEN WER SICH MIT SOWAS EIN LÄSST KANN NUR HURE SEIN.,1
Die Hintergründe des schrecklichen Verbrechens in #Barmbek müssen sorgfältig aufgeklärt und der Täter konsequent bestraft werden. (2),0
#Altkatholisch|e #Synode stimmt Antrag zu: bei Anlage von kirchlichem Vermögen müssen ethische Kriterien berücksichtigt werden #aksynode16,0
"@RegSprecher Unfassbar!!!! ZDF Journalist Wolfgang Herles: „Wir müssen so berichten, wie es Frau Merkel vorgibt“",0
Das war's! Danke allen Teilnehmer_innen und Besucher_innen für einen tollen HAMBURG PRIDE 2013! #HamburgPride ^ml,0
"Asylant zu mir. "" Ich habe noch nie so dumme Menschen wie die deutschen gesehen"" |LBR| Da kann man sagen was man will, aber recht hat er.",0
@micha @fneuhann Ein sehr solides!!! :-) Aber keine schleichwerbung!,0
Die deutschen können noch nicht einmal über ihren eigenen Untergang abstimmen. Was immer auch die Obrigkeit beschließt die meisten Deutschen nicken dieses kommentarlos ab. |LBR| Armes Deutschland!,0
@NichtMengele Dein wievielter Bann war das jetzt Kamerad,0
"@Juergen_Fritz Solche aussagen kommen zurecht, wenn man Träger einer Gehirn Prothese ist.",1
Kandidaten für Schöffen werden bei acht Enthaltungen ohne Gegenstimmen gemeinsam gewählt - #aksynode16,0
@gernot_t @RegSprecher Ihre Doktorarbeit war ein Fake!!,1
@Joemino @Boelscheline Wir dürfen Deutschtürken nicht ernst nehmen....machen die Türkeitürken auch nicht... |LBR| @oezoguz ...sie geben mir recht..?,0
"@FOCUS_TopNews 😳Trümmerfrau? Hiess es nicht vor geraumer Zeit, die Türken hätten Deutschland aufgebaut? Jetzt bin ich aber etwas verwirrt!",0
@pinselpoetin Vielleicht hat sich alles aufgeschaukelt u. vor lauter Wohlstand soll der Blich für`s Wesentliche immer mehr vernebelt werden.,0
Der Täter is Deutsch-Iraner. Und der Polizeisprecher?,0
@anna_IIna Es wird von Tag zu Tag absurder.....,0
@zeitonline Ich fordere die Inhaftierung von der Volksverräterin Merkel!!,1
@winfootball @morgenmagazin @L_vonMontfort weil merkel ja auch schon so oft im moma war... manmanman... 🙄,0
@IAMMASCHO Was für Rassistische Äußerungen kannst du mir da ein Beispiel aufzählen,0
"Gabriel ist skeptisch. Er widerspricht. Aber Alternativen hat |LBR| er nicht. Ein völlig unnötiger ""Gnadenbrot-Außenminister.""",1
@Juergen_Fritz @krippmarie Ich will erst garnicht wissen wie es um die 🇺🇸korrupte Politik steht....dagegen sind wir wohl Lämmer...! |LBR| Aber das diese Machenschaften nach Kohl kein Ende fanden ist ja wohl klar,0
@MiriamOzen EU stand einst für Wohlstand und Sicherheit Europas...durch korrupte Bänker verloren wir das eine und durch korrupte Asyl-Politik das andere,0
@333dersim @ExilMengele @Mica4711 @raz_u Verzieh dich keiner interessiert sich für deine Meinung,1
"@haasmuch @bine1007 Nicht nur für die Deutsche Demokratie, sondern auch für den Frieden in Europa und der Welt!",0
"@petpanther0 JA ja und die Türken haben auch Deutschland nach dem Krieg aufgebaut !So ein Scheiß wollen die einem verklickern! Anstatt mal was für Trümmerfrauen zu tun, die in 3 Jahren das geschafft haben wo Experten 30 Jahre für veranschlagt haben! Nur,Trümmerfrau=Arbeiter.Nix für SPD !",0
@ellibisathide Seit wann berichtet die Bild so einwanderungskritisch? Will man Aufstände provozieren?!,0
@Hartes_Geld Jerusalem war immer die Hauptstadt Israels. Das ist genau so sicher wie die Hamas und die Palästinenser schon immer Terroristen waren. Wir stehen hinter Israel da unsere Vorfahren ihr Leben dafür gelassen haben. Solidarität mit Israel.,1
"Wen immer die @CSU heute als Seehofer-Nachfolger nominiert hätte - das Medienecho wäre negativ gewesen: zu tricky, zu lahm, zu lieb oder zu unbekannt. Bei @Markus_Soeder haben es die Unions-Gegner freilich am einfachsten. #Feindbild",0
@smashjulian @tagesschau Bei Trump ward ihr ja auch sehr schnell dabei! |LBR| Ist jetzt auch Marcon schuld?,0
An der DE Handball Nationalmannschaft können sich die Fussball Millionäre ein Beispiel nehmen alles Bio Deutsche u singen alle Nationalhymne,0
Heute ist der Tag des Spickzettels. |LBR| Wann gibt es eigentlich den Tag der Idioten?,0
Der Kanzlerkandidat Schulz ist 2 x sitzengeblieben und hat keinen |LBR| Schulabschluss. Im Grunde ein unwürdiger Geselle für das Image |LBR| der SPD.,1
"@info2099 @AthinaMala @pseudros @machtjanix23 @troll_putin @lifetrend @ThomasGBauer @SchmiddieMaik @charlie_silve @NoHerrman @willjrosenblatt @petpanther0 @feldenfrizz @nasanasal @_macmike @ellibisathide @MD_Franz Einzigartig auf Twitter - die Trolle in Massen sitzen in D - sonst weltweit nirgends - lässt tief blicken, der ""Staat"" ist am Ende.",0
"@OfficeRolando @Blechliesel Viel Hass Zorn, obgleich dies nielmals die Lage verbessert, sondern den Betroffenen mehr belastet. Es gab übrigens eine Muslima unter Toten; jeder Tote ist ein Toter zu viel und ein Anschlag auf uns alle. Den Hinterbliebenen, wie ich selber erfahren konnte, ist dies sehr bewusst",0
Unbedingt folgen: @Tweeting1897 ab heute in Echtzeit vom ersten #Zionistenkongress in Basel vor 120 Jahren. Ein Projekt von @IsraelMFA,0
"Merkel redet grad mit Kennerblick von |LBR| KÜNSTLICHER INTELLIGENZ |LBR| Werte Bunteskanzlerin, |LBR| wie wäre es denn zur Abwechslung mal mit |LBR| MENSCHLICHER INTELLIGENZ |LBR| ??",1
@AdolfGlunz @Germanbub @Tomsch24 @Georg_Pazderski Wen meinen Sie denn mit Deutschen? In dieser Gesellschaft hat jeder 5. einen Migrationshintergrund.,0
"Ich nehme mir die FREIHEIT anders zu denken als dieser korrumpierte, verlogene BERUFSPOLITIKER-MÜLL, der sich die Taschen vollschaufelt 😜",1
"@Marcel02935041 @Riedegost Da Merkel das weiß, denn sie hat in RU studiert, hetzt sie mit allen Mitteln gegen Polen, RU, Ungarn usw.",0
FDP ist wieder im Wischiwaschi-Modus. Eine Zweitstimme für d. Lindner-Partei ist eine Stimme gegen die Leitkultur und gegen die Obergrenze.,0
EU ist die Sozialisierung von Ländern. |LBR| Die Länder verarmen wie in der UDSSR die Menschen |LBR| Nur die EU Bonzen ( wie früher die SowjetBonzen) profitieren. |LBR| Die Völker verarmen bis zum Zusammenbruch |LBR| (Wie beim Kommunismus) |LBR| Die Ost-Länder spüren das und Leiste Widerstand,1
@NeudF Hast Du nichts anderes drauf?,0
Medienberichten zufolge erlitt Israels ehem. Präsident Shimon Peres Schlaganfall und befindet sich im Krankenhaus. Zustand ernst. #Israel,0
"Ist noch jemanden aufgefallen, das bei diesem ARD Abklatschsender Phönix, die DDR und deren SED-Führer immer mehr als Supertolles System hingestellt werden ??? Schreiben die MAUERMÖRDER nun die Geschichte um ?? Merkel und Schulz müßen politisch beseitigt werden!",1
@Hartes_Geld @Rebellin70 Ui....gegen die Beamten wird bestimmt ermittelt....Entschuldigung und Schmerzensgeld die Folgen...!,0
@karlheppner @FfFrauki Das kann schon stimmen...49% von den gewählten 29%...und die Rechnung geht auf...ok würde aufgehen aber soweit lassen die es nicht kommen...,0
"'Gott' will das man ihn findet, vielleicht sollte er sich endlich dazu entscheiden zu existieren.",0
@happyhaidrich3 @Beutebadener Bin zwar rechts aber kein nazi und das wissen auch die meisten auf sifftwittter,0
@EQTcafe @Ralf_Stegner Hier haben einige Politiker richtige abgesahnt.... |LBR| Und der Oberguru Maschmayer macht jetzt einen auf Fernsehstar...und produziert seiner alten b-Movies |LBR| 😃😃,1
"Bei aller Skepsis gegen GroKo(die ich teile)+Kritik an dem was in Sondierung erreicht bzw.in KoA-Verhandlungen erreichbar ist: |LBR| Ergebnis von Sturzneuwahl könnte leicht Albtraum mit gestärkten Rechten+(Kurz)Programm nach Österreichvorbild durch Spahn,Dobrindt&amp;Liste Lindner werden.",0
@anna_IIna Tausende Menschen..'? |LBR| Das sind nur ein paar Jungs und Mädels ohne Plan die pöbeln wollen ...die wenigstens bringen einen vernünftigen Satz heraus... |LBR| Deutsche Peinlichkeit,0
"Gleichzeitig gehen Infos ein, dass Türken nun militärisch in die im Korridor gelegene von der YPG gehaltene Stadt Manbij einrücken wollen!",0
"Erdogan: Alle Türken, die mit ja gestimmt haben sind demokratie- |LBR| feindlich. Die österr. Staatsbürgerschaft muss ihnen entzogen werden.",1
Deutschland schafft sich langsam ab...nix neues wollte es aber mal gesagt haben,1
"@volksfahrraeder Es beleidigt mich, dass du der Auffassung bist, dass ich mit diesen deutschen #Neonazis sympathisiere! »Ohne Prüfung der Fakten«? In meinem Retweet kritisiere ich diese Antisemiten! Und für dumm hälst du mich auch noch? Natürlich weiß ich, dass die #Antisemitismus verbreiten!",0
"@hab_mein_nick @MiriamOzen Scheiss Messer...echt ne linke Sache, aber ich gehe auch nicht ohne..!",0
@elfiold @BILD Selbstverständlich. There is no bad publicity.😛😘 |LBR| Bei den Daten würde ich allerdings Fake News bevorzugen - du weißt schon #Antifa,0
@Beatrix_vStorch @Frank_Pasemann Das war eines von vielen lächerlichen Aussagen unserer Merkel....einfach unterirdisch |LBR| Diese Frau gehört da nicht mehr hin....!!,0
@krippmarie @jensspahn ..da versucht ein weiterer Überflüssiger sich vorzudrängeln ..?..😂😂,1
"#Bischof Dr. Matthias Ring: ""Glaube ist ein tägliches Prebiszit ... ich muss mich jeden Tag neu bekennen"" - #aksynode16 #altkatholisch",0
"@Jazz_z_y @3510LWL @DLFNachrichten @DLF Gerade deswegen textete ich ""ein Mensch"". Auch ich kenne einigen Türken und kann differenzieren.",0
"dpa: ""Wie können wir uns vor Terror schützen?"" Kann ich Euch sagen, Murksel und die gesamte Berliner Muschpoke im September abwählen 😜",1
"Gegen diese Horden helfen doch nur noch Gummigeschosse auf |LBR| die Birnen, sonst überfallen sie uns rücksichtslos in unseren Häusern.",1
@S_Inez_Aust dir ein schickes wochenende 👍,0
#Asylanten Leben in #Deutschland wie die Made im Speck. Obdachlose müssen morgens um Punkt 8 Uhr die #Notunterkunft verlassen und raus in die Kälte hungern und frieren. |LBR| Da wünschen sich doch viele #Obdachlose #Asylanten zu sein.,1
"@tweetkracher @Epanastatis04 In einem deutschen Rechtsstaat, säße er hinter Gittern!",0
"@hortarimar @Georg_Pazderski Wir sind Bürger*innen dieses Landes. Gewöhnen Sie sich daran und lassen Sie uns gucken, wie wir eine gerechte und friedliche Gesellschaft gestalten können.",0
"@KokoLores20 @Renft1964 Diktator Merkel und Laber-Seehofer geht es keinesfalls darum, das Deutschland eine stabile und verantwortungsvolle Regierung bekommt! |LBR| Ihr Bestreben ist, die einzige demokratische und deutschfreundliche Partei Deutschlands AfD",0
"@anna_IIna Ja, die hätten besser ihre Pässe wegwerfen sollen, dann wären sie bei Merkel willkommen gewesen!!",1
"Rätselhafte political correctness: Sportjournalistin wird gekreuzigt, weil sie vom ""inneren Reichsparteitag"" spricht, was historisch Witz über Nazis war. Aber alle Politikjournalisten sprechen von ""Nacht der langen Messer"", was Nazi-Euphemismus für Säuberung der SA-Führung war",0
"@Strandfloh13 @mangor147 @MalteKaufmann Von solchen Menschen wie der Uli..oder die Uli...habe ich Panik....kompetente Luftpumpen. |LBR| Die Funktionsweise ist bekannt, hinten draufdrücken damit vorne ein fffftttt entsteht...😃😃",0
@AltarUndOrgel Stimmt - vielen Dank für den Hinweis!,0
"Jede Meinung ist wichtig,jeder hat das Recht zu demonstrieren. Aber:Gewalt darf niemals Mittel der politischen Auseinandersetzung sein. #G20",0
Europa versagt auch bei Rückführungen. Aber Deutschland versagt bei |LBR| Einreisekontrollen. Unberechtigte müssen zurückgewiesen werden.,0
Flüchtlinge abschieben ist wichtig und richtig liebe Kameraden,1
Nach dem Zieleinlauf des #HamburgPride am CSD-Straßenfest: Jetzt um 17 Uhr Kundgebung auf der #CSD-Bühne am Jungfernstieg! #kommtmituns,0
@NZZ Für aufarbeiten ist keine Zeit...sie wird die kommenden 4 Jahre entweder nicht durchstehen oder nicht überleben...!,0
@dunjahayali @amazonDE Nahles kann nichts und wird niemals etwas können....@SWagenknecht fordert dieses bereits seit Jahren... |LBR| Wer glaubt das Merkel ohne Provisionen handelt der irrt gewaltig,1
"@GenKuchen @Gl_owwyrm @Tenreccc @magda_albrecht Und welchem Zwang genau werden Sie jetzt unterworfen? Das BVerfG hat nicht geurteilt, dass jetzt alle Menschen non-binary sein müssen. Ihnen wird also nichts genommen. Persönlichkeitsrechte gelten auch für einzelne und nicht nur wenn die ""Mehrheit"" das toll findet",0
Jetzt warte ich nur noch darauf bis sich der Grüne Anal Ritter Volker Beck zu Wort meldet. Aber der Pudert sich gerade die Nase. :-),1
Die dort oben haben nix verstanden. Pöstleserhalt statt Demokratie. Erneute GroKo war vom Wähler nicht erwünscht.,0
"@DirkHafermann Grüner Scheiss ,wer sitzt hat keine Rechte mehr!",1
"@Paeulchen Genau aus diesem Grund sollte sie es wissen, übrigens reichen auch Kenntnisse über ""Das Kapital"" von M/E, od. wer war Nutznießer zweier WKe?",0
@tal_initiativen @CrossSolidarity @LawTroll Ist das so? Und wieso nicht 25b für die Eltern?,0
@AhmadMansour__ Morgen Seite 2 in der WELT. Genau den gleichen Gedanken hatte ich auch.,0
@NoHerrman @AfD @ZDFheute @hartaberfair @maischberger @BILD Ich kann so was garnicht fassen. Was ist das nur für ein krankes Pack. |LBR| #MuslimBan,1
"@nasanasal @SJW_MadBunny @machtjanix23 @Steffmann45 @troll_putin @petpanther0 @mastermikeg @Norbinator2403 @ennof_ @AthinaMala @NancyPeggyMandy @info2099 @lifetrend @ThomasGBauer @SchmiddieMaik @charlie_silve @NoHerrman @willjrosenblatt @feldenfrizz @_macmike @ellibisathide @MD_Franz Das schreib ich schon seit gestern. Bitte blockieren, nun kam der nächste aus dem Untergrund - tja, nicht alle Ratten leben in der Kanalisation",1
#Synodalvertretung und #Finanzkommission werden auf Antrag der Rechnungsprüfer ohne Gegenstimme entlastet - #aksynode16,0
@thinkpunk gerade am ludwigplatz vorbei Richtung Zirkel und BVerfG,0
"Wir laden ein: Vortag ""Das Konzept 'sicherer Herkunftsstaat'"" mit RA M. Kabis. 08.03., 19 Uhr, Bahnhof Langendreer, Bochum.",0
@welt Ein Heuchler vor dem Herrn genau wie IM Erika.,1
"Den Altparteien geht es nicht darum die Probleme des Landes zu lösen sondern ihr ganzes wirken ist , die AFD mit allen Mitteln zu bekämpfen",0
"@Riedegost @m_zentralrat @der_zmd Das kann ich Dir sagen, NICHTS, nur die Haltung schwachsinniger Politiker 😜",1
@IAMMASCHO @RAIMINEM Nicht mit Nazis reden klingt schon ziemlich linksradikal man.sollte doch in einer Demokratie jede Meinung sich anhören hmm...,1
"@isoldethomas Ich als 45jähriger Zeitungshersteller werde dafür sorgen, das solche deutschefeindlichen Arschlöcherwie Jörges vom Medienmarkt verschwinden!",1
@BlauekeP @anna_IIna Was für eine hohle Type....😂😂,1
@MiriamOzen OMG.....was für eine ekelhaft häßliche Frau..dieses Gesicht nur auf dem Boden einer Mülltonne zu gebrauchen...!,1
"@Calineczka505 Richtig, nur diese ""böse Stiefmutter"" hat keine eigenen Kinder und dient ausschließlich dem Mammon 😜",0
#FakeNews: Jetzt die übliche #Hetze der #MSM-Journaille gegen die #FPÖ in der #ZIB2 #orfsg17,1
"@machtjanix23 @Norbinator2403 @ennof_ @AthinaMala @troll_putin @NancyPeggyMandy @petpanther0 @info2099 @lifetrend @ThomasGBauer @SchmiddieMaik @charlie_silve @NoHerrman @willjrosenblatt @feldenfrizz @nasanasal @_macmike @ellibisathide @MD_Franz Wollen Sie weiter bei Twitter bleiben, -ich frag nur - wegen des :""Sie widerwärtiges Subjekt""",0
"@L7250402 @RGutmensch Peinlich ist eher, dass Sie offenkundig einfach nicht wissen, aus was unsere Arbeit genau besteht. Wir betreuen keine Flüchtlinge. Wir haben einzig eine telefonische Beratung &amp; einen Rechtshilfefonds. Und zwar beides schon seit vielen Jahren, auch vor dem Anstieg der Zahlen.",0
@BejuBinich Niemand will sie und trotzdem sind sie noch da....😃😃,0
Ein Witz. Jetzt wird Seehofer für die Schlappe von cdu/csu verantwortlich gemacht. |LBR| Nur die #Merkel ist Schuld an Überflutung &amp; AfD Erfolg,1
Mit einer Minderheitsregierung hätten wir so viel Demokratie wie wir noch nie hatten.,0
Nach einer Debatte über die Zukunft der #DIG und des #JuFo besuchen wir nun eine Ausstellung im Anne-Frank-Zentrum #Israelpedia #Frankfurt,0
@Sarastra @aufklaerer2017 Nein sie kommt mit allem durch...niemand wird sich auflehnen oder aufbegehren....das sind keine deutsche Tugenden mehr..!,0
"Morgen Ballhausplatz, Kundgebung „Menschenrechte kennen keine Grenzen“ Wir sind auch dabei!",0
"Wenn ein Sprachkünstler wie Wolfgang #Thierse zuschlägt und in @infoammorgen von ""Entheimatung"" spricht und ""Konsense"" anmahnt ..... @DLF",0
Umweltschutz &amp; Klimaschutz werden enorm an Bedeutung gewinnen. Wir können beides: Wirtschaft &amp; Umwelt!,0
"@ronaldlaessig Typisch Scholz, ich meine, es ist keine Frage des ob, sondern wann und wo - leider.",0
"Trump lässt die Hose runter &gt; Flugverbotszone in Syrien. Nur, um sich mit RU anzulegen, dafür ist sein Schwanz zu kurz 😜",1
@jeanvansta @maischberger @sebastiankurz wir sind bei politikern in der regel keine abfrager. sorry.,0
@RegSprecher Diese Volksverräterin ist nur noch zum kotzen ich hoffe das diese .... bald verreckt und zwar von ihren neuen Deutschen hingerichtet wird!!,1
"@Frank_Pasemann @FfFrauki Fragen sie doch beim größten Drogenhändler der Welt, das CIA an, die vermissen es sicher schon 😂",0
"Heute läuft um 20.10 Uhr auf @DLF das Feature ""Der Musterflüchtling"" von @JMarrenbach über Ansprüche von WGs in unserer Vermittlungsarbeit",0
"@jonworth @RobertHabeck @grafwer Lieber @jonworth, was willst du? Was ist dir wichtig? Ein starker Vorsitzender mit Ideen, dem die Leute auch ausserhalb der Grünen zuhören? Oder bloss keine Ausnahme von der Regel?",0
@helmut_hedrich Bleibt zu hoffen das die Besitzerin ihr Hausrecht durchzieht und wenn sie jedem einzelnen Goldjungen den Zutritt verweigert!,1
"@schweizerguy @Frank_Pasemann @AfD Dann soll sie zuhause bleiben und ihre Pension genießen,kriegt ja genügend 🤑",0
"@TomSchreiberMdA Ja klar, und von Dohnany offenbar auch! 😉",0
"@SteinbachErika Aber kaum einer traut sich das Maul aufzumachen. ""Echte Demokratie""!😃😂😂😛😛",0
"@Papier451 Früher haben wir den Ostblock als Feind gesehen. Heute sind sie die einzigen, die sich gegen die Willkür der EU stellen, und nein zu Merkels Asyl Wahnsinn sagen. Lieber auswandern als weiter Leiden.",1
"@pseudonymphe @anked @RegSprecher Wir von @FlchtlngWllkmmn warten auch darauf,dass endlich einer der großen Politiker*innen Stellung bezieht",0
"@Magoorooma Wir ""verdienen"" uns keine ""goldene Nase"", wir finanzieren uns durch Spenden &amp; daran, dass Leute unsere Arbeit freiwillig unterstützen, werden auch Hetzer wie Sie nichts ändern können. |LBR| PS: Natürlich lohnt sich ""Gutsein"", aber das hat nix mit Geld zu tun. Probieren Sie's mal aus.",0
"@FroehlichKaiT Doch, sie hat Ahnung. Aber die ehrliche Antwort wäre: deutsche Unterschicht, Rentner, Alleinerziehende, Obdachlose sind ihr letztendlich egal. Hauptsache Refugees welcome und keine Grenzen.",0
"Ich finde es lustig, wie Merkels Besuch in PL in dt. Medien schön geredet wurde. In Wahrheit bekam sie dort klar ihre Grenzen aufgezeigt 😂😂😂",0
@ACichowicz Auch ein Merkel Vasall der das sagen muss was diese Volksverräterin vorgibt!!! Lügenpresse!!!,1
"@ndaktuell Es fehlt nur noch ,dass unsere Kirchen zu Moscheen umgebaut werden",1
@ulfposh @welt Ich schau die ganze Zeit dies Foto an. Ist wie Frauentausch bei RTL II. Grausige Faszination.,0
"Herzlichen Glückwunsch an Detlef Tabbert @georgdetlef zu seiner Wiederwahl als hauptamtlicher Bürgermeister in #Templin im ersten Wahlgang mit 61,1% @DieLinkeBrdburg @dieLinke",0
"@BILD Das geschieht wenn Aussagen gemacht werden die Merkel nicht passen!! ARD,ZDF und wie sie heißen sind Vasallen Merkels!!",1
@AndreasRiegerAr @tagesschau Weil ihr nur darüber berichtet was Merkel euch erlaubt! Diese Aussage kommt aus euren eigen Reihen!!! Das gab es zu Hitlers Zeiten schonmal!,1
@AfD_OF_Land Meinungsfreiheit Redefreiheit....sollte insbesondere für Frau #Roth eingeschränkt werden.... |LBR| Mir fallen aber auch andere Namen ein...,1
"Wir sind schön, genauso wir sind! Vanja / #dritteoption goes Bundesverfassungsgericht",0
"Mit Anti #Doping Gesetz haben wir in D klares Signal gesetzt. Gut, dass dt. Verbände international weiter Druck machen. #DFB #Grindel #Fifa",0
@ZDFheute Einer der sehr wenigen Politiker in der EU der intelligent genug ist um die Gefahr zu erkennen. Für souveräne freie Länder in der EU und das Ende der Diktatur und inkompetente Politiker sowie deutschfeindliche Medien.,1
"@fbluecher @IsidorMeyer1 @knebel99 Was die ""perfekt"" ausgerüstete Wehrmacht im Winter 41 nachhaltig unterstrich 😜",0
@philippvetter @welt Merkel geht auch davon aus das sie Hundert wird!!!,0
Ich bin für Islamkindergärten -in islamischen Staaten. In Österreich |LBR| bin ich für österreichische Kindergärten. Wo ist das Problem?,0
"@FroehlichKaiT Integration ist eine Frage der Mehrheiten und der Motivation. Vor 30 Jahren integrierte man sich noch, Wer Deutschland liebt tut dies auch. Aber seit 20 Jahren schwebt den Parallelgesellschaften und den linksgrünen Deutschlandhassern eine andere Gesellschaft vor ...",1
"Lese od schaue Nachrichten, du wirst belogen. Gehe zur Bank, kaufe ein Auto, od Ware im Supermarkt, du wirst betrogen. DIE ERFOLGE DER CDU😜🤢",0
"@dejancrosic Dir auch - schön, dass zwei Ausländer es begriffen haben!",0
"@pinselpoetin Da fällt mir spontan der Titel ""Die Gedanken sind frei"" von Milva ein. Diesen und ""Zusammenleben"" mag ich besonders. 😳",0
"Das Junge Forum der Deutsch-Israelischen Gesellschaft auf Twitter: |LBR| Bundes-JuFo: @JuFoDIG |LBR| Berlin: @JuFoDIGBerlin |LBR| Augsburg: @dighgaugsburg |LBR| Ruhr: @JuFoRuhr |LBR| Und ganz neu, Passau: @JuFo_DIG_Passau",0
Jäger erschießt Pferd - weil er es für Wildschwein hielt Darum brauchen BRD-Jäger auch Warnwesten u. küssen im Wald ist gefährlich 😜,0
@helmut_hedrich Werden die Namen überführter Museldiebe auch sofort veröffentlicht ??? Wann wird unser Land geheilt von RotGrünenMuselmist !,1
"@elfiold Elfriede, Sie sind ganz schon frech heut am Dienstag. Aber ich tue es!!! In der @Bild. Cover. Mit Adresse und Telefonnummer!!",0
@sternde Es gibt für alles Grenzen im Leben. Die hat Penny hier überschritten. Verdienter shit storm,0
@anna_IIna Kriegen diese Schmarotzer alle Stütze...?,1
@MrMacsimon fröhlicher gruß aus der hauptstadt simon 👍,0
Man hat sich verkauft- #SPD koaliert mit #CDU . |LBR| Ich geh dann mal erbrechen.,0
"Es kotzt mich an und bringt mich selbst zum kotzen, wenn Özdemir, oder wie immer der geschrieben wird, von PATRIOTISMUS redet oder sich über DEMOKRATIE ausläßt!",1
"Deutschland braucht junge patriotische Politiker und nicht verstaubte, antiquarische, unfähige #Altparteien.",1
"@Joerg_Meuthen @Renft1964 Merkel will uns Deutsche, egal mit wem unbedingt im unumkehrbaren Untergang bugsieren! Und Deutsche Idioten interessiert nur wie irgendeine Söldner-Liga gespielt hat!",1
@diMGiulia1 Ich dachte schon ich muss dir Blumen schicken...,0
@OssiMarzahn @Michaowns @miriam_oehzen Erdogan vs. Hitler; vergleicht mal d. Werdegang heute mit d. 40er Jahren. Auffällig Vieles gemeinsam!,1
So ich geh ins bett nacht Kameraden und alle meine follower,0
Viele Bio Jünger verurteilen Massen Tierhaltung. Schächten und Beschneidung ist aber OK. Im Namen der Religion.,0
@kaiserwetter49 Verstehe- das Angenehme mit dem Nützlichen verbinden- auch ne Idee!,0
@Martin_Sellner Man muss unbedingt was dagegen unternehmen. Ansonsten läuft in Deutschland Stasi und Geheimpolizei auf einmal rum.,0
Koalitionsverhandlungen um Merkel sind für mich ein widerliches Schauspiel von Schwachmaten &gt; ein Gerangel um Posten für BILDdungsbürger 🤢,1
@steinmetzhartel Das ist der Unterschied zwischen uns. Freimaurer glauben das sie einst Templer waren. Lächerlich.,0
@Zukunftskinder @TOnline_TopNews @oezoguz Einfach mal Fresse halten! 😛,0
"@MD_Franz Wenn Gemeinheiten politisch korrekt sind, geht es meist um #Trump oder die #AfD",0
"Menschenrechte dürfen nicht missbraucht werden.Wer hier arbeitet |LBR| hat Rechte. Faule Säcke kehren dorthin zurück, wo sie herkommen.",1
"@aotto1968_2 |LBR| Scheinbar haben diese Schnarchnasen nichts anderes drauf, als fremdes Eigentum zu beschädigen! 😛🖕",1
Welche Reederei würde sich ihre Kreuzfahrtschiffe von Flüchtlingen |LBR| verdrecken lassen? Besser sind komfortable Lager in Afrika.,1
"@Linxkonservativ @henrysorgenfrei Nach der Logik hielten uns 9,2% für regierungsfähig, die Grünen nur 8,9%...",0
"@BrittaDN @Iron_Spartan_ @OssiMarzahn76 @ibikus31 @Hartes_Geld Das ist keine Begründung sondern Diffamierung, |LBR| Dauernd nur kritisieren, aber keine Lösung anbieten ist Zeitverschwendung oder Ablenkung",0
@NSU_Leaks Das Video ist gesperrt - aus urheberrechtlichen Gründen - durch die Lügenpresse.,1
"@HoldeMaid666 Im Beschlusspapier heißt es: 90 Prozent aller Soli-Zahler sollen vollständig vom Soli entalstet werden. Lebensrealität = SPD setzt finanzielle Entlastung für alle kleinen und mittleren Einkommen durch. Ja, Spitzenverdiener zahlen dann weiter. Nennt man: Sozale Gerechtigkeit. #spd",0
@InDerSee In Ungarn kann man alles sehen 😂😂😂,0
"@SpadeCarrier @machtjanix23 @AthinaMala @_macmike @magna_est @petpanther0 @NoHerrman @teite99 @info2099 @lifetrend @ThomasGBauer @SchmiddieMaik @charlie_silve @willjrosenblatt @feldenfrizz @nasanasal @ellibisathide @MD_Franz Ich habe mich glaube ich, klar ausgedrückt - ihr habt noch anderthalb Minuten.",0
"@_macmike @mastermikeg @petpanther0 @machtjanix23 @NoHerrman @teite99 @info2099 @lifetrend @ThomasGBauer @SchmiddieMaik @AthinaMala @charlie_silve @willjrosenblatt @feldenfrizz @nasanasal @ellibisathide @MD_Franz Du weißt, wie das mit solchen Übersetzern ist...",0
"@GillyBerlin Yup, so unauffällige Daimlers hab ich auch in Süd Afrika gesehen ;)",0
"Schulz, was wollen Sie sich denn mit einer Akademikerin anlegen, Sie |LBR| zweimal sitzengebliebener Nulltipper ohne Schulabschluss.",1
@CDU und CSU: 300 Euro mehr Kindergeld pro Kind im Jahr. #TVDuell,0
@DJanecek @robinalexander_ Öffentliche Entlarvungen mag ich nicht. 😉😉 aber für Mitte-Links stand ich immer...,0
"@Elpatron207 @HonigumdenBart @SawsanChebli @ronzheimer @tagesspiegel Penner sagt man nicht....es sei, man ist selber einer und grüßt seinen Gefolgsmann...das ist was anderes |LBR| 👍",0
@welt @waldruhe Soviel zum Thema drittes Geschlecht....,0
"Im #Bundestag vergießen Politiker gerade Krokodilstränen im Bezug auf den immer stärker werdenden #Antisemitismus. Man sollte sich an den Sommer 2014 erinnern, wo #Deutschland bereits mit der ganzen Abartigkeit des #Judenhass konfrontiert sah. Wir #Juden waren auch da allein…",0
"@HolgerEwald1 @GuidoGrandt @wordpressdotcom Normaldenkenden ist klar, welches Spiel d. Westen in d. Ukraine spielte u. spielt. Merkel lügt!",1
"Wir laden ein: Film ""The Awakening“ (ca. 40 min.) + anschließende Diskussion mit RAin N. Bislimi 15.03., 19 Uhr, Bahnhof Langendreer, Bochum",0
@CHIP_online Die sind so „Blau-„äugig wie unsere altersdemente Bundeakanzlerin!,1
@lawyerberlin @krippmarie @Die_Gruenen @fdp Von wegen Cannabis....das sind Behauptungen der Pflichtverteidiger genauso wie dir Revisionen. |LBR| Die scheiss Anwälte erfinden neue Einnahmen.,1
@krippmarie Das ist verständlich....Kanzlerin hört sich besser an als Geschäftsführerin... |LBR| Schade finde ich das die BTW nichts gebracht haben....und widerlich wie Verlierer feiern. Die sind froh über soviel dumme deutsche zu verfügen..!,0
User die melden sind einfach Schmutz,1
"@Todesbote67 kritisch ist immer ok, bin auch nicht schüchtern, anmisten lassen muss ich mich aber nicht. nogo.",0
"@patriarchator Die Hetze der Deutschen Lügenpresse, Medienpack und Politiker gegen Trump werden noch ein böses Ende haben für die Hetzer!!",1
@1001ptsDE |LBR| Es gibt fast ausschließlich Schwachköpfe und Arschkriecher in der Politik! Eine eigene Meinung führt meist zu Problemen! 😜👎🖕,1
"@CroqiSunshine Ich will mir nicht vorwerfen lassen, in ""Blase"" zu denken. Dazu Neugierde: Sind die dumm oder lügen die dreist. Fazit: irgendetwas dazwischen. Sie können außerdem nicht wirklich zuhören, weil sie eine ""Vorurteilsbrille"" tragen.",1
+++ Der Artikel über die Türkei war nicht aktuell! +++ Wir entschuldigen uns für eventuell entstandene Verwirrung und haben ihn gelöscht!!!😓,0
"Beschämend: Deutschland folgt dem Beispiel von Australien, Dänemark, Ungarn u.ä.",0
@Ralf_Freytag @rvdb_92 @SawsanChebli @tagesspiegel 😂😂...ein SPDler....bist noch in Trauer oder immer noch in Schockstarre..?,0
@RT_Deutsch Ich hoffe DAS sind nur Fake News...,0
"Diese ganze #metoo Kampagne einfach zum kotzen. Wie viele Männer werden von Frauen unterdrückt, misshandelt und missbraucht. Darüber spricht Mann nicht, aus Scham.",1
"Anträge Andersdenkender werden in den Parlamenten lächerlich gemacht, abgelehnt usw. NUR WEIL MAN SELBST FÜR PROBLEMLÖSUNGEN ZU UNFÄHIG IST!",0
@nico_kubler @soskinderdorf Ich habe Hermann Gemeiner persönlich gekannt und würde jederzeit meine Hand für ihn ins Feuer legen. Was ich heute für SOS natürlich nicht machen würde. Hermann Gemeiner würde sich heute im Grab umdrehen wenn er mit bekäme was aus seinem Traum geworden ist.,0
"@mittelfinger Die ganze Welt mutiert zum Kindergarten. Trump hat ein Shithole Shithole genannt. Jetzt dürfen alle Shithole Bewohner -anstatt das Shithole aufzuräumen - beleidigt  alle Stühle umschmeissen, Flaggen verbrennen und Weiße abschlachten.",1
@StephanDerrick2 ich kenne ihn. und sie reden quatsch. so. ende für mich,0
"@anna_IIna @Renft1964 Tausende dieser Islam-Monster sind als Sozial-Touristen getarnt, noch in Deutschland unterwegs!",1
"#NetzDG #Phoenix |LBR| #Bundestag #SPD :""Danke an Heiko Maas für dieses Gesetz.Endlich haben wir eine ""Zustellperson"" in D,an die man sich wenden kann-ein Meilenstein""",0
"@HolgerEwald1 @FfFrauki Es gibt schon Gründe warum alles hinter verschlossenen Türen geschieht...abgesehen davon, uns ist doch egal ob SPDler anderen SPDler zum Abschied eine erfundene Trophäe schenken...😂😂",0
"Der Weg zum Erfolg führt in der CDU durch Merkels Ar***, Hirn braucht man nicht, Bsp. Altmaiers letzte ""Wahl-Äußerung"" &gt; dieser Vollpfosten😜",1
"To groko or not to groko? Darüber grüble ich gleich bei @radiobremen und heute Vormittag bei @N24 und @Welt. Und zwischendurch, wenn ich die Kinder zur Schule bringe, auch ...",0
"@Magoorooma Ihr Diskussionsstil (""Goldstücke"", ""Asylindustrie"") hat genausowenig mit ""berechtigter Kritik"" zu tun, wie Ihre Krokodilstränen aufgrunddessen, dass man Ihnen auf den Kopf zusagt, was Sie sind - ein Hetzer - überraschend sind.",0
"@H4BQQQ @sternde Kann es sein das ihre Schaukel, als Kind zu nahe an der Wand gestanden hat??",1
Wird der rote #Maddin heute abdanken und sich in für Würseler Bücherei zurück ziehen? Der #Schulz Zug steht schon dort aufm Abstellgleis😁,0
Jeder der in der Right Trash liste von irgendso nehm linken Hurensohn ist ist ein Ehrenmann,1
@Hartes_Geld @Grals_Hueter Es gibt Grenzen die man nicht überschreiten sollte. Einfach nur widerlich,0
"Reiner Knudsen zu langer Debatte um die Frage des Ordensrechts: ""Wir haben noch Zeit. Es ist ja noch heute."" - #aksynode16 @reinerknudsen",0
@SawsanChebli Fräulein Chebli ist nicht besonders beliebt.....nun Sawsan ich weiß warum..!,1
@HuessyAndre @MatthiasMeisner @FriedensWatch @retep_kire @ruhrbarone @Echtzeitreise @JuedischeOnline @ER_Bayern @Report_Antisem Lol. Aussagen wie diese waren ja ebenso wenig hervorzusehen wie die Shoahvergleiche oder der Auftritt Atzmons. Als nächstes kommt die Distanzierung von den Ahmadinedschad-Freunden Fikentscher und Neumann :-),0
Ordne das Sondierungsergebnis gleich live auf @welt ein. |LBR| #Sondierung #GroKo #grokosondierung @N24,0
"Gibt es überhaupt so viele Dreckslöcher in Deutschland, wenn die LINKEN sich bald verdrücken müßen ??",1
Antiquarische Politiker wie #Merkel und co leben recht gut von unseren Steuergeldern. Obwohl sie dieses Land schaden gegen Gesetze verstoßen und die deutsche Bevölkerung in den Untergang führen. Wir bezahlen Sie fürstlich weiter.,0
@welt Hauptsache diese Lügenpresse und Merkel Vasallen können hetzen!! |LBR| Diese Dreckspresse ist zum kotzen 🤢,1
"@TomSchreiberMdA @AfD @tagesschau Bei all ihrer Intelligenz können sie doch sicher definieren was ein Reichsbürger ist, oder?",0
"Hallo Piepser, bin wieder da, habe Euch vermisst 😜😈",0
"#illner Leute, die Parteien wählen, die sie zu ""schon länger hier Lebenden"" herabwürdigen, sind schlicht #verblödet od. #geisteskrank",1
@IQ_Stimulator @krippmarie #Boehmermann ...erst wenn er Urlaub in der Türkei gemacht hat nehmen wir Ihn für voll...😃😃,0
@anna_IIna Klar doch..die kassieren und kommen wieder...😃😃,0
Und wieder wird mit einem #falseflag (giftgaseinsatz) ein Terrorakt gegen Syrien durch USA gestartet. |LBR| Bei dem Wahnsinnigen Trump droht WW3,1
@petpanther0 @Heinrich_Krug Letztes Jahr dachte ich das wir künftig von solchen Weihnachtsbildern verschont bleiben....wieso geht sie nicht einfach wieso kippt dieser beschissene Baum nicht einfach nach vorne..?,0
@ainyrockstar @welt Oje Lindner....die gleiche Pfeife wie einst Westerwelle..!!,1
Eigentlich sollte ich wieder Muslim werden. |LBR| Dann hab ich in Deutschland absolute Narrenfreiheit und würde noch von allen Seiten als Opfer in Schutz genommen werden. |LBR| Ich überlege mir das noch.^^,0
"@Calineczka505 Wenn ich die Werte Polens nicht achten würde, wäre ich nicht als Dolmetscher tätig, sonder säße im Berliner Saustall 😜",1
"@maybritillner @ZDF @HeikoMaas @nicolabeerfdp @cem_oezdemir @WaltrautDunz @heute Ein Politiker der sich Stasi Größen /Anette Kahane / Antonia Amadeus Stiftung, holt um eine Internet Gestapo aufzubauen, gehört in den Knast. Aber nicht ins Fernsehen.",1
In dem Schwarz Grün regierden Hessen werden jetzt 8 zusätzliche Psychologen nur für die Jugendlichen Invasoren eingestellt |LBR| Jetzt AFD wählen,1
@framei75 @Joemino @anna_IIna Sie warnen vor Nazis und führen deren Methoden der Bücherverbrennung und Meinungsunterdrückung ein. |LBR| #einfachAFDwählen,1
"@Duesseldorf Wie im alten Rom, Brot und Spiele hält das Volk Dumm!!!",1
@FilmElf_yt @Goreminister Trotzdem tausende deutsche sind Arbeitslos und könnten die arbeit auch machen,0
"@lichtmesz Sorry das ich dich enttäuschen muss, der einzige integre Politiker bisher war etwa für 24Std. Brand, lese Sachen von Egon Bahr, oder das Buch von Gerd-Helmut Komossa, die Deutsche Karte. |LBR| Alle Deutschen Kanzler müssen Unterwerfungsverträge der Alliierten unterschreiben.",0
@BlauekeP @anna_IIna Hubi...mei bisch du a deppeter....😂😂,1
@M0ntico83 Klappe halten...oder ich laufe dir hinterher..! |LBR| Mongo,1
"Bilder und Infos zur heutigen Demo ""Vielfalt statt Einfalt"" in Hamburg findet ihr übrigens u.a. unter #VielfaltHH und #vielfaltdemo ^ml",0
"Wieso lädt #Maischberger nicht das Opfer eines Asylanten vom Wochenende in Oberhausen ein? Ach richtig, geht nicht, ist ja tot!",1
@RT_Deutsch Das kostet und bringt nix....,0
Doitsche kauft nicht bai Türken,1
@RegSprecher @sebastiankurz Kurz lasst dich nicht von der Trulla aufs Glatteis führen!,1
"#Gabriel, #Schulz, #Nahles, #Maas, #Stegner ... alles mittlelmäßige Politschauspieler der #SPD! Deutschland hat die Schnauze voll!",1
"@offbeat24 Ich habe vor einem Jahr knappe 4 Stunden gebraucht, um meine kompletten FB-Aktivitäten zu löschen.Auch aus Angst vor Repressionen.Und ich versteh alle anderen ebenso nur zu gut...",0
"@TimZeelen Tja, Ihre Chefin hatte sich entschieden, Schwarz-Grün mit FDP-Stimmen zu versuchen... das ist nun die Folge... CL",0
@China_Welt_News Eine Stasi-Visage kann nicht freundlich sein!!! 😬,1
@corinnamilborn oder auf fb in den pns ;),0
"@HelalBeauty Das versteht jedes Kind mit gesundem Menschenverstand. Religion,  die mit Einschüchterung und Angstpaedagogik arbeitet,  ist unspiritueller als Fußballspiele.",0
@wellejena @Oskar752 @VonSchwer Ganz böses Gerät. Flugabwehr Kanonen Panzer. Gepard. Hat auch Panzer brechende Munition für Erd Ziehle. Ich war da gern Kommandant drauf.,0
@rponline dann warten wir mal ob die Lügenpresse und Medien jetzt über Marcon herziehen und hetzen!!,1
@tagesschau Wann habt ihr Nazi Hetzer denn das letzte mal was negatives über Merkel berichtet? |LBR| Ach ja dann ist der Job ja weg! 🤔🤔,1
@BILDamSONNTAG Aber den Alkohol kann man sich mit der Schwarte wohl dann doch verdienen !,1
"@L7250402 @RGutmensch Okay, Sie verstehen es immer noch nicht. Ganz von vorn und für die einfachen Leute: PRO ASYL ist spendenfinanziert. Was heißt das? Es ist irrelevant, wie viele Flüchtlinge kommen, wir haben dadurch zunächst nicht mehr und nicht weniger Geld zur Verfügung. Diesen Punkt verstanden?",0
@OlafGersemann @welt Merkels Vasallen melden sich zu Wort! |LBR| Herr Gersemann ist ein Vasall Merkels und seine Kommentare werden von Merkel vorgegeben!!!,1
"@heuteplus @ZDF Da wird mal wieder stark Übertrieben, es werden paar hundert wenn es hoch kommt teilnehmen! |LBR| Natürlich wird die Lügenpresse was anderes sagen",1
"@LenaSakuraBlume Liebe Lena, das bemerkst Du erst jetzt??? Warum ist das so??? Na, Putin hat Schuld am gescheiterten EU-Experiment 😂😂😂",0
@Furkn631 @SjaRjadottir @Ich_bin_ich78 @tagesschau Deutsch Türke ist genauso wie Kamel Pferd. Beides gibt es nicht.,1
"Das sind doch keine Flüchtlinge mehr, sondern rücksichtslose |LBR| Verbrecher, die in europäische Sozialsysteme einbrechen wollen.",1
"@SteinbachErika Ich drücke uns allen die Daumen, die heut nacht in irgendeiner Weise ""Dienst schieben"" müssen. |LBR| Einmal ohne Ironie und Sarkasmus: #wirschaffendas Guten Rutsch Euch allen!",0
"»Die #AfD will #Antisemitismus &amp; #Judenhass bekämpfen!«, wieso ist dann deutsch-nationaler Hass gegen uns #Juden so populär in der #LuegenAfD? Wieso spricht der #Neonazi #Höcke vom »Mahnmal der Schande«, oder warum verbreitet #Gedeon altbekannte Klischees über uns? #FCKAfD",1
"Dem katholischen Sorben #Tillich zu unterstellen, er habe ein monokulturelles deutsches Sachsen gewollt, ist schon arg blöd. #servicetweet",0
Bei Antifaschisten muss doch was in der Erziehung erheblich falsch gelaufen sein oder was meint ihr ?,1
"@RNZonline Da will sich ein Jurist profilieren,auf unsere Kosten.Immer diese Berufung,Er hatte einen fairen Prozess und ruh iss!",0
Sprechverbot für Erdogan. Boykott der Presse für seine Rachegedanken. |LBR| Er soll im Orient bleiben. Da gehört er hin. Europa ist Tabuzone.,0
@petryficker @uwebecher @KuhnerWanna Es lohnt sich nicht nur vorausschauend zu fahren sondern auch vorausschauend zu denken...gilt insbesondere für Biker... |LBR| ..petryficker im Profil...tust dein Hirn mitm Helm ablegen..?,1
@martinkaul @henrikdo Das Pferd gefiel mit sehr. Der Reiter gar nicht.,0
"@Riedegost Für mich gibt es Straftaten, da fehlt mir jedes Verständnis, diese sind mit NICHTS zu entschuldigen.",0
"@welt Regt euch nicht auf, sondern freut euch mit mir zusammen darauf das unser NetzDG-MAASmänneken(Verflucht sei er) dann doch wieder in den BT einzieht !! D a s  w i r d   u n s e r  U N T E R G A N G !!!",1
"@machtjanix23 @Norbinator2403 @ennof_ @AthinaMala @troll_putin @NancyPeggyMandy @petpanther0 @info2099 @lifetrend @ThomasGBauer @SchmiddieMaik @charlie_silve @NoHerrman @willjrosenblatt @feldenfrizz @nasanasal @_macmike @ellibisathide @MD_Franz Sie sollten mal hebräisch lernen, dann würden Ihnen auch hebräische Texte zum Thema Ihren Horizont erweitern.",0
Die CSU ist für Wertkonservative nicht mehr wählbar einzig die AFD vertritt in Bayern das wertkonservative Profil Erbe v Franz Josef Strauß,0
"@aschentonne Viel, viel Spaß und eine erholsame Zeit für Dich, liebe Grüße von der Mecklenburgischen Seenplatte (bei - 8° C brrrrrrr) 👋😃",0
"@DrAndreaKahl1 @DrDavidBerger @focusonline @SteinbachErika @Beatrix_vStorch @AfD Höflichst um Entschuldigung anklopfend gelobe ich Besserung inkl Annäherung an e gute,positivere Grundhaltung bzgl Altparteien und MSM.Zusätzl engagieren sich meine mind.j. Tochter&amp;ich in der einst durch Schokopudding entflammte Unterkunft in #Düsseldorf als Flüchtlingshilfe.😊",1
Was macht ihr liebe Kameraden,0
@UbbelohdeBerlin @SM100d Wieviele bio-deutsche sich wohl jetzt lautstark beschweren😃.....sie haben bestellt und es wurde geliefert..!,0
"@machtjanix23 @Norbinator2403 @ennof_ @AthinaMala @troll_putin @NancyPeggyMandy @petpanther0 @info2099 @lifetrend @ThomasGBauer @SchmiddieMaik @charlie_silve @NoHerrman @willjrosenblatt @feldenfrizz @nasanasal @_macmike @ellibisathide @MD_Franz Ich halte Menschen wie Sie, die sich über BKA-Gutachten hinwegsetzen für primitiv. Sie bekommen das Gutachten damit nicht weg.",1
@krippmarie Es geht immer weiter....auch ohne unsere Zustimmung..!!,0
@stephschloesser @Gerrit_nd @QueeniePi @sor_de @BriHasselmann @HeimatvereinD Die meisten Rentner bekommen eine Erhöhung ihrer Renten nach der Lohnentwicklung von durchschnittlich 15€.und die Dummbacken im BT genehmigen sich 900€,1
Angehörigen der in München Getöteten gilt unser tiefstes Beileid. Verletzten wünschen wir eine schnelle und vollständige Genesung.#Muenchen,0
"@MonikaBergholz1 Sind sie auch. Hier gibts keine, kein Ungar käme auf die absurde Idee, frische Erdbeeren im Winter kaufen zu müssen!",0
@DieNRV Das trifft sich gut: Habe Sie gerade geblockt!,0
@Spekulant1 @SZ @EveRoll auf der seite 3 der @SZ wird gepöbelt?,0
"@bicyclo222octan @Schlawino Nur ""DER"" hatte noch Soldaten, ""Mutti"" hat nur Flintenuschis Schnullertruppe 😜",1
"Wert eines Bundesbürger gegenüber einem Politiker 1 zu7,8,9........,siehe Cuxhaven",0
"Schulz ist 2 x sitzengeblieben und hat keinen Schulabschluss. Das |LBR| ist nicht der Mann, dem man vertrauen soll.",0
"Gauland hat recht !! Was hat eine aus der Ziegenrasse in Deutschland,im Besonderen in 🇩🇪er Politik zu suchen? Nichts ! Fakt !",1
"Nach unseren Informationen wurden gestern 14 Afghanen abgeschoben: 7 aus NRW, je einer aus BaWü, Hessen, RLP, Hamburg sowie drei aus Bayern.",0
"Im September 2017 hatten die Wähler in #Deutschland entschieden. Heute ist #Silvester2017 &amp; eine Regierung ist noch weit entfernt. Es widert mich an, dass sicherlich bis Februar / März Personen, wie #Israel-Apartheidstaat- #Gabriel (@sigmargabriel) noch volle Gehälter bekommen.",0
Wir brauchen ein Bund-Länder-Bündnis für unseren Rechtsstaat. Bund und Länder müssen dringend mehr Stellen für Polizei und Justiz schaffen. Konkret: Wir brauchen 15.000 neue Stellen für Polizei und Sicherheitsbehörden sowie mindestens 2000 zusätzliche Stellen in der Justiz.,0
"Annette Groth ist übrigens ""Menschenrechtspolitische Sprecherin"" der @Linksfraktion. Keine Pointe.",0
"Junge Männer aus Afrika, die sich weder ausweisen können noch |LBR| Flüchtlinge sind müssen an der Grenze zu Österreich zurückgewiesen |LBR| werden.",0
"@welt Wir wissen das Merkel, ihre Vasallen,die Lügenpresse und Medienpack die Verantwortung dafür tragen! Wer Merkel huldigt, bestellt den Tod!!",1
"Das Ende der BRD. |LBR| #Merkel-&gt; Die Geister, die sie rief kann sie nicht mehr loswerden |LBR| #Moslems ruhen nicht bis Ungläubige getötet sind",1
@BROT_furdiewelt Ihr entscheidet auch nicht darüber. Es geht um eure Meinung: ist Israel für euch ein Apartheid-Staat: ja oder nein?,0
"Jetzt müssen wir entscheiden, was besser ist: Mandat zum Weiterverhandeln mit der Union und am Ende entscheiden unsere Mitglieder über das Ergebnis ( dafür werbe ich) oder Weg hin zu baldigen Neuwahlen.",0
"@Volker_Beck:""Wenn es um Israel geht in der Völkergemeinschaft und bei internationalen Organisationen, ist es immer einseitig."" #DILK16 @WHO",0
"@InesHenkler @brosel_werner Ich weiß, Männer haben dreierlei Maß - das übertriebene Maß, das Wunschmaß und die oft bittere Realität 😜",0
"@MonikaBergholz1 Wir nehmen Chlorella, keine handelsübliche Zahnpasta, kein Fluor etc. TV schauen wir ohnehin nicht.Kurkuma, Koriander und ich habe keine Impfungen😊",0
Wir müssen den Bürgern die richtigen Antworten geben – gemäß unserer Position Mitte-Mitte/Rechts.,0
"#Tuberkulose wurde vermehrt von #Flüchtlingen in Deutschland eingeschleppt. |LBR| Nicht nur dass sie von unser Geld leben, nein jetzt bringen sie auch noch Seuchen mit ins Land. Dank inkompetenter Politiker offener Grenzen, Bahnhofsklatscher und Toleranz Fanatiker.",1
@GingerHeadRocks @66Freedom66 Frankfurt ist für mich gestorben!,0
@phoenix_de @CSU Die 42. Volksverarsche fürs dumm Wahl-„Volk“,1
"@Ernst_1895 Typische Deutsche. Kehrwoche,  Gutmensch, Kinderfeind (wenn sie keinen Bart haben)",1
@Ralf_Stegner Na noch nicht bemerkt das die Deutschen nicht wollen das SPD überhaupt eine Verantwortung übernimmt..? |LBR| Ich finde der dumme deutsche hat das Recht neu zu wählen....!!,1
@LottaP1 Die würden das tun wofür wir hier zu feige sind...auflehnen einstehen bekämpfen sind bei uns Fremdwörter..!,0
"@pinkcrazypony Wenn schon die Betreuer Atemschutzmasken benutzen ,wer schützt uns vor Tropenkranke Neger?",1
Warum gibt es so viele Schwachköpfe in Deutschland?,0
"Jetzt auf der Hauptbühne: Verleihung des Felix-Rexhausen-Preises des BLSJ, moderiert durch Anja Reschke. #HamburgPride",0
@spox Hoffentlich sitzt er bei den Bayern dauernd auf der Ersatzbank!,0
Warum das Khajiit Image ?? Das hat sich einfach so ergeben wie Französische Armeen,1
@soskinderdorf Solange sich Geschäftsführer von Hilfsorganisationen fürstliche Gehälter zahlen spende ich nicht. Ich helfe Kindern in meiner Nachbarschaft.,0
@matthiasfuchs6 Auf den Weg vom BMF zum Kanzleramt gerade am BMUB vorbei gefahren! schönen Aufenthalt!,0
"#Andreas #Hollstein. |LBR| Sie sollten sich mal lieber um die eigenen Bürger kümmern. |LBR| Im übrigen ist das nicht ihre Stadt, sie gehört den Bürgern. |LBR| Am Größenwahn leiden wohl mehrere Politiker.",0
@anna_IIna Wir haben wirklich nette Gesellschaft unter uns....,0
"@Cerberus456 @GodCoder @schinkel_ib @JKasek @luna_le Stimmt, echt ungebildet und kreativlos die ungewaschenen Seifehasser!",1
Ich wüßte eine neue ‘Erzählung’ zu Europa |LBR| Die Bürger Europas stehen zusammen gegen die Islamisierung ihrer Heimat |LBR| Wäre Identitätsbildend,1
@ibikus31 Der Islam in seiner jetztigen Form ist mehr eine Rassistische Ideologie als eine Religion. Wäre er eine Religion würde die Welt ihn anerkennen. Solange die Sharia als Gottes Gesetzt über dem GG steht ist der Islam kein Teil irgend eines Europäischen Landes.,1
@VZSaar @JuergenZimper @Thomas_Beutler @Juenger_Mathias Bis später! Freue mich das Projekt Webitipps näher kennenzulernen.,0
"@Beatrix_vStorch Es stimmt....Höcke könnte zum Problem werden....Politik ist auch Diplomatie, die muss gewahrt werden!",0
"@DetlefBahlke @kandidatschulz Eine Kette ist nämlich immer nur so stark, wie ihr schwächstes Glied. 😜",0
"Das Motto des HAMBURG PRIDE lautet in diesem Jahr übrigens ""Mehrheit für Vielfalt: Du hast die Wahl"" #HamburgPride",0
"@jonworth Ok. Ich texte noch, wann ich ankommen.",0
"@KopietzAndreas @berlinerzeitung Die sollten sich Eine Richtige Fachfirma holen , die sich mit Sicherheit auskennt!",0
@HolgerEwald1 @Opposition24de Ab sofort sollten Hammer verboten werden! 😜,0
Wir sind grad völlig überwältigt und sprachlos. Das grenzt an eine kleine Revolution im Bereich Geschlecht. Vielen Dank für euren Support die letzten Jahre! #dritteoption,0
@KirstJeremy mir kommt es so vor als würde ich mich mit einem Erstklässler unterhalten. |LBR| Ungebildete Menschen brauchen immer Statistiken oder Quellen.,1
@IAMMASCHO Nazi ist für mich jemand der den Nationalsozialismus gut findet und kein Patriot auf einer rechten demo ist,0
"Gauck sprach d. DEMOKRATIE d. Weimarer Republik an &gt; jedoch histor. Fakt ist, es war eine Plutokratie, gekennz. v Uneinigkeit u SPD-Führung😜",0
"@der_ypsilon Vegan??? 🤢 Du willst Dich nicht umbringen, oder??? 😜",0
"Der Felix-Rexhausen-Preis geht an Claus Bredenbrock für die Dokumentation ""Des Kaisers schmutzige Wäsche“ (Arte). Glückwunsch! #HamburgPride",0
Nun - da mich das Deppenvirus noch nicht erwischt hat fühle ich mich ganz wohl. Aber DANKE der Nachfrage!,0
@Woxl0r @Bethel_Aktuell Deutsche haben generell keine Lobby |LBR| Wir müssen lauter werden!! |LBR| Von den Neuhinzugekommenen lernen heißt fordern lernen. Und ein bisschen Terror machen...,0
"@DrDavidBerger Einsammeln und ab nach Palästina,Demonstrierverbot für Ausländer.Was diese Moslems machen ist Landfriedensbruch.Ein Grund sie schnellstens abzuschieben!",1
@zeitonline @Boelscheline Europäische Union wurde einst gegründet um Wohlstand und Sicherheit für Europäer... |LBR| Korrupte Banken nahmen uns den Wohlstand und absurde Migrantenwanderung die Sicherheit...! |LBR| Wir haben nur die falschen Politiker....!!,0
@BILD Wenn man den Zulieferern die Preise diktiert braucht man sich nicht zu wundern wenn diese die Produktion mit Zeitarbeiter und billige Migranten ausführen lassen .Das Qualitätsmerkmal „Made in Germany“ ist passe‘ Wir sind genauso Schlecht wie die Asiaten.,1
"@real_garf @_lennartvoss @fgabrielEU @afd_thl Na dann, lieber rechter Hetzer als schwul-linker PSEUDO-Gutmensch ! Pacht euch mal an die Rübe und nicht nur an die Latte!!",1
Soziales |LBR| „Uns geht es gut wie nie“: Altersarmut nimmt drastisch zu |LBR| Von Victoria -  26. Juni 2017 3 367,0
"@Eckleben Wie bei der MP damals, erst draufhauen und dann fragen was los war ,Damals unter der Besatzungszeit im Westen hätten wir noch freie Meinungsäußerung undheute die Merkel-Diktatur !",1
"@Islamrat Weil der Teil weggelassen wurde,wo ich sagte, dass es völlig legitim ist für die Grechtigkeit der Palästinenser ohne Gewalt zu demonstrieren",0
"@Blacki81 @workfloh Es ist ja schon eine besonderer Beruf, wo man leicht an Waffen kommt ...",0
"@InesHenkler Ne ni - Gottseidank fuhren wir Ossis ""Pneumant-Reifen"" 😂😂😂",0
"@msf_de @dieLinke @SPIEGELONLINE Die sollen nach Hause gehen ,der Krieg ist beendet!ihre Heimat braucht Leute für den Wiederaufbau!",0
"@Luis055a Gott, hängen sie im vergangenen Jahrhundert....",0
"@ausgemurkselt @RonaiVeromaus Was sollen solche Sprüche?!  Traut man einer weiblichen Jesidin nicht zu, dass sie denken kann? |LBR| #Rassismus |LBR| #Sexismus",0
@Thomas_Beutler @VZSaar @JuergenZimper @Juenger_Mathias Sehr gerne und viel Erfolg für euer wichtiges Projekt. Danke für Eure Arbeit @VZSaar.,0
@Kittypunk7 Politik war damals schon scheisse....jetzt ist sie allerdings komplett beschissen.... |LBR| Unsere Politikerköpfe ist doch der reinste Abfall....,1
Wir leben in einer Scheindemokratie aber in keiner #Demokratie!,0
"@_juliaschramm Heute kann kaum was unsere Laune trüben. Erst feiern, ab morgen können wir uns wieder über den Rest ärgern.",0
"@AthinaMala @nasanasal @SJW_MadBunny @machtjanix23 @Steffmann45 @troll_putin @petpanther0 @mastermikeg @Norbinator2403 @ennof_ @NancyPeggyMandy @info2099 @lifetrend @ThomasGBauer @SchmiddieMaik @charlie_silve @NoHerrman @willjrosenblatt @feldenfrizz @_macmike @ellibisathide @MD_Franz Er hat es angekündigt, er blockiert uns jetzt alle, ihn hat der Thread genervt.",0
@RegSprecher Hat Merkel und Scholz sich als Schuldige bekannt?,0
"Frau Dr. Petry ist lieb mit Sohn. Aber ihre Partei taugt zu nichts. |LBR| Sorry, aber so sehe ich das.",1
@manfredheck1 @tagesschau noch ein Vasall Merkels meldet sich zu Wort!!!,1
Heute mal wieder einen Weihnachtsmarkt besucht...Legoklötze werden jetzt mit MP‘s bewacht. |LBR| Daneben ein singender Auflauf mit Lilakäppchen und Bannern...was stand drauf..? |LBR| Refugees welcome... niemand ist illegal....😂😂,0
"@MonikaBergholz1 Ach ja, ich vergaß: noch ein Schuss Sahne dran!😊",0
Antragsteller von Antrag 28 ziehen ihren Antrag zurück - #aksynode16,0
#USA hat tatsächlich einen Wahnsinnigen als Präsident. |LBR| Und die Welt unterstützt ihn noch bei Kriegstreiberei,1
".@MartinSchulz appelliert fast verzweifelt um Mehrheit für ""ergebnisoffene Sondierungen"" - und damit um sein eigenes politisches Überleben: ""Vertraut mir"". @spdde #spdbt2017",0
@serhildan_hzk @Muhammedkani @tagesschau der will sich für ein paar türken beliebt machen. chill,0
@NickGlego Die beiden Krieg geführt? NEIN!!!,0
Schäbige persönliche Attacken von Rechts in Boulevardzeitungen sind irgendwie auch Ehrenzeichen.,0
@danielmack @LC180666 Man beachte die vielen Türkischen Fahnen. Das sagt alles.,0
@shlomosapiens @_macmike Wieder einmal links und rechts verwechselt,0
"@Wookie_In_Crime Wir haben Ihren Tweet gelesen und haben den Punkt verstanden. WIr haben allerdings eine andere Postion, wie Sie unserem Tweet sicherlich entnehmen können.",0
"@66Freedom66 @kling_august Wie gesagt ,wer Geld bringt dessen Lied ich sing!",0
"Habt Ihr verstanden, Ihr Hohlköpfe? Die 20 Politiker sind um Verbesserungen bemüht. |LBR| Wir brauchen keine aggressiven, vermummten Feuerleger.",1
"Morgen Abend Diskothek im SC Neubrandenburg 🛶 Programm ist fertig, viele Einfälle aus 44 Jahren Diskotheken, haha 😈😈😈",0
@DrGrandt Sehr interessant.  Veränderung kann nur von den Afghanen selbst kommen. Aufklärung kommt von innen.,0
"Wir wünschen einen gesegneten Feiertag. Um 9 Uhr feiert Kard. Marx Hl. Messe am Marienplatz, anschließend Prozession #München #Fronleichnam",0
"Dummes Gelaber wegen Abschiebung in unsichere Staaten. Berlin, Manchester |LBR| und Nizza liegen auch in unsicheren Staaten. Also keine Hemmungen.",1
Das nächste Treffen der AG NRW gegen #Abschiebungen findet am 2.7. um 11 im Allerweltshaus in Köln statt #allebleiben #Abschiebungenstoppen,0
Nach der Sparerenteignung mit Null Zinsen kommt jetzt noch die Inflation für Alle dazu |LBR| DE die Melkkuh Europas/Welt |LBR| #schäuble der Weltökonom,0
"@GThummerer @BMI_Bund @RegSprecher Artikel 16a: Politisch Verfolgte geniessen Asylrecht. Keine Kriegs, Bürgerkriegsf.! 2. Illegale Einreise! 3. EU-Drittstattenreglung!",0
"@hdBerretz Wen die Deutschen es sich gefallen lassen, Maas als „Justizminister“ einer Nichtregierungsorganisation BRD kann lediglich Verordnungen erlassen, wenn sie es auch „Gesetz“ nennen, das Volk ist der Souverän selbst nach BRD Regeln, und das sagt normalerweise was geschieht.",0
"Ein großartiger Mann, mit Germanenherz!",0
@Rebellin70 @Hollstein63 ...wie kann man eine angebliche 15cm Schnittwunde mit einem 5cm Pflaster abdecken..? |LBR| ...das ist der Stoff aus dem Filme gemacht werden...fragt @_fatihakin_,0
Warum illegal eingereiste und nicht anerkannte Flüchtlinge in sichere |LBR| Länder nicht abgeschoben werden können haben die Grünen |LBR| zu vertreten.,0
"Heute Lesung in Bonn |LBR| Parkbuchhandlung, La Redoute, Kurfürstenallee 1, 53177 Bonn – Bad Godesberg |LBR| 19:00 Uhr",0
@AfDBerlin @2018_AfDwaehlen Wir sind im nahen Osten!,0
Wer es noch nicht wußte |LBR| Rote Linke und Grüne gehen gar nicht in Deutschland #G20,0
🐟Heute ist Freitag! Wie sieht es bei Euch aus? Fleisch oder nicht? 😇,0
"Diskussionen mit Vertreter*innen der #Bundesregierung und #EU laufen immer gleich: Sie erzählen einfach nur, wie toll sie alles machen🙄",0
"@Heike891 Nöööööööööö, bei dem Anblick brauche ich eher einen Drink 😜",0
Deutschland hat ein Problem |LBR| Es heisst #Merkel |LBR| Sie muss weg. Das spiegelt das BTWahlergebnis wieder |LBR| Also tut das ihr gewählten Parteien,0
"@pinselpoetin Guten Morgen 👋 wissen Sie, ich denke eher, es ist die GIER der Menschen. Rammstein bringt es mit dem Titel ""Mehr"" auf d. Punkt",0
@RT_Deutsch Interessiert das wirklich noch jemanden was die in Reih und Glied sitzenden verzapfen..?,0
"@SkyMediaDE @SkySportDE @SkySportNewsHD Das ist mir scheiss-egal Hauptsache sie scheiden aus ,bin 60er Fan!!!!!!!!!",1
"@China_Welt_News Eine nachweislich von einer Terroristen gesteuerten Grüne deutschfeindlichen Arschlochpartei von ca. 8% Irren, hat in UNSERM Land nichts zu bestimmen!",1
Die Türken in Wien! Endlich klappt die kulturelle und sexuelle Symbiose!,0
"@RalfMueller12 Wenn es zum Krieg kommen würde zerbricht der ""Westen"" an seiner verwöhnten Infrastruktur, der Osten nicht, da NATURBURSCHEN 😜",0
In Bayern gilt: Die Politik ist ein starker Partner unserer Polizei. #TVDuell,0
@WolfFreewilli @AndreaSchlegel3 @Ebony_Sunrise Feindbild Merkel reicht nicht !,0
@InesHenkler 😳😳😳 Ist aber auch lecker 😜,0
@JoeyGerlach Die AFD wäre ohne diesen Mann besser dran. Unsympathisch und sein Goebbels Gehabe ist nicht gerade das was diese Partei ausmacht. PS. Kein Wähler weder Rot Schwarz noch Grün Links schon gar nicht.,1
"@maischberger @DoroBaer Diese Frau ist furchtbar. Die einigen mit Verstand in der runde, sind die 3 Herren auf der rechten Seite.",0
Was ist denn mit unseren Generälen los ??Bei dem UNRECHTSSYSTEM wäre doch mal ein Militärputsch schön um 🇩🇪zu retten !!!,1
"Habe vorhin in der Tagesschau die Stellungnahme ""meines"" Innenministers (MV), Caffier, zum NPD-Verbot gehört - einfach lächerlich 😂😂😂",0
Menschen wie Volker Kauder sollten für ihre Aussagen gegen das GG vor den Kadi gezerrt werden!,0
Karam Mashour ist seit Sonntag als erster arabischer Israeli #Basketball-Spieler bei @MaccabitlvBC,0
"@peteraltmaier von der #Bundesregierung: ""EU-Türkei-Deal stößt nicht auf ungeteilte Zustimmung"" - so kann man es auch nennen 😄",0
"@Waldoknalldo @SteveMotley Marines Love Trump folgt mir, wow!",0
@faz_donalphonso Sie mieser kleiner Rassist. Darüber reden wir demnächst noch in Berlin :-),0
@zeitonline @Umwelthilfe Wirtschaftskriminalität unter der Führung Merkels! Thema: WIE BESCHEISSEN WIR DAS VOLK NOCH BESSER UM UNSEREN PROVIT ZU MAXIMIEREN! Mafia!!!,1
"@danielm2601 @fneuhann @berlindirekt Nein, das stimmt nicht. Erstens habe ich niemanden zurückgepfiffen. Zweitens wurde Wolfgang Kubicki so (fehl)interpretiert, als ginge es um diese Legislaturperiode. Wir haben einen eindeutigen und unmissverständlichen Beschluss. CL",0
@DJanecek @RobertHabeck Wir schildern das Erstaunen der Union über @roberthabeck s Verhandlungsführung. Damit werten wir diese nicht.,0
"@paradoxxiss Das ist so nicht ganz korrekt, viele Tausend Deutsche sind schon da und es werden Tag für Tag mehr, es gibt viel Unterstützung von unterschiedlichen Seiten. |LBR| Würden die Menschen es vollumfänglich verstehen wäre die BRD show schon vorbei",0
@Entwirklichung @GiKi56534206 @RegSprecher ...uns ist schon klar das du nur vorlesen tust was man dir aufschreibt...aber ist diese bewusste Verbreitung von falschen Tatsachen nicht auch strafbar..? |LBR| Früher...hat man Propagandisten auch den Prozess ge,1
@kritischepress1 Was für ein häßliches Bild..kein Lkw da wenn einer gebraucht wird....,0
"@Jonas_Hermann @KrahMax Garantieren nur das es künftig verschleiert wird... |LBR| Die können sagen was sie wollen, ich mag sie nicht..!!!",0
"ES GIBT IN DEUTSCHLAND ZWEI RIESIGE PROBLEME, DIE SICH GEGEN DEUTSCHLAND VERSCHWOREN HABEN UND SICH DIE BLUTVERSCHMIERTEN HÄNDE SCHÜTTELN ! 1. ANGELA MERKEL!! 2. DIE MOSLEMS/ISLAM!So oder so, wer den KORAN als FRIEDLICHE LITERATUR darzustellen versucht, der gehört in die KLAPPSE",1
Infotweet: Es gibt nur 2 Geschlechter #GenderDay,1
@MarcSchriese Bei diesem Wetter musst du schon Amphibisch sein!🐸,0
"Hallo Freunde, da bin ich wieder, der Mecklenburger Querkopp 😜 Fällt bei unseren Medien schwer, toppen sie doch ""ND"" u. ""Schwarzen Kanal""😂😂😂",0
@dieLinke Deutschland ist auch nicht sicher.,0
@himbeerhans @stfries @AuswaertigesAmt 5. Fazit: durch besonnenes Handeln der israelischen Seite (gegen Aufstachelung von Abbas et al) kam es zu einigermaßen friedlicher Lösung,0
@Westminster1000 Das wird nur nicht funktionieren,0
@Osshunt @dresden_airport Sun d'Or ist ein Tochterunternehmen von El Al,0
@DPedig Dieses Jahr hat das mit den Videos leider nicht mehr geklappt. Erinnere uns am besten nächstes Jahr rechtzeitig noch mal daran. ^ml,0
@Ronny_Funk_Bln Die Gesellschaft ist noch nicht soweit - das ist auch mein Titel (hat leider nicht in einen Diagramm 📈 Balken gepasst.,0
"Wir der Westen, war der Feind des Politbüros der ehemaligen #DDR. Wie kann es sein, dass diese #Politiker nun unsere Regierung bilden und Gelegenheit haben ihren damaligen #Feind weiter zu bekämpfen? |LBR| Na das nenne ich doch mal verdrehte Welt.",0
"Zum Mitschreiben für die roten Ignoranten: Eine doppelte Staats- |LBR| bürgerschaft liegt vor, wenn - ja, jetzt wird es spannend. Was ist doppelt?",1
"@NSArschloecher @IsidorMeyer1 @MartinSchulz Zw Fremdenfeindlichkeit u gegen Chaos sein,durch Inkompetenz verursacht besteht ein Unterschied😜",0
"Heute sagte mir ein Freund aus Szczecin: ""Deutschland hatte Adolf und heute die Merkokratie."" Ich konnte nur grinsen 😜",1
@dushanwegner @GoeringEckardt Ich habe nur Mitleid mit den wenigen die dagegen Aufbegehren |LBR| Der Rest hat es so gewollt...wohlverdient..!!,0
Pervers. |LBR| Als Folge des Diesel Betrugs werden jetzt Dieselfahrzeuge mit Subventionen weltweit angeboten,0
"Für illegal Eingereiste keine Gefängnisse bei freier Kost und Logis, |LBR| sondern Arbeitslager bei gutem Lohn. Sie müssen ihre Schulden bezahlen.",1
"Mareike beantwortet heute gegen 14 Uhr auf @DKultur im #Kompressor, wie man sich bei uns anmeldet&amp;wie die Finanzierung der Miete klappt!",0
"@InesHenkler @brosel_werner So schlecht kann es mir nicht gehen, dass ich das nötig hätte😂😂😂",0
"@BlondJedi Nun, wenn man nicht eingreifen würde, löst sich das Problem von alleine, hätte ein alter „Gelehrter“ mal gesagt.",0
@WWF_Deutschland Danke an das ganze WWF-Team! Und an die kolossal guten Twitterer!,0
@focusonline Es soll sogar Leute geben die nur weil sie die Wahrheit sagen ihren FB und Twitter account verlieren.,0
Was soll denn dieses unwürdige Kasperltheater um die Sitzplätze |LBR| im Parlament? Wer hat denn da was zu sagen?,0
@SteinekeCDU Ik freu mir schon wie Bolle!,0
"Gauland, rede Dich doch nicht mit den Aussagen anderer heraus. Damit |LBR| wird doch Dein dummes Rasissmusgelaber nicht entschuldigt.",1
@Rechtsanwaeldin @welt Diese „BRD Privatrichterin“ müsste sofort zwangseingewiesen werden,1
"@heinzegly Ich schätze, es werden noch einige Lacher 2017 dazukommen 😜",0
Heute Abend beginnt die diesjährige #Israelpedia in #Frankfurt |LBR| #DIG #JuFo #Israel #Deutschland,0
"Nachtschicht. ZDF Zeit. Früher war alles besser!! Stimmt sogar. Frauen wurden nicht öffentlich begrabscht, Kinder konnte man unbesorgt Spielen lassen. Butter hat keine 4 Mark gekostet. Eine Kugel Eis 10 Pfennig usw. Ja früher war es besser selbst bei weniger Lohn. Heute 4,25 Mark",0
"@krippmarie Ist sie schon längst, und ihr tut nichts dagegen außer jammern und lamentieren, |LBR| Gutes (Ereignisreiches) Jahr 😉",0
@Jockie59 Siehst du die beiden V‘s neben meinem Namen? 😉,0
@ARD_BaB Das zeigt doch wieder einmal welche Vollspacken uns regieren! Hauptsächlich Hohlköpfe. 😂😂😂👎🖕,1
.@hrw : Mindestens 288 Rohingya-Dörfer nördl. v Rakhine niedergebrannt. Analyse Satellitenbilder #Myanmar - Armee spricht von Übertreibung,0
@Beutebadener @LeggaKnoppers @KotzenderStern Vergewaltigung Mord und Parallel gesellschaften tun also Pforzheim gut alles klar...,1
"Lese gerade bei Akif das die komische ""Ich auch""-Debatte noch läuft !! Meine Lebensgefährtin sagte das es auffallend sei das die Frauen die jetzt die Klappe aufreißen erst ab einem bestimmten Karrieregrad nun meinen das sie die Scheere nicht aufmachen wollten! Soviel dazu!",1
@Cherusker6 @krone_at Deutschlands Schulen sind katastrophal.  Schlimm wer seine Kinder in so einen Moloch schicken muss...,0
@rigaer94 Steht auf wenn ihr wahre De seit,0
@AfD_Support @krippmarie Was genau bedeutet....deutsche Soldaten mit Gesetzesverstößen...????,0
@MonikaBergholz1 Kein jodiertes und fluoridiertes Speisesalz - keine E`s.,0
@focusonline War bestimmt nur eine Türkische Hochzeit. Da ist das normal. Da wird gerne mal aus dem Auto geschossen. :-),1
"@anhohX Gute Antwort, selbst nachdem sie sie in eine Urne werfen müssen begreifen sie nicht",0
"Auch 2014 gibt es natürlich wieder einen HAMBURG PRIDE. Das Motto in diesem Jahr: ""Grenzenlos stolz statt ausgegrenzt"". #HamburgPride ^ml",0
Wo bleibt denn hier das Image? Ein Schulabbrecher und 2 x sitzen gebliebener |LBR| ist ia nun wirklich nicht als Kanzler geeignet.,0
"@BiFriendsHH Danke für die Unterstützung! Für die Zukunft ist nichts entschieden, wir brauchen jetzt erst einmal eine Pause zum Durchatmen. 🙂",0
@Beutebadener @LeggaKnoppers @KotzenderStern @destatis Ne bist du nicht du bist wie gesagt viertel litauer halbet brite und halber deutscher,0
@michaeladam1984 auch gut. bin oberst d.r. der panzergrenadiere. tolle truppe. macht mir viel spaß. bei dir alles wieder ok?,0
@MichaelB2861 Thema nicht verstanden. Es geht nicht um den 2 Weltkrieg.,0
@NeuerMengele Dem ist nix hinzufügen Kamerad,1
@tagesschau Nazi Medien und Merkel Vasallen hetzen weiter gegen den Präsidenten der Vereinigten Staaten!!,1
@DuHugonotte @Die_Linke @spd @Verdi Warum kommen solche Sendungen nur im Sparten-TV,0
@SchullerKonrad Wir suchen den richtigen Weg dafür. Allein ein EU Mechanismus wird nicht erfolgreich sein.,0
@JeKra70 Die sind doch alle schon Gehirnverseucht!,1
Antrag #Synodalvertretung an #altkatholisch|e #Synode: In der Finanzkommission sollen mindestens 3 Laien &amp; 1 Geistliche/r sein #aksynode16,0
@AfD @Joerg_Meuthen Ich vermute das Schulz der Merkel zuvorgekommen ist...das war wohl Inhalt ihrer eigenen Rede zum späteren Zeitpunkt... |LBR| Das dieses beabsichtigt wird steht allerdings schon länger fest....!,0
@RealAppell @GiKi56534206 Das ist der größte bayrische Depp....das sie den nicht davonjagen...?,1
@GiorgioVienna Richtig! Danke für den Hinweis!,0
@welt Die Politiker und Merkels Vasallen die Lügenpresse und Medienlandschaft sprachen doch von Zehntausenden Teilnehmern? Bestimmt Navi kaputt 😂😂,1
"@vilimsky Ich würde sagen,sämtliche EU-Staaten trugen Merkels Flüchtlingswahnsinn zu lange mit,was d. Sicherheitslage d. Staaten verschärfte",0
Murksel und ihre Unchristen stehen für Konfrontation gegen Russland und einen möglichen Krieg. Und den überleben auch Wahlschafe nicht 😜,1
Templer werden heute als Religiöse Spinner verurteilt. Das Gegenteil ist der Fall. Die Kirche hat uns missbraucht. Ein König verraten.,1
Ich halte Menschen die an Götter glauben für Idioten bzw. für krank. |LBR| Sie können das auch gerne über mich denken weil ich nicht an so einen Humbug glaube. Das ist mir egal.,1
"@SiggiWeise @Norbinator2403 Seit wann gibt es representative Umfragen, mal ehrlich wir leben in einem verstecken Faschismus, man muss kein Einstein sein um zu erkennen wer hinter den Umfrageinstituten steckt.",0
"Den Türken ihre Türkei, In der Türkei, nicht in Deutschland. Verschwindet. |LBR| Wir vermissen Euch nicht.",1
Nur ein freies Land ohne EU Diktatur und Globalisierung wird in Zukunft bestand haben. Die Angelsachsen haben das erkannt.,0
"Dieses ""Propaganda-TV"" ist nicht mehr mit anzusehen 🤢 Hoffentlich tritt Trump den politisch Verantwortlichen gehörig in den Arsch, Murksel!",1
@Ralf_Stegner Stegner ich mag dich....fast hätten wir mit Dir unter 20% erreicht...👏👏,0
@ThomasVerheugen Dein Tweet ist nicht verfügbar - nur als Hinweis. Kaum eingestellt - schon gesperrt?,0
"@_macmike @petpanther0 @machtjanix23 @NoHerrman @teite99 @info2099 @lifetrend @ThomasGBauer @SchmiddieMaik @AthinaMala @charlie_silve @willjrosenblatt @feldenfrizz @nasanasal @ellibisathide @MD_Franz Wird spätestens beim e - den es im hebr. als Buchstaben nicht gibt - kritisch, da Du die Zeichen nicht unter bzw über die Buchstaben bekommst.",0
@RegSprecher Eine Terroristische Vereinigung ISLAM hat nichts mit Religion zu tun!,1
@ainyrockstar Kunst gegen Krieg..?😂😂 |LBR| Das ist Kunst für doofe....und das steht genau am richtigen Platz!,0
@OnkelTorf Gerne doch - mit freundlichen Grüßen aus Ungarn !,0
"@BystronAfD @KrahMax Bis dahin fällt den Grünen schon ein das Ghana kein sicheres Herkunftsland ist...die kriegen alles hin, die lieben solchen Abschaum",1
#Israel steht nach dem schrecklichen Terroranschlag in #Turku am Freitag an der Seite der Menschen in #Finnland. 🇫🇮🇮🇱 @FinBotschaftDe,0
@ndaktuell Vorsicht Polizei dass wird wieder so eine G20 Demo von linken Chaoten !👊Denkt an Italien die Wissen wie man mit Antifaschisten umgeht.,1
Trittin ist falsch geschrieben. Es muss heißen: Tritt ihn. Wer für |LBR| straffreien Sex mit Kindern ist muss getreten werden. Weg mit ihm.,1
"Ihr afghanischen Jugendlichen! Haut doch nicht ab, Ihr Feiglinge, und |LBR| kümmert Euch um Eure Angelegenheiten in Eurer Heimat.",1
"@drbrandner Wer so ein bescheuertes Gesetz erlässt, kann nicht mehr richtig im Kopf sein. Stammt das vom Maas?",1
"Schäuble zur Lage in der Türkei: ""Das erinnert mich daran, wie es in der DDR war"" Was weiß dieser Vollpfosten von der DDR 🤢",1
"@BILD Scheisse ist der Dumm, den nimmt doch keiner ernst!! Gehe in deine Hütte und bleib einfach still Steinmeier!!!!😡😡",1
"@ibikus31 Die Aussage dieser Frau, das wir Flüchtlings Familien zusammen führen müssen um sie besser zu Integrieren, obwohl diese Leute das Land absehbar wieder verlassen müssen ,viel erschreckender .Die kosten hierfür sind gar nicht absehbar, und unverantwortlich.",0
"Wir werfen niemandem vor, dass er für seine Prinzipien einsteht. Wir tun es aber auch für unsere Haltung. Wir sind für Trendwenden gewählt worden. Sie waren nicht erreichbar. Es ist besser, nicht zu regieren, als falsch zu regieren. CL #jamaika #sondierung",0
Der ewige Kanzler und große Europäer geht. Seine Verdienste um die Deutsche Einheit bleiben. Wir trauern um Helmut Kohl.,0
"Warum kommt in Deutschland nicht in allen TV Kanälen eine Laufschrift die on Time vor dem Sturm warnt und aufklärt, statt danach in Brennpunkten die Toten zu zählen? |LBR| Warum nutzt Deutschland diese Möglichkeiten nicht? |LBR| #frederieke",0
Heute wird vor dem Brandenburger Tor die erste Kerze am Chanukkaleuchter angemacht. Hinter dieser stillen Kerze stehen viel mehr Menschen als hinter den lauten Demonstranten. Trotz allem: Frohes #Chanukka! CL,0
@AkifPirincci Es gibt in Deutschland nur eine Art von Flüchtling und das ist der Wirtschaftsflü. ! Alle Kriegsfl. sind durch sichere 3tstaat. gereist!,1
@spasskultur Aber nicht so weit raus schwimmen 😜,0
"@cicero_online @HateSpeechGer Euch kann man jeden Bären aufbinden, die Rede ist vorher aufgezeichnet und die Raute sitzt schon in Paraguay.",1
@Hartes_Geld @PatMair1 Das ist erst der Anfang. Viele haben davor gewarnt. 9/11 jetzt ganz Europa. Einfach weil 50% der Deutschen Gehirn Prothesen träger sind.,1
"Was wir nicht Dulden ist Politik die eine Rassistische, Frauenfeindliche, Ideologie unterstützt. Wir brauchen die Regierenden nicht! Sie brauchen uns. Und wir bezahlen sie sogar.",0
"Filmtip: Russlands Atomkatastrophe – Auf den Spuren des vertuschten GAUs von Majak“ - am Dienstag, den 19. Dezember, 19:40 Uhr auf ARTE – begleitet Nadeschda Kutepowa. Hat es wieder einen Störfall in Majak gegeben? #Ruthenium @bellona @bankwatch @Greenpeace @janhaverkamp @ARTEde",0
"#Mallorca, einheimische Arbeitslose bekommen nichts. Wirtschaftsmigranten bekommen Kindergeld und Sozialhilfe.",1
"@PhilipPlickert @faz_donalphonso Falsch liebe Kollegen: ""Den schon länger hier Lebenden"" heißt das.",0
@Zukunftskinder Welches nette Bild von Linksradikalen hat @TAG24DE denn da rausgesucht? Seid Ihr asozial!,1
"Und es ist noch nicht vorbei, auch heute kann auf dem Straßenfest an der Alster natürlich noch kräftig weitergefeiert werden. #HamburgPride",0
@Heinrich_Krug @JotDora @PaulPlotzer @rponline Kerzenhersteller hätten Hochkonjunktur |LBR| Das deutsche Verhalten ist auch an der Justiz und den Strafmaßen erkennbar...gegenüber anderer Herkunft wird mehr Toleranz mehr Verständnis sogar Mitgefühl gezeigt,0
".@ZDFheute spricht von Razzien gegen „Linksextreme“ wg #G20. Dachte immer, Linke wären unfähig zu Gewalt, sozusagen geborene Pazifisten. 😇",0
"@Volker_Beck: ""Wer gewährleistet, dass ein unabhängiger Staat im Gazastreifen und der Westbank demilitarisiert ist und bleibt?"" #DILK16",0
Keine #Abschiebung nach #Afghanistan! Demo gegen den Sammelabschiebeflug aus NRW: Dienstag (12.9.) am Düsseldorfer Flughafen Uhrzeit folgt,0
"@Connybub Man sollte prüfen, ob man Merkel im zusammenhang mit dem Terroranschlag am Breitscheid Platz, mittelbare Unterstützung einer Terroristischen Gemeinschaft /IS vorwerfen kann. Da dieser durch die Grenz Öffnung und die unkontrollierte Einreise erst ermöglicht wurde.",0
"@ardmoma Wer sich in Gefahr begibt, kommt darin um!!!",0
@welt @FfFrauki Würde das jemand recherchieren...dann käme bestimmt raus das der Flüchtling-Spako nicht einsitzt...!,1
@SJW_MadBunny @machtjanix23 @Steffmann45 @troll_putin @petpanther0 @mastermikeg @Norbinator2403 @ennof_ @AthinaMala @NancyPeggyMandy @info2099 @lifetrend @ThomasGBauer @SchmiddieMaik @charlie_silve @NoHerrman @willjrosenblatt @feldenfrizz @nasanasal @_macmike @ellibisathide @MD_Franz Bitte Waffe nicht vergessen auf Daktys zu untersuchen - und Schmauchspuren - die fehlten bei Mundlos und Böhnhardt auch an den Händen.,0
@KokoLores20 @pinselpoetin Wenn die Opposition sie loswerden wollte hätten sie längst ein Misstrauensvotum stellen können,0
"@DieselMeister @DidiFreiheit Steuern für Kinderlose fördern ist kein Hass, aber unklug. Denn es würde - was jetzt schon ein Problem ist - die Vermehrung jener Bevölkerungsgruppen fördern, die nur aus finanziellen Gründen Kinder haben, und diese zu verwahrlosten DummBürgern erziehen.",1
Liebe JuFos: Noch bis Mittwoch wählen wir ein neues Vorstandsteam und ihr könnt mitbestimmen. Einzelheiten dazu findet ihr in unserer Mail,0
"@F_von_Steiner @machtjanix23 @AthinaMala @_macmike @magna_est @petpanther0 @NoHerrman @teite99 @info2099 @lifetrend @ThomasGBauer @SchmiddieMaik @charlie_silve @willjrosenblatt @feldenfrizz @nasanasal @ellibisathide @MD_Franz Das ist eine Klugscheißerin der besonderen Sorte, man kann sie nur blockieren, habe ich schon lange gemacht.",1
Neulich hab ich auf den Dachboden ne Kiste endeckt...,0
ABSCHIEBESTOPP nach SYRIEN bis ENDE 2018 ??? SIND DIE DENN VÖLLIG BESCHEUERT ?????,0
"@drumheadberlin @BILD Schreiben Sie wieder für - wie Sie so schön formulierten: ""die einfachen Menschen""? Schreiben Sie doch mal zum Thema Kanzler-U-Bahn - zum BER, die täglich gewartet wird!",0
"Polizeihunde in Deutschland bekommen jetzt eine Pension. Kinder hungern, Rentner müssen Flaschen sammeln.",0
"@Chwesta Das Leben ist ein Fluss. ""Easy going"" und alles wird gut! ;-)",0
"@walli5 @CDU Habe die Kanzlerin jüngst beim Gipfel zur Östlichen Partnerschaft erlebt.Mein erster Gipfel am „inneren Tisch“. Kann nur wieder sagen, dass sie trotz aller Schwierigkeiten in Berlin ihre Führungsrolle souverän erfüllte. Auch wenn ich nicht jede Position teile: Chapeau.",0
@KokoLores20 @FfFrauki Wir hatten mal einen der war für Völkermord verantwortlich - |LBR| Jetzt haben wir eine die macht sich wegen Völkerdiebstahl strafbar.,0
"@Jost2018 Lauterbach mit freudschem Fehler bei #Lanz |LBR| ""...ja,wir versuchen,konzentrierte Kompetenz vorzutäuschen"" |LBR| Danke SPD- es ist alles gesagt.",0
Manche Menschen glauben doch wirklich dass in Deutschland kein Rentner Flaschen sammeln muss. Wie kann das sein?,0
@kardasiapat Würde die AfD nicht solche Trolle beschäftigen hätten die Wahlen ein anderes Ergebnis gehabt....,0
Die Leitungen sind offen. Bringt die nächste #Eurovision nach #Israel! @MrHoviStar hat die Endnummer 07,0
"@AlfredoIhl @LeoTrotzki79 @sebastiankurz mano, immer werden wir in die ecke gestellt. meinungsfreiheit in deutschland ade. ironie off.",0
Du kannst 3 Sterne Koch sein nirgends schmeckst so gut wie bei Mama,0
"@norbertwagner3 @SteinbachErika auf deinem Bild ist erkennbar das es Dir nicht geholfen hat...😃😃 |LBR| Egal wie oft du gegen die Wand rennst, Claudia Roth wird nicht hübscher😃😃",1
"@shlomosapiens Genauso,  wie alle MSM Satireformate. Alles klare Indizien dafür,  dass wir in einer Gesinnungsdiktatur mit gleichgeschalteten Medien leben. Da Lob ich mir die vulgäre Analyse und andere freche scharfsinnige (leider von Zensur betroffene) Kanäle",1
"@BlondJedi Einerseits:einen Scheiß MÜSSEN wir. |LBR| Andererseits:ausser permanent darauf hinweisen, nerven, die Öffentlichkeit immer wieder mit der Nase in die Wunde stoßen-was bleibt uns?",1
Ungarn ist nicht nur Urban!,0
"@zeitonline Ich bin 13 Prozent und toleriere es wenn 87 Prozent in den VOLKSTOD gehen, den sie so populistisch propagieren ☠️🤬☠️,,,👍👍🇩🇪👍👍",1
@BlauekeP @poschuetzge @lawyerberlin @Die_Gruenen @fdp ....diese Asylrechte sind der eigentliche Verursacher unseres Desasters....allen Asyl-Kriminellen jegliche Rechte verwehren. |LBR| Problem gelöst!,1
"@keinfreiwild @Segeltexter Leute die so etwas einfädeln sollten sofort belangt werden, |LBR| unsere Jugend muss vor dem Gesocks geschützt werden",1
"@FroehlichKaiT Meine Schwester arbeitet dort bei einer FreiKirche. Seit die schwarze Regierung da ist,  gibt es 0 Sozialsysteme und Krankenversicherung... Weiße Christen kümmern sich, werden zum Dank überfallen,  vergewaltigt,  ermordet. Täglich.",1
@hebihebiheb Im Gegensatz zu den Deutschen sind Polen gute und sehr höfliche Gastgeber. Aber alles hat eben seine Grenzen 😜,0
"@jasmin_lachmann Anscheinend heute am späten Nachmittag, von der genauen Uhrzeit haben wir aber auch keine Kenntnis...",0
Kann User nicht ernst nehmen dir mir mit Meldung drohen,0
"@Beatrix_vStorch Ich bezahle 110€ monatlich an Stromkosten für unnütze Windkraftanlagen im Norden weil keine Trassen vorhanden sind .Ich hasse die Grünen und den Austritt aus der Atomenergie.Habe sie mal gewählt , Dass bedaure ich heute zutiefst!",1
"@AuswaertigesAmt @sigmargabriel Mit welchen regierungskritischen NGOs (zB zum Thema ""Pressefreiheit in Mexiko"" oder ""Korruption"") hat sich @sigmargabriel getroffen?",0
"@mastermikeg @_macmike @petpanther0 @machtjanix23 @NoHerrman @teite99 @info2099 @lifetrend @ThomasGBauer @SchmiddieMaik @AthinaMala @charlie_silve @willjrosenblatt @feldenfrizz @nasanasal @ellibisathide @MD_Franz Ich schicke es Dir nachher von zu Hause, da habe ich hebräische Tastatur.",0
"@machtjanix23 @schneeridara @krebbi @QueeniePi @Vergangenheit17 @MXLola5 @lazarus06 @Lars9596 @HeinrichHeine12 @KokoLores20 @Dunkeldenk @Kreativdesign1 @EmiliaC32 @DieBajuwaren @lawyerberlin @SBunners @twittonium @eysvog3l @gunnar_richert @Sortex @loriotfehlt @nasanasal @Norbinator2403 @troll_putin @LC180666 @vespasianus69bc @xX7Nitro1Xx @tbgstephen Dazu braucht es erst einmal eine andere Bezeichnung.  ""Rechts"" ist derart negativ konnotiert.  Ich persönlich denke sowieso nicht in diesen Schubladen, aber meine vernünftig-kritischen  Ansichten werden bei ""rechts"" einsortiert. |LBR| Alternative Denker, Mutbürger,  weiße Rose...",0
Die Türkei beschießt Dörfer in Syrien im Kampf gg. angebliche Terroristen. |LBR| Das ist so als würde man Dresden Bombardieren um Reichsbürger zu vertreiben.,0
Dortmund hat absolut kein Geld aber für Saudumme LINKE Sprühaktionen iss dann wohl Geld da !!,1
"@thomasreifert 👍 |LBR| ich frage mich echt, wie verdorben man sein muss, um diesen verlogenen Politikern zu folgen...",1
"@FranzRichard45 Ob in Bützow (RAF), dem NSU, oder Amri &gt; unsere Dienste sind TOTALVERSAGER u. taugen allenfalls zur Bespitzelung der Bürger!",0
@chteffie nur 3 Stunden Schlaf gehabt. Warum sagt mir denn niemand dass meine Tastatur nur verknoteten Quatsch rausgibt...,0
Hat dem Depperten Heiko Maas eigentlich schon mal jemand gesagt das er und sein Schranzenverein keinerlei Legitimation hat !?!?,1
"@JLomm Die Rechtsbeugermafia - auch sehr gut, gefiel der GenStA Dresden gar nicht hahaa",0
"@WELTnews Remigration als Lösung für dieses Problem. |LBR| Keine moslems, keine starkpigmentierten = keine blödsinnsbehörde",1
@anna_IIna Was tun mit solchen Leuten..?...wie geht man mit Unkraut nochmals um?,1
"@machtjanix23 @Norbinator2403 @ennof_ @AthinaMala @troll_putin @NancyPeggyMandy @petpanther0 @info2099 @lifetrend @ThomasGBauer @SchmiddieMaik @charlie_silve @NoHerrman @willjrosenblatt @feldenfrizz @nasanasal @_macmike @ellibisathide @MD_Franz Wenn etwas verändert wird, siehe BKA-Gutachten, ist es nicht mehr das Original. Die Amerikaner bezeichnen dies als Fake. Stand in sämtlichen amerikanischen Zeitungen.",0
"@T_Mockenhaupt #Hammelsprung kurz vor Mitternacht im #Bundestag, weil #SPD,#CDU,#CSU,#FDP,#Linke und #Grüne keine Beschlussfähigkeit haben. Dieses Mittel der #Demokratie zeigt, das die LINKSEXTREMEN bewiesen haben, das es ihnen NICHT um ernsthafte Politik,als um kassieren und bereichern geht!",1
"Alle diejenigen die nicht politisch korrekt sind, sind Verbrecher. So sehen das heutzutage Medien, Politiker, Toleranz Fanatiker sowie bahnhofsklatscher. Verblödetes Deutschland.",1
"#Kandel macht uns fertig.Beschäftigt uns.Fordert uns.Impulse zu unterdrücken, die Wut zu artikulieren. |LBR| Und das ist gut so. |LBR| Wenn wir schon bei #MariaL aus #Freiburg nicht geschafft haben, dem Opfer die ihm zustehende #Würde&amp;das Gesicht zu verleihen, so dann jetzt und hier bei #Mia",0
"Rund 20 Menschen protestieren direkt neben dem Kino #Babylon gegen diesen Querfront-Auflauf. Strömender Regen, die sonstigen Reden hauptsächlich Angriffe gegen vermeintliche ""Zensoren"" und ""Ultra-Rechte"" in der Linken. Wir gehen nach Hause.",0
"@JuFoRuhr @JuFoDIGBerlin @JuFo_DIG_Passau @digagkoln Heute denken wir besonders an Israels Hauptstadt Jerusalem, der im kommenden Jahr Friede und Anerkennung zuteil werden möge, sowie an diejenigen im Iran, die der Unterdrückung durch die antisemitische Mullah-Diktatur Widerstand leisten. |LBR| Auf das Leben! L'Chaim! (2/2)",0
@Icke41 @ProSiebenMAXX Ich bin dabei und nehme die langen Gesichter der Family in kauf!,0
"@enythen Aber mit einigen Petry-Absichten, bin ich nicht einer Meinung! Deswegen sollte sie generell ihren Mund, bis zum 24. halten!",0
@focusonline Das Ende der Merkel Diktatur. Sollte National Feiertag werden. Rauten IM Erika hat endlich fertig!!!!!!,1
@Rebellin70 Irre...Menschen sterben weil Abschiebungen nicht vollzogen werden.... |LBR| Wie erklärt man das den Hinterbliebenen? |LBR| Die Grünen sollten sich in Blutrot umbenennen...!,1
"Interessant: @AfD kritisiert #NetzDG. Bei meinen AfD-kritischen Tweets versuchen aber @AfD-Fans, bei @Twitter eine Löschung zu erreichen. #nurmalso",0
@Paragraph1Ralph @Steinhoefel @azuriana Datt iss ja wie negativ Zins !! Nicht gerade die Qumranrollen aus dem Westjordanland ! Au Backe der dumme Tropf !😂😅😆😂,1
"Kandidaten für Rechnungsprüfer: Klaus Prothmann (#Krefeld), Margit Müller (#Frankfurt), Gerhard Loos (#Offenbach) - #aksynode16",0
"@PolizeiMFR @marctailer3 Ich bin sicher, dass Sie u jeder Ihrer Kollegen tut, was er kann,-.Aber wir wissen auch,dass viele Beamte mittlerweile auch (physisch) ausbaden müssen,was die ""da oben"" angerichtet haben. |LBR| Möge Gott Sie schützen.",0
@dushanwegner @krippmarie Ich gebe dem Lindner mal recht...Schnittlauch ist außen grün und innen hohl....war wohl gemeint. |LBR| Ganz auf meiner Linie..!!,0
"@crabonace 😂😂😂 Okay, die letzten ""Zecken"", die im Nachbardorf `ne Veranstaltung störten, flogen mit samt Rahmen aus den Fenstern der Kneipe.",1
"@tgd_att @Tomsch24 @Georg_Pazderski Interessant, laut meinen Unterlagen sind 90% des Islam inklusive der Länder die ihn Praktizieren Rassistisch und Kulturfeindlich aufgebaut, das erweckt den Eindruck sie predigen Wasser und trinken Wein",1
"Ich habe schon wieder geträumt, jenand hat auf SED-Merkel geschossen! Diesmal kein Albtraum !! TREFFER, YES !",1
"@f4ksoc3ty Glaube mir, ich kenne Land u. Leute, so wie Gabriele Krone-Schmalz RU kennt u. ihre gegenteilige Meinung nicht ""gefragt"" ist.",0
Die mutigen Journalisten von #AlJazeera - #Tagesschau bejubelt #Katar &amp; sein #Islamisten-#Terror-#Propaganda-Sprachrohr ...,1
@BonkeKolja Da sagen wir doch mal : herzlichen Glückwunsch! 👍 😨,0
Der Klimadeal ist voller Mängel. Die Flugzeuge am Himmel und die schmutzigen Schiffsdiesel auf den Weltmeeren sind Dreck- |LBR| schleudern. Aha.,0
@NBildge @maischberger @Die_Gruenen @CDU @spdde @ToniHofreiter Auch ihr Irrsinn ist heilbar.,1
Fazit des Tages für mich !! Lieber ein RECHTER EINPEITSCHER (wie Sellner) als ein LINKER AUSPEITSCHER(wie Heiko MAAS) !!!!!,1
"Was macht eigentlich das gute alte TOLERANZGESETZ das mir z.B. verbietet zu sagen ""Moslems sind Terroristen"" oder ""Zigeuner sind Diebe""??. 2013 war das ja mal hart in der Diskussion, NetzdG hamm wa ja nu schon! Fehlen eigentlich nur die UMERZIEHUNGSLAGER !",0
"@InesLandmann @kandidatschulz 😜 Ich stehe um 06:00 Uhr auf, nehme eine Herztablette, 5 Kortison u. suche mir Arbeit als Dolmetscher 😜",0
"@DieWahreMargot 😜 nööö, aber so`n büschen Frühling, wäre ganz gut 😀 dann kann ich endlich auf meinen 4000 qm ein bisschen ackern 😀",0
"Am Ende werden wir uns nicht an die Worte unserer Feinde erinnern, sondern an das Schweigen unserer Freunde Martin Luther King |LBR| #Burma :((",0
"@David_Bendels @Gothdad @Junge_Freiheit @Dieter_Stein @AfD @AfDimBundestag Ich habe auf #Phoenix mehrere Reden d #AfD Abgeordneten verfolgt.Die aufstampfenden,kindisch-naiven Reaktionen der Altparteien geben einem Recht: #AfDwirkt .Und das ziemlich professionell.",1
"@FOJ45360104 @DuHugonotte @faznet In der Bibel steht geschrieben,die Welt wird untergehen wenn es zuviele Propheten gibt , wir sind nicht weit weg davon!",0
"In den öffentlich-rechtlichen Medien, egal ob nun @wdr5, @DLF, @tagesschau, oder @ZDFheute, wird #Israel nie objektiv betrachtet, sondern immer nur angegriffen. #Araber / #Muslime, also die sogenannten » #Palästinenser«, werden dagegen stets in Schutz genommen. #Antisemitismus",0
"Andrea #Nahles macht sich verdient um Erweiterung des politischen Wortschatzes: „in die Fresse“, „angerührte Kacke“ - und jetzt - „bätschi“, „bätschi“. Die von @MartinSchuz angedrohte Bildungs-REVOLUTION hat begonnen. #spdbt2017",0
Folgt mal alle den Kameraden @ExilHartzer,0
"@hannes_moser @FrankyFKP @MiriamOzen @aranxo Religiöse oder Kulturelle Beschneidung,die Arten von Genitalmassaker gehören verboten! Nur aus Medizinischen Gründen und nur vom Arzt! PUNKT",1
"Kard. Marx: ""An die Jugendverbände: Ich stehe hinter euch und vertraue euch in eurer Arbeit."" (Predigt Amtsübergabe Diözesanjugendpfr) @bdkj",0
@Nacktmagazin @DuHugonotte Und zum Nachtisch einen Mohrenkopf .🙎🏿‍♂️,1
@DeppendorfU So ein Unsinn. Ich habe auf eine Frage nahezu wortgleich dasselbe geantwortet wie in den vergangenen Wochen. Vergleichen Sie unseren Präsidiumsbeschluss vom 5. Dezember. Ich kann mich über die Aufregung nur wundern... CL,0
Sie ist lieb als Mutter. Sonst aber taugt ihre Partei zu nichts.,1
"@MichaelEfler Stimmt, ich sehe die A.A.S. auch als widerliche, hetzerische, populistische. Stiftung, Der PseudoSTASI unter Maas und Kahane blühen hoffentlich schlechte Zeiten ! Ich bin pro KERNSEIFE und gegen Linksterroristen !hehehe",1
@BiaJulixoxo @ellibisathide Genauso müssten wir es handhaben....wenn die Ölpisser das hinkriegen warum dann nicht wir...?,1
"#puls4 #Sommergespraeche #Grüne #Lunacek: ""Diktaturen wie #Russland"" - #geisteskrank &amp; #bildungsfern - #gehscheissen - #zapp",1
@hunterzorro3 @MiriamOzen War es eine unbefleckte Empfängnis wie bei Maria?,0
"@info2099 @petpanther0 @AthinaMala @charlie_silve @ThomasGBauer @feldenfrizz @_macmike @NoHerrman @ellibisathide @Miquwarchar @MD_Franz Mit welchem Mittel beherrscht man die Massen am effizientesten, |LBR| ‼️ANGST‼️",0
@BMI_Bund Keiner will das Syrien aufgebaut wird... |LBR| Erst zwingen sie einem einen angeblichen Bürgerkrieg auf....und danach verweigert man ihnen eine Rückreise...!! |LBR| Die 6000€ waren bestimmt als Bleibebonus gedacht und nicht als Ausreise....😃😃,0
Nennt mich Faschist aber meine politische Haltung werde ich nie ändern,0
"@von_Steiner Fritz, Deutschland machte mit! Merkel kroch Bush in den Arsch,da war sie noch nicht einmal Kanzlerin,dann Ramstein, BW-Einsätze",1
"@anna_anja69 @ThomasMaron1 Da wäre nur ein Problem, Frau Kerber: Es war nicht falsch. Sind nach wie vor davon überzeugt, dass es die richtige Entscheidung war. TL",0
@dietmar_danz fröhlicher gruß aus der schönsten stadt der welt dietmar ⚓️,0
Wir wollen den Abbruch der Verhandlungen. #Türkei #EU #EUBeitritt,0
"Selbstmordanschlag in Manchester, alle Medien geilen sich förmlich daran auf, ohne ""Ursachen"" zu erwähnen.",1
"@GefrKamnitzer Wir erklären, dass der Gewaltkriminelle verurteilt gehört und bestraft, aber dass in Afghanistan die Todesstrafe droht.",0
@anna_anja69 @SteinbachErika In Saudi Arabien heute noch gängig. Sharia Gesetzt erlaubt bis heute die Enthauptung. Wir liefern Waffen dort hin und unterstützen diese Politik. Wegen dem Öl. Noch fragen.,0
"@66Freedom66 Herr Lafer übernehmen Sie ,wir haben Genussmenschen aus Schwarzafrika,die haben Zuviel von Ihren Sendungen in ihrem Ehemaligen Heimatland gesehen , jetzt denken die das wäre unsere normale Ernährung!",0
@mpitzke @SPIEGELONLINE Gut gemacht Mr. Präsident! Die dumme Nudel mal wieder richtig vorgeführt!😂😂👍,1
@pinselpoetin Super Artikel (gleich gespeichert) 😜,0
"@King_Petrus @krippmarie @RegSprecher @IUnsleber SS sabbert nur rum....nichts ist langweiliger als seine Statements |LBR| ""Ich glaube wir haben alles dazu gesagt""... ist mein Favorit ...😂😂",0
Habt Ihr schon gehört? Putin manipuliert auch den Muttertag 😜,0
"@Riedegost ""Hoch legt an ... Feuer!""",1
@DoraBromberger @AfD_Support Schickt diese Moslem-Brut nach Hause!,1
@Frank_Pasemann @krippmarie Hier gibt es alles..neue Identität neuen Pass neues Haus Kohle auf die Kralle....aber nur wenn du kein deutscher bist..!!,1
@ndaktuell @MartinaRenner @IreneMihalic Um Gottes Willen. Nicht noch das!!!!!!!,0
"Unsere Gedanken sind bei den Menschen, die mit den Folgen der schweren #Unwetter zu kämpfen haben und bei den Familien der Toten.",0
@spdbt @Ralf_Stegner So ein Bullshit.... |LBR| Du denkst es geht nicht dümmer?....dann kennst die SPDler nicht...😂😂,1
"@ainyrockstar Warum kein deutsches Themenmärchen, sind soviel Moslems in dem Viertel wohnhaft?.Hier ist wieder ein Beispiel dass wir Deutschen uns integrieren müssen ,dass kann doch nicht wahr sein in diesem unserem Lande 🖕",1
"Die oberen zehn Prozent (Jahreseinkünfte ab 76.472 Euro) zahlen 55,5 % der gesamten Einkommensteuer. Nach Meinung der @spdde ist das aber zu wenig an Umverteilung.",0
@bloggi @aufklaerer2017 Sind nur zusammengesetzte Bilder die eine Reaktion verursachen sollen...aber es trifft den Kern. |LBR| Wir sind ein Volk des schnellen Vergessens geworden. Dafür wurde gesorgt..!,0
"@waldruhe @Suesse_Schnitte Für die sind die ja auch nicht zuständig, noch nicht bemerkt ‼️",0
@ZDFheute @ZDF Das ist die Vorankündigung der Merkel Vasallen wie den Bürger noch mehr Geld aus der Tasche gezogen werden soll um die Flüchtlinge zu finan.,1
@DoraBromberger @Rebellin70 Ist aber auch eine dämliche Aktion....eigentlich sollten die vom Sozialamt Bewährung kriegen...!,0
"@ndaktuell Wir brauchen heimische Energie,keine Windkrafträder oder Atomstrom aus dem Ausland.hatten selbst die besten Kraftwerke,aufgegeben gegen unsichere an unseren Grenzen.",0
@UdoHemmelgarn @PaulePhanter Was erwarten Sie von Rothschild Sklaven die ihre Seele dem Satan verkauf haben!,1
@FreierDiskurs @Tomsch24 @Georg_Pazderski Frau Weidel besteht bis zum heutigen Tag weder auf eine Unterlassung noch auf einen Widerruf. Zudem spricht Ihr Anwalt nicht mehr von Fälschung. Mehr braucht es zu diesem Thema nicht.,0
"@charlie_silve @Miquwarchar @lifetrend @info2099 @feldenfrizz @petpanther0 @AthinaMala @ThomasGBauer @_macmike @NoHerrman @ellibisathide @MD_Franz Österreich ist eine schlechte Wahl, da Österreich von den gleichen Kräften gesteuert wird wie D. man fährt nur einen anderen Weg damit es nicht so auffällt, die Logen die D. lenken, lenken auch Ö. der Pan Europa Plan soll flächendeckend umgesetzt werden ohne Ausnahme",0
Was für eine überheblich arrogante Kuh. Was bildet die sich an einen Bundeskanzler zu kritisieren. Erziehung scheint die auch nicht genossen zu haben oder warum quatscht sie dauernd dazwischen? Ganz ehrlich das sind doch keine Journalisten das sind Schmierfinke. |LBR| #maischberger,1
"@AkifPirincci Japp, so sind sie, die guten Wahrheitsliebenden Denunzianten-Ex-Mauermörder der SED und STASI, die sich in UNSEREM System eingefressen haben !Wenn Leute wie Kahane an Schlüßelpos. gesetzt wurden dann muß das zwingend geändert werdden !",1
@spass_fun @melli_mail Nur ein toter ist ein guter....,1
"@pinselpoetin @Eddie_1412 Danke 👋  und gleichfalls, bis morgen 👋👋👋",0
@Uwe_Junge_MdL Wozu seid ihr denn im Bundestag ‼️‼️‼️⁉️⁉️⁉️,0
@klaus_der_troll Versuchen Sie es noch einmal fehlerfrei und auf deutsch. 😂😂😂,0
"@InesHenkler Typisch die Ines, gönnt den Männern nicht die kleinste Kleinigkeit im Leben 😜",0
Immer wenn ich Deutsche Kinder sehe krieg ich wieder Hoffnung für mein Land,1
@krippmarie Glaubt ihr nix...Sie ist Politikerin |LBR| Glaubt allen nix die Politiker sind..!!,0
@StephanDerrick2 so. jetzt aber. beleg sonst sind sie hier raus.,0
@kasparkramer @KontaktVito @MiriamOzen @MarkusF63525888 @tomkoehler252 Weder der Löwe noch der Esel hat die Pest über ganz Europa verbreitet. Es war die Ratte.,0
@Hartes_Geld @Sonny250874 Lt Herrn @EtgetonStefan von der berüchtigten #BertelsmannStiftung sollten wir doch bitte etwas Universalempathie mit diesen und allen anderen Goldstücken haben.Also bitte! @AfD @Beatrix_vStorch @mdrde,1
@Grals_Hueter @LC180666 @larryelder Auf jedenfall war die Entscheidung von Trump mutig.,0
"@G_B0nn Wäre Gott real, müsste er in den Knast als Massenmörder und wegen Genozid an der Menschheit.",0
"Die @CSU braucht kein neues Logo. |LBR| Neue, vor allem vertrauenswürdige Politiker sind gefragt. |LBR| Kein #Drehhofer. Keine grenzenlose Einwanderung. |LBR| Schaut's euch in AUT um, die machen es gerade vor, wie es geht.",1
"@AngaylaMerkel @RegSprecher @AfD Entschuldigung.Konnte ich ja nicht wissen,dass das, was sie tut unter ""Land regieren"" fällt. Nehme alle Kritik zurück und wähle ab sofort nur noch linksgrün.Beides gleichzeitig.😊",0
@AFDtrischi @StartUpManager @China_Welt_News D.Rockefeller war auch Herzkonsument im großen Stil...,0
"Ich frage mich, wo sind die ganzen #Stasi-Akten von #Merkel und Co? Kann es etwa sein dass der liebe Herr Gauck sprich Gauck Behörde hier das ein oder andere gedreht hat? Dann wo sind Merkels Akten auch die von Heiko #Maas vermisse ich.",0
@Heinrich_Krug @krippmarie Sorry aber das ist schon gruselig wie Merkel aussieht....irgendwie passt die optisch besser zu den Afghanen oder Syrern 😡😡,1
@AfD_Bayern @krippmarie Gepanzerter geht’s nicht mehr.😃😃...je besser die Politik desto dicker das Glas,0
Nicht vergessen: Morgen 17Uhr im Nymphengarten in Karlsruhe startet die Demo zur Einreichung der Verfassungsbeschwerde. Kommt vorbei!,0
"@NeumannUndine @Dora_Bromberger Für einen ähnlichen Kommentar wurde ich wegen Rassismus angezeigt. |LBR| Merke: kritisch Forderungen von fordernden Anhängern einer  immer schneller zur Mehrheit werdenden besonders friedlichen Religion zu beleuchten, ist rassistische Hetze, die verfolgt und gelöscht werden muss.",0
"Kern, pinkle dem Herrn Kurz nicht ans Bein. Du bist |LBR| abgewählt und unerwünscht. Also, halt´s Maul.",1
"#spdbpt2017 Wenn man @MartinSchulz und Andrea #Nahles nebeneinander beobachtet, fällt auf: Viel zu sagen haben sich die beiden nicht. Genauer: die haben sich nichts zu sagen.",0
"@info2099 @_macmike @AthinaMala @charlie_silve @petpanther0 @MustaphaMondAH @SJW_MadBunny @mastermikeg @machtjanix23 @SpadeCarrier @Steffmann45 @troll_putin @Norbinator2403 @ennof_ @NancyPeggyMandy @lifetrend @ThomasGBauer @SchmiddieMaik @NoHerrman @willjrosenblatt @feldenfrizz @nasanasal @ellibisathide @MD_Franz @YouTube Die holen noch an Geld raus, was rauszuholen ist. Würde ich, wenn ich sie wäre auch so machen, alles andere würde auffallend auffallen.",0
@anna_IIna Wie sagte eins unser Oberhäuptling....jetzt sind sie halt da... |LBR| Konsequenzen sind nicht zu befürchten...😃😃,0
@MiriamOzen Der Tweet von S.Tuerker zeigt das jeden Tag ein Dummbrot geboren wird.,1
@SteinbachErika Kein Land möchte diese Schmarotzer haben. In Deutschland leben sie wie im Paradies und beschweren sich noch. Haut endlich ab und belastet nicht länger unser Sozialsystem.,1
".@CSDLeipzig Danke, dem schließen wir uns an: Happy Pride! @RuhrCSD @CSD_Nuernberg @CSDWiesbaden @CSDUlm CSD Bonn &amp; CSD Bad Tölz #pride2014",0
"Trump: ""America first"" kontra Deutscher Bundestag: ""Dem Deutschen Volke"" ??? Worin besteht der Unterschied??? In der politischen Praxis??? 😜",0
@LutzSchickinger @sebastiankurz ziel war ein interview. frage. antwort. nachfrage. antwort. ende,0
"@tagesschau Eine #Handgranate liegt sicherlich nicht einfach so herum, oder? Eine Handgranate ist in #Stockholm gezündet worden, denn normalerweise teleportieren diese Kriegswaffen sich nicht irgendwohin &amp; töten Menschen! Es war auf jeden Fall #Terrorismus &amp; kein »Vorfall«. #Terror",0
@ThomasGBauer Australien hat sich auch mal Feldhasen importiert und dann sehr viel Spaß damit bekommen! Islam hat hier in Europa nichts verloren !,1
"@xyzimmermann @nasanasal Ich hab sie animiert, auch mal nach Duisburg zu kommen. #ausGruenden",0
"@ainyrockstar Einfach nur einer, der ein paar kalte Lötstellen im Kopf hat.",1
"Solange Deutschland einem Deniz Yücel hinterherheult,der anderen,soviel ich weiß, tödliche Schlaganfälle,wünscht, so lange gehts abwärts!",0
@jorg_radek fröhlicher gruß aus der hauptstadt jörn 😎,0
"@B_Saft Mir Nicht. Beide sind für mich nicht akzeptabel. Es gibt auch keine schlechten Extremismus und weniger schlechten. Alle Formen des Fanatismus+Extremismus gilt unser Widerstand. Abder Danke für ihre Offenheit, erklärt vieles.",0
"Der Islam hat mit Gewalt zu tun, sagt der Islamwissenschaftler Dr. Abdel-Hakim Ourghi.",0
"Warum LINKS oder SOZIALISMUS nie überlebt?? Weil zu 99,7 % Kinder eben NICHT auf ihre Eltern SCHIEßEN !",1
"Allen Müttern die herzlichsten Glückwünsche zu ihrem Ehrentag und danke, dass Ihr uns geboren habt.",0
Helmut Kohl war der Kanzler der Einheit ❤️👍 |LBR| Merkel ist die Kanzlerin des Verrats und der Zerstörung 💔😡😡👎🏽👎🏽👎🏽,1
@kaiserwetter49 Das hängt ziemlich weit oben. Brauche Komplizen. Identitäre?,0
Klare Aussage der Kanzlerin: Fluchtursachen bekämpfen! #TVDuell,0
Der Familiennachzug ist voll im Gang es sind dann alles Härtefälle wir werden m Muslimischen Großfamilien beglückt faulen Zauber beenden AFD,0
Habe gerade voll die Diskussion mit linken...,0
@Einzelfallinfos @krippmarie Lasst es nicht die Grünen lesen...,0
"5 Monate Untersuchungshaft wegen Benutzung eines Laserpointers. Blendung Hubschrauberpilot G20 in #Hamburg. #Ausländerkriminalität #Bahnhofstreter, #Vergewaltiger, #Drogenverkäufer Bewährungsstrafe. Deutscher Mensch zweiter Klasse?",1
"Wenn die Briten ernten, was sie säen, müssen sie ihr Saatgut an den |LBR| Grenzen genau überprüfen. Keine Giftpflanzen aus dem Nahen Osten.",1
"@RolandBauer11 Naja, waren ja auch blöd genug, kein POLITIKVERBOT für S E Dler auszusprechen. Nu haben wir Merkel,Kahane,Gauck e.t.c..",1
@Rudisagmal @LC180666 Das ist Antisemitismus in rein Form.,0
"@ARD_BaB @sigmargabriel Schickt endlich die SPD Schädlinge Gabriel, Maas etc. in die Wüste .. Dann wird’s auch was",1
"Komplexe und lange Diskussion der #altkatholisch|en #Synode über die Frage, ob wir ein #Ordensrecht brauchen oder nicht - #aksynode16",0
"@RegSprecher Der hat und brauchte nicht solche Lügen und Märchen den Bürgern zu verklickern, wie Sie Herr Seibert! Aber es gibt eben Leute, die für Geld ALLES labern!",1
"Zur #Chanukka-Feier am Brandenburger Tor kommen erste Gäste. Starke Polizeipräsenz und Sicherheitskontrollen, der ganze Pariser Platz ist abgeriegelt, Zugang nur direkt unter den Linden.",0
@anna_IIna Die Afrikascheiße fliegt uns bald um die Ohren....wir sind übersät mit Unkraut und das werden wir nie wieder los...!,1
@Hartes_Geld Ich hätte noch ne Kiste Teddybären und 1000 Refugee welcome Aufkleber zu verschenken.,0
@GtzFrmming @Boelscheline @CSU Jede Menge Kompromisse...Grünen reduzieren ihre Pensionsansprüche und hochdotierten Gehälter bei Durchsetzung ihrer Ziele....,0
"@pinselpoetin Keine Unterhaltung, liebe Poetin, eher billige Wahlwerbung, weich klopfen der Wahlschafshirne 😜",1
Man hört ja nichts aus der Silvesternacht. Politiker und Medien schweigen. Warum? Wo sind die Opfer die man uns verschweigt?,1
"@Wahlen_AfD_2016 @AfDBerlin Es gibt doch reichlich Bildmaterial als Beweis! Alle Mittäter anzeigen, da leider verboten sie zu schlagen! 😜",0
@Joerg_Meuthen News RT..AfD verklagt Petry wegen Datenklau?...so richtig? |LBR| Wenn das nicht aufhört seit ihr uns schneller los als gewonnen..!!,0
@anna_IIna Erst fett abkassieren....und jetzt jammern..? |LBR| Die Gier mancher Menschen ist unersättlich und unerträglich....!,1
@ainyrockstar @GiKi56534206 Alles andere wäre ausländerfeindlich ....,0
@Beutebadener @LeggaKnoppers @KotzenderStern @destatis Deutsche gibt es schon länger als 1871...,0
"@lawyerberlin kurz erklärt: s. kurz ist gegen die von der eu abgesprochene verteilungsquote. |LBR| ich habe nicht gesagt, dass österreich sich nicht dran hält. finde den unterschied! wenn das pberhaupt hier einen interessiert. ansonsten machen sie weiter mit ihren falschbehauptungen",0
@dieter_wolfgang @loriotfehlt Nee. Aus der Leitung in meinem Elternhaus 😉,0
@jeanvansta @maischberger @sebastiankurz das wäre dann ein abfragen der position. wir wählen bei politikern in der regel „position - gegenposition“.,0
@DirkRuhr @Steinhoefel Konto gelöscht. keine Lust mehr auf den Laden.,0
"@Mesut__A @ntvde @ntv Soll ich dir alle Polizeiberichte türkischer Übeltäter hier posten? Oder welche schlimmen Erfahrungen ich selber, mit Türken seit 1962 habe?",1
"Heute Abend um 19:30 in Koeln, werde in der Buchhandlung Ludwig am Hauptbahnhof aus ""Mohamed"" lesen!",0
"Schon merkwürdig wie brav die #Moslems sich in #Russland verhalten. Dort stellen Moslems keine Forderungen. Dort greift man auch keine Polizisten an, #vergewaltigt #Frauen und #Mädchen. Auch demonstrieren dort kein #Moslems oder #Schwarzafrikaner. |LBR| Woran das wohl liegen mag? 😀",1
"#280zeichen - ""weniger ist mehr ""... oder so ??",0
@Shuggy35312948 @mastermikeg @machtjanix23 @Norbinator2403 @ennof_ @AthinaMala @troll_putin @NancyPeggyMandy @petpanther0 @info2099 @lifetrend @ThomasGBauer @SchmiddieMaik @charlie_silve @NoHerrman @willjrosenblatt @feldenfrizz @nasanasal @_macmike @ellibisathide @MD_Franz @machtjanix Das Ende wird er mit solchen Leuten nicht aufhalten.,0
@ultrabreit @KontaktVito @echter_Stock Bin total Traumatisiert Ich glaub jetzt ich bin weder Mann noch Frau. Zwitter auch nicht. Tunte oder Anal Ritter fällt auch aus. Ich bin mir sicher das ich das 5 Geschlecht bin..... Ich bin ein Wolperdinger.,1
Solche Schlagzeilen zünden Unterkünfte an. Reaktionen zum Tweet bestätigen mit Hetze. Glückwunsch @sternde System=Gewalt. Menschen=Menschen,0
@SJW_MadBunny @machtjanix23 @Steffmann45 @troll_putin @petpanther0 @mastermikeg @Norbinator2403 @ennof_ @AthinaMala @NancyPeggyMandy @info2099 @lifetrend @ThomasGBauer @SchmiddieMaik @charlie_silve @NoHerrman @willjrosenblatt @feldenfrizz @nasanasal @_macmike @ellibisathide @MD_Franz Vielleicht ist sie ja multiple - frag mal nach😂😂,0
@DomNRW47 @Beatrix_vStorch Ihr Feigen Bastarde...nur Verachtung übrig für euch Abschaum..!!,1
"@Paxter_Redwyne Ehrlich gesagt ist mir die Ahnungslose lieber als all Jene, die sonst ihre Brüste in die Kamera halten, wenn es dem Geschäft nutzt, aber kollektiv in den Opfermodus fallen, wenn es gerade opportun erscheint.",0
@Rebellin70 Bei uns undenkbar...welch ein Aufschrei der Grünen.... |LBR| Und jetzt noch die FDP dazu...was dachten sich die 🇩🇪nur dabei..??,0
@ndaktuell Die meisten Messerangriffen sind nun mal von dem Asylantenpack . Wer Das verharmlost ist für mich ein Fehgesteuerter Ignorant und ein Hirnprinz!,1
@ndaktuell Jeder darf einen Legostein mitnehmen!,0
@Heinrich_Krug @welt @welt ..war ja wirklich nicht für sauber Berichterstattung bekannt.... |LBR| Was auch immer mit der Welt-N24 passiert ist...irgendjemand hat uns erhört und seine Schmierfinke entsorgt...!,1
"Ob unserem de Maiziere u. all seinen Experten klar ist, wie viele Blanko-Pässe, Dienstsiegel etc. der IS in den eroberten Städten erbeutete😜",0
@BILD Und wer war es . Lasst ihn in der Sahara ohne Fallschirm abspringen!,1
"@_macmike @AthinaMala @SpadeCarrier @mastermikeg @SJW_MadBunny @machtjanix23 @petpanther0 @Steffmann45 @troll_putin @Norbinator2403 @ennof_ @NancyPeggyMandy @info2099 @lifetrend @ThomasGBauer @SchmiddieMaik @charlie_silve @NoHerrman @willjrosenblatt @feldenfrizz @nasanasal @ellibisathide @MD_Franz Dein Tweet ist weg von eben - wollte Dir gerade antworten, da war er weg.",0
"@ranzmann Eben, deshalb VERWALTUNGSAKT, denn selbst nach sowj. Recht hätte es Gesetzesänderungen der ""Unionsverträge"" geben müssen 😜",0
@OfficialPDC Was hab ich geschrieben?es ist so eingetroffen!,0
"@and_smartie @anna_IIna @FavoritaRata Behörden WARTEN auf mehrere Morde, von diesem Abschaum!",1
"Herr Kurz, im Grunde würden Sie den Vergewaltiger und Mörder Ihrer |LBR| Tochter mit dem Tode bestrafen. Warum ihn ein Leben lang durchfüttern?",0
"@Rosenbogen111 Wolfgang Gehrke ist nicht die Linke, im Programm steht anderes.",0
@bundeswehrInfo Genau deswegen hab ich einem meiner Söhne verboten zur BW zu gehen. Ich möchte ihn nicht in einem Sarg mit Helm und Flagge zurück.,0
@WMuhsal @krippmarie @Joerg_Meuthen So ist es...wir sorgen dafür das es so bleibt..!,0
"Wer hier Naziverhalten sieht, hat ein Rederecht. Auf dem Klo. |LBR| Scheisshausparolen gehören dort hin. Schon 1683 wurden die |LBR| Türken davongejagt.",1
@ahrens_theo fröhlicher gruß aus der hauptstadt theo 👍,0
„Nur die dümmsten Kälber wählen ihre Schlächter selber.“ |LBR| (Bertolt Brecht),0
"Die unheilige Allianz von ISLAM und LINKSGRÜN wird DEUTSCHLAND töten !! STASI erkannt , Gefahr gebannt ! Widerstand !",1
"@treptauer @PiratenNRW Es ist ein Veranstaltungshinweis, wir organisieren die Diskussion nicht.",0
Bisherige Regelung verstößt gegen das Persönlichkeitsrecht und das Diskriminierungsverbot. Weitere Infos folgen,0
@meddldreggsau Er sieht aus als hätte er 2 Medizinbälle verschluckt,1
"Italien will anderen Staaten illegal Eingereiste aufzwingen anstatt |LBR| sie zurückzuschicken. Sie haben kein Recht auf Asyl, verdammt.",1
@AegisBridge Genau das Problem.  Und sie haben keinerlei Lobby. Bei Flüchtlingen werden sogar Taxifahrten zu Aemtern bezahlt. Einfach alles. Und die Anträge füllen willige Helferinnen und Sozialarbeiterinnen aus.,1
@karlheppner @GiKi56534206 Könnte daran liegen das es doch nicht soviele Syrer gibt als sie es vorgaben....,0
"Freitag ist mein Lieblingstag. Das Wochenende ist zum Greifen nahe. |LBR| Naja seit #Paris, #London und Co meide ich stark frequentierte Plätze freitags besonders. Zuhause ist es sowieso am gemütlichsten. Schönen Freitag 😘✌💙",0
#Selbsterhaltungstrieb - #Fakt: Selbst der dümmste #AFD-Wähler ist ein Geistesriese verglichen mit beliebigen Wähler*innen der Blockparteien,1
"@kandidatschulz @InesLandmann Das Müssen ist die eine Seite, aber konkrete Wege aufzuzeigen und DURCHZUSETZEN ist die wichtige Seite 😜",0
"@info2099 @ThomasGBauer @feldenfrizz @Nessie43 @AthinaMala @petpanther0 @_macmike @NoHerrman @ellibisathide @MD_Franz Aber mit dem Polsprung hatte Nostradamus recht! Ebenso mit der Berechnung, wohin der Pol springt.",0
@DrDavidBerger Blind ist die Meck-Pomm Schlampe auch noch!,1
Unglaublich was die ÖR Medien an Rot Grün versiffte sogenannte Politik - Wissenschaftler aufbieten um die AFD zu verunglimpfen |LBR| AFD wählen,1
"@Steffmann45 @troll_putin @petpanther0 @mastermikeg @machtjanix23 @Norbinator2403 @ennof_ @AthinaMala @NancyPeggyMandy @info2099 @lifetrend @ThomasGBauer @SchmiddieMaik @charlie_silve @NoHerrman @willjrosenblatt @feldenfrizz @nasanasal @_macmike @ellibisathide @MD_Franz Übrigens gab es auch keine Fingerabdrücke an der Waffe, ebenso gab es an 27 Tatorten keine DNA - das ist kriminalistisch völlig unmöglich. Ruß in der Lunge und Co2 im Herzblut wären zwingend erforderlich gewesen - gab es aber nicht.",0
"@Legatze Ehm, haben Sie den Live-Stream eben aus NRW geschaut? Da war eine ganze Mannschaft anderer Leute in Verantwortung! TL",0
"Unser Mitgefühl gilt der Familie des Opfers der schrecklichen Tat in #Barmbek. Großer Respekt allen,die mutig Zivilcourage gezeigt haben (1)",0
"@JakobTheresa Bei der Aktion geht es ja nicht um uns, sondern sie soll auf die Situation in anderen Teilen der Welt aufmerksam machen. ^ml",0
2017 steuerte #Bayern mehr als die Hälfte zum Länderfinanzausgleich bei. Und wieder einmal wurden die angeblich viel besser regierten SPD-Länder zu Almosenempfängern degradiert. Das Leben kann so grausam sein 😇 @CSU @spdde,0
@Blubi64 @Gypsileszno @MiriamOzen Wer Kemal Atatürk war sollte eigentlich zur allgemein Bildung gehören. Und nein er ist nicht der Erfinder des Smart phones.,0
"Gestern eine intensive Diskussion bei der Parteikonferenz in Neumünster. |LBR| Die Frage, welches jetzt der richtige Weg für die SPD ist beschäftigt die ganze Partei. |LBR| So war das auch bei der Delegiertenvorbesprechung für den Bundesparteitag.",0
@Jala_varietas @Titania0001 @blacknarga300 @damian_tamwood @AliCologne Habe ich etwas von Rechtsextrem erwähnt?? |LBR| Die erwähnten Maßnahmen sind Symptombekämpfung und keine Lösung für das Problem das unser Volk hat❗️,0
"@weserkurier Für dumm verkaufte und befundene DORFDEPPEN die auch glauben das Heiko Maas ein Demokrat ist !! Land halt,da dauerts!",1
"@InDerSee Nein, Ungarin und Amerikanerin. Bin mehrsprachig erzogen worden und habe in D studiert.",0
Glaubt ihr Rainer hat schon die 200 kg geknackt ?,0
"Neuer #Terroranschlag in den USA. #Trump hatte recht, #Grenzen für #Muslime schließen auch in #Europa.",0
@ExilMengele @happyhaidrich3 @Beutebadener @LeggaKnoppers @KotzenderStern @destatis @Khajiit7 “Hallo ich möchte den Herrn Khajiit anzeigen wegen Volksverhetzung“ lachkick,0
@HaasMeiko @PodcastGmbH @SophiePassmann Sei nicht so frech!! 😜,0
Kern ist ohne jedes Konzept. Außer Stimmungsmache fällt |LBR| ihm nichts ein. Er ist unnötig. Abwählen. Gut für eine Putzstelle.,1
"Hammer bei der Verleihung des Oskars für den besten Film. Die Gewinner mußten ihren Oskar zurück geben, da der Umschlag vertauscht wurde.",0
"Das Gebet ist die beste Waffe. Es ist ein Schlüssel, der das Herz Gottes öffnet. - Pater Pio 🙏🔥",0
@focusonline Die FDP hat doch Eier in der Hose.,0
"So wie meine Grundskepsis gegen eine große Koalition geblieben ist, so gemischt bleibt die Zwischenbilanz: |LBR| Viele Fortschritte bei Bildung, Pflege, Parität in der Krankenversicherung, Europa, Arbeit, Einwanderungsgesetz, Rente, einiges mehr.",0
@Lady_Genocide @Kreuzritter1099 Unsere Regierung würde das eine Demonstration Traumatisierter mit anderen Mitteln bezeichnen. Klingt gut und jeder wird es glauben.,0
@leoknauf @johannesdal Den Islam zu verlassen ist in vielen Ländern illegal &amp; wird oft mit dem Tod bestraft. Stehen sie auch dahinter? Wegen Religionsfreiheit?,0
"Was sich d. Alliierten nach dem I. WK mit einfachen Zeichnungen aneigneten, so auch im Nahen Osten, führte auch zu d. heutigen Kriegen FAKT!",0
Wenn ihr was ändern wollt in Deutschland dann geht zur Wahl und wählt bitte alle die AFD.,0
@GerdLorsch @Cediwelli Der Affe macht einen echt gebildeten Eindruck !,1
@chris_pyak @fdp Diese Umfrage ist erstens alt und zweitens sind den Befragten die Fallzahlen wohl nicht bekannt gewesen. CL,0
"Heutiges Fazit für mich: Merkel wird die EU weiter demontieren, Krieg spielen u. Deutschland vollends spalten. Ich brauche 1 Flasche Wodka 😜",0
"Sondierungsgespräche für heute beendet. Die Medienveröffentlichung von Halbwahrheiten, Zwischenergebnissen mit tendenziösem Spin und im Jamaikamodus aus Unionskreisen hat die schwierigen Gespräche nicht erleichtert. |LBR| SPD bleibt professionell und seriös.",0
"@RT_Deutsch Die die Glashaus sitzen sollten nicht mit Steinen werfen, wer hat ohne UN Mandat Jugoslawien bombardiert, BRD Junta‼️",0
"@Moebbeck @bodoramelow Sie wird entlarvt, weil sie plötzlich pol. Sachverstand aufbringen muss statt Populismus und das SingSang ""Die da oben""",0
@RegSprecher jetzt macht der Vasall Merkel auch noch Werbung für die Telekom😂😂😂,1
@polizeiberlin Das ist sehr erfreulich und eine vernünftige Entscheidung.,0
@Steinhoefel @Boelscheline Nie und nimmer...und alles geht so weiter als hätte es die Wahlen niemals gegeben... |LBR| Plötzlich wurde aus Verlierern Sieger...,0
Bei mir herrscht fassungslosigkeit was CDU CSU für einen Erfolg in der Zuwanderung von Hunderttausenden Muslimischen Invasoren verkaufen |LBR| AFD,1
"@BILD Intergrierte werden Abgeschobenen und Nafris und die Neger dürfen bleiben ,siehe Geschehniss in Nürnberg!",1
"@hdBerretz Hier in diesen Gehirngewaschen Land beschäftigt man sich mit diesen lächerlichen Politmarionetten während sich außerhalb der BRD Blase das Armageddon der Eliten abspielt, was glaubst du warum die Berlin Mafia keine Regierung zusammen bekommt, #TheStormIsHere",1
@maischberger Die SPD zeigt Rückgrat. Respekt.,0
"@dasGonzo Richtig lesen: Das Trio bezog sich auf die überfallenen Radfahrer! Inzwischen steht fest, das es Asylanten waren!",0
@Thereallukasj @JKruetzkamp @jensspahn Stimmt. Palestinanser sind einfach nur Terroristen.,1
"@machtjanix23 @Norbinator2403 @ennof_ @AthinaMala @troll_putin @NancyPeggyMandy @petpanther0 @info2099 @lifetrend @ThomasGBauer @SchmiddieMaik @charlie_silve @NoHerrman @willjrosenblatt @feldenfrizz @nasanasal @_macmike @ellibisathide @MD_Franz Ob man mir in D den Hahn abdreht interessiert mich nicht, ich habe mehr Follower im internationalen Bereich und die wissen Bescheid.",0
"@_macmike @feldenfrizz @WojtekThomalla @NawratAnna @AthinaMala @charlie_silve @petpanther0 @MustaphaMondAH @SJW_MadBunny @mastermikeg @machtjanix23 @SpadeCarrier @Steffmann45 @troll_putin @Norbinator2403 @ennof_ @NancyPeggyMandy @info2099 @lifetrend @ThomasGBauer @SchmiddieMaik @NoHerrman @willjrosenblatt @nasanasal @ellibisathide @MD_Franz @YouTube Nun ist er wieder da, Dein Tweet. Chaos ist das erste Ziel - das ist schlimm genug. Dann kommen neue Gesetze.",0
@krippmarie @jouwatch Uiiii...die Häßlichkeit geht in die nächste Runde...,1
"@zeitonline Wie blöd sind die meisten hier eigentlich 😡 |LBR| Wer regiert Deutschland ""MERKEL"" also die CDU sonst niemand!! Werdet doch mal wach Dumm-deutsche",1
@MalteKaufmann Auf Kosten von uns Buntlandbürger!,1
"Experte und Politiker ist ein Widerspruch in sich, denn beide lügen allzu oft für Macht und Geld.",1
@Macintosh1968 @tagesschau Von Nazis wie Sie hätte ich keine andere Antwort erwartet!!,1
@MatthiasB1963 @kaigleissner @krippmarie @woli2017 @jouwatch Lindner steht für garnix....FDP an Lächerlichkeit kaum zu überbiete!!,1
"Yay yay yay: Wir tragen grad die 130. Vermittlung in Deutschland ein! Die Zahlen steigen! Wow,was für ein tolles Team wir doch haben! :)",0
@VallenMarkus @atadic13 @SawsanChebli Hört auf euch über Chebli zu ärgern...sie gehört zu den Verlierern ...freut euch lieber😃😃,0
In #GOT beginnt gerade die #EuroPrideAGM.In Kürze stellen wir unsere Bewerbung um den #europride vor.Drückt uns die Daumen #hamburgpride2020,0
@KokoLores20 Ich kann diesen Bullshit nicht mehr hören...die dummen 🇩🇪haben sich entschieden... |LBR| Die sollen weiterhin in ihrer Scheißprovinz bleiben,1
"@SabineMartiny Hi, das ist nicht unsere Veranstaltung. VG",0
"Merkel verspricht wieder das schnelle Internet ab 2018 &gt; denkt diese Tusse wir Mecklenburger sind verblödet, oder alle in der CDU 😂😂😂",1
@bundeswehrInfo Schlechte Tradition : Merkel hat bis heute noch nicht mit den Opfern und Hinterbliebenen des Terror Anschlags vom Breitscheid Platz gesprochen. Die Menschen sind auch stellvertretend für ihr Land gestorben.,0
Der Bastard ist in Afghanistan untergetaucht! Er wird dort wegen Mord und Raub gesucht! Dies verschleiert sein teurer deutscher Anwalt!!,1
@RenateKuenast Vielleicht sollte man erst einmal das Wörtchen Hass-Kommentare gesetzlich definieren bevor man hier irgendetwas unter Strafe stellt. Wo hört die Meinungsfreiheit auf und fangen Hasskommentare an?,0
"@Joerg_Meuthen Opfer im Interesse der eigenen fragwürdigen Ziele verhöhnen zu lassen sind bewusster Politik-Stil Merkels, ein kranker Geist😜",1
@MiriamOzen Die Sau muss den Orden wider den tierischen Ernst kriegen!,1
"Retter von Bürgermeister von #Altena ""hat auch was mit Islam zu tun""Die Helden jedenfalls sagten, das ihr Glaube das gebiete #FarbenBekennen",0
"@volksfahrraeder Deinen linken Philosemitismus brauch ich genauso wenig, wie, wie den deutschen Moralzeigefinger. Und ich kann genug aushalten, danke. »Der Dritte Weg« besteht aus #Neonazis, die sogar den #Holocaust offen leugnen. Wenn man deren Tweets so stehen lässt, bekommen die nie Gegenwind.",0
@Beatrix_vStorch Wieviele von ihnen sind schon verheiratet...?,0
"@Christ_Rose_ddb Buch gibt es als pdf - da viele dt. Buchläden den Verkauf verweigern, Komossa war beim MAD Leiter desselben.",0
"@SJW_MadBunny @Steffmann45 @machtjanix23 @troll_putin @petpanther0 @mastermikeg @Norbinator2403 @ennof_ @AthinaMala @NancyPeggyMandy @info2099 @lifetrend @ThomasGBauer @SchmiddieMaik @charlie_silve @NoHerrman @willjrosenblatt @feldenfrizz @nasanasal @_macmike @ellibisathide @MD_Franz Der wollte gestern dafür sorgen, dass man mich in D sperrt - ich bin immer noch da - was für ein kleines Licht.",0
"Für mich kann ich nur feststellen, d. vorhand. Politikermüll ist weit gefährlicher als Atommüll &gt; strahlende Gesichter in Aussicht d. MACHT😜",1
@troll_putin @petpanther0 @mastermikeg @machtjanix23 @Norbinator2403 @ennof_ @AthinaMala @NancyPeggyMandy @info2099 @lifetrend @ThomasGBauer @SchmiddieMaik @charlie_silve @NoHerrman @willjrosenblatt @feldenfrizz @nasanasal @_macmike @ellibisathide @MD_Franz Bei der NSU-Lüge macht auch keiner ein Fass auf - aber die Mörder laufen noch frei herum - dafür ist die Lüge gut inszeniert worden. Scheint auch keinen zu stören.,0
"@MalteKaufmann Unsere Meck-Pomm-Angie hat bei der Vereidigung zur Bundeskanzlerin im Bundestag geschworen Schaden vom Deutschen Volk abzuwenden,aber genau das Gegenteil ist der Fall.Warum hat noch niemand Anzeige erstattet?",0
"Je mehr ich über dieses ""Schland"" nachdenke, ALLES NAZIS AUßER ""MUTTI"" 😜",1
"Berlin, heute. Ich warte auf die S Bahn. 17Uhr5.17Uhr 7 .S Bahn läuft ein. Ein Typ fragt mich in fließendem Deutsch. Ey alda iss das achta Bahn?? Politisch korrekt hab ich geantwortet. Nein das ist das Ketten Karussell.",0
"@arian_elquaida @ThunderRainman Richtig, denn ein Fisch fängt immer am Kopf an zu stinken.",0
"@NoHerrman @SM100d @chrisjuko Das einzige was @Volker_Beck bereut bedauert, dass er erwischt wurde. |LBR| Dieser Pädophile gehört eindeutig entsorgt...samt seiner Grünen Brut!!",1
@RNZonline Die Asylanten nehmen deutschen Familien günstige Wohnungen weg.zuerst Deutsche dann der Rest der Welt!!!!!!!,1
"2.500 Follower_innen, und das pünktlich zum HAMBURG PRIDE - wie toll ist das denn? Vielen Dank euch allen! #HamburgPride",0
"Und Gedeon fragt auf seiner Website heute: ""Wieweit beeinflusst der Zionismus unsere Justiz? Wieweit ist diese noch demokratisch frei und unabhängig?"" |LBR| Er wehrt sich bislang unseres Wissens nicht dagegen, nicht nur ""Holocaustleugner"" sondern auch ""Antisemit"" genannt zu werden. |LBR| 2/2",0
"@publizistikon Yapp, Berichterstattung über US-Mist um längen populistischer !",1
"@jot_el Nein, das bestimmen die Idioten in den Konzernen! Aldi macht z.B. nicht mit!",1
scheiß asiaten kommen nach europa klauen uns das gefühl reich zu sein,1
"Wenn du sicher gehen möchtest dass sich keine Frau von dir sexistisch behandelt fühlt, dann spricht doch einfach mit keiner mehr. |LBR| #MeToo",1
@Cobe68 @Butze_Verlag @PeterNHerold hihi und wir werden alle beide in unserem diesjährigen Adventskalender verlosen 💓,0
"@pinselpoetin Ich bin vor allem darüber entsetzt, dass es Frauen sind, die die schönste Sache der Welt in den öffentlichen Schmutz ziehen.",0
@Ami66Stefan Wir sind eine Macht die größer ist als die ganze BW. Wir könnten mit Leichtigkeit eine Regierung Stürzen. Legt euch nicht mit uns an.,1
"Der #Bundestag verabschiedete, dass #Deutschland, 73 Jahre nach #Auschwitz, 73 Jahre nach dem größten Menschheitsverbrechen, der industriellen Vernichtung von 6 Mio. #Juden (dem #Holocaust), einen Beauftragten für #Antisemitismus bekommt. Und die #Linke (Ex-#SED) enhält sich…….",0
@leoknauf @johannesdal Bei einer psycho Sekte von freiwillig zu sprechen ist mutig.,1
"@Juergen_Fritz @Heinrich_Krug Ja die AfD wird immer besser....SPDler Grünen Linke kannst voll vergessen, niemand würde sie vermissen außer ein paar linke Spinner.",1
@marionhorn @jessenphil @leogfischer 1994 galt noch die saarländische Rechtschreibverordnung ;-),0
@SkyBirdPhoenix fröhlicher gruß aus dem ice in die schönste stadt der welt 🚂,0
"@Wookie_In_Crime Wir glauben dass es notwendig ist, dem Rassismus egal wo und auf welche Art und Weise wir ihm begegnen, entgegenzutreten. Hier geht es nicht um die Schuld Einzelner oder um die Intentionen, sondern darum wie sich die Betroffenen fühlen.",0
"#WDR #Lokalzeit steuert grad wieder gegen die aktuellen Messer-und Mordmeldungen unserer #Bereicherungen und erklärt uns,wie der arme Eriträer hier einen Neustart hinlegt.Die Flüchtlingshelferin hat beim Erzählen glühende Tränen der Rührung in den Augen...",1
"@LawTroll Hi Marcel, wir haben deine Anmerkungen eingearb. In der Druckversion ist der Fehler schon ausgebügelt. Wir laden bald die korr. Version hoch",0
"Glückwunsch, lieber Herr Schäuble, zum 75. Geburtstag! Sie waren MdB, als ich Schüler war und Minister, als ich studierte! Ad multos annos!",0
@IM_NRW @Hessenadler82 @AfD_Bund @FDPFraktionNRW @CDUNRW_de Würde ich jetzt auch leugnen!! Nur blöd das die Quelle aus den eigenen Reihen kommt!!!,0
"Mein langjähriger, toller Kollege im #Haushaltsausschuss Ewald #Schurer ist tot. Furchtbar. RIP",0
"Auf die Frage ""Was läuft gut?"" beim #integrationsforum im #dbbforum antworten fast alle Teilnehmende: Arbeit von Ehrenamtlichen",0
"#Tvduell Groß-Verlierer stehen für mich schon fest: Moderatoren+deren Vorbereitung. Banale zT. boulevardẹske Fragen,die essentiellen fehlten",0
"@Milvus84 Das haben Sie schön bei Tillschneider abgeschrieben. Es wird dadurch aber nicht wahrer: Ohne die Initiative @OuryJalloh würde heute niemand (!) außer den Beteiligten die Namen von Mario Bichtemann und Hans-Jürgen Rose kennen, geschweige denn über ihre Todesumstände sprechen.",0
"@AfD_Thueringen @vanBerlichingen Sag mal glaubt ihr allen Ernstes die Kacke dieser sogenannten Umfragen, mal ehrlich??",1
@happyhaidrich3 @bleidsamel @ExilMengele Wer ist dieser Almanuser überhaupt?,1
"@KCharlesW732 @DjJEM @larsklingbeil @Ralf_Stegner @tagesschau Stil der SPD seit Noske den ""Bluthund"" spielen durfte &gt; diese Verräter am Volk",1
@Nessie43 Wieso Salz? Wo erfährt man in unseren Medien tatsächliche Meinungsbilder. In meiner dortigen Arbeit muss ich mich oft fremdschämen,0
@MiriamOzen Weil er eine linke Bazille ist....😃,1
@Ami66Stefan Solange ich denken kann Spenden Deutsche jedes Jahr für Afrika /Brot für die Welt. Wo zum Geier ist all das Geld geblieben???????????,0
Aus Anlass des #IDAHOT2017 findet heute um 19 Uhr auf dem Hamburger Rathausmarkt wieder ein Rainbowflash statt. Wir sind dabei - ihr auch?,0
"@BlondJedi Unser Staatsfunk Verniedlicht wieder einmal alles !Wie Ich schon mal geschrieben habe Eine gleichgeschaltetes Presse Wie in der ,DDR‘ dank ,Honecker Merkel‘",1
"Die Laien-Ministerin kann zwar nicht mehr ""werfen"", aber sie erzeugt bei |LBR| mir Geilheit: ""den Umschalter zu nutzen.""",1
@anna_IIna Wenn die AfD so weiter macht...sind sie mich los..!!,0
"Steuermehreinnahmen. Wofür? Blöde Frage. Es gibt so viele Löcher, |LBR| die gestopft werden müssen. Hört auf mit Steuergeschenken.",0
@Lexie_M_ @IngoFunke Merkel ein Nazi..? |LBR| AfD ist im Bundestag ..das beste was passieren konnte...und das war erst der Anfang..! |LBR| Allerdings bezweifle ich das das verseuchte Deutschland jemals wieder bereinigt werden kann.,1
"Deutschland gehört NUR den Deutschen! Und eure zeitweisige Duldung und Ausbeutung unserer Sozialgelder, ist abgelaufen! via @HuffPostDE",0
@IAMMASCHO Die frage ist was man als nazi definiert,0
Paniertes Hühnchen beim Asiaten gegessen. War natürlich viel zu fettig. Mein Körper straft mich prompt mit Übelkeit. Danke auch...,0
"@welt Keiner der industriell vernichteten 6.000.000 #Juden konnte ein »Gnadengesuch« an die deutschen #Nazis stellen. Wieso sollte der Täter #Gröning, mag er auch noch so alt sein, Gnade erwarten dürfen? Die Folgen des #Holocaust sind für bis HEUTE psychisch spürbar! #Antisemitismus",0
"Ich glaube das alles nicht, die STAATSMEDIEN finden doch immer wieder einen ,selbst unter den Angehörigen, wie diesen Herrn CIMZECIZ oder so, die dann die SED-Vorsitzende GUTREDEN!Das muß man sich mal überlegen!Sein Kind malt der Mörderin seine OPFERs, Bilder,!GOTT ICH MUß KOTZEN",1
"@5y5t3m_3rr0r Werfen Sie all diese Gruppierungen in einen Sack, schlagen Sie mit dem Knüppel drauf und sie treffen immer den Richtigen 😜",1
"@Ralf_Stegner @hdBerretz Wie kommt Stegner dazu dem „Bürger“ zu Unterstellen das er zu dumm oder Unfähig ist Neuwahlen zu verstehen, das ist in höchstem Maße Arrogant und Beleidigend und in der Sache noch dazu falsch, ihr seid abgewählt, die „Bürger“ wollen euch nicht mehr, also haut einfach ab‼️",0
@BarbaraFische19 @buntewelt1966 @TandemVipera @ch_buchholz Bin mir sicher das Sie noch nicht einmal wissen was NSDAP bedeutet und die Geschichte dazu. Wissen ist Macht. Nichts wissen macht nichts.,0
@gruene_jugend @SkaKeller @TerryReintke @Ricarda_Lang @max_lucks Hat man euch nicht gesagt das Gras rauchen die Birne weich macht. Anders lässt sich dumme Bild nicht erklären.,1
"@kahrs Danke, das freut uns. :-) Weiterhin viel Spaß!",0
@mittelfinger Gleich zwei verbale Totschlagkeulen in der Überschrift. Die sollten sich schämen.  Und jeder Vernunftbegabte sollte sich beim Lesen fremdschaemen |LBR| #rechts |LBR| #Hetze,0
"Gleich geht's los! Wir drücken die Daumen für @imriziv, der in Kürze als 18. für #Israel an den Start geht. #Eurovision #ESC2017 🇮🇱🇮🇱🇮🇱",0
"Der Mossad vertritt die einzige Demokratie im nahen Osten. Wir |LBR| müssen ihn unterstützen, vor allem gegen islamischen Terror.",0
"@ranzmann Nicht ganz, nicht geschenkt. Verwaltungsakt für Bereiche des Museums am ""Kursker Bogen"" NACH SOWJETRECHT (u. die wurde abgewählt)😜",0
"Diejenigen,die schon lange hier leben sollten |LBR| Diejenigen,die schon zu lange hier regieren -&gt;abwählen |LBR| Wir wollen unser Land selbst behalten",0
"@iGELei Beides ist schlicht nicht wahr. Wie unsere Fotos und Videos belegen, war die Flagge mit dem Davidstern keine israelische Flagge und in Sprechchören wurde explizit gegen Juden gehetzt.",0
"Endlich, Trump streicht dem CIA die Gelder, die seit 1945 für weltweite Kriege sorgten - logisch, dass Merkel und Flintenuschi jaulen 💩",1
"@Ernst_1895 Wenn die jetzige Schulgeneration in Aemtern sitzt, ist es vorbei. Die ganze Jugend würde mit Islam indoktriniert, und mit dem Wissen, dass man Moslems niemals kritisieren darf. Sonst bist du raus...",1
@blacky3976 @InfoLeonhardt @MartinSchulz Jeder der anderes glaubt muss zum Arzt,0
@soskinderdorf Ihr habt aus seiner Idee ein großes Kinderheim gemacht. In dem die Kinder nur noch verwaltet werden.,0
"@China_Welt_News Gibt es eine Sache auf der Welt, in der sich die USA nicht einmischen? Muslime bereiten ÜBERALL auf der Welt NUR Schwierigkeiten!",1
@Grals_Hueter Und du glaubst wirklich das eine Krähe der anderen ein Auge aus hackt?,0
@ainyrockstar Ausgangssperre für Asylanten und Migranten!,1
@BILD Bringt Leute um und ist wieder frei.Muss ich mir merken!,0
"Vortrag von @ProAsyl bei unserem Seminar: Das, was wir seit 2015 als ""Flüchtlingskrise"" bezeichnen, ist für viele Staaten Dauerzustand.",0
"@aschentonne Jaaaaaaaaaa, hmmmmmmmmmmm, schon 12 Stück über den Tag verteilt (8 habe ich noch) 😂😂😂",0
"Die BRD zahlte für die Clinton, mischt sich über die Schweinemedien in die franz. Wahlen u Angelegenheiten GB ein, aber Putin ist der Böse 😜",0
@karcsi3000 @ntvde Es geht aber immer munter weiter,0
@heinrichwiechm1 @MiriamOzen Wir haben bereits drastische Veränderungen erlebt und trotzdem kämpfen so wenigen dagegen an...eher das Gegenteil ist der Fall.,0
"Bei Juncker offenbart sich das übliche Denken aus dem Eurokraten-Raumschiff, das an der Realität in Mitgliedsländern meilenweit vorbeigeht.",0
"@AchimSpiegel @Renft1964 Ohne Bohlen-Auftrieb, würde die heute auf gewissen Straßen tippeln?! 🤣",1
@diMGiulia1 Respekt für diese Menschen ...die sind bestimmt froh das sie ihr nichtsnutziges Lumpenpack los sind |LBR| die Deutschen liebe diesen Müll..!,1
@waldruhe @AfD_HD Bin schon letzte Woche für einen Tag gesperrt worden!!!!!!!,0
"@KrahMax @tantegerd1 Vielleicht auch mit der Anwendung des Frankfurter Schule Prinzips, und der Gefälschten Deutschen Geschichte 😉",0
"@AchimW @welt Die Österreicher machen es weil sie es können und weil es richtig ist!!....man kann eine gesunde und sichere Einwanderungspolitik verwirklichen, und zwar im Einklang mit der jeweiligen heimischen Verfassung und einem europäischen Regelwerk.",0
"@sven_kindler Merkel, Seehofer, Altmaier und viele andere auch! #KeineRentemit70",0
"In Szczecin fragte man mich heute, wie lange Merkel denn noch ihr türkisches Erdferkel finanzieren und hofieren wolle. Ich musste passen 😂😂😂",1
"@DPolGHH @DPolGBerlin @BZ_NachtFloh Das ist keine Satire a la @heuteshow - |LBR| Das ist genau die Gruppe von jungen (Migranten-) Menschen,bei denen ich und meine Tochter die Strassenseite wechsle. Man kann sich deren Aggressivität und vermeintl Erhabenheit kaum vorstellen. |LBR| @AfD",1
@TSchipanski @cducsubt BMI sieht das beim Digitalpakt bekanntlich anders - keine Rechtsgrundlage... CL,0
"@Schneider_AfD @AfDimBundestag @AfD @AfD_GE @AlternativeNRW @AfDKompakt @AfDwirkt @TrauDichDE @NRW_JA Es braucht im Moment kein Gebiet mehr die AfD wie der Kohlenpott um Essen,Duisburg,Gelsenkirchen,Dortmund,Oberhausen. |LBR| Also gebt Gas,-bleibt sachlich, fair, transparent.Gute Politik ist ein Geben und Nehmen. |LBR| Hier wäre man dann soweit! 😉👍",0
"@KrahMax @AfD_HD Ein Imam liest aus dem Koran ,eine Hetzerreligion gegen Christen,bei der Breitscheidplatz-Gedenkfeier.Was für ein Hohn!!!!!!!",1
"Nach dem lesen der Sondierungsergebnisse, stellt sich für uns die Frage: War die #SPD bei den #Sondierungen dabei? Eine zukunftsfähige Migrations- und Integrationspolitik sieht anders aus. #GroKo",0
@michael_keth @Beatrix_vStorch Einreisen ist für Migranten einfacher als ausreisen...die Deutschen lassen einen nicht freiwillig gehen..!,0
Infotweet: Rainer Winkler ist ein fetter Bastard,1
"@welt Man wollte den Türken ein Korb geben wegen ""Völkermord"" im Bundestag wegen Armenier und jetz das. Wo seit ihr Bundestag 😂😂😂",0
"@_annotator_ Danke für den Hinweis, vollkommen richtig! Gemeint war natürlich - wie auch korrigiert wurde - Erscheinung des Herrn 🙏",0
Ich hoffe ihr macht mal viele Deutsche Kinder und pflegt eure Kultur und Tradition,1
@caesarion2 @SkyBirdPhoenix in die alte heimat 🚂,0
"Es gibt #Muslime in #Deutschland, die vergleichen tatsächlich #ISIS / #Daesh mit #Israel. Dabei unterstreichen sie diesen Irrsinn oft mit lupenreinen #Antisemitismus &amp; #Judenhass, der unter dem Deckmantel der sogenannten »#Israelkritik« legitim wirken soll. Das kotzt noch so an!",0
Türkische Doppelstaatsbürger können wir nicht brauchen. Sultanat |LBR| wählen und in Österreich die Demokratie nutzen. Ab dafür in das |LBR| Sultanat.,1
"Das Problem ist, dass die Demonstranten die Polizei nicht fürchten. Die |LBR| Polizisten müssen mit Gummigeschossen bewaffnet werden.",0
@Heinrich_Krug @welt Ich bleibe dabei....wir haben eine Alternative also nutzen wir sie auch..!,0
"Leute, wie Merkel, Gauck u viele andere, sind für mich d. eigentlichen Wendehälse, Vorteilsnehmer! Ehrliche dieser Zeit wurden kalt gestellt",0
"@Germanbub @AdolfGlunz @Tomsch24 @Georg_Pazderski Dieses Bildnis hinkt. Dieses Haus gehört nicht Ihnen und auch nicht uns, sondern uns allen.",0
"@walsberger49 @lawyerberlin @Rechtsanwaeldin @welt Nee,  alles nich viel schlimmer.  Der Islam gehört jetzt zu Deutschland",1
@IQ_Stimulator Todenhöfer ist ein verlogener linker Islamlobbyist.  Leider sehr einflussreich,1
@Digitalciti88 @Ville__7 @morgenmagazin @maischberger ach so einer sind sie 🤭😂,0
"@MiriamOzen Das Wort Märtyrer bedeutet : Menschen, die um des Bekenntnisses ihres Glaubens willen, Leiden ( nicht töten ) ggf ihren Tod gewaltsam, erdulden.",0
"Unsere Maiziere lobte heute d. Fußfessel als das Ding 😂😂😂 Fakt ist, wer untertauchen will ist innerhalb v. wenigen Min weg, so`n Schwachsinn",0
@Heinrich_Krug @krippmarie Der größte Teil der deutschen kann ja nicht mal richtig wählen...eine Schande welchen Schaden sie angerichtet haben. |LBR| ich bleibe dabei: Deniz Yücel hatte in allen Belangen recht...!,0
@Der_Wikinger_ @anna_IIna Die Deutschen bescheissen das Finanzamt und Versicherungen |LBR| Die Türken und der Rest bescheissen das Sozialamt und verticken Drogen |LBR| Nafris u Arabis klauen vergewaltigen morden |LBR| Hab ich was vergessen..?,1
"@petpanther0 Sieht aus als wollten sie Fakten oder Argumente gegen das Deutsche oder Germanische Abstammungsprinzip finden, könnte der Versuch sein die deutsche Identität zu erodieren.",0
Pressegespräch in Kiel zur gestrigen Schleswig-Holstein-Konferenz mit den Verantwortlichen in der Nord SPD.,0
@derCharlie_ @JungereCato Und der Pappa hat eigentlich immer recht!😊,0
"Ein Mitglied der @spdde-Grundwertekommission als „Wissenschaftler“ bei @AnneWillTalk . Schön, dass manches so berechenbar ist. @ARDde",0
@KotzenderStern Namen abgespeichert du wirst schon sehen,0
"@von_Steiner Fritz, bist Du okay, oder klopft das BKA gerade mit `nem Vorschlaghammer an Deiner Tür? 😂😂😂",0
#Twitter #suche geht nicht mehr |LBR| Habt ihr das auch ?,0
"@BTsmeier Schmunzeln musste ich bei einem Kapitel, in dem #Künast sich wunderte, dass bei #Pegida laut einer Studie überdurchschnittlich viele Akademiker dabei sind. Aber ""rechte"" Professoren denken ja falsch...",0
"@TwittingThom @NATO Altmaiers Verstand reicht nicht aus, um zu begreifen, dass die NATO die Welt an den Abgrund führt. 😜 noch so ein Krieger",1
"Seit langem ist für morgen, 18:30 Uhr, eine #Chanukka-Feier am #brandenburgertor geplant. |LBR| Nun wurde auch eine pro-palästinensische Kundgebung für den gleichen Ort, 16 Uhr, angemeldet. |LBR| Die @polizeiberlin verspricht, die Durchführung beider Veranstaltungen durchzusetzen.",0
100 Milliarden Mehrausgaben? 2 Vizekanzler? Die neuesten #Jamaika-Aufreger ordne ich gleich bei @N24 ein. @welt,0
@britgirly Filme im Originalton - niemals zu verachten! ;-) :-),0
"DeMaiziere möchte nun auch endlich die Opfer vom #Breitscheidplatz höher entschädigen.Werter Minister,ein Opfer brauchte MONATE,um seinen Anspruch auf notwendige Psychotherapie durchzubekommen. |LBR| #deranschlag #CDU",0
"Gerade erreicht uns die Info, dass die nächste Sammelabschiebung von München nach #Afghanistan am 24.4. stattfinden soll.",0
"@DieEditrix Es konvertieren auch Mädchen ohne sich in einen Mohammed zu verlieben. Siehe Linda W. |LBR| In England tun sie das seit 15 Jahren reihenweise... |LBR| Dort besteht die Jugendkultur auch nur noch aus Fussßall, Alkohol und Bulimie.",0
@DritteOption geht da noch mehr Karlsruhe?,0
"Hast du keine Feinde, dann hast du keinen Charakter. |LBR| (Paul Newman)",0
"AfDler kommen auf die pfiffige Idee, mit einem Banner ""Hol dir dein Land zurück"" auf ihren drei Meter hohen LKW zu klettern und laufen tatenhungrig los. Der Rechtsstaat schlägt zu und die Polizei unterbindet die Kletterei. |LBR| #de0701",0
@RT_Deutsch @RegSprecher sabbert und eiert nur rum....ohne Konzept dieser Mann...möchte schlau gelten in dem er andere belügt. |LBR| Weg damit,1
@welt Wieder ein Einzelfall!! |LBR| S huld war bestimmt mal wieder der Präsident der Vereinigten Staaten!!!,0
"@DFakeNews Eine Frage, ""War um ist Altmaiers IQ nie dem über den 40-Gad von Merkel vorbeigekommen? Das ist Tatsachen-Frage!",1
@salzmanufaktur @krippmarie So ein Mist....die Unfähigsten aller zusammen bekleiden egal welche Ministerien...blödes dummes Deutschland was hast du nur angestellt...😡😡,1
"#LandderVollidioten #geisteskrank - ""Kampf gg #Trump"" (gg #Putin sowieso) Deutsches #Regime im Größenwahn ....",1
"@Jani_Depp Vor allem hat man eine solche Wucht an schlechter ""Recherche"" selten gefunden. Noch mal in die Schule gehen &amp; den Unterschied zwischen ""Freundeskreis Asyl"" (deutschlandweit gibts etliche Initiativen, die so heißen) und ""Pro Asyl"" lernen. Danke.",0
@Rebellin70 Bitte Namensänderung beachten....😃😃 |LBR| Wintermarkt...das Wort des Jahres 2017...,0
"Wir haben einen roten Kanzlerkandidaten, der 2 x sitzengeblieben ist |LBR| und die Schule abgebrochen hat. Unwählbar auf niedrigstem Niveau.",0
@totul69 @PLingl @focusonline Hat bestimmt was negatives über Merkel berichtet!!!,0
Heute droht ein türkischer Minister offen mit 2 Milliarden Muslime? Wann begreifen die Politiker der EU den ERNST der Lage in Europa!!!,0
An diesem Wochenende entscheidet der SPD Bundesparteitag in Bonn über das weitere Vorgehen der Partei. Das wird weiterhin intensiv vorbereitet und für mich geht es heute wetterbedingt mit Umwegen Richtung Westen.,0
"#Altkatholisch|e #Synode lehnt Antrag der Pastoralkonferenz #Bayern ab, keine #Orden etc. kirchenrechtlich zu errichten - #aksynode16",0
@anna_IIna Sie redet über eine Zeit in der sie nicht mehr unter uns weilt?..ihre Hinterlassenschaft sowohl ihre gerechte Strafe soll sie ruhig erleben.,0
"Hallo Freunde, der ""Fette Donnerstag"" (vor d. Karneval-Wochenende) ist in Polen ein herrlicher Tag 😜 dicke Pfannekuchen von früh bis spät 😂",0
"Gestern waren wir in Vorarlberg und haben Michael Genners Buch ""Verleitung zum Aufstand"" vorgestellt!",0
@dushanwegner @AmadeuAntonio |LBR| Es wäre sehr sinnvoll die Aktionen und Verflechtungen der Linken Antifantenbrut zu prüfen und zu Dokumentieren,1
"Ich bin tief bestürzt, ja fassungslos, dass sich jetzt auch noch Spitze d. Zentralkomitees d. Katholiken für einen Islam-Feiertag ausspricht",0
@MBremerDE @tompat_de @morgenmagazin @sebastiankurz @maischberger ich nehme sie von „sie alle“ aus 😉,0
@iltizOG Bruder wurde von Kommunisten gemeldet,0
@FcToto ich glaube wirklich das nur ein mitgliederentscheid die partei wieder zusammenbringt.,0
Ach ja fast vergessen... |LBR| Toony ist ein Hurensohn,1
@SturmDaniel Es geht um die Wiederwahl von @MartinSchulz. First things first.,0
@ReStyle1991 Kann sich nur noch um gramm handeln,1
"Es ist ekelhaft mit anzusehen, wie Merkel den Kirchentag als Bühne nutzt, um ihre MACHT zu erhalten, um so Dtl./EU an die Wand zu fahren 😜",1
"Wenn Gauck v. DEMOKRATIE in der BRD spricht, ist es so, als würde  ein fetter, satter Pope dem Hungrigen die Vorteile des Fastens erklärt 😜",0
"@von_Steiner Kein Problem Fritz, der Putin hat an allem Schuld 😜, warum nicht auch an Deiner schlechten Laune 😂😂😂 (ich weiß, blöder Tweet) 😜",0
@RudolfStroheim @_jhurn @MonikaAtombusen Frankfurt muss zurück erobert werden,1
@ndaktuell @dieLinke Die Caritativen Einrichtungen sind mir jetzt sowas von scheissegal! Habe Austritt aus der Kirch beantragt.!!!!!!!!,1
"@Martin28a Es geht darum, dass die Landesregierung behauptet, die Asylleistungen hätten eine Sog-Wirkung und darum würden sie Sachleistungen prüfen.",0
@anna_IIna Die Kölner....wissen einfach nicht wie es geht...,0
Warum können manche Menschen nicht über den Tellerrand hinausschauen?Sie leben in ihrer Welt der Tageszeitung und den alt etablierten Medien,0
"@Wookie_In_Crime Wir erleben seit dem letzten Jahr eine Zunahme rassisitischer Diskurse. Diese Diskurse haben sich mittlerweile in der ""Mitte"" der Gesellschaft etabliert. In diesem Klima Angst um einen inflationären Rassismus Begriff zu haben, erscheint uns ein bisschen Fremd.",0
@BSchweinsteiger @AnaIvanovic Der himmlische Segen wird ihnen zuTeil,0
"Bin froh,dass ich die Ukrainer in guten&amp;schlechteren Tagen unterstützen kann.Für uns alle.In Europa. @ua_parliament @Hromadske @EuromaidanPR",0
@kein_gutmensch @focusonline Ich bin für einen Tausch....her mit den Migranten und raus mit den Grünen,0
Die ändern sich ja sowieso nicht Grenzenlos peinliche Antwort der SPD- Abgeordneten Yücsel auf #AfD Wunsch zur Zwischenfrage |LBR| #Altersbestimmung |LBR| #Bundestag |LBR| #Phoenix,0
"@AfD_Support Wer sich selbst in Gefahr begibt,kommt darin um!",0
"Wieso fällt #Antisemitismus &amp; antisemitische Straftaten von #Muslimen in #Deutschland in die #PMKrechts? Wieso will man uns #Juden entmündigen &amp; uns so sehr einreden, dass der #Judenhass der antisemitischen #Muslime kaum erwähnenswert ist? Damit unterstützt man doch nur die #AfD.",0
"@DrDavidBerger David, die Grippewelle hat Sie doch nicht erreicht, oder??? 😜",0
@SteinbachErika Was für eine häßliche Kröte...und der Bulgarireif entstellt sie noch mehr...😃😃,1
"@Karl_Lauterbach Karl, kümmere dich um deine Partei. Gibt jeweils genug zu tun, damit es irgendwann eine Alternative zur #SchwarzenAmpel gibt @Karl_Lauterbach",0
"@tagesschau Warum schreibt ihr Merkel Vasallen nicht mal die Wahrheit über Merkels Verbrech? Ach ja, dann seid ihr ja Arbeitslos!!!",1
"#btw17 #MSM- &amp; #Polit-Kriminelle befeuern derweil d Hass auf d #AFD mit #Hatespeech wie ""Die demokratischen Parteien müssen zusammenstehen""",1
Gestern Abend in Malente gute Diskussion mit Mitgliedern der SPD Ostholstein.,0
"Früher hieß es, #Deutschland das Land der #Dichter und #Denker. Heute heißt es, Deutschland das Land der #Duckmäuser und ja Sager.",0
@Einzelfallinfos Lösung in Sicht...Ticket verteuern und Sicherheitspersonal in die Busse...mit Schlagstöcken!,1
"@wurmreiter @_le_sim_ @BernhardWasel @welt Sie sind der einzige Diskussionspartner, der hier seine Gegenüber permanent primitiv beleidigt. Und wieso muss ich mir im Bezug auf den #Holocaust, der damit verknüpften Familiengeschichte &amp; den DEUTSCHEN Tätern, die davon kamen, Beleidigungen, wie »Heulsuse«, gefallen lassen?",0
Will nen Asiaten aus meiner klasse bei tellonym beleidigen gebt mal vorschlag,1
@AndreaSchlegel3 Mit Volksverrätern und Linken Gewalttätern lebt jedes Europäische Land !ABER MAN DARF SICH NICHT DAVON REGIEREN LASSEN !!#GrueneVersenken,1
@66Freedom66 Ja was war das denn ??? Ne Sugarmama ohne Schulabschluß ?? Oder watt?? Wie schafft man sich denn in so eine irre Dimension !! Nehmen die alle Crystall wie der schwule Beck oder wie ??,1
@stfries @AuswaertigesAmt Vielleicht kann ja ein @WDR Faktencheck weiter helfen,0
@politikstube |LBR| So einem Abgeordneten möchte ich höchstpersönlich *zensiert*! 😨😤,1
@McCrushi @66Freedom66 @buddhine1970 Vorfreude ist die schönste Freude!,0
"@MiriamOzen Grüne und Linke beim ertrinken, sollen sie absaufen....nur die @SWagenknecht kriegt ein Rettungsring...😃 |LBR| Eines ist Fakt...@katjakipping ...lieber AfD als Linke..!!",1
#Synode gibt #Bischof Ring großen Spielraum im Ökumenischen Dialog mit der Mar Thoma Kirche - #Ökumene #aksynode16 #altkatholisch,0
@paddema @mqua Der hat Zuviele Bälle an den Kopf gekriegt.,1
"Wenn Merkel u. ihre Speichellecker über Demokratie sprechen ist es in etwa so, als wenn der ""1000-Jährige"" über Frieden sprach &gt; HINTERLIST😜",1
"@L7250402 @RGutmensch Primitiv? Gucken Sie sich doch an, was Sie retweeten. Und ja: Das sind wir tatsächlich, noch einfacher verständlich können wir es nicht erklären, wenn die Rezeptionsfähigkeiten beim Empfänger nicht ausreichen, sind uns da dann natürliche Grenzen gesetzt. 👋",0
"@S_Muenzenmaier 6000€ für Rückreise, 10000€ für die Opfer des islamistischen Terrors wobei Die Taxikosten zur Gedenkfeier schon eingerechnet sind .Was für eine Relation!Als Deutscher muss man sich schämen ,aber in diesem Land gibt es nur wenige wahre Deutsch!",0
"Die CSU bezeichnet es als Erfolg, dass jedes Jahr Hunderttausende Muslimische Invasoren in unser Land strömen diese CSU nicht mehr wählbar",1
"@OSchorsche @ErnstvAll Arrogant??? Nöööö, pfiffig - wir sind eben ihr ""Personal"" 😜",0
"@chvoyage @SusiAnsujali ne. das mache ich nicht. und bitte unterscheiden sie zw. rechts, rechtspopulistisch, rechtsextrem, usw. wenn es links gibt, gibt es auch rechts.",0
"Mir geht auf den Nerv das immer noch differenziert wird ! Fakt ist doch wohl, jeder Islamist=Moslem und jeder Moslem=Islamist !! Punkt",1
"Warum beklagen sich alle darüber, dass die SPD ihren Kurs verloren hat? |LBR| Dank Sigmar Gabriel ist sie doch ganz klar antiisraelisch.",0
@Junge_Freiheit @krippmarie Glaubt nicht was sie erzählen....glaubt erst recht nicht was sie schreiben..!,0
@VormaerzV2 @UliWatcher @tagesschau So lange es nicht eine Partei ist die Merkel unterstützt ist das ok👍,0
"@Platiniumray Sicher doch und es würde besser gehen, wenn 100TSD Mecklenburger Kühe das politische Berlin zuscheißen würden 😜",1
@Michael_Huebner Gern geschehen. Die Wähler waren schon damals klüger als manche SPD-Funktionäre 😇,0
@merretz @krippmarie Und dann vorm Brandenburger Tor....das ist pure Provokation. |LBR| Mich ärgert es nur das niemand aufbegehrt.,0
@ainyrockstar Helene Fischer ist wie Bumsen mit Kondom.... Macht einfach kein Spaß :-),1
Die BM in kurd. Gebieten werden mit der Flüchtlingsbetreuung von der Regierung und den westlichen Gemeinden alleingelassen.,0
@MalteKaufmann @krippmarie SPD Linken Grünen....ist immer noch zu viel...! |LBR| Ich steh für christlich demokratisch mit viel Brise Nationalstolz....!!! |LBR| Kann aber sein das uns irgendwann CDU mit sonstigen regiert....,0
Dieses heuchlerische Weib ! Angela Merkel ist für mich die personifizierte Straftat ! Aber Islamkritiker gehen in den Knast !,1
nach vielen terminen jetzt in der 4. sitzung des hauptausschusses.,0
"Meine Fresse, soll das jetzt den ganzen Monat so gehen das der Angekratzte aus Altena die MSMedien belegt ??? Die sollten lieber von den Toten und Verletzten der täglichen, mind. 10 Attacken von Moslems auf DEUTSCHE berichten und nicht von einer Politpupe !!",1
@Beatrix_vStorch @krippmarie Beatrix hau rein....dafür wurdest du/ihr von uns gewählt |LBR| Ihr habt 4jahre Zeit gutes zu bewirken..!,0
"Erinnert ihr euch an unser CSD-Motto? Es lautet ""Mehrheit für Vielfalt: Du hast die Wahl."" Heute ist es soweit. Also: #gehwaehlen #btw13 ^ml",0
@ibikus31 @Heinrich_Krug Genau...und wir haben zu viele Arschlöcher..!,1
@DerLiuhvan @OrsolaSusan Man vergleiche einfach die Bildungsabschlüsse. |LBR| Einfach und sachlich...,0
"Bitten wir doch die Afrikaner, nicht zu kommen. Wer der Bitte nicht |LBR| entspricht hat generell keine Einreisechance.",0
#Wirtschaftsflüchtlinge kommen wie Heuschrecken über #Europa ( #Deutschland) ihr habt es in eurem Land zu nichts gebracht und werdet es auch in unserem Land zu nichts bringen. Ihr seid hier nicht willkommen.,1
"@ModonaiGoldberg Hass und Hetze gegen Weiße in SA ist Alltag. Wie gesagt, in den MSN wird man dazu  nichts finden. |LBR| Mein Tweet richtet sich gegen die #Doppelmoral der armen Minderheiten, die weltweit gerade zur Mehrheit werden.",0
Durch die #Eu sind manche europ. Länder so verkommem daß sie ihr Volk wegen Geschäften mit Asylanten verraten und verkaufen |LBR| #kapitalismus,1
@IngoFunke Ja unsere Richter...wundern sich und schütteln den Kopf so wie wir alle.... und trotzdem geben Sie weiterhin nur Bewährung....😃😃,0
@SJW_MadBunny @beardedGuy80 Alles andere hätte uns auch schwer enttäuscht!!,0
@LovingAwarenes_ Es wird doch jetzt ein eigenes Dezernat in Düsseldorf geben?,0
"@Nadjam1980 @N24 Die wollen sich nicht integrieren lassen ,sondern nur unser Geld !!!!!!!",1
@EmreCan88179995 @BILD_Sport @MiriamOzen Ist ja gut....die Nationalmannschaft war gemeint...mit lauter Türken |LBR| Und die können es einfach nicht...!,1
@AlfredDraxler @BILD_Hoffenheim @BILD Mit besseren Kommentatoren Pinkeln gehen aber das Urinal nicht treffen,1
@schweizerguy @krippmarie @SawsanChebli ...ihre Statements entsprechen ihrem Aussehen...häßlich..!!,1
"@Sbg1s @N24 Weil der LINKE SCHEIß das alles darf,hetzen,denunzieren,verleumden,kahanen,lügen,betrügen,Menschen attackieren und bald auch schießen.☠️😡☠️",1
@rubbersoul20 zum Beispiel Alice Schwarzer gerade aktuell in der WELT. Fand ich auch ein bisschen strange.,0
"@shlomosapiens @NorgePrivacy ES IST NUR UND AUSSCHLIEßLICH DER ISLAM, ALSO A L L E UND J E D E R MOSLEM, DIE EIN PROBLEM MIT DEM REST DER MENSCHHEIT HABEN! IM ISLAM HABT  IHR BESCHEUERTEN GUTMENSCHEN DIE N A Z I S  DIE IHR SO VERZWEIFELT BEI  DEN DEUTSCHEN SUCHT! IHR SEID NUR ZU MINDERBEMITTELT DAS ZU SEHEN!",1
@MalteOppermann ich bin immer für mitgliederentscheidungen.,0
@thkreher @PauleHasi13 Wir haben SIS /DAN über PC- was zeitlich aber auch nicht unbedingt effizienter ist.,0
Was wohl gerade Rainer macht,0
Geht es um die Fremden ja dann sind sie auf zack doch Deutsche Volksgenossen die nennen sie pack.. Das gibt es nur in Deutschland,1
"@krippmarie @jouwatch Noch besser, eine bekannte BRD Rüstungsfirma baut für Israel die Grenzmauern zu den Palestinensern, es ist die sicherste und unüberwindlichste Grenzmauer die je gebaut wurde, man sieht das es geht.",0
"@AliceBota @ZOiS_Berlin @faznet @SchullerKonrad Veser in faz-net: Erstaunliche Einigkeit..... bestand in einer Frage zu den Gründen, warum die Ukraine die Krim verloren hat: ...... der Hauptgrund sei die langjährige Vernachlässigung der Halbinsel durch die ukrainische Regierung gewesen.",0
@AthinaMala @Steffmann45 @SJW_MadBunny @machtjanix23 @troll_putin @petpanther0 @mastermikeg @Norbinator2403 @ennof_ @NancyPeggyMandy @info2099 @lifetrend @ThomasGBauer @SchmiddieMaik @charlie_silve @NoHerrman @willjrosenblatt @feldenfrizz @nasanasal @_macmike @ellibisathide @MD_Franz @machtjanix Oh nö - immer noch?🤢🤮🤮🤮🤮,0
@TheSittingPanda @focusonline Muslime haben also nichts mit dem Koran und Scharia zu tun?,0
"@johannesdal Nicht Sport zu betreiben ist kein Sport. Also was erzählen sie da? Atheismus als Glaube zu bezeichnen ist ist lustig, mehr nicht.",0
@aMarienbad @krippmarie Irgendwann merkt es sogar der dümmste...deutsche....was er angerichtet hat...!,0
"@peteraltmaier @Besser_Deniz Für mich ist er ein deutschlandhasser. |LBR| Ich hoffe, er wird in der Türkei verurteilt. Und zwar lebenslänglich.",1
@AfD_Supporter @Grals_Hueter @mdrkultur So etwas machen nur Kinder von alt 68er. Höcke ist kein Freund von mir. Aber solche Leute haben wir früher zurück gefickt und abgetrieben. Es giebt keine Kollektiv Schuld.,1
"@Amygdala712 @MadamePlissee Wenn du den Account unter die Lupe nimmst,  entsteht einz andere Interpretation",0
Estland ist schon eine Generation in Sachen Internet und Digitalisierung weiter als Deutschland. Deutschland schmeißt das Geld seiner Bürger lieber für sogenannte Flüchtlinge und Entwicklungshilfe zum Fenster raus.,0
Wer für den Untergang Deutschlands ist braucht nur die Altparteien zu wählen.,0
@Doodoofist Das mach dir was zu essen Kamerad,0
"@routeandswitch1 Über 87% der Deutschen Wähler die eine Altpartei wählten, sind für mich strohdumm!!!",1
Gerne würden wir zum #Türkei - #Referendum auch die Analysen von @Besser_Deniz u vielen anderen inhaftierten Journalisten lesen. #freedeniz,0
Die Weltmeisterschaft beginnt langsam! Holland macht Stimmung!,0
@rsi99 Warum wollen Sie so konsequent im vorigen Jahrhundert bleiben?,0
@HeikoMaas Dummes Gelaber. Was Sie für Steuerbetrug halten gilt nur |LBR| in Deutschland und in Ihrem Hirn.,1
"@Ami66Stefan Waffensysteme der 80er waren gut. Leider wurden die, die gut waren ausgemustert oder verkauft. Die BW hatte auch mal den Auftrag der Landesverteidigung. Heute verdeidigen wir Mohnfelder in Afghanistan. Besser wäre Deutsche Grenzen zu schützen.",0
"@smegworx Die @fdp lehnt das #NetzDG weiter ab und könnte nur einer Regierung angehören, die es abschafft bzw. in seinem Charakter grundlegend ändert. CL",0
"@Beatrix_vStorch Habe das Vertrauen Indie Medien total verloren , informiere mich nur noch im Internet .Warum sonst hat man den Haushalten die Gebühr für den Staatsfunk auferlegt ? Wäre schon lange ausgetreten .Freie Wahl der Medien !!!!!!!!",1
@NoblesseFatigue @TobiasHuch Du würdest jemanden der unschuldige Menschen geköpft hat noch Blumen an den Grab bringen oder was?,0
Die Afrikaner können wir in Europa nicht brauchen. Sie müssen zurück |LBR| und in ihrer Heimat endlich anpacken. Unsere Sozialsysteme schließen.,1
@haniawiatrek Da kann sich der Volker Beck von den Grünen dann ganz legal die Nase pudern. Und der Chem baut das Zeug im Park an.,1
"Heute Abend bin ich an der Uni Freiburg um 20:00 Uhr: |LBR| Podiumsdiskussion „Islamkritik – Islamphobie“ |LBR| Platz der Universität 3, Hörsaal 1098",0
Das @ebmuc spendet 100.000€ aus Katastrophenfonds an @caritas_ci für Erdbebenopfer in Mexiko und für geflüchtete Rohingya in Bangladesch.,0
"@anna_IIna Wer in das Land aus dem er geflüchtet ist wieder einreist, hat sein Asylrecht verspielt! 😨😠",0
@SusanBrenning In Sachen Verrat war die Kirche schon immer groß.,1
"@runaway4health Bitte machen Sie sich wenigstens die Mühe &amp; differenzieren a) zwischen Anerkannten (um die geht es in Ihrem Link, die haben ohnehin das Recht) &amp; subs. Geschützten (da gehts um die ~50.000 zusätzl.) &amp; b) zwischen ""dürfen nachholen"" und ""holen nach"". Faktor scheint nicht sehr hoch.",0
"@BILD Der ist doch keine 16. Sieht viel älter aus , hat sich viel jünger gemacht um nicht abgeschoben zuwerden !",1
Koalitionsvertrag zwischen @Likud_Party und Israel Beitenu unterzeichnet. @AvigdorLiberman als neuer Verteidigungsminister vorgestellt,0
"@StephanDerrick2 ein angriff von links, den ich als einen von rechts gedeutet habe? was reden sie da für ein wirres zeug?",0
"@ainyrockstar Ich selbst habe FB seit langem gelöscht, da ich wegen Islam kritischen Kommentaren mehrfach denunziert und gesperrt wurde. FB Boykott!!!",0
"@info2099 @Miquwarchar Auch zwei Siemens Bosse, erklärt den massiven Arbeitsplatzabbau !",0
"@v_palme @Renft1964 @focusonline Solange Stasi-Merkel geduldet wird, wird in ganz Deutschland NIE etwas ""klappen""!",1
"@Nicolaus_Fest Der #Aufschrei erfolgt dann, wenn es sich nicht um (bio)deutsche Opfer handelt. Linksgrüne Ideologie-wissen wir, kennen wir.Leiden wir.",1
"@Korallenherz wenn Dickerchen hier pubst, verursacht er bestimmt 20 mal soviel CO2 wie die ein Afrikaner",1
"Immer mehr Diktatur, Unterdrückung und Beschränkung der Menschenrechte und der Meinungsfreiheit. |LBR| Das wird Deutschland 2018.",0
"@Magoorooma Wir müssen Sie enttäuschen: Ihre Bewerbung genügt den formalen Anforderungen leider nicht. PS: Wir sind nicht in der Betreuung von Flüchtlingen tätig, etwas informieren vorm lospöhlen täte Ihnen vermutlich gut.",0
"@BenWeinthal @NoHerrman Der Islam kann nichts anderes als hassen. Die ganze Ideologie ist auf Hass, Unterdrückung, Mord und Totschlag ausgerichtet.",1
@Hartes_Geld Solch ein grünes Ergebnis hätte den deutschen so gut getan... |LBR| In 🇦🇹regiert wer gewinnt...nur in 🇩🇪dürfen Verlierer weiter regieren...!!,0
@OwslanderUfo @helmut_ottensen @VonSchwer @hab_mein_nick Würde das nicht mehr bringen wenn man sich eine vor die Latz knallt....? |LBR| Die Erklärung habe ich ja gehört..aber ist das wirklich eine..?,0
Wie gehabt bei Illner Grüner + zwei Journalisten ein CDU u die Rot Grün versiffte Gesine Schwan ZDF versucht Grüne hochzupuschen |LBR| AFD wählen,1
"@Spekulant1 @SZ @EveRoll konkret: woher soll ich das wissen, was frau roll oder die sz machen würden????????!",0
@FritzUSA Wie dämlich sind Sie eigentlich? Sie sollten ihre Allgemeinbildung vervollständigen und Objektivität walten lassen. 🤢,1
@Hartes_Geld Zu anfangs hat die Staatsanwaltschaft nichtmal einen Haftbefehl erlassen....? |LBR| Mit Peitsche und Schlagstöcken könnte vieles revidiert werden...ist das einzige was sie von daheim kennen und fürchten,1
"Flüchtlinge, die kein Asyl erhalten haben, gibt es nicht. Diese |LBR| Invasoren hätten an der Einreise gehindert werden müssen.",1
@Ricardo25701887 ISIS wurde von Hathor pentalpha gegründet und von der CIA ausgebildet.,0
"@66Freedom66 Schade das wir soviele dumme dumme deutsche Menschen haben, wer jetzt auf empört macht dem könnte ich glatt.... |LBR| kotzgrüne Arschlöcher ihr!!",1
@sylbewerber @PolizeiBerlin_E Kann es sein das ihre Schaukel als Kind zu nahe an der Wand gestanden hat??? Nur mal so als frage.,1
Wo war Gott in Dachau? Er war da. Weihbischof Stolberg bei Feier für die Sel. Märtyrer von Dachau.,0
Handy war wieder auf sächsisch eingestellt... |LBR| Schön =schon (vor 3 Jahren) |LBR| Könnte = konnte,0
Alles was der amerikanische Präsident Donald J. #Trump sagt entspricht doch der Wahrheit. |LBR| Also warum regt ihr euch da so auf ?,0
@LawTroll @LovingAwarenes_ Leider nicht. Soll ich in der Geschäftsstelle nachfragen?,0
@FilmElf_yt @Goreminister Das seh ich etwas anders klar dürfen sich Ausländer in Deutschland niederlassen aber das ist ganz klar eine überfremdung unseres Landes,1
"@maybritillner @ZDF @HeikoMaas @nicolabeerfdp @cem_oezdemir @WaltrautDunz @heute Ich sehe mir keine Sendung mehr an, wo der Internet schnüffler Maas mit am Tisch sitzt.",1
@ExilPrincess @Fokel_Exil @Wedrfoelnir @Khajiit7 @Gulag_Grim @Doggo_non_grata @NiemandesStimme @baccarat_black @WerkOffiziell @Rayzon899 @Elliottstaender @SadisticNiles @DietmoarSchwarz @TheRpgPrincess Danke auch wenn es nur mein zweit acc ist,0
"Die Schiffbrüchigen müssen gerettet und dorthin zurückgebracht |LBR| werden, wo sie herkommen. Wir dürfen uns nicht nötigen lassen.",0
Scheiß Kommunisten ich hoffe der Blitz trifft euch beim scheißen,1
Das BMI hat wegen der jüngsten Änderung der ungarischen Asylgesetze Rücküberstellungen von Dublin-Flüchtlingen nach Ungarn ausgesetzt.,0
"@EyadHadrous @der_zmd An alle, die gerne Richter&amp;Henker spielen: |LBR| „Rufe zum Weg deines Herrn auf mit Weisheit und schöner Ermahnung und diskutiere mit ihnen in der besten Art und Weise! Wahrlich, dein Herr weiß, |LBR| wer von seinem Weg abgekommen ist und er weiß auch Bescheid über die Rechtgeleiteten.“",0
Was soll die Aufregung über Jerusalem? |LBR| Trump hat doch seine Meinung bekräftigt. |LBR| Isral hat schon seit 3000 Jahren das |LBR| Recht auf Jerusalem als Hauptstadt.,0
"Wenn ein gelähmter Hamster versucht, einen Löwen einzuschüchtern, |LBR| liegt es am Löwen, gelassen zu reagieren. Oder er frisst den Hamster.",0
@ndaktuell In Ausreden sind die am schnellsten!,0
Oha! Erster Landesverband der Jungen Union fordert Rücktritt von @CDU-Generalsekretär Peter Tauber. Gleich mehr auf @Welt |LBR| @jubw @petertauber @Junge_Union,0
'Betet für die Einheit und Freiheit der Kirche in #China': @bischofschick zum #Gebetstag,0
Seehofer lobt mehrfach seinen designierten Nachfolger @Markus_Soeder. Der nimmt es schmunzelnd zur Kenntnis. Parteitag der Schmunzeleien #CSUPT17,0
"@SteinbachErika @Heinrich_Krug Es gibt welche die wissen es, der andere Teil kann es nur erahnen, aber der dämlichste Teil will es weder sehen hören noch lesen....und er klatscht und jubelt weiter",0
#EU-#Faschismus #Scootergate Sämtliche deutsche #MSM wieder mal beim Arschlecken des ukrainischen Putschregimes,1
"@machtjanix23 @Norbinator2403 @ennof_ @AthinaMala @troll_putin @NancyPeggyMandy @petpanther0 @info2099 @lifetrend @ThomasGBauer @SchmiddieMaik @charlie_silve @NoHerrman @willjrosenblatt @feldenfrizz @nasanasal @_macmike @ellibisathide @MD_Franz Laut BKA gab es in den 40ern keine Kugelschreiber - wo kommen also die Kugelschreibereinträge her? Passt wohl nicht, wenn man Fakes beim BKA nachweist?",0
"#Deutsche #Kinder immer schlechter in der #Schule. Kein Wunder wenn überwiegend türkisch, arabisch und afrikanisch in den Klassen gesprochen wird. Unsere Kinder werden mehr und mehr #benachteiligt, merkt ihr das eigentlich nicht?",1
TÜRKEN SIND EINFACH NUR ABSCHAUM ! AMEN ♌,1
"Bevor sich PL an Angies Krimigranten-Quoten beteiligen wird, verlassen sie auch die EU u. Konzerne könnten ihren Mist ins Baltikum fliegen 😜",1
@Hexlepia @muspell_eu Blablablabla alles Schall und Rauch,0
Schulz ist Kanzlerkandidat von Rot-Rot-Grün! #TVDuell,0
@volmi6 @DWN_de Die Türken sind aber in Syrien und nicht umgekehrt.,0
"#KardinalMarx #gedenkt bei #Gottesdienst #Opfer von #LasVegas: Nehmen wir die Toten mit, wenn wir mit #Jesus nach #Jerusalem hinaufwandern",0
"Rechtsradikales Attentat auf Bürgermeister von Altena - Furchtbar, welches Ausmaß der Hass in unserem Land angenommen hat. Ne",0
@Rosenbogen111 Wir wollen sie nicht abschaffen.,0
Wahlerfolg der FDP ist in Wahrheit Wahlerfolg der #AfD. |LBR| Viele die sich durch NaziDiffamierung einschüchtern ließen haben FdP gewählt,0
Wir brauchen mehr Putins und Trumps in der europäischen Politik. |LBR| Politiker wie #Merkel und Co sind absolut unfähig. Überheblich und arrogant. Das hat man heute beim Besuch des Bundespräsidenten #Kurz wieder einmal gesehen.,1
"@GoeringEckardt @Die_Gruenen @ToniHofreiter @Arndt_Klocke @cem_oezdemir @Oliver_Krischer @m_dueker @MonaNeubaur @ABaerbock @peter_simone @wibkegt Gibt es bei euch überflüssigen, deutschfeindlichen Grünen, nicht ein Thema wo ihr NUR etwas Ahnung vion habt?",1
"Moin, moin, Merkel verneigt sich vor Kohl? Offensichtlich nur um die einst ""abgesägten"" Stuhlbeine aufzuheben und zu verstecken 😜",0
"@InesHenkler @brosel_werner Du fängst wie Merkel an ""Statistiken"" zu schönen 😂😂😂",0
"@Joerg_Meuthen Nun die Corporate Media rangiert für mich auf dem Level einer zertretenen Kakalake oder drunter, ich halte mich deshalb zurück .",1
@L_vonMontfort @winfootball @morgenmagazin und die interpunktion erst. nicht wahr...,0
"Die Kurden. Das größte Volk der Welt ohne eigenen Staat, umgeben nur von Feinden. |LBR| Eine Schande für die Welt, das sie die Kurden immer wieder für ihre Zwecke nutzen und dann fallen lassen. |LBR| #Afrin",0
"Mit wem will die @spdbt bei einer #KoKo eigentlich die @cducsu überstimmen? Es reichte nur für #r2g + @FDP oder #r2g + @AfD. Die Wirklichkeit ist real, Genossen! @Die_Gruenen @dieLinke",0
"Hakan Taş wurde heute in Berlin attackiert und dabei am Kopf verletzt. Der Täter beschimpfte ihn auf türkisch u.a. als ""Vaterlandsverräter"". Wir sind entsetzt und hoffen, dass der Täter ausgemacht und belangt werden kann. |LBR| Vor allem aber: Gute Besserung, @HakanTasBerlin !",0
@Joemino @BejuBinich Die Befürworter werden bestimmt fürstlich entlohnt....ja die Liebe zum Geld..,0
@KontaktVito Heute Mutter Theresa zu Ost Zeiten Mitglied der Stasi. Eine Schande für Deutschland,0
Wir wissen möchte inwieweit unsere Gesellschaft verblödet ist muss nur mal kurz bei Facebook vorbeischauen.,0
Das 2 x sitzen gebliebene SPD Mitglied Martin Schulz hat auch |LBR| keinen Schulabschluss.Diese Mann ist doch eine Schande für |LBR| die Partei. No go.,1
"@ukw11 @KrahMax Und ich finde es etwas störend wenn Menschen der Meinung sind, was ich schreibe, sei kein Geld wert. Mit Verlaub: Arbeiten Sie kostenlos?",0
"@tagesschau Trump ist nicht eingeknickt und schon gar nicht vor diesen dummen Politikern, Lügenpresse und Nazimedien in Deutschland!!",1
"@UlrichHenning2 @weissrot und ich habe mir erklärt, dass es mir darum nicht geht 😉",0
@karlheppner @Kreuzritter1099 Luther würde heute wohl als Rassist bezeichnet werden. Was das Merkel wohl nicht weiß. Luther war der größte Gegner des Islam.,0
"@mortalhope1 Nein, Neubrandenburg und durch 2 OP`s 7 Tage nur eine undefinierbare Hafersuppe 🤢, aber ich hole alles nach 😜",0
@maischberger @tagesthemen @HeikoMaas @Alice_Weidel @janfleischhauer @DasErste Die Dummheit und Deutschfeindlichkeit eines Maas ist nicht mehr akzeptabel! |LBR| Dieser Kriminologe Pfeifersollte wohl vorher auf Drogen getestet werden!,1
Die Juncker-EU muss endlich ihre Hausaufgaben machen |LBR| statt Träume zu formulieren.,0
@KrahMax Toleranz bedeutet meistens das der andere im Recht ist...,0
@RalfPflug @krippmarie @jouwatch Es gibt niemanden in unserer Geschichte die dem Ami mehr die Nudel polierte als die Merkel... |LBR| Wir können alle froh sein das Hillary weg ist!,0
@Hans_van_Verne @sternrot @Linksfraktion @SWagenknecht Später wurde Wasser und Tee gereicht. 😉😉,0
Heute feiert Kardinal Marx das Requiem für Altabt Odilo Lechner um 14 Uhr im Liebfrauendom.,0
Und wann setzt der Staat die Abschiebungen endlich durch? Lassen sich die Behörden |LBR| von den illegalen Migranten immer wieder verarschen?,0
@Beutebadener @LeggaKnoppers @KotzenderStern @destatis Was für Bio Deutsche Deutschland sollte den deutschen gehören.ganz einfach,1
"@Caro22one @CroqiSunshine Beim besten Willen,  ich kann die nicht in Schutz nehmen. Kuenast hat viele Menschen, die am Existenzminimum leben auf hohe Geldstrafen verklagt. Wenn ein ""Flüchtling"" Amok läuft, fordert sie Täterschutz. Ich bekomme auch Hate im Internet; ignoriere solche Dumpfbacken...",1
@das_Ruhrgebiet Das musst Du bestimmt nicht 😳,0
"@KrahMax @tantegerd1 @KuehniKev Merkel Kasner die mächtigste „Frau“ der Welt!!?? keiner außerhalb des Vereinigten Wirtschaftsgebiets gibt einen Dreck auf sie, Trump hat sie nicht mal richtig angeschaut. Suuuuper Analyse 😉",0
"Katalonien verdeutlicht eindrucksvoll wie man in ganz Europa mit Andersdenkenden umgehen WIRD. Meinungsfreiheit nur solange, wie sie passt 😜",0
"Meinungsfreiheit findet immer einen Weg. |LBR| Alle Diktaturen dieser Welt konnten eins nicht verhindern, die Gedanken sind und bleiben frei und sobald sich eine Möglichkeit findet finden sie ihren Weg in die Welt.",0
@ANmitJa |LBR| So meine ganz besondere Liebli ngsfrau; ich wünsche Dir einen ganz besonders rasanten aber gleichzeitig auch sicheren Rutsch ins Neue Jahr |LBR| Paß au Dich auf und mögen all Deine Wünsche in Erfüllung gehen.😚,0
"@Fritz_Esser @BILD Da Sie meine Kirchensteuer nicht ablehnen,trete ich aus diesem Scheiss Verein aus.",1
"@mollemopp @Christophgiesa Wenn man den Unterschied zw. ""repräsentativer Demokratie"" u wahrer Demokratie nicht kennt, sollte man schweigen 😜",0
"@ShieldLive Ich denke eher, sie agiert vorsätzlich, um sich als ""Führerin"" Europas aufspielen zu können - doch daraus wird nichts.",0
"@info2099 @ibikus31 Was ist ein „Aras Bacho“ möglicherweise ein Bott mit Avatar, denn ein Mensch kann es nicht geschrieben haben, so dumm ist keiner oder?",1
@Ralf_Stegner Ralle....stell dich gleich mit dazu und verabschiede dich ebenfalls. |LBR| Wir versprechen dir das die Hetze gegen dich aufhören wird..!,0
"@sonneundmond1 Gerne verweisen wir z.B. auf unsere Mahnwachen, unsere Bildungsprojekte und so ziemlich jede Stellungnahme, in der wir den Antisemitismus der deutschen Mitte, Linken, Rechten nicht verschweigen. Letzteres gilt aber nach wie vor auch, wenn die Antisemiten auch muslimisch sind.",0
@sternde Wir sollen sich den Türken integrieren wenn sie boykottiert werden? 😂,0
Stasi Facebook hat sogar meinen Privat Account gesperrt. Schon traurig dass die Mehrzahl der Bevölkerung in Deutschland so verblödet ist. |LBR| Heute kann man nur noch seine Meinung frei äußern wenn man politisch korrekt ist und den rot-grünen Vernichtungssumpf in den Arsch kriecht.,1
@NegohotShlomo @Frank_Pasemann Pubertierende masturbierende Pickelträger...kein Wunder das deutsche Mädels keine deutsche Jungs wollen....!,1
"@eysvog3l Primark boykottiere ich seit Anbeginn konsequent.  Da bin ich links: keine Mark für Ausbeuter. In Leipzig beobachte ich seit langem,  wie mehr und mehr Qualitätsgeschäfte Billigketten weichen. Frohes Shoppen...",0
@Rebellin70 @politikstube Bei diesen Kölner Staatsoberhäupter sind die Kölner verloren...oder verständlicher:...voll im Arsch..!!,1
"Ich glaube immer mehr, dass wir die Hirne unserer Politiker nur auf Erbsengröße kriegen, wenn diese aufgeblasen werden 😜",1
@SteinbachErika Von was der Schulz wohl nachts träumt? 😜😜,0
"@mastermikeg @_macmike @Steffmann45 @troll_putin @petpanther0 @machtjanix23 @Norbinator2403 @ennof_ @AthinaMala @NancyPeggyMandy @info2099 @lifetrend @ThomasGBauer @SchmiddieMaik @charlie_silve @NoHerrman @willjrosenblatt @feldenfrizz @nasanasal @ellibisathide @MD_Franz Wäre Belastungsmaterial gegen die NSU drin, wären die Akten offen.",0
@miriam_stockl @sebastiankurz nö. warum? weiß ich. es ging um die beschlossene quotenverteilung in der eu,0
"Bei @hartaberfair darf behauptet werden, das Kabinett habe #Diätenerhöhungen beschlossen. Herr Plasberg weiß es auch nicht besser.",0
Jeder der sein Volk und seine Heimat verrät ist ein schlechter Mensch,0
@66Freedom66 Stoppt denn keiner diese Dummbacke!,1
"@FelixLeidecker Die Antwort ist C, Herr Jauch",0
"@StaasiStein @morgenmagazin und ich stimme ihm zu, dass flüchtlinge sich generell nicht das land aussuchen können sollten. wo ist jetzt ihr problem?",0
@MD_Franz @krippmarie Die Liste der Dummen ist enorm....aber warum gehören die meisten der Grünen Partei an..??,1
"Hier noch die Übersetzung des Zitats aus dem vorherigen Tweet: ""Die Zeiten ändern sich und wir ändern uns in ihnen."" ^ml",0
"Von der Leyen soll sich endlich um ihre Kinder kümmern. |LBR| In ihrem Job ist sie absolut unfähig. Katastrophales ""Leyen-Verhalten"".",1
"@hortarimar @Georg_Pazderski Die meisten Musilme leben seit Generationen friedlich in diesem Land. Lösen Sie sich von ihren Vorurteilen. Die Gleichsetzung von Islam und Islamismus ist nicht nur falsch, sondern arbeitet mit islamophoben Denkmustern.",0
Gestern hier Gastredner beim Neujahrsempfang der Bremer SPD. |LBR| Heute zurück nach Schleswig-Holstein.,0
"Unsere ""Volksvertreter"", hauptamtliche Bürgermeister usw. bedienen und versorgen sich als BEAMTE!!! Oooooh, das ist teuer 😜 Volksvertreter?😂",0
@tagesschau Gibt es in D auch einen Menschenschutzbund - für Menschenwohl?,0
@DodelHodel @AlfredoIhl @sebastiankurz 😂 weil ich die gegenseite einnehme? witzig,0
@Alice_Weidel Tun sie endlich was ‼️‼️‼️‼️,0
"@fneuhann @berlindirekt Abgesehen von der harten Interpretation der FAS: Wo ist der Widerspruch? Meine Aussage hat nichts mit 2009-2013 zu tun. Sie urteilen in Unkenntnis des Wortlauts, oder? CL",0
@ravensdownfall @welt Alles Betrug gesteuert von Merkel!!!,1
"@Magoorooma @ArasBacho Nützt leider nichts, wenn die Zahlen, die Sie zugrunde legen, falsch sind. Vielleicht hätte Ihnen ein Geschichts- oder PoWi-Leistungskurs besser getan.",0
@MattFux Auf jeden Fall nicht Mitglied des Bundestages. 😂😂😂,0
"@mausraster @China_Welt_News Merkel darf nicht mehr als Kanzlerin gewählt werden, dann wäre der Weg für Neuwahlen frei!",0
"Obergrenze 😂😂😂 Hoffentlich haben es die Bayern endlich begriffen, dass man ihren ""Eierlosen"" und seinen Haufen lieber nicht gewählt hätte 😜",1
Wie viel Oblaten muss ich denn jetzt essen bis ich ein Steak von Jesus zusammen hab?^^,1
"Am 16. Januar wird in Berlin verhandelt, ob der Präsident des Zentralrats der Juden, Josef #Schuster, davon sprechen darf, dass Wolfgang #Gedeon (AfD-MdL BaWü) ""Holocaust-Leugnung"" betreibe. |LBR| Schuster hatte eine entsprechende Unterlassungserklärung verweigert.",0
@MiriamOzen Ich würde Grüne mit einem Geschwür am Arsch der Welt bezeichnen. Ist aber meine persönliche Meinung. Ein Geschwür kann einen Körper zerstören oder ein ganzes Land.,1
@cuffedCatling Danke schön. Ist mir so rausgerutscht... :-D,0
"Ich musste wohl erst 60 Jahre alt werden, um zu erkennen, WIE HOCH DEUTSCHE BERUFSLÜGNER SCHEISSE EIGENTLICH STAPELN KÖNNEN, Frau Merkel!!!",1
@Hartes_Geld Und wo ist das alles möglich..?....genau..!,0
@Hartes_Geld Die Deutschen sind absolut überfordert und wehrlos...und feige..!,0
@LC180666 @GiKi56534206 Es gibt deutsche Weiber die sind geil drauf...deswegen wählen sie SPDund Grünen..!,1
@SteinbachErika @krippmarie Ist mir scheissegal was der blöden Puppe angezogen wurde....Hauptsache Kent trägt eine Reichsuniform...!!,1
Kann User nicht ernst nehmen die mich in Listen hinzufügen,0
"Oft ertönt: Islam.ReligionsG. repräsentieren (wahlweise) nicht alle/nur weniger/zu wenige Muslime in Deutschland. Wenn aber Antisemiten, Chaoten, Trittbrettfahrer d. Nahostkonflikt instrument., werden diese dafür in Haftung genommen, obwohl sie d. klar zuvor verurteilt haben",0
Die einzige Frage ist: Lassen sich die #Österreicher wieder von der #Kern-#Kurz-affinen #MSM-#Lügenbande verarschen oder nicht?,1
"@pinselpoetin Hallo 😃 ich auch nicht, denn billige Propaganda und Meinungsmache waren noch nie mein Ding 😜",0
"@Anina_Hundekeks @AfD_OF_Land Öhm... ich hab zwar nicht kommentiert, feierte die #Afd aber heut nacht ordentlich ab. Und mit mir die komplette Nachtschicht, der ich das Verhalten der Altparteien natürlich nicht vorenthalten konnte. #Bundestag",0
"Solange sie in #Deutschland sind, gehören kriminelle Ausländer in #Abschiebehaft. #Klartext #Sicherheit",0
@SM100d Eine furchtbare Frau....dumm und arrogant |LBR| Aber so sind alle Grünen...die kleinsten halten sich am unverzichtbarsten |LBR| So sinnlos...!!,1
@Westminster1000 Das ist die mit Abstand dümmste Aktion in Deutschland. Und ich dachte ich hab schon alles erlebt. Man könnte ja auch gleich Keuschheits Gürtel verleihen für 20 € pro Tag :-),0
"@NoHerrman Die Welt sieht die #GroKo schon als beschlossene Sache-oder sie weiß, daß es das ist.Beschlossen. Daher die Lüge ""ein weiter so kanns nicht geben""",0
"@SteinbachErika Es sind viele viele kleine Politikerle die für all diese Schäden verantwortlich...ich mag Merkel nicht, nehme sie hier aber in Schutz..!",0
@dunjahayali Politik ist Diplomatie und die hat Trump tatsächlich nicht...machen unsere Politiker unsere Welt tatsächlich besser..?,0
.@SPIEGELONLINE Was in der SPD schief läuft? Schulz ist ohne jeden Schulabschluss |LBR| und 2 x sitzen geblieben. Eine Schande für das Land der Dichter |LBR| u. Denker.,1
@Margit030 Wer hat den denn als Minderjährig eingestuft der gehört an Wand gestellt!Das ist Sabotage am Deutschen Volk!,1
"@oberguru55 So denken Linke wirklich.  Da sie keine Argumente haben für ihre volksfeindliche Politik, müssen Sie das Volk mundtot machen. Deren Vorstellung vong |LBR| #Demokratie",1
@FilmElf_yt Diese ganzen leute die du angesprochen hast sind untermenschen ja aber das alte Deutschland und deutsche volk waren ehrenwerte leute und ein stolzes Land,1
"@LinnKuppitz @AlternativeNRW Seit wir Minister mit Migationshintergrund haben, so wie diese Integrationslotte Aydan Özoguz deren Brüder Islamisten sind!",1
Ist doch eigentlich mal aufgefallen dass wir immer mehr schwarze in der Werbung haben.,1
@LeuteAlte Zitate aus Literatur und Religion muss man immer im Kontext von Situation und Zeit verstehen,0
@Hartes_Geld @Ralf_Stegner Der Stegner Ralle sieht sich schon als Vorbote als Vorreiter als der wahre Erlöser der SPD...der übt vor dem Spiegel und träumt bestimmt den Kanzler ....😃😃,0
"@realDonaldTrump Die Deutschen halten sie für einen großen Präsidenten der uns Hoffnung gibt, diese Merkel-Diktatur zu überstehen!",0
@MonikaBergholz1 Schick Dir jetzt jede Woche eins - auf DM😊,0
"Unser Lieblings Chinese sagte heute Abend zu mir. "" So langsam komme ich mir hier in Deutschland vor als würde ich in Anatolien Leben""",0
"@MonikaBergholz1 Viele sehen auch so aus - man ist, was man ißt.",0
Merkel hau ab die Mehrheit der Deutschen wünscht sich sehnlichst Merkel u Schergen müssen weg bevor DE untergeht faulen Zauber beenden AFD,0
@anna_IIna Das Die Grünen unbrauchbar sind wird spätestens jetzt sichtbar. |LBR| Armes Deutschland...was hast du nur angerichtet!,0
@tagesschau Wo bleibt die Hetze gegen Marcon??,0
Jamaika Koalition der Name allein triggert mich schon,0
"Sagt mal, kommt .es nur mir so vor, oder ist das Staasfunk Fernsehprogramm wirklich so scheiße?",1
@c_lindner Ich hoffe sie bleibt bei ihrer Meinung.,0
"@Funkour @welt Oder man ist so blöde und dumm wie du und nutzt keine Infos und jetzt such den Grammatikfehle,such,fein machst du das ,such,feiner Linker",1
Die diesjährige #Israelpedia in #Frankfurt wird die diplomatischen Beziehungen zwischen #Deutschland und #Israel kritisch reflektieren,0
Am 10. Dezember gehen wir gg Landfriedenbruch u Schlepperei§§ auf die Straße! 18 uhr Westbhf #rapid274 #fluchthilfeprozess,0
Wer sind die wahren Feinde des Grundgesetzes?,0
"@YigidoYosi58 @Mesut__A @ntvde @ntv Bald seid ihr alle hier ""Entsorgt""!",1
"@muddalekken @sebastiankurz @morgenmagazin tausche murmel gegen kopf. wir sollen doch kritisch nachfragen, ob bloß bei denen, die sie doof finden? aha",0
@L_vonMontfort sie wollen es nicht verstehen. sorry. das ist selbst mir zu blöd,0
@Ami66Stefan Der Islam ist eine Rassistische und Frauen feindliche Ideologie. Der Islam sei friedlich ist wohl eher Propaganda.,1
@AnnetteCreft Bei uns gibt's Pferdesauerbraten Norddeutsch! 😜😜👍,0
"NACHTRAG: Der rechtsextreme #Twitter-Account des verurteilten Pädophilen &amp; #NPD-#Neonazi Dominique Oster (@Oster_Dominique) existiert weiterhin. Sowohl darüber, als auch über seine Homepage, verbreitet er #Antisemitismus, #Holocaustleugnung &amp; #Hitler-Verehrung. #FCKNZS #Judenhass",0
"@drbrandner @st3pp3nwQlf Hier drängt sich der Verdacht auf, das die Eltern der beiden Geschwister waren.",1
"@das_Ruhrgebiet 😳es ist noch da, das 💔 😳",0
@AlfonsMark1 @JewishAgency @ZWSTgermany Es handelt sich dabei um Hilfsprogramme VON #Israel. Aber das kann man im Eifer schonmal überlesen.,0
@TheTravel0 @focusonline Da Sie wie ich sehe Jude sind und weiß. Sollten Sie sich eher Gedanken machen über den zunehmenden Antisemitismus aus den Reihen des Islam. Dort spielt nicht einmal die Hautfarbe eine Rolle.,0
"@anked @RubenNeugebauer Oh,das stimmt. Dann ist das zuständige Sozialamt nen Versuch wert... Viel Glück!",0
@focusonline Das erste mal das man dieser Partei Respekt zollen muss. Hat den Wähler nicht um jeden Preis verraten.,0
Der abgehalfterte Vorsitzende der SPD versucht nun auf durchschaubare Art der |LBR| überlegenen Kanzlerin an´s Bein zu pinkeln. Er taugt zu nichts,1
Deutsche lieben Rattenfänger |LBR| Erst Hitler -&gt; zerstört Europa |LBR| Jetzt Merkel -&gt;zerstört Europa |LBR| Da hilft nur #AfD wählen,1
"@WeatherNews2016 @georgrestle @ARDKontraste @tagesschau »Es war leider ein perverser Krieg, wie alle Kriege« – Der WW2 war eben nicht, wie andere Kriege! Gab vor dem #Holocaust schon mal deutsche Gaswagen, die #Juden mit Abgasen ermordeten? Gab es schon mal Lager, wo Juden mit Zyklon-B ermordet wurden? #Revisionismus #Antisemitismus",0
@klaus_fritz @66Freedom66 Wir leben in einem totalitären Staat .Merkel steuert immer mehr Richtung DDR zu!,1
"@DanielSeuffert Eine gute Planung ist durch nichts zu ersetzen, vor allem bei Investitionen in die Zukunft einer Metropole.",0
"@Vancullo Fischer war ein Bolschewik, ein Infiltrator der Khasarischen Mafia",1
@hapatamast Der Mord ist bereits im Mai 2016 geschehen.,0
@AfD @Joerg_Meuthen @AfD_Thueringen @afd_thl @BjoernHoecke @WMuhsal @MoellerAfD Das hätte ich mir zur BTW gewünscht....,0
@hortarimar @Georg_Pazderski Nochmal es gilt der Gleichheitsgrundsatz!,0
"Ich höre täglich, Deutschland geht es so gut wie nie. Da muss mir doch tatsächlich was entgangen sein.",0
"@RegSprecher ""Tun Sie sich und Deutschland den Gefallen und gehen sie in ihre unverdiente Rente, für die Sie keinen Cent einbezahlt haben!",0
@Ninchen_ohne_Ka Galileo zufällig? Die haben uns letztens auch angefragt... Neeneenee,0
@raschie2 Bei Ihnen liest man das überzeugend...,0
@KrahMax AfD hat schon teilweise schräge Vögel...doch das haben die anderen auch! |LBR| Aber sie hat ihre Chance verdient und nach 4jahren wird abgerechnet,0
"@Ami66Stefan Gute Frage!! Es liegt aber an uns, die Werte des Christentums weiter zu geben. Wenn es niemand mehr tut gibt es noch uns. Die Templer",0
"@SPIEGELONLINE Der #Iran hat sich die Vernichtung des jüdischen Staates #Israel &amp; einen neuen #Holocaust an uns #Juden auf die Fahne geschrieben. Der #AlQudsDay in #Berlin, auf dem #Muslime immer wieder die Zerstörung der einzigen #Demokratie in #Nahost fordern, ist der #GroKo / #SPD ja bekannt",0
@Heiko_Luedke fröhlicher gruß aus der hauptstadt heiko 😎,0
Der Reichtum einer Nation wird an der zur freien Verfügung stehenden Zeit seiner Bürger gemessen und sonst gar nichts,0
@66Freedom66 Mitleidserregend ...ob ein Jahresabonnement der Bildzeitung Linderung verschafft..?,0
"@petpanther0 @machtjanix23 @NoHerrman @teite99 @info2099 @lifetrend @ThomasGBauer @SchmiddieMaik @AthinaMala @charlie_silve @willjrosenblatt @feldenfrizz @nasanasal @_macmike @ellibisathide @MD_Franz Könntet ihr hebräisch, könntet ihr den Talmud, Sohar etc. lesen, da würde es euch wie Schuppen von den Augen fallen!",0
"@omichalsky @ulfposh @welt Und mir haben Sie gesagt wir brauchen statt Reichweite nur Abos, Abos, Abos. Es war alles gelogen! Männer...",0
@MonikaBergholz1 Nur wenn Du möchtest natürlich:),0
"@WojtekThomalla @eucopresident Danke für diesen interessanten Blogbeitrag. Die oft unterstellten ""demografischen Hintergedanken"" bei der Grenzöffnung gab es nach meinen Recherchen nicht. Aber die demographische Situation Deutschlands hat sicher die Reaktion der Eliten, etwa in der Wirtschaft, mitgeprägt",0
"Wir sollten dieses für unsere Gesellschaft existenzielle Thema nicht über einander, sondern miteinander diskutieren. Dringend! #Migration #Migrationsgesetz #Integration #Flucht",0
Auf die SPD konnte man sich schon lange nicht mehr verlassen. Ich hoffe in vier Jahre sind die Brüder weg vom Fenster.,0
"@OwslanderUfo Alltag dort mittlerweile.  Aber Schuld sind natürlich immer die bösen Weißen, die dort ackern,  damit überhaupt etwas funktioniert.",1
@lobbycontrol Nein - das bringt nichts: siehe EU. Wer schaut sich das an? Es schadet aber auch nicht sonderlich außer der überflüssigen Bürokratie. Deshalb wäre das für uns kein Anlass für ideologischen Widerstand. CL,0
@happyhaidrich3 Lel immer wieder amüsant diese linken,0
Inter und trans Hand in Hand - eure Ordnung unser Widerstand! Vanja / #dritteoption goes Bundesverfassungsgericht,0
"@Sunsetmission69 @ProAsyl Es zeigt vor allem, das Rechtsterrorismus ein riesiges Problem ist und trotz NSU und Anschläge auf Flüchtlinge immer noch verharmlost wird.",0
@Skopelosgreece @Reichsvikar Was hast du vor? 😉😘,0
"@OhneWorte2015 Ja - aber Antifa nutzte den Tag für sich...das hatte eben nichts damit zu tun, man kann nicht Verbrechen durch neue Verbrechen verändern! Wo ist der Antifa-Mob, wenn in D vergewaltigt und gemordet wird?",1
@RegSprecher Da durch Merkel und der EU (außer Osteuropa) Demokratie abgeschafft wurde! Die Völker Europas geben den Katalanen recht!,0
Heute hat @JunckerEU eine wichtige &amp; große Rede gehalten zu Europa: Sie muss Ausgangspunkt einer engagierten Debatte sein!,0
"Lydia Ruisch, Vorsitzende des baf, erinnert an das 20jährige Jubiläum der #Frauenordination, die wir dieses Jahr feiern durften #aksynode16",0
"@Wahlleiter_Bund @JustinaKilinski @PengBerlin Die Btw2017 muß meiner Meinung nach unter INTERNATIONALE BEOBACHTUNG,AUFSICHT und besonders L E I T U N G gestellt werden !LINKS BETRÜGT!",1
@MalteKaufmann @Heinrich_Krug So ist es richtig...alles im Namen der Menschlichkeit hat sich nicht bewährt....!,0
@DoraBromberger @st3pp3nwQlf Zentrum für Geistige Missgeburten würde eher passen.,1
"@SteinbachErika @InesHenkler Aber es wird bestimmt jemanden geben, der jedes Gramm an ihr liebt 😜",0
"@20piraten @piratringwraith mit uns, nicht über uns ;-)",0
"@anna_IIna Welt-N24....wo auch immer die ihre Pseudo-Historiker ausgraben..und zum Reden wiederbeleben, aber sie tuns..😂😂😂",1
@Mischka815 Die absolut richtige Entscheidung ...wir alle profitieren davon...!!,0
"@teite99 @SpadeCarrier @machtjanix23 @charlie_silve @nasanasal @AthinaMala @_macmike @magna_est @petpanther0 @NoHerrman @info2099 @lifetrend @ThomasGBauer @SchmiddieMaik @willjrosenblatt @feldenfrizz @ellibisathide @MD_Franz Ich glaube, ich hatte mich verständlich ausgedrückt, ich wünsche keine Infos mehr zu dem Thread - Sie sind der nächste, den ich jetzt blockiere.",0
@Waldoknalldo @SteveMotley Trump sendet Militärpolizei in Regimentsstärke nach GITMO,0
@arifkoray @Bundestag Warum sollten wir eine Mafia-Veranstaltung ansehen ??,0
@Beutebadener @LeggaKnoppers @KotzenderStern @destatis Also ob ihr hier mein Nachnamen poste,0
@krippmarie @DrDavidBerger Ist das nicht die mit den vielen Analphabeten in ihrer Familie..?,1
Umso mehr Schwachsinn die Altparteien von sich geben umso eher kommt die AFD an die Macht. |LBR| Die Bürger sind nicht ganz so verblödet wie die Altparteien glauben. #illner,1
Herzlichen Glückwunsch an @sebastiankurz. Überzeugender Sieg in #Österreich. Er garantiert klare Antwort auf Zuwanderungsfragen in Europa.,0
"Wenn Populisten die Menschenwürde einzelner Bevölkerungsgruppen angreifen, werde ich immer entschieden für unsere Grundrechte eintreten. (2)",0
"Hallo, da bin ich 😜 Ich weiß nicht, immer wenn ich die Sonnenblume der GRÜNEN sehe, denke ich an den türkischen Halbmond auf rotem Tuch 😜",0
"Kompliment den Niederlanden. Die verzichten auf Flugzeuglandungen in der |LBR| Türkei, diese Nazis. Haha. Auch ich bin für Meidung der Türkei.",1
Jeder glaubt es gibt 3 Geschlechter ist Behindert,1
"@diMGiulia1 @freivonReue Unsere neuen Mitbürger...😃😃und die die glauben das diese Rasse unsere Rentenkassen füllen, die wurden auch gewählt..??",1
Die Türkei führt einen Angriffskrieg und die @spdde inkl. @sigmargabriel rüstet noch ihre Panzer auf. |LBR| An den Händen dieser Partei hängt Blut. Das Rot der SPD steht für das Blut der Menschen in #Afrin. |LBR| Schande! #spdbpt18,0
@KoppOnline Die Türken dringen hier ein und wollen uns ihre Art zu |LBR| leben aufzwingen. Und beschimpfen unsere regierenden Weicheier |LBR| als Nazis.,1
@Westminster1000 Nur noch Scheisse im Kopf....die Deutschen können damit einfach besser denken..!,1
"@Ernst_1895 @ndrstrapp In solchen Situationen zeigt sich echtes Herz (Empathie)  und Charakter (Hilfe, die nicht in der Zeitung steht) im Gegensatz zu heuchlerischem Gutmenschentum",1
"@PolkeMajewski @o_Sprotte_o @zeitonline Ihr lügt was das Zeug hält, ihr Merkel Vasallen!!",1
"@keoma58 Ja, soweit wird es auch noch kommen !! Es ist wirklich kaum mehr zu ertragen. Was mich wirklich wundert ist, das dieses verfluchte SED-FRETTCHEN noch nicht ""weggemacht"" wurde und so einige Andere auch, wie C.Roth oder K.G.E. oder MAAS oder die MieseEhre oder HOMOBECK !",1
Heute um 10 feiert Kardinal Marx Messe in St. Martin in Landshut. Übrigens eine beeindruckende Kirche! ⛪️#LandshuterHochzeit,0
"Zum Lebzelten Taig nimbt man |LBR| 20 Maß Hönig, 2 Maß Wasser, lasts |LBR| ain guette Stundt sieden, Gewirz |LBR| darein, 8 halb Vierling Imber, |LBR| 8 mal 3 Lott Pfeffer, 8 Lott Zimet, |LBR| 8 Lott Musgatnus, 8 halbe Lott Nägl, |LBR| Änis ½ Lott, Coriander ½ Lott. |LBR| Dises Gewürz gehört in zwen Daig.",0
"@aschentonne Die mache ich zwar gern, aber es ist die leckere Wahrheit - ich liebe Pfannekuchen, habe sogar noch Eierlikör eingespritzt 😂😂😂",0
Wir sehen uns Morgen auf der Straße. #TagX,0
Mit dieser Leistung fliegt Spanien sogar aus der EU raus!,0
Politiker wirtschaften so ein reiches Land wie Deutschland mehr und mehr herunter. |LBR| Weshalb zieht man deutschfeindliche Politiker nicht zur Verantwortung???,0
"Ihr habt so einen tollen Erfolg mit der NFL, ich befürchte dass American Football in naher Zukunft im PAY-TV landen wird.Siehe SKY mit DAZN,Netflix . Wenn die Profite Erwirtschaften können ,kaufen die alle Lizenzen.Nicht jeder kann oder will zu den Basisgebühren Pay-TV bezahlen.",0
"Aber jeder, der überlegt, die AfD zu wählen, sollte wissen: Es sind Verfassungsfeinde, die da vor den Toren des Bundestages stehen.",0
@mario_edelmann @PLingl Willkommen in der Nazizeit! 1933 waren es die Juden die verfolgt wurden weil sie eine Gefahr für Hitler waren! Jetzt die AfD für Merkel!!!,1
"Seltsam: @ralf_stegner, Malu #Dreyer &amp; Genossen wollen für Sondierungsergebnisse gelobt und für ihre Kritik daran gefeiert werden. Wie nennt man so was? @spdbt @cducsubt",0
@welt Der Fettsack soll mal besser den Kopf zu machen.,1
@Martin_Sellner @FfFrauki Sich wieder in den Vordergrund zu bringen gibt’s nur 2 Möglichkeiten: |LBR| Dschungelcampbewohner oder bekennender Übergutmensch.....!,1
Amerika hat Trump gewählt da wird es uns doch wohl gelingen die AFD zu wählen.,0
"Massenmörder #LasVegasShooter tötet 58 Menschen, verletzt über 500 und er ist kein ""Terrorist"", weil er kein ""Muslim"" ist ?! #brainwashed",0
@Hartes_Geld @MartinSchulz Der merkt es nicht mehr...  Sein Europagelaber kann bei jedem ausgebeuteten Arbeiter nur zu einem führen: Kotzkrämpfe,0
"@Alice_Weidel @Alice_Weidel ....Egal wohin und was man anschaust, alle Polit-Shows sind voll mit Verlierern besetzt. |LBR| Wenn AfD nicht ihre Pöbel.-u. Provoziertaktik ablegt, werden sie es irgendwann auch werden. |LBR| Und...nicht jeder sollte ins Mikro",0
@Matthau63 @hrbruns Faire Schokolade gibt's zum Beispiel bei der @GEPAFairTrade 🍫,0
"Ägypten kommt nicht zur Ruhe. Vor Wochen noch der grösste Terroranschlag in der Geschichte des Landes auf eine Moschee zum Freitagsgebet, jetzt wieder auf eine Kirche. Meine Gedanken und Gebete sind bei den Angehörigen. Mein Herz blutet. Verflucht seien die Mörder und Verbrecher",0
Normale Beziehungen zwischen Russland und Türkei .. ja. |LBR| Aber Freundschaft nur mit Deutschland. Weg mit den Sanktionen.,0
@florianeder @sebastiankurz @JunckerEU Kann mich dunkel an erste schwarz-blaue Koalition erinnern. Wird jetzt in der EU einfach die gegenteilige Strategie verfolgt?,0
Darum macht nicht so ein Fass auf um euch zu profilieren. |LBR| #MeToo,0
@von_Steiner Dacht` ich`s mir - Cäsar ist ja auch schon `ne Weile tot 😜,0
@robinalexander_ @welt 40 Tage Regen in Jamaika? :-),0
@XYEinzelfall @welt sofort abk.......n! |LBR| Oder Spanien gibt das von Marokko beanspruchte Land zurück und Ruhe ist!,1
@badenfm @Die_Gruenen @KerstinAndreae Ich wollte schon immer ein bisschen südbadisch sein. Kommt gleich nach wendländisch :),0
@BukowskisNephew @fdp Siehe unser Tweet eben. TL,0
@KlausGunk wir sind halt im reparaturanfälligen alter 😎,0
Guten Morgen aus Berlin. |LBR| Seit nunmehr 20 Stunden Sondierungsgespräche mit der Union im Willy-Brandt-Haus. |LBR| Vergnügungssteuerpflichtig ist das eher nicht. |LBR| Es dauert...... |LBR| Schlafen wird ja gemeinhin überschätzt 😎 |LBR| Schönen Freitag ;-),0
Kommunisten sind für die Zerschlagung des Kapitalismus parallel dazu rennen sie zu McDonald's und kaufen sich die neuesten Handys,0
Wir übernemen selbstverständlich Verantwortung; Stichw. Antisemitismus Judenhass bei Muslimen - jeder Angriff ist ein Angriff auf uns alle - aber wir werden uns nicht zur Projektsfläche hergeben einer Entlastungsdebatte a´ la #AFD und #jensspahn #allesBöseKommtVomAusland,0
Endlich! Der #Bundestag stimmt für die Öffnung der #Ehe!,0
@KingBalance @LC180666 @Junge_Freiheit Gegen die Dummheit dieser Frau gibts doch bestimmt was von Ratiopharm,1
@DoraBromberger Hallo Twitter...wenn ich mich für die Opfer einsetze und verlange das diese Kreatur halbtot geprügelt werden sollte...werde ich dann wieder vorübergehend oder gar gänzlich gesperrt?,1
"@Lexie_M_ @krippmarie Die Grünen....besser kann man das Wort ""überflüssig"" nicht umschreiben.... |LBR| Ich wünschte die grüne Brühe würde im Boden versickern.",1
"@HolgerEwald1 @DrDavidBerger Der Muslim,allgemein auch als Islamist bekannt, hat noch nie etwas selbst erschaffen! Das wird er auch in Zukunft nicht. Halt Vollnieten !",1
@a_prigge @Muddie1960 @Die_Mainzerin |LBR| Ein 2-Bett Zi. für die Damen? 😉 |LBR| Oder alternativ auch Mehrbett Mädelszimmer?,0
@johnwboer @Ralf_Stegner mit welchem kandidaten und welchem programm? die hälfte davon hätten wir kriegen können. nur ein mitgliederentscheid kann die auseinanderstrebenden teile der partei jetzt zusammenführen.,0
"@Dauerquerulant Meine Katze hat gerade bewiesen, Mäuse sind ekelig, Herrchens ""Wiener"" sind leckerer 😂😂😂",0
Heute um 18 Uhr am Brandenburger Tor beginnt unsere Kundgebung gegen die Delegation der Vertreter des iranischen Regimes. Kommt vorbei!,0
"@IQ_Stimulator Sich Hintergrundwissen, anzueignen, wissenschaftlich zu arbeiten, und das anerzogene Denken zu hinterfragen wird überbewertet. #Maischberger ist ein Gewinn für das durch und durch linke System",0
"@franzchristian8 😂😂😂 Nööö, das hat wahrscheinlich Gauck für sie erledigt und wurde mit `nem ""Pöstchen"" belohnt 😂😂😂",0
@sternde Franz Josef Strauß hätte diesen Mann längst aus der Partei geschmissen,0
"@MiriamOzen Das ist natürlich richtig. Aber wer über die Köpfe seiner Bürger hinweg entscheidet, doppelt so viel Flüchtlinge /Asylanten aufzunehmen als er muss oder kann, und sich dafür noch Feiern lässt musste auch damit rechnen das einer mal ausrastet. Wer Wind säht erntet Sturm.",0
Turner Alex #Shatilov hat am Sonntag bei der EM in #Bern |LBR| am Boden Bronze geholt. Wir gratulieren! #ECBern2016 #Israel,0
"@Heinrich_Krug @petpanther0 Wir haben keine Regierung, sonder eine Politmafia die das eigenen Bewohner erpresst",0
@happyhaidrich3 Ich finde er ist einfach ein unlustiger Spasst,1
"@GermAmbTeheran Was sagte @HassanRouhani zu Drohungen gg Israel, Hunderten staatlich Ermordeten, Rechten von LGBTIQ, Konvertiten &amp; Opposition @MiRo_SPD?",0
@EuropeanBerlin @jankortemdb Hier werden glatte Lügen verbreitet!,0
"@Heinrich_Krug Von 1945-1990 war die BRD eine Treuhandverwaltung der Alliierten und niemals ein Staat, dann erfolgte die sog. Wiedervereinigung die aber juristisch nie erfolg ist da die Ehemalige DDR keinem Art.23 beitreten konnte da der schon vorher gestrichen und aufgehoben wurde.",0
Du wärst gern ein hohes Tier?? dann geh nach Afrika und werd eine Giraffe,0
Ich beobachte in letzter Zeit auffäll. Aktivitäten an d. ehemal. Grenzübergangseinrichtungen in PL. Das hat sicher nichts mit Merkel zu tun😜,0
10 Jahre Syrien Krieg von welchem Stern kommt die denn? Der Krieg ist im Großteil von Syrien schon lange zu Ende. #illner,0
"@Ricardo25701887 Ich habe einen sehr guten Follower aus Italien: Alessandro Meluzzi, er ist Psychater und Kriminalist und verteilt viel zu dem Thema.",0
@MiriamOzen Bin Stolz auf dich Miriam.,0
"Ich finde es überhaupt bewundernswert,  dass die ältere Linkenwählerin dahin ging, und unter all den 25jaehrigen, die von Weltoffenheit und Aufgabe der Nationalstaaten träumten,  die Frage stellte. |LBR| Falls sie heil nach Hause gekommen ist,  wird sie sicher  andere Partei wählen",0
"War das heute herrlich in Szczeciner Einkaufszentren &gt; keine Nafris lungerten rum, stressfreies Einkaufen, dicke Baiser-Torte, super Kaffee😜",1
"In die #Rechtskommission wurden gewählt: C.Esser, Pfr.Dr.A.Golob, Pfr. O.vanMeeren, Prof.Dr.R.Motsch, A.Stump, Dr.M.Dreixler - #aksynode16",0
"Den Terror können wir nur abschaffen, wenn wir alle Islamisten in |LBR| Sippenhaft nehmen und dorthin jagen, wo sie herkommen. |LBR| Ohne Ausnahmen.",1
@Nattl Freue mich wenn solche Abschaum von Grünen Idioten im Herbst verschwinde!,1
"Wir sind mit geschlossenem SPD Team bei Sondierungsgesprächen unter Führung von Martin Schulz gut vorangekommen und ich finde wirklich, dass auf dieser Basis Koalitionsverhandlungen lohnen. Aber wenn die nur Sondierung ratifizieren,bräuchten wir sie und Mitgliederentscheid nicht.",0
"@BILD Im Jahr des Messers!Ob Beziehungstat oder nicht , jeder getötete hatte ein Anrecht auf ein längeres Leben.",0
Die Schweinejournalisten Bande der ÖR Medien hetzen unentwegt gegen Trump u jetzt auch gegen den Österreichischen Bundeskanzler Kurz |LBR| AFD,1
@HovelsHorst Zumindest halte ich die zwei für fähiger als das was uns tatsächlich regiert....!,1
@DrDavidBerger @Rebellin70 Bald....für den Migranten-Wahn lassen die Deutschen gerne die Hüllen fallen... |LBR| Alles über Bord samt Hirn...,1
@hortarimar @Georg_Pazderski Nochmal wir sind ein SÄKULARER Verband.,0
Jetzt schließt doch die Häfen in Italien für alle Shuttleschiffe. Die |LBR| Österreicher werden ihre Grenzen verteidigen. Junge Männer zurück.,0
"@pinselpoetin @Eddie_1412 Kein Trüffelschwein, sondern das Experten-Schnüffel... 😜",0
@engingalaxy @sternde Der Papst würde auch den Arsch des Teufels küssen wenn es ihm nützt,1
"Mit linksgrünen Diktatoren, Bahnhofsklatscher und Toleranz-Fanatiker sowie dem dritten Geschlecht diskutiere ich grundsätzlich nicht. Das wäre so, als würde ich mich mit einem Einzeller unterhalten.",1
@soskinderdorf In Deutschland spart ihr an allen Ecken und Kanten. Ein Dorfleiter muss sich um 3 Einrichtungen gleichzeitig kümmern.,0
@M0ntico83 Wahrscheinlich...wenn ich alt und gebrechlich...an welchen sich Feiglinge gerne zu schaffen machen... |LBR| Aber noch bin ich nicht soweit....ist nicht der erste den ich verprügle...,1
BREAKING: Offenbar findet die nächste Sammelabschiebung nach Afghanistan noch diesen Monat statt. Der Flughafen ist noch nicht bekannt.,0
"Er ist auch stolz darauf, einmal über den Durst gesoffen zu haben |LBR| und heute trocken zu sein. Im Grunde eine Schande für die Nation.",1
"@princevince_01 @AntonBruckenput @TimFelber @Beatrix_vStorch Komm schon mit NSU du Honk, halte Schleyer,Buback usw dagegen ! Die dusselige Reker hätte doch eine Armlänge Abstand zu dem einen halten kö.",1
Das Jahr 2018 muss ein Jahr der Kooperation werden. #Jahresauftakt #DIESozialeOpposition,0
"@China_Welt_News Da wir keine NATIONALmannschaft mehr haben, interessiert dies keinen ""normalen"" Deutschen mehr!",0
@cuffedCatling @prinzwilli89 Ach einfach dabei es öfter Mal mit zu erwähnen wenn sich die Gelegenheit bietet. Insbesondere natürlich bei allen Arten von Medien. Haben wir gestern auch versucht - haben glaub ich die wenigsten verstanden. Aber wir sind ja geduldig ;-) #DritteOption,0
Bei #Logo (#Kika) geht es um Sicherheit an Schulen. Interview mit Ragdahd.  Typisch deutsche Schülerin. Typisch Kika,1
"Merkel heute in PL, ich sage lieber nichts, was d. Polnischen Medien im Vorfeld schrieben 😂😂😂 jedenfalls eine Deutsche Führerin? Ohne PL 😂😂😂",0
".@FRSHev Tweet tut uns leid. Wir nahmen an, die Informationen seien gesichert.",0
"@OttoVonBisQuark @daspunkt @AfD 👍Dennoch:es tut weh, dass wir auf gewisse Dinge nur noch sarkastisch oder voll bitterböser Ironie reagieren können.Weil man gemerkt hat:nichts kommt an, keine Warnung dringt durch,sämtliche rationale Argumente werden/wurden weggenazit.",0
@karlheppner @FfFrauki Doch dieses Jahr wird es interessant...geschieht sogar mehrsprachig...,0
@LouisMetapher @sternde 1.habe ich ihnen nicht erlaubt mich zu duzen. 2 zeigt mir diese Antwort gehen Argumente aus helfen nur noch Beleidigungen.,0
WIE WÄRE ES MAL MIT GENERALVERDACHT GEGENÜBER MUSLIMISCHISLAMISTISCHER EROBERER ??? Jeden Tag mehrere Kapitalverbrechen von JENEN!,1
@DamnHotFinn Das steht doch da drin ...,0
"@RaditzRoman es gab keine Antwort. er hat noch nachgefragt, wo der junge Mann wohnt und ihm dann ""Alles Gute"" gewünscht.",0
"@juertiss @sunny_sommer Tolle Erkenntnis, wie lange hat es gedauert das herausfinden, aber ich kann sie beruhigen Politiker lügen permanent und notorisch, um nicht zu sagen ihr komplettes Leben ist eine einzige Lüge",1
@PrivatClaudia @focusonline Welche wäre das denn? Frage nur aus reiner Neugier.,0
@sternde Der Stern wieder. Was ist mit Drogen Missbrauch bei den Grünen. Volker Beck nur ein Beispjel. Nie verurteilt heute im Bundestag,1
"Jetzt hört doch mal auf mit Lugner. Für mich ist er ein armes |LBR| Würstel, das nur in der Öffentlichkeit küsst. Sonst herrscht tote Hose.",1
"Der ist nicht die hellste Kerze. Wer behaupte, daß die Türken Deutschland aufgebaut haben den kann ich nicht für voll nehmen.",1
@waldruhe Diese Islam existiert aber nur und ausschließlich in den Taquia Reden der Talkshow-Virzeigemoslems,1
@RegSprecher Steffen dein Post hatte nicht den gewünschten Effekt...niemand ist auf deiner Seite u niemand wird es sein solange du diesen Stuss verbreitest...Ursache und Wirkung..! |LBR| Täglich erkennen wir das dieser Weg der Humanität der falsche ist...,0
"Wie dämlich muss man sein,um einen Kriegstreiber Poroschenko in München zu hofieren. Ach so,Ihr meint auch,als Politiker kann`s passieren? 😜",1
"@Heinrich_Krug Wenn man sich die Mühe macht den 2+4 Vertrag einmal zu lesen und juristische Kenntnisse hat wird man sehr schnell feststellen das hier irgendwas seht schief gelaufen ist, es sind praktisch keine Vertragsbedingungen erfüllt worden",0
"Von heute bis Donnerstag: Herbsttreffen der bayerischen Bischöfe im Kardinal Wendel Haus in München. Themen: Jugendarbeit, aktuelle Fragen von Migration, Flucht und Integration sowie der Umgang mit Populismus und Rechtsextremismus.",0
"Wenn die Hälfte der Moslime den Handschlag verweigert, hilft nur |LBR| ein Tritt in den Arsch, der sie zurückschickt nach Afrika.",1
"In allen Medien Merkels ""Flüchtlingspropaganda"", zum kot***, nichts über  unsere BILDdung, Kinderarmut usw. also ""Dreck vor d. eigenen Tür""😜",1
@DasErste Was ist mit der Frauengesundheit nach Vergewaltigung und Messerattacken. Ihr seit ein unrealistischer Sender den ich leider nicht abwählen kann!,0
"Ich bin fest davon überzeugt, Murksel hätte 1989 schießen lassen u. würde es mit diesem Klüngel auch heute tun. Überzeugt mich vom Gegenteil",1
@walli5 Vielen Dank und eine gute Zeit in Hessen.,0
@GoeringEckardt Merkel hat mehrere Grundgesetze eiskalt übergangen! Kein Flüchtling ist laut Gesetz in Deutschland asylberechtigt! Basta!!!,0
"Was für ein toller Tag gestern! Selbst die Sonne wollte mitfeiern und hat die Wolken verjagt. Danke an alle, die dabei waren! #HamburgPride",0
"Jeder kann Prophet sein, ermutigt #Marx bei Amtsübergabe Diözesanjugendpfarrer. Priester sollten anderen helfen, ihre Berufung zu finden.",0
@harpoel Tweet gemeldet! Die Entscheidung obliegt jetzt nicht mehr mir sondern Herrn Heino Maas persönlich!,0
"@keoma58 Die beiden UNDEUTSCHEN Ausländerinnen können von mir aus hinfallen, wo sie wollen! Nur nicht in unser Sozialsystem ! Kalifat DE muß verhindert werden und ich denke, es wird verhindert werden !",1
@ute_scheibelhut fröhlicher gruß aus der hauptstadt ute. hoffe das mein ice in die freie und hansestadt fährt 🚂,0
"@SilFoiera @20min Wofür? Für die internationalen Vereinbarungen dazu die es schon gibt? Dafür sind genau 0€ notwendig, denn...die gibt es schon. Oder wovon genau sprechen Sie?",0
"Sagt doch ein Pole zu mir, wir hätten ja jetzt eine neue ""V-Waffe"", M. Schulz und der könne doch Tusk als ""Chefsekretärin"" einstellen 😂😂😂",0
"Oberstes Gericht in Amerika. Trump darf Einreise für Moslems verbieten. Geht doch, warum nicht gleich so?",0
@AnnetteCreft |LBR| Ich kann nicht nix! 😉🤘,0
@map89 @RegSprecher Weil er Dinge Fotografieret hat die keiner sehen sollte ä! Wie man Merkel auslacht und verhöhnt!!!,1
"@LovingAwarenes_ Es ist besser, Flüchtlingspolitik zusammen mit Integration zu denken, als weiterhin dem Ordnungsressort zuzuordnen. Gilt für das Land auch",0
"Ich fasse es nicht, die GRÜNEN entdecken ihre ökologische ""Kernkompetenz"" 😂😂😂 MIT GLYPHOSAT UND GÜLLE??? 😂😂😂 Wer soll denen noch glauben 😂😂😂",0
@SchlimmeHelena Vor dem Erfrieren bitte schnel noch alle überschüssigen Viren im Raum einsammeln. Damit es sich lohnt :-)!,0
Heute ist der 100. Geburtstag Alexander Schmorells. Wir bitten den Fehler zu entschuldigen.,0
"@ndaktuell Woher kommt das?Durch fortschreitende Islamisierung in diesem ,unserem‘ Lande!",1
"@KaiserDesRap Ja bruder ich kenn da ne gute doku darüber die mal über Kriegsverbrechen an die deutschen berichtet da sieht man erstmal das briten, russen, amis und polen genau so viel dreck am stecken haben",1
"Lieber @MartinSchulz, liebe @spdde, fast ein Vierteljahr nach der Bundestagswahl erwarten die Menschen zu Recht, dass Ihr nicht ergebnisoffen mit #Merkel dahin verhandelt, sondern eine gerechte Politik in der neuen #Bundesregierung durchsetzt. Glück auf!",0
Flüchtlinge bekommen Häuser und Wohnungen parallel dazu sind viele Deutsche Obdachlos...,1
@Luisastella9 @FranzAndes45 @Entwirklichung Haben wir bei der Schwuchtel auch schon vermutet....,1
@Beutebadener @LeggaKnoppers @KotzenderStern @destatis Es geht nich um die herkunft sondern um den Bevölkerungsaustausch,1
"@Populistiker @guehart @Alice_Weidel &lt;ja, so sind sie , die DickeBacken-Lachnimmer Anarchos, solange andere die schon eingezahlt haben, für sie blechen müßen, so lange sondern sie DUMMEN  LINKSGRÜN versyphten SCHEIß ab !",1
@NorgePrivacy Und dann noch eine Krawatte tragen die manche Leute eventuel auf Ideen bringt ! So hohl der Freggel !!,1
Jede Partei sagt im Grunde genommen das gleiche. |LBR| Also ist doch eigentlich egal von wem dieses Land regiert wird.,0
Andreas #Hollstein @CDU Bürgermeister aus #Altena #Zivilcourage höchster Respekt!,0
@gagaberlin @artepmobil @focusonline Auch ein begünstigter Scherge des Systems,1
@tagesschau @SWRAktuell Es wird Zeit für neue Kreuzzüge!,1
@Taniya1311 @krippmarie @c_lindner So sind sie halt unsere Politschmarotzer....Lindner allerdings eine noch größere Pfeife als Westerwelle..,1
@Junge_Freiheit Es trifft nicht die falschen.....,0
@Schlawiner2017 Die meisten deutschen sind gestrickt wie im Film „Der Untertan“ sie gehen lieber unter als sich Fehler einzugestehen!,0
@wochenblickat Auf nach Deutschland...die lieben solchen Abschaum |LBR| ...und Geld gibt’s auch dafür...,1
Der DE Schweinejournalimus hat wieder Hochkonjunktur wie gehabt Hetze gegen Trump u dazu diskriminieren der größten DE Oppositionpartei AFD,1
@ZhangDanhong @welt Die Moslems töten Deutsche. Habe mich nicht eindeutig ausgedrückt.,1
@SPDFraktionRLP @Ralf_Stegner @MartinSchulz Endlich geht’s bergab....und ich freue mich so sehr... |LBR| Die Erben der SPD....😂😂,0
"@Matrixgofire Gucken Sie sich das Video an und geben Sie sich etwas Mühe, wenn Sie Einwände vorzutragen haben. Und Ihr ""Argument"" ist definitiv keines.",0
@yartago @happyhaidrich3 Du machst dich gerade zum Alman 2017,0
@ainyrockstar Ich bin auch schon so oft von vorne angefangen.,0
"@dustpills @tagesschau Auf jeden Fall noch dämlichere Antwort! -Schon bei einfacher Blutentnahme ohne richterlichen Beschluss, der zwingend vorgeschrieben ist, usw..",0
"Ich meine, Merkel &amp; Co nutzen gegenwärtig die Angst der Bürger, um erneut gewählt zu werden. Dabei spielen Tote keine Rolle &gt; SCHÄBIG 🤢💩",0
@AmadeuAntonio @JFDA_eV Das Frau Anette Kahane die Mitglied dieser Stiftung und langjährige Stasi Mitarbeiterin ist sollte man dann wegen der Ordnung aber auch erwähnen.,0
"@SteinbachErika @Renft1964 Diese Migrantenkrieg der Schmarotzergegen Deutschland, ist schon in Vorbereitung!",1
"@AliCologne @helmut_hedrich Ähhh , ich für meinen Teil kann dir versichern das du auch nicht auf dem Schirm der Atheisten und auch der Agnostiker bist. Weil, ohne ""Religion"", gäbe es auch keinen Atheismus.",0
BER-Desaster sollte die Haftung der beteiligten Architekten zur Folge haben. Riesensauerei!!! Die HOAI regelt eindeutig deren Verantwortung!,0
Kein Islamunterricht an deutschen Schulen.,1
"Bei der Preisverleihung des #bfdt der @bpb_de am Tag des #Grundgesetz: 2014 gab's 6 Brandanschläge auf Flüchtlingsunterkünfte, 2015 92!",0
"@LawTroll Hi Marcel, danke für den Hinweis. Ich reiche es an die Geschäftsstelle weiter.",0
@issn81 Was dann? Die Türken verlangen deutsche Ersatzteile!,0
"@DontPokerME @MiriamOzen Ändert nichts an der Tatsache, das hätte mein Sohn für den IS gekämpft ich ihn eigenhändig erschlagen würde.",1
@Junge_Freiheit @krk979 Einst wurde berichtet AfD Wähler sind empfänglicher für Fakenews. |LBR| Das Gegenteil ist der Fall |LBR| Die🇩🇪glauben gerne an schön verpackte Märchen,0
"@Templer_ASTO Ich für meinen Teil, vertrete die These das der wahre Gral kein trink Gefäß war und deshalb nie gefunden wurde. Maria Magdalena war der Gral",0
@333dersim @ExilMengele @Mica4711 @raz_u Multikulti ist gescheitert seht es endlich ein,0
@welt Wo ist der LKW wenn Merkel mal auf dem Weihnachtsmarkt ist.,1
"@AntaroTV So ein Quatsch und völlig typisch für ROTGRÜNSCHWARZGELBen Einheitsscheiß ! Wenn Regierung dann juristisch top, wenn Opposition dann ganz pöses Verbrechen ! K L A R !Das iss mal ne Erklärung ! Echt !",1
@SirSchnee @Margit030 Das habe ich mir gedacht!Es werden unheilbare Krankheiten und vor allem unbekannte Viren Im Buntland eingeschleppt !,1
@SM100d Ja nicht wahr..?...man muss nur die richtigen Fragen stellen....😃✌️,0
@Aufgehts100 @Ronny_Funk_Bln Rebellion gegen Faschismus ist gute Rebellion.,0
"Ob @berndulrich seine @zeitonline-These vom Mai, ""dass @MartinSchulz ein politisches Großtalent ist"", heute nochmal wiederholen würde? #nurmalso #GroKo @spdbt @cducsubt",0
Auch während des Spiels #gereng sind unsere Gedanken heute leider vor allem in #London und bei den Opfern der schrecklichen Attentate.,0
"@loriotfehlt Leute ich bin kein Verschwörungstheoretiker,  aber das Leitungswasser in Großstädten ist reinste Gift! Nicht trinken!!!",0
"@Lars9596 @BukowskisNephew Ich war bis 2016 sehr aktiv auf FB. Irgendwann unterforderte mich mich diese Destruktivität,dieses Passive, dieser Katzenbildergleichmut so sehr, dass ich 2016 alles gelöscht hab.Steinhöfels wall of shame gab mir dann den Rest....",0
"Dem Himmel sei Dank, vorerst ist die Vernichtung Deutschlands und der Genozid am DEUTSCHEN VOLK verhindert! Wer die Statements der CDU, der CSU und der Grünen mitbekommen hat, wie sie sich bei der STASI-Trulla bedanken, der weiß wie nahe wir am Untergang waren!",1
"So kann jeder kaufen. Auch Afrikaner. Auch Leute,die kein Konto haben. Und man riskiert fast nix. Man lädt die Karte mit 5€ auf oder mit",0
"Um so mehr Flüchtlinge ins Land kommen, um so mehr die jetzige Politik versagt, um so mehr Scheiße ihr redet, um so eher werden die Bürger vermehrt AFD wählen. Also macht schön weiter so. |LBR| #illner",1
"Ein Land das zu den am dichtesten besiedelten Ländern der Welt zählt und schon über 80000000 Einwohner hat, braucht keine Einwanderung !",0
"@dejancrosic Das ist der Unterschied zu den Amerikanern, da wurde neulich ein vermisstes Kind in einer Stunde 21 000 mal retweetet - in D kommt man in einem Jahr nicht auf die Summe, aber Hauptsache, das Auto vor der Tür hat keinen Kratzer!",0
"@InesHenkler @SteinbachErika 😜Frauen haben (wie auch Männer!) 3 Figuren,eine, die sie hatten,eine die sie haben u. eine,die sie gern hätten😂",0
@otto_ah Und Sie sind mit dem unterstellten Mordaufruf der Allerklügste,0
@DoraBromberger @GiKi56534206 Was für ein erbärmlicher Feigling diese Type ...alleine deswegen sollte man ihn verjagen. Aber eigentlich befindet er sich hier in einem elitären Kreis der gleichgesinnten Deutschen...!,1
.@jouwatch Ich warte auf dem Moment das diese dummdeutschen das begreifen und diese Volksverräterin zur Verantwortung zieht!!!,1
Europa ist bereits jetzt an den Islam verloren. |LBR| Außer Russland und die Insel England konnte sich noch gerade retten,1
@HartmutSchrewe Es handelt sich nicht um einen Priester der römisch-katholischen Kirche. Er gehört nicht zu uns und wir haben keine disziplinarische Gewalt.,0
"@ResDocs @Sakoelabo @P_Kirsche Es wäre aus unserer Sicht schon erwartbar, dass bei einer solchen Veranstaltung Beamte eingesetzt werden, die die ""Flagge des Kalifats"" erkennen. |LBR| Einzig die Konsequenzen scheinen uns auch dann nicht so klar: Verboten ist diese Flagge in Deutschland nicht.",0
@ManuelaSchwesig Am 24. September wird die SPD unter 20% fallen! Garantiert! |LBR| Wunderbar!!!,0
"@CSU Parteitag: lieber Horst, liebe Angela. |LBR| Geht's mit Gott ihr zwei aber geht endlich. Scholz und KGE am besten gleich mitnehmen.",0
"@Anarcho161Zecke Die ""Ehe für alle"" ist nun per Definition für Menschen gleichen und verschiedenen Geschlechts vorgesehen. Auch mit neuem Personenstand wird man also heiraten dürfen.",0
"@RegSprecher ""Bürgerpressekonferenz?"" Alles vorher ausgesuchte Merkel-Fans, mit 40er IQ!!",0
Kriege entstehen weil Nationen sich immer wieder in Angelegenheiten anderer Nationen einmischen ohne gerufen zu sein,0
"Die EU-Subventionspolitik ist auch eine Politik, die Fluchtursachen schafft. Danke, Heribert Prantl, für die klaren Worte.@SZ",0
"@sonneundmond1 Mir ist schleierhaft, was nun die israelische Politik mit unserem Gespräch zu tun hat und wie Sie darauf kommen, wir würden Gaulands Aussagen vergessen. Sehen Sie sich an, was wir veröffentlichen. Mir scheint, es kann nicht schaden.",0
TÜRKEN SIND EINFACH NUR ESELFICKER. ✝️,1
@KaiDiekmann Er war jung und brauchte das Geld.,0
@rolfbold Merkels Dumm -Deutschen kann man alles erzählen!!,1
@lawyerberlin Nicht jeder Moslem ist Islamisten. Aber 90%der hier lebenden Moslems vertritt Fundamentalische Ideologien. Sehr gefährlich und ignoriert.,1
@NoHerrman Läuft anscheinend mit der Demokratie in Europa! 😨😲,0
Der für DEUTSCHLAND gefährlichste POLITIKER ???? Definitiv H. MAAS!!!!!,1
"#Charlottesville Wieso das #Establishment &amp; sein #MSM-#Abschaum gegen #Trump hetzen? Er hat die Wahrheit gesagt: ""Gewalt von BEIDEN Seiten""",1
"@Maxe8888 Buch gibt es als pdf, Komossa war Leider des MAD",0
"@cicero_online Biermann ist ein LUMP der mit der Freiheit schon immer Geld verdienen wollte, Biermann steht für das was er im Namen hat, obergärig und als Flasche schnell abgefüllt !",1
"Donald Trump ist ein Großmaul, das die Fakten zu den verkauften Autos |LBR| in D und USA nicht kennt. Er möge sein Maul halten.",1
"Bin gerade aus Polen zurück, im Szczeciner Rathaus lacht man sich über Merkels naives Kontern (Trump) krumm u. meinte: ""dümmer geht`s nicht""",1
"@Phatentophon @OnkelJakob @maischberger @sebastiankurz wenn ich die gegenposition bei der partei „die linke“ einnehme, schlagen sie mir dann auch vor, die pressesprecherin der afd zu werden 🧐",0
In anderen Medien wird diese Tatsache verschwiegen!,0
@wmeier822 Läuft doch in Deutschland! 😨,0
"Darf man in Deutschland überhaupt noch sagen, “ich hasse den Islam?“",1
"Letzter Einsatz. Wir haben alles gegeben. Für Land &amp; Leute: Angela Merkel, unsere WahlkämpferInnen &amp; auch ich. Jetzt ist es an Euch. Danke.",0
@AfDimBundestag @Heinrich_Krug Gehört den zu einer Integration nicht auch die Bräuche des jeweiligen zu akzeptieren..? |LBR| Und wer das nicht tut welchen Sinn gibt es noch denjenigen unter uns zu wissen..? |LBR| Ich bin für Weihnachtsbäume statt Moscheen,0
@vmedick Wieso sind das drei Begründungen? Das hängt zusammen. Frohe Weihnachten! CL,0
@SM100d Mehr Unsinn geht nicht....doch sie reden und reden,0
"Gut das Deutsche Politiker in Spanien keinen Eifluß haben, dann hätten wir nämlich wieder nichts erfahren! Siehe Weihnachtsmassaker !",1
@Der_Eisenhans @focusonline Soweit mir bekannt ist das Wort Muschi ein kosenahme für eine Katze die es auch Geschlechts spezifisch gibt. Als Schwanz oder Schweif bezeichnet man das End Stück eines Pferdes oder Hund. Beides nicht Ursprung der Fortpflanzung. Ich hoffe ich konnte helfen. :-),1
"Hat jmd ein Mischpult, wo sich mehrere Mikrofone anschließen lassen?@LeftvisionClips vielleicht? Ist für unsere PK am Dienstag um 11. Danke!",0
@drumheadberlin @BILD Man will uns tatsächlich weiß machen sie seien in ihr Heimatland ausgereist....die Märchenerzähler gehn in die nächste Runde...,0
"@BonkeSpiegel Gruselig, die Seite von der KahaneSTASI. Gibt wohl keine UNDEMOKRATISCHEre Webseite! So ein Scheiß weckt Widerstand in mir! Diese Verbrecher",1
"Jeder hat damals über die DDR geschimpft, heute sind wir dabei sie wieder auferstehen zu lassen.",0
"@marcbrost Bevor #aufschrei startet: @MartinGreive und ich sind alte Kumpels. Hätte ich ihn diskriminieren wollen, hätte ich seinen Fußballclub erwähnt",0
"Wenn die Scharia in Deutschland volle Geltung hat, darf die Bahn nicht mehr streiken! Manche Gestze Allahs machen schon einen Sinn!",0
@Tjark_Limmer Solch Kommentare klingen nach erfolglosen Schwätzern. 😂😂,0
@leoknauf @johannesdal Interessant das gerade FDP Anhänger eine angebliche Existenz eines Gottes verteidigen. Existieren dann alle anderen 2700 derzeitig bekannten Götter auch?,0
"Identitär sein heißt, unsere Geschichte in ihrer Gänze annehmen, sich für die Fehler zu schämen und stolz auf ihre Erfolge zu sein - aus Fehlern zu lernen und alte Größe neu anzustreben.",0
"😂😂😂 Sagt doch gerade `ne Nachbarin zu mir: ""Wenn die Merkel das Zeitliche segnet wird es bestimmt in der ""Schöner Wohnen"" angezeigt."" 😂😂😂",1
"@lichtmesz Würde ich mir nie antun. Ich könnte schon schreien, wenn ich die Ghetto Girls in Leipzig sehe, die mit Refugees rummachen. Die anschließenden Gang rapes zeigen die nicht an, weil so verdorben von klein auf, dass sie es nicht anders kennen...",1
"Da wollen Hunderttausende Beamte werden. Wenn Sie es endlich sind, jammern Sie, dass sie - bei all ihren Privilegien - nicht streiken dürfen. Muss man das verstehen?",0
"Ich freue mich riesig, dass ich in meinem Wahlkreis (297) mit großem Vorsprung wiedergewählt wurde! Mit Mehrheit in allen Gemeinden! Danke!",0
@focusonline Ich erwarte den Rücktritt von Merkel und NEUWAHLEN.,0
"@Marcel02935041 @Riedegost Als Dolmetscher bin ich oft in PL und kann sagen, dass Merkels Kurs insgesamt mehr als belächelt wird.",0
"@purlitz @Dana_Heide Das ist nicht gerade mutig! Wenn Du Dir sicher wärst, hättest Du eine Kiste Petrus gesetzt! :-)",0
@katjakipping @dieLinke @CSU Gratuliere ebenfalls und den Linken eins aufs Maul!,1
"@BonkeKolja @Die_Gruenen Da müssen sie sich mit der Zivilklage aber beeilen! Wenn weg in die USA, dann weg! 😉",0
Der eliminatorische #Antisemitismus wird immer stärker. Aber die #Christen könnten für uns #Juden &amp; #Israel die wohl größte Hoffnung sein. Viele christliche Organisationen halten zum #Judentum &amp; zum einzigen jüdischen Staat der Welt (ohne uns missionieren zu wollen). Pray to G’d!,0
"@claudi @tagesspiegel Danke für Recherche. Ab wann wird Gerhard Schröder zuerst als das vorgestellt, was er heute ist: ein Lobbyist für Putins mächtigste Unternehmen. @lobbycontrol",0
"Auch unter Moslems gibt es Millionen unschuldiger Kinder, Frauen und Männer. Wir alle sind Menschen.",0
@maischberger Eine jede Diktatur braucht unseriösen Journalismus wie ihn Frau #Maischberger betreibt.,0
@MiriamOzen Ein Antifant das sagt alles.,1
@dunjahayali Die Thesen gehen in die Geschichte ein....genauso wie Dunja selbst wenn ihre Sendung endlich abgesetzt |LBR| 😂😂,0
@KaiserDesRap Die Polen waren schon immer so Bruder,1
@Mama_arbeitet Meine Kleine (9) hat im Sommer die Blumen in den Vorgärten der Nachbarn geplündert und diese dann mit Kulleraugenaufschlag an die selben Nachbarn verkauft. Fast 6 Euro gemacht damit. #VerkäuferindesMonats,0
"@MiriamOzen Das genau ist es was einen wahrhaften Ritter ausmacht. Themen ansprechen die sonst wahrscheinlich niemand Interessieren. Kämpfen für die, die keine Stimme haben.",0
Spannendes Projekt: unter @6Tage1967 wird in Echtzeit über den Sechstagekrieg vom 5.-10. Juni 1967 und die Geschichte Jerusalems getwittert,0
"@tagesschau Die #AfD pflegt einen deutsch-nationalen #Antisemitismus &amp; #Rassismus, der seit 1945 weiterhin in vielen Köpfen in #Deutschland brodelt. Der abartige Hang in der #LuegenAfD zu einem faschistoiden »Deutschtum« kennt mittlerweile keine Grenzen mehr. Diese Partei ist eine Schande!",1
@HolgerEwald1 @FfFrauki Alles gut...so muss es sein...und dann nichtmal eine Meldung wert..!,0
@S_Inez_Aust fröhlicher gruß aus dem plenum 😎,0
@happyhaidrich3 @Beutebadener @LeggaKnoppers @KotzenderStern @destatis Da kann man nix hinzufügen ist bei mir genau so,0
"@DJanecek Geben Sie schon zu, dass Sie einen Testballon gestartet haben – im Auftrag Merkels.",0
"Bütikofer (Grüne) bezeichnete das Verhalten Schröders als schamlos. ""Er erniedrigt sich ... zu einem bezahlten Diener der Politik Putins"" 😜",0
"@Claudia__Duval Seid doch mal ein bisschen toleranter gegenüber der kulturellen Bereicherung durch unsere Neuhinzugekommenen!  Gelebte #Vielfalt 🌈,  an die sich die Schonlängerhierlebenden schleunigst zu gewöhnen haben. Denn es werden rapide mehr😁",0
Ich werde weiter Grinden was wollt ihr machen ihr Kommunisten und Antifas,0
Das Treffen wurde kurzfristig vorverlegt - eigentlich sollte der Papst die Vertreter des Militärs am Mittwoch treffen.,0
"Polizeiministerin Mikl-Leitner, wann entschuldigen Sie sich bei den kriminalisierten Refugees u sorgen für Entschädigungen? Asyl für alle!",0
@SchlimmeHelena Die würden sogar QVC gucken,0
@OSchnederpelz @SteinbachErika Vom Hoff Kernseifenfreier ! Raffst es eh net !,1
@Beutebadener @bingowist @KotzenderStern Ihr verstrahlten linken steuert auf euren niedergang zu ich hoffe das ist dir bewusst,1
"@GarunyaK @TobiasMaassen @ReinventingEU Hm, über uns als Plattform eher nicht, aber wir kennen privat Leute. Worum gehts genau? Konditionen?",0
@patriarchator @Heinrich_Krug Alles richtig dargestellt...um das zu verstehen musst du keine Hetzer oder Rassist sein... |LBR| Unsere Wut und Ablehnung hat einen anderen Ursprung... |LBR| Die größten Hetzer und Rassisten sind Moslems gegenüber Christen...,1
"Du weißt, dass du #geistesgestört bist, wenn deine größte Sorge ist von #linke n Clowns ""#Rassist"" od. ""#islamophob"" genannt zu werden",1
"@info2099 @petpanther0 @AthinaMala @charlie_silve @ThomasGBauer @feldenfrizz @_macmike @NoHerrman @ellibisathide @Miquwarchar @MD_Franz Nach genauem hinsehen ist Degal als zweifelhaft einzustufen, deren Infos über Waffensysteme sind äußerst karg, nirgends sind DEW‘s Skalar oder EMP‘s ect. erwähnt, was auch zu dem Schluss führen kann, das es sich um gezielte Desinformation handelt.",0
Schulz ist von seiner Schulbildung her ein absolut unwürdiger Kanzlerkandidat. |LBR| 2 x sitzengeblieben und ohne Schulabschluss.,1
@SteinbachErika @krippmarie Darüber wird @dunjahayali exklusiv berichten..sie hat versprochen das sie aktuell informativ und nachfragend recherchiert und berichtet..!😃😃,0
@KaiserDesRap Ja man richtiger alman der kerl,1
@happyhaidrich3 Rainer würde ich nicht mal.für 1 Millionen fucken,1
"@Heinrich_Krug Das ist es was Entitäten wie ich den Menschen seit Monaten wenn nicht Japan zu vermitteln versuchen, seit 1090 begehen die Verantwortlichen der BRD schwersten Betrug an den Menschen in der BRD genannt Vereinigtes Wirtschaftsgebiet Art. 133 GG sagt eigentlich alles.",0
"@weissrot wenn man nicht weiß, wie das so mit position und gegenposition in interviews läuft, dann ergibt ihr tweet einen sinn.",0
@ThomasOppermann Nahles? Vom Regen in die Traufe!,0
"@Dunkeldenk @westhexe @Sortex @machtjanix23 @QueeniePi @schneeridara @krebbi @Vergangenheit17 @MXLola5 @lazarus06 @Lars9596 @HeinrichHeine12 @KokoLores20 @Kreativdesign1 @EmiliaC32 @DieBajuwaren @lawyerberlin @SBunners @twittonium @eysvog3l @gunnar_richert @loriotfehlt @nasanasal @Norbinator2403 @troll_putin @LC180666 @vespasianus69bc @xX7Nitro1Xx @tbgstephen Ich finde sämtliche Beleidigungs- und Volksverhetzungsgesetze müssen weg. Einen intelligenten Menschen kann man nicht beleidigen. Man sollte hingegen Kindern von klein auf klar machen, dass Beleidigungen nur etwas über das beschämend niedrige Niveau des Beleidigers aussagen.",0
@tagesschau Die Entscheidung war richtig. Punkt.,0
"#Maischberger |LBR| Man kann echt ne Menge Medienaufmerksamkeit mit nem Kratzer am Hals rausholen. |LBR| Dabei werden so viele Menschen Opfer schlimmster importierter Kriminalität und Gewalt! |LBR| Haben die Politiker überhaupt Schamgefühl? Oder gibt man das ab, mit dem Eintritt ins Amt? |LBR| #Altena",1
@DarkGermany @Kreuzritter1099 Es gibt eine Politische Stimme. Gefällt der Kirche und der OSMTH nicht.,0
Na was treibt ihr so Kameraden,0
@Gerechtigkeit01 Ihr lasst es doch zu,0
"@BILD Es ist bald Weihnachten,da lassen sich die Politiker bei den Bedürftigen sehen um ihr Gewissen,so welches vorhanden ist,zu erleichtern.",0
@KaiserDesRap 60 % sind geklaut von uns ich hasse dieses Bauern auch,1
"@fiedler_irene Der Geist stimmt einfach nicht. In den Kirchen herrscht linksgrüner Humanismus. Der hat sich einst dem Nationalsozialismus, und nun dem Islam unterworfen. |LBR| Der heilige Geist gibt Kraft zu widerstehen. #Bonhoeffer",1
@Bedb_Puetz Niemand hat die Türken gebraucht sondern die wurden uns von den USA nach dem Krieg aufgewzungen.,1
Die AFD stellt hoffentlich 2021 den Kanzler,0
"Deutschlands politische Eliten wollten nur ihre Posten erhalten, 🇩🇪 ist nebensächlich. |LBR| Pfui deibel, schämt euch.😨😠🤡😈",0
"@kenntnurdasBfV @StephanDerrick2 das gehört zum dienst 😉 und ich kann gleichzeitig zuhören, tippen, tee-trinken... 💃🏽",0
"@ZDFheute @ZDF Wie beim Dieselskandal, die Autobosse und Merkel betreiben Wirtschaftskriminalität und der Verbraucher soll es jetzt zahlen!",1
@viceyberg @SM100d O @dunjahayali ...was hast du dir nur dabei gedacht..?,0
@spox @BVB Der hat es noch nicht mal geschafft die Niederlande zur WM zu bringen!,0
"@HugoMuellerVogg Sie vergessen, dass wir in drei Ländern regieren... FDP-Kritik ist erlaubt und willkommen. Ihre ist nur leider oft so kurz gesprungen, dass man sie mit einer Info entkräften kann... CL",0
"@blacknarga300 @Titania0001 @Jala_varietas Nein Juristik beiseite, es reicht ihnen wenn du den Rest deines Lebens als Schuldsklave für sie arbeiten darfst und den Dreck fressen kannst den sie dir als Nahrung verkaufen",0
"@AfD_HD Das sind Analphabeten die Verstehen nur Körperliche Gewalt, Wir sind früher in Der Schule mit Dem Stock auf die Finger bestraft worden , bei Ungehorsam. Das sollte wieder eingeführt werden,dann haben es die Lehrer einfacher.",1
"Historisch ist der Islam seit 1500 im Zerfall und im Rückzug aus Europa. |LBR| Keine Wissenschaftler, Unis und Produktionen mehr in arabischen Ländern. Nur verharren im mittelalterlichen Religionsstrukturen ist geblieben",1
"@JanKalkbrenner @CDU @CSU Ein letztes Mal: Wir haben keine Botschaft ""aus dem Kontext gerissen"". Wir haben einen Tweet des Papstes zitiert. Dieser Tweet steht für sich. Ihre Unterstellung eines ""Missbrauchs"" ist daher mehr als unredlich. Verstanden?",0
@DrDavidBerger @melli_mail Sorry aber ich möchte am liebsten jedem 🇩🇪Deppen eine Watschen verteilen der sich jetzt darüber aufregt ...und trotzdem anders gewählt hat.,1
"@jeromepetrov @AfD Erstmal, indem ich Links-Grüne Leute, wie z.B. dich,die anderen Fehler in der Grammatik vorwerfen,dann aber, versifft anstatt versypht in ihrem Header stehen haben,meide wie nasse Lepra!Desweiteren sind hier auch Fehler eingebaut, damit so ein IQ-Ausreisser wie du, was zu tun hat",1
Wer kennt eigentlich ungeschönte Statistiken der Bundesregierung??? 😂😂😂,0
"Ekelhafter gehts kaum, wie sich diese CDU-Schwachmaten selbst beweihräuchern u feiern u das vor dem Hintergrund des tief gespaltenen Landes🤢",1
Klar. Aber warum fragen sie nach Schutz?Was haben sie vor ?,0
"Hab gerade N24 am laufen und glaube die Alte,also die Sprecherin, hat den TÜRKENdöner als DEUTSCHES NATIONALGERICHT bezeichnet !! Ja wo gibts denn sowas? Ich kenne keine DEUTSCHE Pommesbude die diesen Moslemtoast verkauft ! MEINE FRESSE geht hier ein Scheiß ab !",1
Gute Nachricht für die Engländer: Diesmal scheiden sie nicht durch Elfmeterschießen aus!,0
@mdrkultur MDR =Aktuelle Kamera. SED treu. Wir hätten die Mauer auf West Seite 10Meter höher bauen sollen.,1
"@Wookie_In_Crime Wir verstehen Ihren Punkt und diskutieren das schon seit längerem in unserem Verband. Nach den NSU-Morden, einer rechtspopulsitischen Partei im Bundestag, brennden Flüchtlingsunterkünften ist es wichtiger denn je, gegen jede Form von Rassismus zu protestieren.",0
"@RegSprecher @EmmanuelMacron @FijiPM @antonioguterres Es wäre für uns Deutsche interessanter ob wir mit Jamaika-Verbrechern bzw. Merkel-Komplizen, die nächsten Jahre überleben werden?",1
@SteinbachErika Ja so sind die Deutschen....zur Blödheit erzogen..! |LBR| Die wollen den Asylwahnsinn mit aller Gewalt...,1
"@Platiniumray 😜 gleich drei Herzen  für mich alten Esel 😳😳😳 kann`s nicht fassen, dass es das noch gibt 😜",0
"In der aktuellen ZEIT ist ein Abdruck meines Buches ""Mohamed. Eine Abrechnung"" erschienen!",0
"@trommler69 @hannes_moser @FrankyFKP @MiriamOzen @aranxo Meine Fresse, nörgeln bis der Wachmann kommt, ich hab auch schon darüber ""gelabert"" Atombombe vs Gaskammer! Nu kannste nörgeln",0
"@heinrichwiechm1 Sarkasmus ist die manchmal letzte Möglichkeit, sich vor diesem ganzen Asyl - und Migranten-Wahnsinn zu schützen....",1
"@Patssai @asidealex @tagesthemen Lieben Dank für den guten Kommentar- Terror sollte genau das so ziemlich einzige bleiben,was nicht als subjektive ""Normalität"" benannt werden darf. Niemals. |LBR| Ich freue mich aufrichtig,dass Sie das alles unbeschadet überstanden haben.",0
"Danke an meinen Kreisverband #Ludwigslust-#Parchim für das Vertrauen, mich mit 95,5 % als Delegierten zum #LINKEBPT zu wählen, wo im Juni wichtige Weichenstellungen anstehen!",0
"@worrius Neulich haben Sie noch Kommentare geteilt, die FDP sei nicht kompromissbereit. Geht wohl nur um die Sache bei Ihnen. 😂 CL",0
"@SilFoiera @20min Schnittstellen zum Ausland gibt es längst, da es ja bereits in anderen Ländern einen dritten Eintrag und in Deutschland seit 2013 die Möglichkeit auf keinen Eintrag gibt. Da muss also nicht mehr viel getan werden. #dritteoption #Drittesgeschlecht",0
"@blancgrisnoir Danke für deine Rückmeldung. Wie genau haben unsere Beiträge das (abgesehen vom Gegenstand, über den sie berichten und auf den wir keinen Einfluss haben) angefeuert?",0
"@CremeHerren @faz_donalphonso Wegen Pussys wie dir, gibt es in 🇩🇪keinen ernstzunehmenden Widerstand.",1
"Wann hört diese wahnsinnige LINKSGRÜNE Scheiße vonwegen ""Einladung an alle kriminellen Moslems"" der Welt auf ?? Das LINKSGRÜNE ""PACK""(frei nach S.Gabriel) quietscht sofort los wenn Leistungseinschränkung diskutiert wird ??? Was sind das für Verrückte?",1
"Ja Merkel, ""wir haben viel erreicht"" in den letzten 12 Jahren, Dtl. verraten u. auseinandergehämmert, die EU zerstört u. das Volk verarscht🤢",1
"Honecker hat noch an etwas geglaubt, eine Murksel glaubt an NICHTS und würde sich jedem andienen, wenn es persönliche Vorteile bringt!",1
@Volker_Beck @fdp Nein. Die FDP arbeitet mit AfD und Linkspartei nicht zusammen. CL,0
Die #Kurden halfen uns Allen den #IS zu besiegen und die Türken mit #Erdogan bombardieren sie... |LBR| Wer ist unser Feind?! |LBR| #lanz #Gysi,0
"@sigmargabriel Sie Gabriel und Merkel mit ihrem anti-russischen Gelaber und ihrer Massen-Islamisierung, bringen uns in Kriegsgefahr!",1
#Leitkultur ist das Gegenteil von Multikulti!,0
@Heinrich_Krug Ich mag sie auch nicht...nicht mehr....,0
@PilgramsWords @SM100d @vonzainach Was? Ich?  Da hast du was falsch verstanden. Bei Fragen zu Theologie und Islamisierung bin ich die (S)Expertin. 😘,0
"Wir trauern um Kardinal Joachim Meisner, der heute im Alter von 83 Jahren verstorben ist. Er war 25 Jahre lang Erzbischof von Köln.",0
"@ClemensDiemer @Coffee__Grind als ich vor 15 Jahren in Stuttgart herumgeisterte, sah ich dort tatsächlich derartige Kombis: Bauchfrei, pinke Stilettos Hüftjeans und Kopftuch. Und immer viel Schminke. Mittlerweile viel mehr Burkas - ich verbessere mich- Niquabs mit Abaja. Talibanisierung ...",0
@AdolfGlunz @Germanbub @Tomsch24 @Georg_Pazderski Wir übernehmen Verantwortung für diese Gesellschaft.,0
"Schulz, spar Dir Dein dummes Gelaber. Es geht nicht um Verteilung, sondern um |LBR| Rückführung, verdammt nochmal. Es sind Invasoren ohne Rechte.",1
@ClaudiaHeber Auch Jobwechsel sind nicht verboten. Aber das ist wieder ein anderes Thema.,0
"Steuerentlastung: 15 Mrd. Euro bei der Einkommenssteuer runter, Soli schnellstmöglich abschaffen. #TVDuell",0
@RT_Deutsch Köln ist dem Abstieg geweiht....und nicht nur im Fußball..!,0
"Landgericht Berlin: Kammer scheint zur Entscheidung zu tendieren, dass die Bezeichnung Gedeons (AfD) als ""#Holocaustleugner"" durch Dr. Schuster (Zentralrat d. Juden i. D.) durch Meinungsfreiheit gedeckt ist. Aktuell letzte Beratung vor Entscheidung. #noafd",0
"@IQ_Stimulator Spätestens seit 2015 oder gar früher, definitiv aber seit den letzten Wahlen halte ich sehr wenig von meinen deutschen Mitbürgern...ich bleibe dabei: Deniz Yücel hatte recht...!",0
@StephanJBauer @soskinderdorf Die investiere ich lieber in meine Kinder.,0
"@Heinrich_Krug Auf deine Frage mit dem „Amtsmissbrauch“ nun wenn wir also keinen Staat haben haben wir logischerweise auch keine Ämter die man missbrauchen könnte, alle sog. Beamten sind nur Bedienstete im Status eines Beamten aber ohne Hoheits/Staats-Befugnisse (Angestellte)",0
Kleiner Nachhilfetipp für Trump: Die Japaner verkaufen 10 x mehr Autos in Amerika |LBR| als die Deutschen. Was stimmt da in seiner Birne nicht?,1
#illner fragt wer Erdogan kontrolliert. Wer kontrolliert Merkel zB bei Flüchtlingsaufnahme,0
Heute bei Markus Lanz. Tokio Hotel Sänger Bill Kaulitz findet Merkel richtig gut. Sagt der warme Vogel der mehr Metall im Gesicht hat als ein Bulle .Der hat nur einen Nasen Ring,1
"Menschlich, kompetent, entschlossen. verantwortungsvoll: Bundeskanzlerin Angela Merkel war überzeugend und Gewinnerin im #TVDuell",0
"Tja , nu isses wohl soweit !! Landeszerstörerin A. Merkel flaniert durch Mainz mit und zu Dummys ihrer Diktaturgewinnler wie seinerzeit der BETTELDIKTATOR ERICH H. Wir werden in Zukunft noch eine Menge Spaß bekommen ! Siehe STASI BLUTKAHANE !!",1
@AnBoe65 @tagesschau Wer AfD als Nazi tituliert ist ein dummer dämlicher Verlierer der anderen Parteien...ihr seit solche Hohlköpfe ich habe nur Verachtung für euch übrig... |LBR| Und das was ihr da seht sind keine politischen Aktivitäten...das ist billig,1
"@BDK_BuVo @AndiScheuer Rate Sie mal,wer neben der Kirche sich damals solidarisch gegen d Abschaffung Buß-und Bettag ausgespr.hat? Richtig. Muslime.Schon vergessen?",0
@Sammy_aus_Cux Ich weiß halt wenn ich weiter argumentiere werde ich von dir gemeldet und darauf hab ich kein bock,0
"Wisst Ihr noch, mit IM ""Erika"" wird es keine Maut geben 😂😂😂 wir schaffen das 😂😂😂 jo, das Chaos der Blitzbirnen hat sie geschafft 😜",1
@dunjahayali Dunja macht jetzt auf Sport...mal sehen ob das funktioniert. Das mit der Politik war ja wohl nicht so ihr Ding...ist auch nicht jederfrau etwas...😃😃,1
"@Juliane_Seifert @ThomasOppermann @goetageblatt @MartinSchulz @spdde Mit Schulz kämen wir von der Pest (Merkel) zur Cholera (Schulz)! CDU uns SPD zusammen haben, unseren jetzigen Untergang zu verantworten!",1
"Wäre ich Jamaikaner, so würde ich angesichts des Wahldebakels u. MACHTgerangels in Dtl. auf Farbänderung meiner NATIONAL-Flagge bestehen😜",0
"@MonikaBergholz1 Fein, uns geht es in D immer mit dem Brot schlecht.🤢Ein Freund aus D hat Laktoseintolleranz - hier in Ungarn verträgt er alle Milchprodukte. Er wollte es analysieren lassen im Labor eines Freundes in D - der spricht seitdem nicht mehr mit ihm.",0
@JochenBittner Umgekehrt. Sie tun es in ihren Texten. Ich habe lediglich ihre Zeitung zitiert.,0
"@TW_JensMeier @Beatrix_vStorch Wenn Wahrheit klar ausgesprochen wird, kreischen die Lügendämonen",0
"@PolizeiBerlin_E @DuHugonotte Buh!Den Demonstranten mit dem Haftrichter drohen bei dieser sogenannter,Gedenkfeier ‚geht garnicht!Bisher hätte ich Respekt vor der Berliner Polizei,aber der schwindet ,Merkel‘lich.",0
Ich bin gegen Familiennachzug! |LBR| Weshalb sollen sich die Flüchtlinge erst hier zu Hause fühlen? Sobald der Krieg in ihren Ländern zu Ende ist sollen sie gefälligst wieder zurückkehren und ihr Land aufbauen. |LBR| Unsere Politiker sollten sich mal das Asylrecht durchlesen.,0
"@Geier_Melan @HuffPostDE Dieser Tweet ist ziemlich lustig, wenn man mal auf Ihr Twitter-Profil schaut.",0
1933 sind Deutsche auf den Europa #Zerstörer Hitler hereingefallen |LBR| Jetzt tun sie es wieder bei der #Zerstörerin Europas Merkel |LBR| #AfD wählen,1
@ZDFheute und was hat der Gabriel damals Versprochen ? Verlogen ist das Pack.Nie wieder SPD,1
@Chronik_ge_Re @ER_Bayern Er ist also offensichtlich kein Priester der römisch-katholischen Kirche.,0
"TRAUE KEINEM MOSLEM,denn der KORAN befiehlt die LÜGE !!! Für aufgeklärte Menschen kann es keinen muslimischen Freund geben ! Fakt !",1
"@NSU_Leaks Urheberrechtliche Gründe - schöne Ausrede, so löchrig wie ein Sieb.",0
Merkel diese Volksverräterin muss weg!!!!,1
"@AkifPirincci Ich glaub mein Schwein pfeift! Innovative Fachkraft , alle Achtung !",0
@emrich_5933 @Boelscheline Seehofer wird senil...Demenz greift schon!,1
@krippmarie Leute ihr werdet sehen und denkt an mich...die Alte erkrankt an Demenz und wird sich an nichts mehr erinnern können...!!,1
@MiriamOzen Ich würde sie weder sehen noch hören wollen....,0
@HanVollenweider @FfFrauki Eines von vielen Meldungen in dem nach Tätern gesucht und Hilfe von Bevölkerung verlangt wird. |LBR| Dabei könnten diese Probleme so einfach so rasch beendet werden..!,0
Deutschland braucht neue Politiker! |LBR| Darum AFD wählen.,0
"Martin Schulz ist nichts, kann nichts und taugt nichts.Ein totaler |LBR| Versager, schon in der Schulzeit. Und trockener Alkoholiker.",1
"@citius_fortius @NorgePrivacy Dieses Rattenpack gehört wirklich in die Löcher geprügelt, wie F.J. Strauß gesagt hat. Weg damit und gut !",1
@Lebensehen in der hauptstadt ist alles ruhig 👍,0
@Yanet_d Weil wir die Klimapolitik der Grünen genauso unrealistisch finden wie CDU und SPD. CL,0
"@PackWelcome @kadmos_junghans @patriarchator Weil ihr nie über die wirklich wichtigen Dinge diskutiert, die Systemmedien lenken euch immer schön ab und halten euch auf Linie",0
"@TerpentinSusi Renate Künast hat ihr Buch selbst verfasst, Es liest sich langweiliger als ein Telefonbuch...",1
Quereinsteiger (Geistliche im Auftrag) müssen in Zukunft Master #Altkatholisch|er Theologie an Universität #Bonn abschließen #aksynode16,0
"@InesHenkler Wissen Sie, das muss nicht sein 😜 Männer sehen sich gern als Helden und beachten nur ungern den eigenen ""Zahn der Zeit"" 😜",0
Wir wünschen euch allen einen erfolgreichen #TagX und guten Widerstand gegen #schwarzblau!,0
"In den Medien lese und höre ich nur noch von alleingelassenen Koffer,Rucksäcke und Pakete auf öffentlichen Plätzen und Weihnachtsmärkten,die wieder einen Einsatz von Spengstoffspeziallisten erforderlich machen .Das ist Merkel-Weihnachten.",0
"Merkel hat einen neuen ""16-Punkte-Plan"" 😂😂😂 Für einen Fakt der nur zweier Punkte u. Konsequenz bedarf. Ich lasse mich nicht mehr verarschen😜",1
"@volksfahrraeder Ich teile und kritisiere in diesem Kommentar die #Neonazis; ein Unterschied. Wenn man die einfach unkommentiert ihren Mist in den Äther pusten lässt, finde ich das schlimmer!",0
"Papa, hast`nen dummen Sohn, schicke ihn schnell zur Bau-Union, bist du noch viel schlimmer dran, die Bundesregierung nimmt ihn immer an 😜",0
@aufklaerer2017 Das ist Augenwischerei....kriminelle klauende grabschende drogenvertickende-Mörder Vergewaltiger Terroristen |LBR| Wir beherbergen soviel von diesem Mist...! |LBR| Das sind unsere Probleme unser Ärgernis,1
"@FrlUrban Schauen wir mal, vielleicht kann sich die Gewinnerin in dem Fall ja etwas anderes aus dem besagten Shop aussuchen. :-)",0
Trump |LBR| #Dekrete für Amerikaner = o.k. |LBR| #Dekrete die andere Staaten adressieren oder bedrohen sind nicht akzeptabel |LBR| zB Iran,0
"@IngoFunke Sie können es und sie tun es...sehr zum Leidwesen deutscher Politiker, die zurecht als unfähige Wichtigtuer und Versager gelten...! |LBR| Respekt Österreich....!!",0
@xX7Nitro1Xx Was zum H..... soll das sein!! Krank,0
@HolgerEwald1 @Grals_Hueter Keine Spenden mehr für das Rote Kreuz.,0
"Lieber Michael @kretsc, herzlichen Glückwunsch zur Wahl! Ich bin sicher: Du wirst ein großer MP für Sachsen und ganz Deutschland!",0
@LucaBrunsch @c_lindner @peter_simone Wie ist das denn?: Wird dann europaweit weniger CO2 produziert oder nur anderswo? Oder sogar mehr?,0
"@StefanScharf_DD Quatsch - das ist eine Verdrehung meiner Position. Ich rate zu differenzierten Lösungen. Es gibt gemeinsame Regeln und Werte in der EU, aber eben auch Raum für Selbstbestimmung. Deutschland sollte nicht zu überheblich sein. CL",0
@focusonline Die alte hat das Kohl Syndrom. Merkt erst das sie keiner mehr will wenn sie wie Helmut mit Eier beworfen wird.,0
"@SirSchnee Aber Du weißt auch,dass Du mittlerweile im Land der Rechtsbeugung lebst... Recht und Gesetz nach Herzenslust und Stimmung um-und abzuwandeln,auszutauschen,gar nicht erst anwenden.",1
"@Schriesheim_DE Ach du liebe Zeit es gibt mal was von der ,Stadt‘Schriesheim auf Twitter zu lesen .Euer Twitteraccount ist seit Monaten eingeschlafen,oder musstet ihr erst eine Genehmigung vom Regierungspräsidium bzw. Landratsamt einholen wie in vielen Dingen,weil keiner Eier in der Hose hat.",1
@_lennartvoss @fgabrielEU @afd_thl Was ist dir denn lieber ?? Burkha mit günem Punkt !! Oder ein verschwulter Braunhäutiger mit Federboa !! Herrgott hau die linken weg ! bitte,1
Wer die Grünen wählt ist entweder dumm oder ein Hurensohn,1
@Clavelina18 @artepmobil @TichysEinblick Was nützen uns unsere Gesetze denn noch? Ich les das und tendiere wieder schwer zur Schnappatmung.,0
Schwarz-schwarze Sondierung dauert nach 7 Stunden weiter an. Teilnehmer haben gerade alle Abendtermine abgesagt. @CDU @CSU #Jamaika,0
@prussian_pride Er ist nur noch ein Mettwoch vom Herzkasper entfernt,1
"Guckt euch unbedingt die YouTube-Kanäle von "" Die Vulgäre Analyse "" und von "" Quasir-Alternative Fakten "" an ! DAS SIND FAKTEN und deswegen bin ich der Meinung das diese Regierung am Ende mit GEWALT entsorgt wird!Ich glaube nicht daran das die DDR-NULLPE einen ""Ruhestand""bekommt!",0
@darksideoftheeg Das darf man bei den Grünen Kinderfi....n nicht so eng sehen! 😎,1
"Arzt attestiert erhöhten Ernährungsbedarf wegen chronischer Krankheit. JC Neubrandenburg lehnt ab,4,70€/Tag reichen für ausgewog. Ernährung😜",0
Schmierfinken wie Maischberger passen sehr gut zu Deutschland etablierten Parteien. Irgendwie glaube ich dass die etablierten Parteien in den 70er Jahren stehen geblieben sind. Unfähig dieses Land zu regieren. Ich liebe mein Land und wähle AFD! und du? |LBR| #maischberger,1
"@BILD Wir können keinen Flughafen ,Bahnhof in Stuttgart,aber ,Intellektuelle Asylanten‘einreisen lassen die uns zeigen wie man Ziegen melkt und Esel treibt!",1
@salzmanufaktur @Renft1964 Jetzt bekommt Merkel noch Grüne Untergangs-Beschleuniger dabei!,0
"Papst Franziskus hat General Min Aung Hlaing &amp; weitere Vertreter des burmesischen Militärs getroffen. Höflichkeitsbesuch dauerte 15 Min., Geschenke wurden ausgetauscht - Franziskus schenkte eine Medaille seines Besuchs, erhielt eine Harfe &amp; verzierte Reissschüssel #PopeinMyanmar",0
@SteinbachErika @Hexlepia Wenn sich bestimmte philosoph. Einsichten wenigstens über Zeiten (von Kultur spreche ich nicht) erhalten hätten 😜,0
"Darf man eigentlich noch sagen, Deutschland den deutschen Ausländer raus? Oder wird das mittlerweile schon unter Strafe gestellt?",1
"Tragt in die Welt nun ein Licht, |LBR| sagt allen: Fürchtet euch nicht! |LBR| Gott hat euch lieb, Groß und Klein |LBR| Seht auf des Lichtes Schein.",0
@AdrianLorenz3 Sahra und ich führen die Fraktion gemeinsam.,0
@DrDavidBerger Ich hoffe die Betreuungsfamilie bürgt für alles!Ob die dann noch Gutmenschen sind?,0
"@mueller_andi @Volker_Beck Würde den OB von Bielefeld, Pit Clausen (SPD) nicht unbedingt als ""Rechtspopulisten"" bezeichnen",0
"Logik |LBR| Wenn der Brexit für #EU so schlecht ist, dann hat England wohl zu viel gezahlt was der #EU jetzt fehlt. |LBR| Also gut für England!?",0
"@AkifPirincci Japp, komme auch nicht dahinter, warum um diesen Laberarsch so ein Hype gemacht wird ! Ich als FREIER KÖTER freue mich ""tierisch"", das er bei seinem Türkenvater einen eigenen Zwinger bekommen hat !!!",1
"Israelischer Diplomat/Historiker sieht Schieflage bei Antisemitismus-Debatte: Hierzuande wird bisweilen mit Kritik am Antisemitismus unter Muslimen der Anschluss an das Lager der der Afd gesucht. ""Nicht weil sie gegen Antisemitismus, sondern gegen Muslime sind."" via @FAZ_Politik",0
@robinalexander_ Mir schmeckte es mit jeder Portion besser!!!!,0
@Maekel123 Jetzt bin ich aber mal gespannt: in welcher Partei sollte ich denn sein?,0
@GoeringEckardt Vor allen Dingen Diäten radikal kürzen!!!,0
"@schieritz @MartinGreive Es wurden Parteien gewählt, die Steuersenkungen versprachen. Jetzt sprechen sie darüber, sie umzusetzen. Ich kann keinen Skandal erkennen.",0
"Wir gedenken des Märtyrers Ildefons Flötzinger OSB, Schreinermeister, der 1952 im Konzentrationslager Oksadok in Nordkorea den Tod fand.",0
"@HausiPanam @morgenmagazin @L_vonMontfort gut. beim nächsten mal halten wir politikern (auch denen, die sie nicht mögen) das mikro hin und sagen: „und bitte.“ bin mal gespannt, was dann kommt...",0
"@DoraBromberger Die Polizei wollte /durfte gegen ""brennende,israelische Fahnen"" vorgehen. |LBR| Von "" Todesaufrufe,Hassparolen,Morddrohungen der muslimischen Goldstücke unterbinden"" etc stand da nichts. |LBR| #Chanukka #Washingtonplatz #Berlin",1
@Rebellin70 Wenn man genügend bezahle pietätlose Antifa Idioten findet,1
"@karina_zuerich Dennoch- und egal wo, einen tollen, sicheren! und fröhlichen Rutsch.Möge Gott uns alle beschützen.",0
@anna_IIna Jetzt braucht ihr euch auch nicht mehr aufregen....die Deutschen haben abgestimmt und sie haben sich für weniger „deutschsein“ entschieden...!,0
"@mittelfinger Die Kinder der ""Flüchtlinge"" sollen doch eigentlich deutsch lernen?! Naja - Pläne für Arabisch als erste Fremdsprache in Deutschland sind garantiert schon in Sack und Tüten.",0
@Janine_Wissler @dieLinke Ihr Mauermörder wisst überhaupt nicht was Demokratie bedeutet 🖕,1
@jorg_radek dir auch ein erfreuliches wochenende 🎉,0
@focusonline Warum nur müssen sich Schwule und Lesben immer so profilieren?,1
"Republik 18, #Progrom 38, #Mauerfall 89 - der #9November lehrt, dass Demokratie immer neu gewonnen werden muss. CL #neverforget",0
"@DanielSeuffert Betrachtet man die städtebauliche Raumordnung, machen beide einen Sinn. Ich sehe den Unsinn in den ""politisch Verantwortl.""",0
"@InesHenkler @brosel_werner Siehste, wusst ich`s doch, auch bei Frauen ist oft der Wunsch Vater des Gedanken 😂😂😂",0
@focusonline Hätte mal lieber was ordentliches gegessen zb Schnitzel :-),0
"Gestern waren wir den ganzen Tag im Konrad-Adenauer-Haus, der CDU-Parteizentrale, heute sind wir in der bayerischen Landesvertretung bei der CSU zu Gast.",0
"Ruete von @EU_Commission spricht bei Geflüchteten von ""Massenansturm""&amp;will Rückführungspolitik tougher machen. #visioneurope @BertelsmannSt",0
@dieLinke @katjakipping @CDU @CSU @fdp @Die_Gruenen Ich finde die Kipping gut....mit ihr bleibt die Linke da wo sie ist und auch hingehört..!,0
@Muhammedkani @tagesschau Keine Kurde kann IS und Türken Barbarei verteidigen.,1
@Junge_Freiheit @krippmarie Und wer beliefert uns dann mit dem überteuerten Strom?,0
@MiriamOzen Was vorbei ist muss einfach vorbei sein bleiben...!,0
"@Steinhoefel Ähhh, Rigaer Strasse?Oder auch Kriminalitätsbelasteter Ort ?Oder auch Ort mit Häufung politisch motivierter Straftaten (von ausschließlich LINKS)?Oder ""ERLEBNISBEREICH MOSLEMISCHER LEBENSFREUDE frei nach MAZYEK!?Oder Platz der sexuellen HOFFNUNG von Katrin Dagmar Göring-Eckardt",1
"@niggi @WolframWagner wunderbar auch, dass man immer einen ganz unterschiedlichen Frauentyp gewählt hat.",0
"Fuad #Afane ruft zur Stunde am #brandenburgertor aktiv und deutlich zur Gewalt und #Intifada auf. ""Märtyrer"" werden mit #AllahuAkbar gefeiert. |LBR| @PolizeiBerlin_E wird kurz unruhig, mehr passiert nicht. |LBR| #Jerusalem",0
"@beibootpetri03 Verbrennen vllt besser, aber der theologische Gedanke, der dem Kirchenrecht zugrunde liegt ist evtl im 'Verfüttern' auch erfüllt?",0
Zum zweiten Mal in dieser Woche: @dpd_de-Bote wirft Paket über den Zaun in den Matsch. Spart sich das Läuten. Servicewüste Deutschland.,0
@FelixLeidecker @DuHugonotte Alle Filme vor 45 sind Nazifilme?Dafür wird uns dieser scheiss AFD Tatort Verschnitt vorgesetzt!Wir sind im Gehirnwäsche -Zeitalter.,1
@cem_oezdemir Das ist so ein Bullshit...nichts ist schlimmer zu ertragen als die Grünen |LBR| Wie kann man nur von so vielen Dingen so wenig Ahnung haben...,1
zweite Halbzeit ist deutsche Zeit!,0
Rekord beim Personalstand und beste Ausrüstung für unsere Polizei in Bayern. #TVDuell,0
@andreasleu1 @webfailDE Gemischt und nachgewürzt sicher lecker 😜 anschließend `nen Kräuter und die Welt ist okay 😂😂😂,0
Heute wurde im Dom von #Uppsala die #Kirchengemeinschaft zw. #Evangelisch|er Kirche von #Schweden &amp; #Altkatholisch|er #Kirche unterzeichnet,0
"@CassiopeiaComp Die,die schon länger hier leben,kennen das,gell...Ich zahl meiner Tochter mittlerweile Unmengen an Taxigeld, weil ich nicht verantworten kann,dass sie hier ab gewissen Uhrzeiten noch die Bahn benutzt.",0
"@Piratenlily Keine Sorge, dich lese ich gerne, aber vor allem die Antworten auf deine Tweets von anderen Piraten.",0
"Um es mal deutlich zu sagen, MERKEL IST FÜR MICH DEFINITIV EIN IS-UNTERSTÜTZER UND FEIND DES DEUTSCHEN VOLKES !!!!",1
"@jan_raudszus Sind wir! Übrigens wenn, dann sind beide!! gefordert.",0
"Glaube das Merkel diese ""linke Sauerei"" ganz recht kommt, um von ihrer deutschfeindlichen Schleuser-Politik abzulenken!",1
@maybritillner @ZDF Wenn ich den Altmaier sehe kommt mir die Wurst.,1
Wie der CSU Chef es soeben richtig gesagt hat. Der Dank an den Kanzler /in. Ist der Schluss Punkt.,0
"@emineElShabazz Hi Emine, könntest du uns schreiben bzgl. eines Workshops für unsere Lokalgruppen? mareike@fluechtlinge-willkommen.de Danke!",0
"Gerade auf N-TV ""Die neuen Waffen des Terrors"" mitbekommen ! WAS FÜR EIN SCHEIß!! RAUS MIT MOSLEMS, dann KEIN Terror! ☠️😡☠️",1
@ultrabreit Da hofft man auf gerechtes Karma...,0
"@Betrifft @pasquillo7777 Yep. Ist das christliche Kreuz: ""Plus""-Zeichen der Liebe Gottes (siehe Artikel). Was die Kreuz-Schmerzen angeht: Lukas 9:23 🙏",0
@Janine_Wissler @dieLinke Beschämender Auftritt eines populistischen Berufspolitiker der seine Chance sieht in der Hierarchie seiner Partei aufzusteigen.Pfui Teufel kann ich da nur sagen.!!!!!!!!!!!!!!!!!!,0
"@lawyerberlin ihre letzte antwort hab ich nicht gesehen. wenn sie die eu-außengrenze meinen, fein. es ging bei der quoten-frage aber um die in italien und griechenland. und jetzt gutes we.",0
Mit Entsetzen sehen wir die Nachrichten aus #Barcelona. 🇮🇱ist in dieser schweren Stunde mit den Menschen in 🇪🇸. Terror wird niemals siegen.,0
@HeikoMaas Herr Maas haben sie noch die Realität im Blick?? 😂🙈,0
@WWF_Deutschland Eigene Energievorkommen sind Gold wert,0
Hab das ungute Gefühl das ich heute wieder gesperrt werde,0
@Babsi58089 @SusanneSusi71 @twitthasi @tarogermany1 @nachtsonn3 Ich wünsche allseits ein schönes Wochenende! 👍 😉,0
@JanFurchtenicht @MirkoRieder Oder wir haben ab September `ne Menge Müllsäcke 😜,0
"@ralfheimann @FfFrauki @niggi @BILD Vorsicht vor dem Bilderberger, macht nicht schon wieder den Bock zum Gärtner, nur weil er euch gerade nach dem Mund redet, |LBR| Spahn ist Bilderberger und Rothschild Marionette",1
@happyhaidrich3 @Beutebadener Beim rest wirst du ja sofort geblockt,0
"Mittlerweile haben unsere Medien das Niveau des ""ND"" und TV vor 1989 in d. DDR. Kein Wunder bei der Lehrmeisterin, als ehem. AgitProperin 😜",1
"Endlich hat Kurz einen Verbündeten aus Frankreich, der auch die |LBR| ungesetzliche Einwanderung von jungen Afrikanern unterbinden will.",0
@ShakRiet @correctiv_org Das wurde in der DDR und BRD getan &gt; BIS HEUTE!,0
"@qnbechtel @hdBerretz @faznet Warum auch, denn dann müsste man konsequent auch alle Politiker der Kartellparteien ausschießen die sich rassistisch gegen Deutsche geäußert haben oder es in Zukunft tun.",0
@TichysEinblick @IsidorMeyer1 Ist sie noch in der BRD (BRiD) oder schon auf der Flucht???,0
@hdBerretz Die ganze Bande muss weg!,1
Dieser #G20 Gipfel ist eine #Perversion bei der den Armen vorgeführt wird wer reich und mächtig ist. |LBR| Die #Polizei wird mißbraucht,0
@tankred45 @AlexM7117 @AfDimBundestag Hatte Yücel am Ende doch recht..?...ich bleibe bei meiner Aussage: 80% der deutsche sind verblödete Schwachsinnige.. |LBR| Ihnen ist 🇩🇪egal...!!,1
"@blacknarga300 @Titania0001 @Jala_varietas Du kannst es akzeptieren oder weiter träumen, es steht dir frei, besser du wachst schnell auf oder es ist nichts mehr da was sich zum aufwachen lohnt",0
@tsghessen Das ist eigentlich kein Widerspruch! :-),0
Schreckliche Nachrichten aus #Manchester. Unsere Gedanken sind bei den Opfern und Verletzten.,0
@dirkspaniel Es heißt auch stilles Gedenken!Typisch Staatsfunk!,1
"@VonErlenbach Meine politischen Vorlieben kennt sie von sehr netten, aber geschwätzigen Nachbarn, die #Linke wählen. Seit dem hat sich die Situation  merklich verschärft...",0
@FlorianGathmann Wenigstens hat er uns Pool-Fotos erspart. Das ist doch auch was wert.,0
"Und der FETTE Gabriel verkauft Waffen an die Urheber der ganzen Scheiße, nämlich die Saudies. Möchte mal wissen was er von Lobby bekam !!",1
@lichtmesz @KrahMax Ja nicht alle radikal aber insgeheim bejubeln sie die Anschläge und helfen einander...sonst wären sie keine Moslems.. |LBR| Ja Einzelfälle gibt’s,1
Was hält an Land und eine Gesellschaft zusammen? |LBR| Genderwahn? Multikulti? |LBR| Oder Patriotismus und die eigene Kultur?,1
@F_von_Steiner @lawyerberlin Der Islam ist und war nie eine Religion. Eine Fundamentalische Ideologie schon eher. Rassistisch obendrein.,1
"@berndfachinsson @Amygdala712 Nee. Aber ich arbeite am Erwachen des Volkes. In der Unterschicht brodelt heilige Wut. Denn es ist ungerecht, was hier im Lande geschieht.",0
"@Norbinator2403 Ein echter Mann und echte Kinder? Gott behüte.  Die machen Schmutz und Geräusche.  Und das rund um die Uhr. Das würde diese Zicke keine zwei Minuten durchhalten. Nicht in ihren heiligen vier Wänden,  wo alles seine deutsche Ordnung hat.",1
@focusonline Dann aber auch die Beteiligung der Unterbringungs Kosten für Asylanten Flüchtlinge. Diese Kosten werden zu 100% vom Steuerzahler übernommen. Gleichstellungs Gesetzt.,0
@michael_seyfert Ich habe mich missverständlich ausgedrückt.  Die Dame will mich hier rausklagen. Sie schreibt wöchentlich mindestens eine Beschwerde an den Vermieter,0
@lawyerberlin @info2099 Der größte Lump im ganzen Land ist und bleibt der Denunziant. |LBR| Die Menschen werden sich freuen diese zur Verantwortung zu ziehen wenn die BRD Geschichte ist und unser Volk wieder Frei ist,0
"@JanuszCzarniec1 Sehr raffinierter Tipp. Die Frage ist nur: welche Zeit soll ich den ""Fachkräften"" angeben? Von Arbeitgebern aus dem Bekanntenkreis erfuhr ich, dass Zeit in der arabischen Kultur etwas sehr Relatives ist: z. B.8:30 Uhr - ca. 14 Uhr |LBR| 10:00 Uhr - irgendwann ab Einbruch der Dunkelheit",1
"@maybritillner Was hat diese Partei an, sie haben keinen Regierungs Auftrag nicht verstanden. Hier wird sich einfach über das Votum der Wählerschaft hinweg gesetzt. Herr Schulz. Nächster Wahltag ist Zahltag.",0
"@ThomasOppermann Wäre für euren türkischen, deutschfeindlichen Kollegen, auch angebracht!",1
"Eine EU der zwei Geschwindigkeiten ist der nachhaltige Beweis für das Scheitern des Experimentes der ""Vereinigten Staaten von Europa"" 😂😂😂",0
@enythen Natürlich will ich auch keine falschen Emotionen wecken!,0
"Merkel gestern in Stralsund, gut ist eh nicht Mecklenburg, sondern Süd-Schweden😜 und schon wetterte ihr Schoßhund Caffier gegen die SPD 😂😂😂",0
"@Christo75554365 Doch das hat mit dem religiösen Weltbild zu tun, nachdem der Körper einer Frau per se etwas Sündiges ist. Aber für jeden vernünftig denkenden Zeitgenossen ist klar: der Körper ist neutral. Nur Gedanken können schmutzig sein.",0
"In den USA entwickelt sich ein Megaskandal der Watergate in den Schatten stellt, die Schlinge um Obama und Hillary wird immer enger, es drohen Anklagen wegen Hochverrat was in den USA mit Todesstrafe geahndet wird‼️",0
"@SM100d An der Gewalt,an mangelnder Bildung und am Hyperpigmentierten an ihrer Seite kann man die linken Blagen meistens erkennen !Achja, die hetzerische Rethorik ist auch auffallend !☠️🤬☠️",1
@Alice_Weidel Solche Leute gehören einfach ins Arbeitslager um anfallende Kosten zu erstatten und anschließend abgeschoben.,1
"@Papier451 Der Bart wird weiß, das Leben Bitter. Doch Gott sei dank ein neuer Ritter.!!!",0
"@Heinrich_Krug @ReggyVV Der abgetakelte Legastheniker tut alles für ein paar Dollar mehr, selbst sein Volk verraten, wobei ich nicht sicher bin ob es jemals seins war.",1
"@Virulensina @KokoLores20 @Nis1010101 Wer das Wort ""Nein"" deutlich aussprechen kann, lässt sich nicht belästigen.  Nichts sagen und hintenrum denunzieren ist das Allerletzte.",0
Die selbsternannten Promis von ARD/ZDF feiern sich mal wieder auf unsere Kosten im Fernsehen |LBR| Dank Zwangsgebühren. |LBR| Man kann es nicht anschauen diese Volksverarschung auf unsere Kosten. |LBR| Allen Gleichgesinnten ein gutes neues Jahr!,1
@prussian_pride Egal dann halt Syrer und keine Nafris,1
"Könnten wir, die #Patrioten nicht einfach alle in die ehemalige #DDR gehen die #Mauer wieder hochziehen und einen neuen #Staat gründen?",0
Original-Antrag 30 wird angenommen: §83 wird gestrichen und zu den Standespflichten für alle Geistlichen hinzugefügt werden - #aksynode16,0
@MiesmuschelHRO @kacktus2010 |LBR| Die Merkel hat Charakter. |LBR| Leider ist der scheisse! 😜👍,1
"@RalfMueller12 Ich hoffe, Du kommst oh. Handy aus, kannst ein Schwein korrekt schlachten u. ein Feld oh. Gift u. Gülle bestellen ÜBERLEBEN 😜",0
"Meine lieben Piepser,ich wünsche Euch heute eine ""Gute Nacht"" (Murksel dürfte heute eine schlaflose Nacht haben 😂😂😂)",1
"Wir trauern um die Opfer des Terroranschlags in #Jerusalem: Yael Yekutiel (20), Shir Hajaj (22), Erez Orbach (20), Shira Tzur (20).",0
"Wenn #Seehofer sich unter Verweis auf seine eigene Herkunft aus einer Arbeiterfamilie für die kleinen Leute einsetzt, ist er glaubwürdiger als mancher @spdde-Funktionär. #CSUPT17",0
@mdrkultur Ich als nicht AFD Wähler kann nur sagen. Diese Leute die diesen Müll dort hin gestellt haben sind Kinder von alt 68er. Davon hat der MDR aber keine Ahnung. Da ist der MDR noch mit der Rassel hinter der Mauer gelaufen. Wir haben solche Leute zurück gefickt und abgetrieben.,1
"Juhu, das morgige Wetter passt zum Tag &gt; SCHEIßWETTER 😂😂😂",1
Noch nie Powertweet mit über 100 faves gedroppt,0
@MonikaBergholz1 Und kochen mit saisonalen Produkten vom Markt.. Erdbeeren im Winter sind garantiert behandelt. Wenig Fleisch. Nüsse.,0
@APatzwahl Diese Affen schauen alle gleich aus...für mich ist da nichts Menschliches,1
"@DuHugonotte Wer mit extrem liberalen Asylantenpolitk auffällt braucht sich nicht zu wundern. |LBR| Wer sich in Gefahr begibt,kommt darin um. |LBR| Altes deutsches Sprichwort.!!!!!!!!!",0
@wiederDaIchBin 😂😂😂 ja - aber alles schwerhörige Rentner,0
"@Tourbo4 Nee. Mein Internet ging nicht, und dies waren die einzigen noch ungelesen Bücher. |LBR| Bin lesesuechtig. Schon mit 12 hatte ich die gesamte Kinderbücherei durch,  mit 18 die Erwachsenenliteratur. Ich lese schnell wie dieser Roboter von Raumschiff Enterprise😉😎",0
Wenn 20000 Polizisten keine 1000 Vermummte unschädlich machen können |LBR| Ist es entweder Absicht oder Unvermögen |LBR| Vermutlich politisch gewollt,1
"Auf zdf info die übliche Trump-Hetze, fehlt heute nur noch die Hetze gegen die DDR u. Russland &gt; Dr. Goebbels lässt wieder grüßen 😜",1
"Übrigens, wer über die Krim spricht, sollte deren Geschichte kennen UND niemals wird sich RU die ""Schwarzmeer-Flotte"" nehmen lassen &gt; FAKT 😜",0
@Sepiroth1986 Polaken lümmel schreien White Power,1
@JusoJoest @SimonBrueckSPD @NilsBeyer_ @seeheimer @spdde @jusos bist du wirklich gegen einen mitgliederentscheid?,0
@artepmobil Brauchst Du noch ein bisschen Schnee??? Ich gebe gern ab 😈,0
Beunruhigende Bilder aus #NRW. Passt auf Euch auf. CL #Orkan #Friederike #Sturm,0
"Die Sondierungsergebnisse der #GroKo werden überwiegend kommentiert, als wäre das schon der Koalitionsvertrag. #nurmalso @cducsubt @spdbt @FDP",0
"@Ismailtipi Viel Gefährlicher sind die Fundamentalisten, die auch in Wiesbaden wohnen.",0
Die Anträge sind durch ... #aksynode16 #aksynode,0
Merkels MasterPlan |LBR| Deutsche zur Minderheit im eig. Land machen |LBR| Wers begreift wird zum Nazi erklärt. |LBR| Bundeswehr säubern+Gegenwehr ausschalten,1
"@NSU_Leaks Ja - so ist es. D ist in Sachen Informationsverbot auf Nordkorea-Niveau. D ist das Nordkorea Europas in Sachen Information und Sperrungen. Bin ich froh, da nicht leben zu müssen!",0
"Politisches Absurdistan in den Medien: SPD diskutiert leidenschaftlich. |LBR| „Ratschläge“ an uns kommen von Jamaikabruchpiloten CSU, CDU Wirtschaftsrat,FDP (ausgerechnet!),die bei Flüchtlingspolitik rechts überholt hat und „faule Kompromisse“ kritisiert, oder den flexiblen Grünen. 🤔",0
@BlondJedi Wenn deutsche Politiker das eigene Land verhöhnen.... |LBR| Und immer noch niemand aufbegehrt...!,0
#KardinalMarx #3.Oktober: Die #Demokratie läuft nicht von selbst. Offenes Gemeinwesen braucht #Engagement,0
@Beatrix_vStorch @krippmarie Seehofer ist eine bayrische Oberpfeife....er hatte nur kurz seine Momente wurde aber schleunigst zurechtgestutzt...😃 |LBR| Als Beweis dafür trägt er sein Haar jetzt auch kürzer ....😃,1
@happyhaidrich3 @yartago Weil er ein hurensohn ist,1
"Da begann Petrus zu reden und sagte: Wahrhaftig, jetzt begreife ich, dass Gott nicht auf die Person sieht, sondern dass ihm in jedem Volk willkommen ist, wer ihn fürchtet und tut, was recht ist. |LBR| Aus der 2. heutigen Lesung, Apostelgeschichte |LBR| #TaufedesHerrn",0
Auf dem Weg zum Neujahrsempfang der SPD in Bremen.,0
@Koeln_real @DFakeNews Alles Halal ist teurer! 😂😂😂😂😛😛,0
"Wenn ich täglich diesen geistigen Dünnschiss ü. Abschiebung ja, nein, höre, wird mir über so viel Inkompetenz kotzübel. 🤢",1
@ismail_kupeli #Assad ist noch viel harmloser als #Türken 😳 das ist die bittere Wahrheit!!!,1
"@paradoxxiss Ja das Volk muss handel, aber wer soll es führen, der Deutsche Michel macht nichts ohne Genehmigung, eigenständiges Denken Fehlanzeige, lies das Buch von Karl Friedrich von Weizäcker aus den 80ern",0
"@KokoLores20 @Boelscheline Alles aufgelistet...sogar minutiös und trotzdem keine feste Handhabe gegen diese geile Kreatur..? |LBR| So hat Amri auch angefangen, das Drecksstück aus Freiburg auch....usw. usw......",1
@Libelle2000R Und Merkels Muschpoke leistete Beihilfe zum Mord &gt; das sind ihre Werte 😜,1
"Wundere mich, dass Unterschied zwischen Sondierungsgesprächen und Koalitionsverhandlungen nicht klar ist -muss am Jamaika-Theater liegen. |LBR| Sondierung hat geklärt,ob es lohnt weiterzuverhandeln. |LBR| Ich bin dafür. Das beantwortet SPD Bundesparteitag. |LBR| Dann erst gehen Verhandlungen los.",0
Erst wenn die ersten Politiker ein Kind durch Islamistische Gewalt verlieren. Erkennen sie der Islam ist kein Teil von Europa. Game over,1
Jetzt auch mit blauem Häkchen hinterm Namen: Folgt unserer Pressesprecherin @Adi_Farjon! #Israel,0
"@KokoLores20 @Renft1964 So tief sind wir gesunken! Ein Merkel-Speichellecker mit dem IQ einer gewissen Fatima Roth, eine Null (außer im Tonnengewicht) als Finanzminister!",1
"Frankfurts Stadtkämmerer Uwe Becker gerade auf dem @Israelkongress: ""Aus #BDS wird BIS - Buy, Invest, Support!"" @itsuwe #DILK16 #Israel",0
"Moin, moin Piepser - bin gerade mit zwei riesen Taschen polnischer Spezialitäten vom Einkaufsbummel aus Szczecin zurück, hmmmmmmmmm 😜",0
@AngaylaMerkel @RegSprecher @AfD Die Richtung die sie politisch seit langem verfolgt ist schlichtweg linksgrün. Ob und wie Sie das so sehen ist mir ziemlich egal. |LBR| #newyork,0
"Habt ihr Euch nicht auch schon gefragt,warum es keine Veröffentlichungen zu IM ""Erika"" u. IM ""Larve"" gibt?Hat Larve etwa die Akten frisiert?",0
@Junge_Freiheit Mir gefallen solche Meldungen....her damit... |LBR| Vielleicht merkt man es so...😃😃,0
"Von 409 EUR HarzIV entfallen 1,55 EUR auf die ""BRD-BILD-Dung"" &gt; so sehen die Erfolge Merkels für ca. 8 Mio in diesem Scheiß-Schland aus. 😜",1
@Hartes_Geld @Magoorooma @Birgit_Kelle Maas und seine Stiftung zur Kontrolle des Internets würde ich als eine moderne Form der Gestapo bezeichnen. Heute wird man gesperrt früher kam man nach Dachau. Aber jeder Krug geht nur so lange zum Brunnen bis er bricht.,1
"@Maxe8888 @PLATOSCAVE007 Kabalah ist die jüdische Geheimlehre, Sephirot ist der Lebensbaum - sehr sehr umfangreiches Thema, Freimaurer arbeiten auch damit",0
@VonSchwer Hab gerade in Brüssel angerufen. Ist wie mit Denyz in der Türkei. Keiner will den Spast zurück :-),1
@tagesschau Die einzigen Nazis dir mir auffallen sind die öffentlich-rechtlichen mit ihrer Hetzpropaganda  gegen Trump und morgen sind es dann die Juden,1
"Die Polen sind schon ein Völkchen, in Szczecin wurde mir im Rathaus ein Sprachkurs - Arabisch für Fortgeschrittene - angeboten. Rrrrrrrrrr 😡",0
"@focusonline Jedes nicht vom Volk legitimirtes Regime, muss den Zorn des Volkes fürchten.",0
@zeitonline Die FDP wird hier von unser Heidelberger-Runde bei einer möglichen |LBR| Neuwahl mit Sicherheit nicht angekreuzt. Herr Lindner hat unser |LBR| Vertrauen missbraucht. Er sollte sich in der Regierung für unsere |LBR| gemeinsamen Ziele einsetzen.,0
"Das Wahlergebnis ist sicher ""getürkt"". Wie viele Analphabeten gibt |LBR| es eigentlich in der Türkei?",1
@Harald70199 @KarinBrix Die Hamas war schon immer ein Terroristen Verein. Das hat sich bis heute nicht geändert.,0
@JoaPlm @annaesch1 @TinaHassel Das solltest du unbedingt nochmal überdenken. Der hat bestimmt keine fette Mahlzeit ausgelassen. Dem waren die Menschen nicht wichtig sondern nützlich.,1
@BolzAndrea @atadic13 Araber waren schon immer scheisse....,1
Religionen sind alle FakeNews |LBR| Aber nützlich um Massen dumm zu halten und auszubeuten |LBR| Größte Bremsen in der Entwicklung der Menschheit.,1
"Ja, die Bundestagswahl ist schon so gut wie gelaufen. Immer mehr Bürger erkennen, |LBR| dass der zweimal sitzen gebliebene Schulz eine Null ist.",1
"@L7250402 @RGutmensch Menschenrechtsarbeit wird eher wichtiger als unwichtiger, wenn Rechte beschränkt werden. Wenn Sie das nicht verstehen wollen - wir haben zumindest versucht, es Ihnen zu erklären. Vermutlich zu schwierig zu verstehen, wenn man den ganzen Tag in der AfD-Filterblase schwimmt.",0
@MiriamOzen Ich würde die Aktion begrüßen...wenn sie unter dem Deckmantel steht: |LBR| Schaut ihr dummen deutschen...hier ist alles möglich...!!,0
"Die Immigranten wandern in die Sozialsystem ein zu Lasten der |LBR| Österreicher. Abschieben, abschieben, abschieben. Nur das hilft.",1
@krippmarie @dunjahayali ..sie schrieben mir einst das sie kritisch u hinterfragend recherchieren..ist dieses Verhalten der ÖR-Sender noch in Ordnung?,0
Eine Niederlage würde Brasilien für den weiteren Verlauf der Meisterschaft gut tun!,0
@MiriamOzen Wenn Toleranz in Hass umschlägt wird es Gefährlich. Auch Toleranz hat Grenzen. Meine ist vorbei.,0
@Thewenth @welt @ulrikeguerot |LBR| Junker ist ein Vollspacken und den braucht niemand. Der kann jetzt weg! 👎👎👎👎,1
@welt Merkel hat die Antisemiten zu 100.000 ins Land geholt.,0
@MiriamOzen Das ist kaum zu glauben...Wahrheit oder Lug...?,0
Der Tag beginnt mit zwei Radiointerviews bei WDR 5 und später bei Radio Bremen. |LBR| Natürlich geht es um die Sondierungsgespräche und den bevorstehenden Bundesparteitag der SPD in Bonn.,0
Die Südländer sind halt nicht perfekt organisiert!,0
"@kirchentag_de @Volker_Beck Bei welchem Staat außer Israel zweifelt ihr Gast al-Tayyeb noch die Existenz an, @kirchentag_de?",0
"@bigblackhorse33 @anna_IIna @Westminster1000 Merkel macht es wie es schon Adolf Hitler gemacht hat, durch Lügen und Wahlbetrug die von der Lügenpresse und Medienpack unterstützt werden!",1
"@BreitbartLondon Der Typ hat nur einen Fehler, er lebt! 😉",1
@__Loewenherz__ @FfFrauki Ich möchte nicht wissen wieviel solche abartigen Kreaturen wir hier noch beherbergen...und verbergen |LBR| Schade das unser Oberhäuptling nicht weiß was es bedeutet ein Familienmitglied zu verlieren.,1
ACHTUNG: Copyright für das Bild: @JFDA_eV,0
"@China_Welt_News Eine zusätzliche Folge der islamischen Masseneinwanderung, gesteuert von Merkel und den Grünen Dummköpfen!",1
@DoraBromberger @DuHugonotte Hauptsache was für die BILD gemacht!,0
Wurde auch schon öfter von Frauen am Arsch und im Schritt gefasst. Habe es allerdings genossen. |LBR| #metoo,1
"@AthinaMala @machtjanix23 @SpadeCarrier @_macmike @magna_est @petpanther0 @NoHerrman @teite99 @info2099 @lifetrend @ThomasGBauer @SchmiddieMaik @charlie_silve @willjrosenblatt @feldenfrizz @nasanasal @ellibisathide @MD_Franz Die Kette ist auch auf dem Foto ihres Acc. Aber wer nicht sehen will, bleibt eben blind.",0
Der IS eroberte in 100ten Städten auch die Ämter mit Mio Pässen u. verblödete Beamte wundern sich über Zig Identitäten von Krimigranten 😂😂😂,1
@petryficker @uwebecher @KuhnerWanna Du hättest Probleme ein Land oder gar ein Kontinent zu finden den ich nicht schon mit Bike bereist habe... |LBR| Ansonsten gilt...nicht denken sondern wissen..!,0
"@Herr_Wirt Da sag ich nur ""heil Erdowahn""!🖕",1
Ich war gerade 11 Jahre als mir unsere Nachbarin (Zeugen Jehova) in Keller das erste mal einen geblasen hat. Später musste ich sie lecken danach hat sie sich meinen Schw....... reingesteckt. Und das nicht nur dies eine mal. Hätte kotzen können. Aber ich lebe noch. |LBR| #MeToo,1
Angela Merkel steckt hinter Spaniens Niederlage!,0
"In nächster Zeit wird die #Meinungsfreiheit im #Internet weiter beschnitten. |LBR| Google, Facebook und Twitter machen mit. |LBR| Darum zu VK.",0
@BILD Weil den Moslems alles erlaubt und finanziert wird ?! Kein Wunder das Bewegungen wie zB Afd usw soviel Zulauf haben .,1
"@Kittypunk7 @Magoorooma Die einzige Vielfalt die wirklich was taugt, ist die in der Haribo Konfekt Tüte :-)",0
Nach unseren Protesten wurde die Jubiläumsfeier der Israelhasser von der #DFLP im Verlagsgebäude des @ndaktuell abgesagt! #SayNoToTerror,0
"@DrDavidBerger Unsere U-Boote und Hubschrauber sind eh nicht zu benutzen,und der Rest vom Heer läuft sowieso über .Eine Frau als Verteidigungsminister wo gib’s denn sowas ,das ist so als hätte ich eine Kuh zum Fleischfresser gemacht",1
Gute Neuigkeiten aus den USA. Doch keine Hilfen für alte AKW und Kohlemeiler. |LBR| No.45 und US Regierung scheitern mit Vorstoß zu Kohle- und Atomsubventionen 👏👏👏,0
"Kein Fortschritt bislang bei Steuern, Bürgerversicherung,sachgrundloser Befristung von Arbeitsverträgen. |LBR| Dazu Unionspropaganda: Wir haben definitiv keiner Obergrenze bei Flüchtlingen zugestimmt, da wir Asylrecht und Genfer Flüchtlingskonvention weder einschränken noch aushöhlen!",0
@NichtMengele Wurde noch nie withheld dafür 3 mal gebannt,0
"@KURIERat Besser spät als nie, ist ja echt nicht mehr tragbar der Juden hass der Moslems!",1
@WELT_Politik Großer Gott steh uns bei.... |LBR| Das diese Frau entsorgt gehört ist eindeutig....!,1
"@Tiefental @I40SG @AfD Wenn ich diese Auflistung sehe wird mir schlecht. Geh mal als BIODEUTSCHER zum Jobcenter und versuch ohne PERSONALAUSWEIS einen Termin zu bekommen oder einen SACHBEARBEITER zu sprechen !Ich bekomme WUT,WUT und noch mehr WUT !!",0
"@Lexie_M_ Oder ""Willkommen in vom Asylbewerber ermordete #Maria #Freiburg""",1
"@NoHerrman Wer ein Land und einen Kontinent verbiegen will u. in den Untergang führt, ist für mich eben eine ""Führerin"" 😜",0
"Auf Nachfrage der @wiwo vertrete ich zu #Jamaika nahezu wortgleich diesselbe Position, die ich seit Wochen vertone und die wir in einem einstimmigen Präsidiumsbeschluss am 5.12. fixiert haben. Und dennoch hat das Newsvalue... Man wundert sich. CL",0
"@Frau_Al3X @MadamePlissee Immerhin hat sie ein schönes Bild... |LBR| hach ja, das waren Zeiten, als die linken Trolle noch mit ""Argumenten"" um die Ecke kamen. Heute wird nur noch verklagt. Wer nicht für #Islamisierung ist, den würden sie am liebsten hinter Gittern sitzen sehen.",1
"@wurmreiter @DerSPIEGEL Es leben mehr als 5 millionen Türken in Deutschland, lern Türkisch, du Arsch... Passt es jetzt du Vollidiot?",1
"@BejuBinich @FfFrauki Journalismus ist ein schöner Beruf...wenn man Ahnung davon hat..! |LBR| Die die es nicht haben, werden Moderatoren oder Ansager Vorleser..etc.",0
@DuHugonotte Wer will ein Hering So Dumm wie die Göring🤯,1
"@MotziKlaus @J_B_oo7 @MiriamOzen @VonSchwer @NancyPeggyMandy @Maggielein_ @ellibisathide @Ich_bin_ich78 @ichbinkoelnerin @lawyerberlin @NorgePrivacy @MD_Franz @SM100d @SteinbachErika @IQ_Stimulator @PetrBystronAfD @FabriziaFalcone @emrich_5933 @drbrandner @ibikus31 @KrahMax Ich frage mich täglich, was man den Leuten ins Essen getan hat, dass sie so dumm und naiv geworden sind....",1
"@LieseMueller1 @Martin_Sellner Bringts auf den Punkt,der Artikel! Auch ich mache mir einen Kopf,wie man einen Funken auf ""nasses Todholz""überspringen läßt so das es zündet",0
"@Josie4you @ZDF @BILD @bento_de @faznet Die öffentlich-unrechten ANSTALTEN / #kika |LBR| werden sich ganz nach merkelschem Vorbild berauten,abwarten,Zeit ins Land streichen lassen,abwarten,abwarten |LBR| und dann eine solche Sendung unbehelligt und frei von Scham wieder ausgraben. |LBR| #Rundfunkrat",0
"Dramatisch, auf welch niedrigem Niveau die SPD Parteiämter |LBR| vergibt. Jeder Staplerfahrer muss mehr Ausbildung nachweisen.",1
Imad Karim ist wieder online. Widerstand lohnt sich!,0
"@nachtlikkat @IQ_Stimulator Das schlimme ist, gerade hier in Dortmund, das solche Situationen häufig und alltäglich sind ! Siehe auch Berliner Polizei ! Gibt ja jede Menge Beispiele LinksGrün-zersetzter Truppen! Es ist einfach nur noch zum kotzen!",1
"Flüchtlinge Willkommen ist nun auch in Spanien, Portugal &amp; Griechenland vertreten! Unsere europäischen Partnerseiten findet ihr hier:",0
@UWeltin Bisher weiß man noch nichts Genaues.,0
@Heike891 Prost Heike (Wat hat der Kerl für`n geiles Höschen (vorne gelb und hinten braun 😂😂😂) ich fasse es nicht 😂😂😂,1
"Hallooooooo, seid Ihr noch alle da, oder bereits auf Merkels Wahlparty, dem Kirchentag in Berlin 😂😂😂",0
"Das Motto für den HAMBURG PRIDE 2015 steht übrigens auch schon fest: ""Akzeptanz ist schulreif: Sexuelle Vielfalt auf den Stundenplan!"" ^ml",0
Jetzt ein bisschen Bobbele schauen....#esgibtnureinenBorisBecker,0
"Ersatzkandidatinnen &amp; Ersatzkandidaten für die Finanzkommission gewählt: Jörn Stoffers, Leo Franken, Pfrin Alexandra Caspari #aksynode16",0
"@MLebeauf @NoHerrman @machtjanix23 @Norbinator2403 @ennof_ @AthinaMala @troll_putin @NancyPeggyMandy @petpanther0 @info2099 @lifetrend @ThomasGBauer @SchmiddieMaik @charlie_silve @willjrosenblatt @feldenfrizz @nasanasal @_macmike @ellibisathide @MD_Franz 😂😂😂Die entsorgen sich doch selber, siehe Auflagezahlen, bald ist nicht einmal mehr BILD zu lesen. Da wird der headquarter-Chef Schuler aber traurig sein - ps, er schrieb mir, sie schreiben für einfache Leute - toller Fachterminus.",0
"Ein Löwe wird sich mit einem gelähmten Hamster nicht auf eine |LBR| Diskussion einlassen. Ein Prankenhieb genügt, und der Hamster ist tot.",0
"@focusonline Sollte die SPD wieder zu Merkel ins Bett steigen, werde ich wohl das Angebot von Victor Orban annehmen, und in Ungarn einen Asylantrag stellen.",0
@MiriamOzen Wie klar und deutlich sollen wir es ihr noch zeigen... |LBR| Wir wollen und brauchen ihre Dienste nicht mehr...!!!!,0
"Tag der deutschen Einheit??? 😂😂😂 In d. DDR war vieles nicht in Ordnung, aber dieses Schland u. ihre Führung ist der allerletzte Dreck 🤢",1
"Vielen Dank vielen, spannenden Fragen. Das machen wir mal wieder. CU ;-) #fragRalf",0
"Alle kriminellen Ausländer, Kopftuch und Burkaträgerinen ohne Ausnahme abschieben. |LBR| Dazu gehören auch sogenannte minderjährige kriminelle Ausländer.",1
"@DJUHMHA Mann, man, man - lebst Du noch??? Ich dachte schon Du wärst im Nordhäuser ertrunken (schöner Tod), oder zur SPD übergelaufen 😂😂😂",0
"Soweit uns bekannt ist, ist von der Sammelabschiebung nach Afghanistan am kommenden Mittwoch eine Person aus NRW betroffen. Es soll sich hier um |LBR| einen verurteilten Sexualstraftäter handeln, der vermutlich direkt aus |LBR| der Strafhaft überführt werden soll.",0
"#CDU Debatte zur Hasskriminalität im Internet. |LBR| ""Meinungsfreiheit ist in D weit gefasst"" |LBR| Hat man am Wochenende beim öffentlich zur Schau gestellten Judenhass durch Muslime gesehen. |LBR| #Trump #AfDimBundestag",0
@faz_donalphonso das schaffe ich mit Highheels auch :-),0
"Der 2 x sitzen gebliebene Martin Schulz ist stolz auf seine Schulergebnisse. |LBR| Was ist das denn für ein Vorbild? Abohrfeigen, aber sofort.",1
@BILD Gut gemacht Mr Präsident 👍👍,0
"@spdbt_netz Bigamie ist in Deutschland verboten, das gilt auch für Moslems !!!!",0
@BuschFrank SPD wird untergehen...SPD soll untergehen... |LBR| Dafür steh ich mit meinem guten Namen...!! |LBR| 😂😂😂,0
@ExilMengele Und was für ein Spiel ?,0
"@Libelle2000R @simplart Habe ich heute etwas verpasst? Von welchen ""Europäern"" spricht Merkel? Von der Groko??? 😂😂😂",0
"@hdBerretz Wem nützt‘s wenn man sagt das bei gewissen Leuten die „Like“ und/oder die „Retweet“ Funktion manipuliert ist, oder was ist mit Shadow banning, Twitter hat multiple Möglichkeiten um Meinungen zu manipulieren",0
"Afghanistan ist nicht sicher. Dort gibt es Terroranschläge. Und |LBR| wie ist das in D, F und UK? Sind das auch unsichere Staaten?",0
@APosener Fragen Sie Hillary. Die kennt sich besser mit diesem Kerl aus.,0
"Guten Morgen liebe Leutchen und wer krabbelt schon wieder rum? |LBR| Übrigens, Happy new year😁",0
Die Wahrheit über Anetta Kahane und ihre Stasi Vergangenheit,0
"Ich habe Donald Trump zur Mäßigung aufzurufen. Die Verlegung von |LBR| Ämtern in Israel macht doch keinen Sinn. Aber es wird Zeit, dass sich |LBR| Palästiner und Israeli´ einigen. Es wird Zeit.",0
"@bettisweb @dannytastisch Hi, Marktplatz 40213 Düsseldorf um 14 Uhr.",0
@Joemino @Boelscheline Na klar...er und Millionen anderer auch...Lindner der neue Graf von Stauffenberg .... |LBR| 😃😃😃,0
@fabi_wien @elliotttender Hat der schwule Volltrottel wieder einen abgelassen ??? Die Vulgäre Analyse hat den Vollhonk in mehreren Videos auseinander genommen! Das der Trottel noch Follower hat kann ich kaum glauben !,1
"@feldenfrizz @WojtekThomalla @_macmike @NawratAnna @AthinaMala @charlie_silve @petpanther0 @MustaphaMondAH @SJW_MadBunny @mastermikeg @machtjanix23 @SpadeCarrier @Steffmann45 @troll_putin @Norbinator2403 @ennof_ @NancyPeggyMandy @info2099 @lifetrend @ThomasGBauer @SchmiddieMaik @NoHerrman @willjrosenblatt @nasanasal @ellibisathide @MD_Franz @YouTube Es war wichtig, zuerst das alte Europa zu zerstören, da sitzt die meiste Intelligenz - ist es völlig zerstört und mit IQ 90 aufgefüllt, kommt der Rest dran. Die machen weniger Probleme. Einfach und simpel. 2 Schritte vor einen zurück - so kommt man auch ans Ziel.",0
@Resistance20176 @Ralf_Freytag Kinderpornographie wie bei der versifften SPD kommt besser?....😃😃,1
"@LC180666 @Buettner_MdB Das Problem ist, das am Brandenburger Tor zur gleichen Zeit heute das Jüdische Chanukka Fest stattfindet. Wollen die Mord und Totschlag da?",0
"Heute im Magazin der Süddeutschen Zeitung in der bekannten Fotoreihe „Sagen Sie jetzt nichts“, dem Interview ohne Worte. |LBR| Das war eine interessante Erfahrung 😉",0
"Eine Einwanderungsgsellschaft lässt sich nicht mit Ober-und Untergrenzen gestalten. Die Ergebnisse lassen tief blicken. Das kommt also dabei heraus, wenn man Politik für die ""besorgten Bürger*innen"" macht. #Sondierungen #GroKo",0
"Trump mag vielleicht Fehler begehen, aber er liebt sein Land. Merkel begeht bewusst Fehler, weil sie ihr Land und seine Menschen verachtet 😜",0
Jetzt schickt doch die Schulflasche Schulz erstmal nachsitzen. Kein Schulabschluss und |LBR| 2 x sitzengeblieben und sich dann aufspielen.,1
"@Strombelberg @_lennartvoss @fgabrielEU @afd_thl Ne,10 jährige wie dich blockiere ich einfach ! Ob du mich Rassist nennst oder in China ne Möse feucht wird interessiert doch wirklich keinen",1
@RolandBauer11 @Joemino Weg mit der Aga-Kröte (ISLAM) Europas ! Die Scheißpolitik(KORAN) der Muselmänner hat auf europäischem Boden nichts verloren!Linke auch nicht,1
@Benjamin_Koehn Mitglied des Bundestages. Und was machen Sie so? 😂😂😂,0
@focusonline 2013 lagen die Briefwähler aber viel niedriger. Deshalb ist Wahlbeteiligung im Ergebnis wohl höher.,0
"@agolumneu10 @Christ_Rose_ddb Da gibt‘s aber ein Problem, die BRD ist genau wie die Titanic, sie hat zu wenig Rettungsboote",0
"@BonkeKolja Kann man eine C. Roth eigentlich beleidigen, wenn man die Wahrheit ausspricht? Das ist mir rätselhaft!",1
"Geschichte dahinter: Sein Name ist Ali Meşe (83). Er versuchte nasses Holz mit Benzin anzuzünden, durch eine Verpuffung verlor er sein Haus. Er w. nur seine Katze Retten und hat Verbrennungen davon getragen dabei. Er ist im Krankenhaus, danach wohnt er erstmal bei seiner Tochter.",0
@ainyrockstar Multikulti geht nicht mit Moslems!!!!!!!,1
@AfD_Magdeburg @Frank_Pasemann Es gibt immer weniger Christen und Kirchgänger....also wofür? |LBR| Aber ich habe gelesen das viele Kinder hungrig in die Schule gehen.....,0
@lawyerberlin Lasst das nicht die Deutschen lesen....die lieben solche und kämpfen für diese..!,0
"Ich meine, im Schland reden so viele ""Experten"" über Sicherheit und merken nicht, dass sie so dämlich sind, wie Russland groß ist 🤢",1
"@SJW_MadBunny @Steffmann45 @machtjanix23 @troll_putin @petpanther0 @mastermikeg @Norbinator2403 @ennof_ @AthinaMala @NancyPeggyMandy @info2099 @lifetrend @ThomasGBauer @SchmiddieMaik @charlie_silve @NoHerrman @willjrosenblatt @feldenfrizz @nasanasal @_macmike @ellibisathide @MD_Franz Hab ihm geschrieben, es geht mir am Arsch vorbei, wenn man mich in D nicht mehr sieht.😂😂😂",1
"@maybritillner @peteraltmaier Ich habe noch nie einen Menschen schneller Lügen gesehen, als ein Haase läuft. Dieser Mensch steckt soooooo tief im Anus von Frau Merkel, das wenn er einen Hals hätte dieser Braun wäre.",1
"Schauspieler u. Prediger Gauck ist krank??? Oder brennt ihm schon der Ar*** vor Angst, wie 89 in Rostock. Tauchte dort auch lange ab 😂😂😂",1
"@Birdie51411736 @petpanther0 @machtjanix23 @NoHerrman @teite99 @info2099 @lifetrend @ThomasGBauer @SchmiddieMaik @AthinaMala @charlie_silve @willjrosenblatt @feldenfrizz @nasanasal @_macmike @ellibisathide @MD_Franz Nein durchaus nicht, das schöne an hebräisch ist, dass die Sprache sehr exakt ist, im doppelten Sinne, auch, da jeder Buchstabe einen Zahlenwert zugeordnet ist. Talmud, Sohar, etc. ist sehr klar - in Sprache und Zahlen.",0
@anna_IIna 😃😃typisch deutsche Einstellung....von der Sorte gibt es viele.,0
@Junge_Freiheit Wer glaubt das wirklich das dieser Amri dafür verantwortlich....?? |LBR| Weil es in der Zeitung stand...?,0
"Atatürk sagte ""Frieden im Land, Frieden auf der Welt"" |LBR| Der neue sagt ""Chaos im Lande, gut für mich"" |LBR| #Türkei",0
"@lko_ch Auch hier wartet das spannende Abenteuer der Wahrheit darauf, von Ihnen entdeckt zu werden :) Christen glauben an einen persönlichen Gott.",0
@MD_Franz @thomaslauer10 Ich kenne genau den selben Stand....Weiterbildung o Sprachkurse...ca. 5% brauchbar wenn überhaupt |LBR| Und das ist im allgemeinen überall bekannt...,0
"Österreich wäre gut beraten, wenn es mit Russland intensive Handelsbeziehungen |LBR| eingeht. Und die Krim gehört zu Russland, damit das klar ist.",0
"@Jala_varietas @Titania0001 @blacknarga300 @damian_tamwood @AliCologne Was wollen sie hören, die Wahrheit oder eine Schlafschaf konforme Erklärung??",0
@Beatrix_vStorch Kann man als Betriebversammlung der Polizei Ankündigungen.Glühwein frei für die Polizei!!!,0
"@dejancrosic Hat man doch im Fall Edathy gesehen, Hauptsache ""wichtige"" Leute schützen, um Kinderpornos ging es am Ende nicht mehr.",0
@SteWenzel Schon klar. Glaub das mal.,0
Kann es sein dass manche Menschen hier auf Twitter nicht über die erste Klasse hinausgekommen sind?,0
"@drdrdietz Tja, diese „neuen Impulse“ haben wir in den Sondierungspapieren schlicht nicht finden können... ;) Mit den wochenlangen Sondierungen haben Sie Recht. Das würde ich kein zweites Mal so machen. CL",0
Die Hetzer der ÖR Medien haben wieder Hochkonjunktur dieses ganze Schweinejournalisten Pack gehört entsorgt und dass schnellstmöglich |LBR| AFD,1
"@gutmenschen_inc @WMuhsal @AfD @AfD_ThL @AfD_Thueringen @AfDimBundestag @Alice_Weidel Wie ist dein Vorschlag um der Krise Herr zu werden, aber viel Zeit bleibt nicht mehr?!",0
@Samsara_00_ @krippmarie @ZDFheute @destatis ...sie wird diese 4jahre noch absitzen und den befällt sie der Alzheimer.... |LBR| Und wenn doch nicht dann auch egal...wir sind trotzdem am Arsch,1
"Für Merkel steht der Deutsche Bürger nur im Mittelpunkt, um ihn von allen Seiten in den Arsch treten zu können - meine ich!",1
"@SpadeCarrier @machtjanix23 @AthinaMala @_macmike @magna_est @petpanther0 @NoHerrman @teite99 @info2099 @lifetrend @ThomasGBauer @SchmiddieMaik @charlie_silve @willjrosenblatt @feldenfrizz @nasanasal @ellibisathide @MD_Franz Okay, dann blockiere ich euch alle!",0
"@Sunflowermind Danke für den Hinweis. Wir haben das auf dem Zettel, können uns aber wohl erst nach dem PRIDE darum kümmern. ^ml",0
@PilgramsWords Ich schäme mich für meine Deutschen Landsleute....Schande,0
"@info2099 @machtjanix23 @AthinaMala @troll_putin @lifetrend @ThomasGBauer @SchmiddieMaik @charlie_silve @NoHerrman @willjrosenblatt @petpanther0 @feldenfrizz @nasanasal @_macmike @ellibisathide @MD_Franz Ne, das gibts nicht, ist der Vollpfosten immer noch da???",1
@K_Moessbauer Ich wiederhole mich seit Jahren: Der schlimmste Feind der Frau ist eine andere Frau.,0
"@RdigerTodtenha3 Danke für die Info, aber es ändert nichts an meiner allgemeinen Aussage, denn das ist ein unbestrittener Fakt.",0
"Wo Liebe ist, da tritt als Begleiterscheinung die Freude auf, so Kard. #Marx in der Predigt zur Amtsübergabe des Diözesanjugendpfarrers",0
@tagesschau Was für eine dreckspresse!!  Russland sollte eine Eliteeinheiten zu den öffentlich-rechtlichen schicken und den Nazis ein Ende setzen!!,1
@erstmal_denken Gehts jetzt noch ein bisken hohler ?? Hab doch gesagt du raffst es nicht ! Feht jetzt nur noch das du nach Fehlern im Satz sugst ! Braves TUKTUK !,1
@patriarchator Der eine versucht vergeblich Bundeskanzler zu werden ....und die Übergewichtige schafft es locker weiterhin Bundeshofnarr zu bleiben...! |LBR| Ich liebe SPDler.....😃😃😂😂,1
@StephanDerrick2 bei „uns deutschen und belehren“ war ich raus. heute keine lust auf son n quatsch...,0
"@DJanecek @m_dueker @ArminLaschet Dann sind wir ja sofort einig. Dann müssen Sie ja nur rechnen, was ohne Import bei einer Dunkelflaute 2023 wegfallen könnte. Und? CL",0
"@PoppHans1 Oh mann, sorry, ich vergass.Das Recht auf Unversehrtheit gilt nur für Neubürger....😉",1
Wir wünschen den Menschen in Deutschland alles Gute zum #TagderDeutschenEinheit!,0
"@SteinbachErika @joergklose Er hat tatsächlich nichts begriffen, denn d. Rechtsauffassung d- BR ist lediglich eine Auffassung (eine falsche)",0
"Botschafter @JIssacharoff: Wie kann es sein, dass jedes Mal, wenn die Palästinenser zur UN oder UNESCO gehen und erklären, es gebe keine jüdische Verbindung zu #Jerusalem, niemand randaliert und ihre Flaggen verbrennt? Wer Flaggen verbrennt, verbrennt seinen Anstand und Toleranz.",0
@StefanScharf_DD Cool übrigens Ihr Profil: „wohlwollendes Verstehen des anderen “ ;-),0
"Tofu predigen, aber so schnell wie möglich an die Fleischtöpfe wollen: Typisch grün!",0
"Hört endlich auf, von den gegenseitigen Drohungen der 2 Primaten |LBR| zu berichten. Es wird langweilig. Beide sind zu feige, zu handeln.",1
"Wir freuen uns über die ersten Follower*innen: .@PetraPauMaHe, .@DoraKristina, .@LukasWelz, .@ArasNathan, .@waerterkarl &amp; .@AydilekSercan",0
"@burkhardewert @spd Von Gernot erwarte ich, dass er zB den Filmregisseur Oleh #Senzov u andere Ukrainer in Lagern u Gefängnissen besucht u endlich dafür sorgt, dass die politischen Gefangenen Putins freikommen. #Völkerverständigung #Städtepartnerschaft #Freiburg #Lemberg #WM2018",0
"@sue_jil @dejancrosic Nimm Dir die Zeit -ich mache es regelmäßig, es lohnt sich!",0
Björn Höcke als Kanzler wäre ein Traum,0
"@mastermikeg @_macmike @Steffmann45 @troll_putin @petpanther0 @machtjanix23 @Norbinator2403 @ennof_ @AthinaMala @NancyPeggyMandy @info2099 @lifetrend @ThomasGBauer @SchmiddieMaik @charlie_silve @NoHerrman @willjrosenblatt @feldenfrizz @nasanasal @ellibisathide @MD_Franz Man sperrt Akten, wenn sie den Staat belasten.",0
@dusendiskus Ja den meisten Ärzten gehts nur noch ums Geld,0
"1.--Ich habe die Befürchtung,da alle Klagen gegen Merkel abgeschmettert |LBR| werden, obwohl sie an Tötungsdelikten, direkt und indirekt, beteiligt ist, wird |LBR| es auf 2+3 hinauslaufen !!",1
"@wurmreiter @welt #Deutschland hat doch nie wirklich nach 1945 den #Holocaust, also die systematische &amp; vor allem industrielle Vernichtung an 6 Mio. #Juden, aufklären wollen. Dass das so war, merkte man an den #Auschwitz-Prozessen in #Frankfurt 1963 bis 1968. Gut, dass #Gröning verurteilt wurde.",0
@anna_IIna Lauter trojanische Pferdchen....machen wir es wie unsere Nachbarländer: |LBR| Ausübung und Ausbreitung des Islam o Islamismus untersagen..!,1
@AfD_Support Am besten zum Bau eines Gefängnisses für Asylanten-Verbrecher!,1
"Ich kenne nur zwei ""Politiker"", die das internationale Ansehen Deutschlands beschädigten und Wilhelm der II. gehört nicht dazu 😜",0
Die Moslems und Neusiedler sind nicht unser Untergang. Unser Untergang ist die Gleichgültigkeit der deutschen.,0
Wie können Sie einem 2 x sitzen gebliebenen Nulltipper bei |LBR| seiner Kanzlerschaftskandidatur helfen? Wie tief will die SDP |LBR| noch sinken?,1
"Ein ehemaliger Schüler von mir, Rohollah, wurde dieses Jahr nach einem komplett unfairen Verfahren (wir bei AiN haben davon leider erst erfahren, als bereits alle Instanzen erschöpft waren) nach Afghanistan deportiert.",0
"@IM_NRW @FfFrauki Diese absolute Unfähigkeit ...schleicht sich durch alle Justizregister durch, wir alle haben schon von absurden Gerichtsurteilen gelesen..😃😃😡😡",1
Das Deutsche Kaiserreich soll wieder auferstehen,1
#Altkatholisch auf @kirchentag_de heute: 15 h Ökum. Frauengottesdienst/Pfingstkirche &amp; 16 h Podiumsdisk. Armut in Deutschland/St. Augustin,0
"Kein Staat der Welt hat das Recht, Menschen als Strafe zu töten. Die #Todesstrafe widerspricht unseren Vorstellungen von Menschenwürde.",0
@robinalexander_ Gender als Ersatzreligion. Hohenpriesterinnen ziehen voran Ungläubige werden exkommuniziert. Auf zu veganem Abendmahl beim Qeer-Gottesdienst,0
"Sagte Jesus Christus nicht auch, |LBR| Du sollst keinen anderen Gott haben neben mir. |LBR| Mal schauen wann Gottes Worte als Rassismus dargestellt werden.",0
@LarsWinter_ @krippmarie Unsere Angie wird überall ausgebuht... |LBR| Dies ist der Grund warum sie öffentliche Auftritte meidet und nur in geschlossenen Räumen trällert,0
"Während das Sturmtief #Frederike über #Deutschland hinwegrauscht, lese ich die zahlreichen Facebook-Kommentare von #AfD-Sympathisanten, die #Groening für unschuldig halten &amp; den #Holocaust relativieren. Der hiesige #Antisemitismus müsste auch von einem Sturm weggeweht werden!",0
Wie viele Schüler sind evangelisch? Und wie viele Schüler sind |LBR| ohne Glaubensbekenntnis? Dann erst werden Eure Zahlen vergleichbar.,0
@GtzFrmming Und wie reagiert die Polizeiführung?,0
"@vadderland Deshalb sprach ich vom WENDEN 😂😂😂 vorne, hinten, innen, außen - einen f. Fanuar, einen für den Februar usw. 12 Stück 😂😂😂",0
Gegens. Zul. zu Patenamt &amp; gegenseitige Anerk. von Firmung/Konfirmation von #altkatholisch|er #Synode mit großer Mehrheit angen. #aksynode16,0
"@GlasenappHenrik Zu Merkel fällt mir nur ein, ein Mal Verräterin, immer Verräterin - selbstverliebt und immer des eigenen Vorteils bedacht 🤢",1
@KokoLores20 @krippmarie Ein richtiges Zeichen unserer Nachbarn...schleichende Islamisierung sowie eine derartige Umverteilung darf nicht unterstützt werden..niemals,1
"@Hartes_Geld ,Honecker‘Merkel macht uns zur ,DDR‘ Klagen werden nicht angenommen,Zeitungen sind gleichgeschaltet,die Linken Chaoten haben Demonstrationsfreiheit,und die Politiker der Altparteien haben Ihr Schäfchen im Trockenen und gehen in der Schorfheide jagen!",1
Warum wurden die G20-Chaoten nicht sofort auf frischer Tat verhaftet? |LBR| Haben die Polizisten nur gefilmt? Waren sie zu feige für Festnahmen?,0
