text,label
Frank Rennicke – Ich bin stolz https://t.co/Cm6TD8w1k1 https://t.co/qynXso07Zn,0
ANSEHEN.....und danach bitte TEILEN...TEILEN....TEILEN.... https://t.co/z18lnbOWRQ,0
"#Koeln Mohamed erkennt kein deutsches Recht sondern nur die #Scharia an. Das er den Kölner Dom kaputt machen wollte, war nur ein Scherz aber wenn er aus dem Knast rauskommt, hat er kein Mitleid mehr. https://t.co/xcSixH8JR2",0
#SaudiArabien ist eine brutale islamische Diktatur und richtete kürzlich fünf Männer wegen ihre Homosexualität hin. Welche Konsequenzen hat das für das Verhältnis zu Saudi-Arabien nach Meinung der Bundesregierung? Die Antwort im Video. https://t.co/ttMeRBeXFE,0
"Bundespolizei #München hat im 1. Quartal 2019 rund 3.380 illegale Einreisen registriert, die Migranten stammten v. a. aus Nigeria, Afghanistan, Serbien, Albanien und der Türkei - je ein Drittel kam mit PKW bzw. per Bahn, ein Viertel mit dem Bus #Einreise  https://t.co/vNzTXqLomN",0
"#1EuropaFuerAlle oder wie es die #SPD heute noch bildhafteter formuliert hat:    Und willst Du nicht mein Bruder sein, so schlage ich Dir denn Schädel ein.    #Jusos #NoSPD #Baseballschläger  #NiewiederSozialismus https://t.co/fFL3xlJklo",0
"#Hannover: Weil ihm die Freizeitgestaltung und ihr Umgang mit Männern nicht passt, tritt und schlägt Mustafa F. (26) auf seine ehemalige -nach islamischem Recht- Ehefrau Alina (23) ein, rasiert ihr den Schädel kahl - Bruder wegen ähnlicher Tat vor Gericht  https://t.co/KrCJHOEwvx",0
"#Deutschland 2019: Ort für die #EU-Wahlparty der #AfD wurde gerade gekündigt. Vermieter und Mieter wurden massiv von #Linksextremisten bedroht. Das Gebäude wurde bereits am letzten Wochenende beschmiert und es wurde damit gedroht, das Gebäude zu beschädigen und Autos anzuzünden.",0
"#Innsbruck: Tirolerin und Türke knacken 2018 zahlreiche Automaten bei Auto-Waschanlagen und Tankstellen, anhand dort gefundener DNA kommt heraus, dass der Türke auch für Vergewaltigung einer Frau in Innsbruck in der Silvesternacht 2012 verantwortlich ist  https://t.co/pjejeHQ7CN",0
"#Wien: Vier Nigerianer bestellen teils hochpreisige Produkte unter falschen Namen, holen sie in Paketshops ab und behalten sie, ohne zu bezahlen - bei einem Afrikaner werden 250 teils originalverpackte Produkte (Handys, Laptops, Bekleidung usw.) gefunden  https://t.co/4AjiMevsjm",0
"#Offenburg: Somalier greift nachts auf der Straße einen Senioren an, tritt derart massiv auf den am Boden liegenden 75-Jährigen ein, dass er mit schweren #Kopfverletzungen ins Krankenhaus gebracht wird   https://t.co/M5ynYt2ZtM",0
"#Offenburg: Die Attacke des 2015 nach D gekommen Somaliers auf den 75-Jährigen war ein solcher Gewaltexzess, dass das Opfer noch nicht vernehmungsfähig und wohl auf einem Auge erblindet ist - laut einem Zeugen rief der Täter bei der Tat 'Allahu Akbar'  https://t.co/Wbk1gsqcWS",0
"Kapazitäten im ZDF und zur Eurowahl: Den Islam gibt es erst seit dem 7. Jahrhundert, aber Frans Timmermans, der Kommissionspräsident werden will, meint, dass der Islam seit 2000 Jahre zu Europa gehört. Keinen stört's, das Publikum klatscht. #Pappnasen https://t.co/hotI9zS8Tz",0
mdr Umfrage 'Gehört der Islam zu Deutschland?' 15.000 beteiligten sich und hier zeigt sich der Unterschied zwischen Propaganda und realem Empfinden der Menschen. https://t.co/eOwnM7zW96,0
"Da musste der Moderator wohl 2 mal hinschauen bei dem Ergebnis. Immerhin wird im MDR wohl nicht gefälscht, zumindest bei der Umfrage nicht.  https://t.co/YETOBADLN6 https://t.co/rZXfi3xVEv",0
"EU-Kommissar Frans #Timmermans sagt, der Islam gehört seit 2000 (!) Jahren zu Europa. Interessant – Demnach war der Prophet Mohammed also ein Zeitgenosse von Jesus und Augustus? #Bildungsdesaster #Geschichtsklitterung   https://t.co/T05TnXa7WS",0
"Wenn ein #Syrer den @Die_Gruenen erzählt, dass er sich wegen kriminellen Flüchtlingen in Deutschland unsicher fühlt, wird er von den #Gruenen als #AFD Propagandist und Rechter Hetzer verunglimpft. Ein SYRER! 😂😂😂 https://t.co/JRU8jPFH2e",0
"#Berlin: Ibrahima D. (24) von der Elfenbeinküste überfällt an einem Abend vier Frauen in Kreuzberg brutal, raubt ihnen Geld und Handys - vor #Gericht rechtfertigt er sich mit: “Andere machen viel Schlimmeres”  https://t.co/pIZUpr1taV",0
IS-Terror-Verdächtiger Salafist in #Koeln festgenommen.  Der Deutsch-Tunesier Sabri Ben A. gilt als Größe im produzieren von Propagandavideos. Er soll mehrfach nach #Syrien gereist und ein Terrorcamp mit Gegenständen im Wert von 80.000€ ausgerüstet haben https://t.co/dzdNI4rroU,0
Einreise per Flugzeug: Regierung erklärt Flüchtlingszahlen zur Geheimsache / AfD prüft rechtliche Schritte https://t.co/r6ijPQ7u6y,0
"Wegen Volksverhetzung kann nach derzeitiger Rechtslage nicht bestraft werden, wer seine Hetze gegen Deutsche richtet, um diese Ungleichbehandlung zu ändern, hat AfD Gesetzentwurf vorgelegt, aber Rechtsausschuss lehnt AfD-Antrag auf Anhörung von Experten ab  https://t.co/5uhuPCMyu3",0
"@aufklaerer2017 @ZDF @ZDFheute dass 350 Deutsche durch 'Flüchtling/Schutzsuchende' brutal ermordert wurden seit 2015 oder in einem Jahr, ist natürlich im Vergleich zum Zerreissen Koran nichts.. man, man diese Journalie ist nicht zum Aushalten.",0
"@ZDF @ZDFheute Jetzt stellt euch mal vor, ein deutscher hätte das 9 Jährige Mädchen vergewaltigt und wäre durch Syrische Flüchtlinge gestellt worden. Sondersendungen der Dankbarkeit von #maischberger bis #illner plus Staatsbürgerschaft und Bundesverdienstkreuz wäre die Folge.",0
"Weil in #Bremen 50 Korane zerrissen wurden sendet das @ZDF 15 Minuten lang einen Bericht der Empörung. Das in #DessauRoßlau ein 9 Jähriges Mädchen von einem Flüchtling vergewaltigt und von Zeugen gestellt wurde, darüber schweigt das @ZDFheute https://t.co/cIhV0iZZzK",0
@der_zmd Reden sie lieber einmal davon wieviel Kirchen und christliche Symbole hier in Europa vom ihren Glaubensideologen geschändet wurden. https://t.co/2uk4hSww2x,0
Dem Bundestag ist es wichtiger gegen Rechts zu hetzen anstatt wichtige Anliegen zu bearbeiten. Machen die überhaupt noch etwas anderes ausser gegen die AfD kämpfen?     https://t.co/i9JBfuOOA8    https://t.co/i9JBfuOOA8,0
alle müssen etwas mehr tun❗    Sonst wird es viel Leid geben.     Mehr als 1945. Viel mehr❗    Und in jeder Hinsicht❗    https://t.co/dRlM3AiFtS    https://t.co/7ICQOswycy,0
In Berlin werden künftig (auch) Studienabbrecher an öffentlichen Schulen Kinder unterrichten. Läuft in der Bildungsrepublik Deutschland.,0
"Ich persönlich finde, dass die Toilette der geeignete Platz für dieses Buch ist. Besser ist es allerdings es nicht zu kaufen und einbrechen geht zu weit.   Ermittelt der Staatschutz eigentlich auch bei der Schändung christlicher Kirchen und Friedhöfe?  https://t.co/SeG9Y9y7CM",0
#AfD in #Brandenburg jetzt Nummer 1. Die Wahlen im Herbst werden das politische Gefüge in ganz 🇩🇪 erschüttern und vllt. auch die #GroKo sprengen. Ich freue mich drauf! https://t.co/70lk4y0NZO,0
"+++ #Heimatschatzkiste: Ein Schritt in die richtige Richtung +++    Dazu erklärt der sozialpolitische Sprecher der #AfD-Fraktion, @MdLFernandes : https://t.co/0fJ2tXKkJm #ltmv #mv https://t.co/M1iTDGoHDz",0
"Nein, uns Ostdeutschen fehlt nicht der Kontakt zu Ausländern, sondern den Westdeutschen fehlt eher das Selbstbewusstsein und der Mut Kriminellen einen Riegel vorzuschieben  https://t.co/6o5r5FoWwh?  #AfD #AfDimBundestag",0
"Wir können sie nicht zwingen, mit uns zu regieren. Wir können sie aber dazu zwingen, immer dreistere, dem Wählerwillen widersprechende Verliererkoalitionen bilden zu müssen. https://t.co/WeL5lvIme0",0
Nach suboptimalem Fahrverhalten zweier Autofahrer in #Bahrenfeld und #Altenwerder wurden ihre hochwertigen Fahrzeuge und die Führerscheine sichergestellt.  🏎️❌➡️https://t.co/l3Sa0suAjE https://t.co/RdzsCB8wqk,0
"Geplünderte Mittelschicht: Die Freude bei einer Gehaltserhöhung währt nur kurz, denn der Staat kassiert Deutschlands Durchschnittsverdiener gnadenlos ab. Von 100 Euro mehr bleibt am Ende weniger als die Hälfte!  #AfD #Bundestag  ➡️ https://t.co/IvqEsfjQuu  https://t.co/a3DB1HiG0i",0
"@mairpeda @Proteus93484191 @SPIEGELONLINE Nebenbei:... nicht nur um ihre Familien zu ernähren, sondern auch um diesen Staat zwangsweise zu finanzieren.",0
"„Wurde in den letzten Jahren vonseiten der Politik auf Verteilen statt Schaffen von Wohlstand gesetzt, steht uns ein noch radikalerer Weg bevor.“   Klasse, fundierter und bedrückender Lagebericht von @thinkBTO   https://t.co/DmziXwAWIZ",0
"@Tiefseher @welt Wenn der Staat damit wenigstens für die Zukunft sorgen würde! Bildung, Innovation, Infrastruktur, .... stattdessen Sozialstaat für alle.",0
"💩👉'Cohn-Bendit ist kein altersverwirrter Spinner, sondern ein knallharter machtgeiler Kaderschmied der modernen Herrschsucht'. 👈💩  https://t.co/PzlYD9T2RP",1
"Kein Mythos, sondern Realität: In Deutschland muss ein Durchschnittsverdiener mehr als die Hälfte von jedem zusätzlich verdienten Euro an den Staat abführen https://t.co/83peE4I8P4 @welt https://t.co/whsl46ykdT",0
@JohnStefan27 Bei der Veranstaltung sind auch alle 'öffentlichen Leute' herzlich willkommen :) *fl,0
@PolizeiHamburg Ist dass nur für die Akademie oder auch für öffentliche Leute!?,0
SEID AUCH MIT DABEI! #activecityday  Wir sind es schon &amp; 365 Tage im Jahr aktiv in unserer Stadt. #hamburgactivecity  Kommt zum Training für das Deutsche Sportabzeichen mit unserer Polizeiakademie  13. Juni 2019 | 8-15 Uhr | Leichtathletikhalle in #Winterhude  https://t.co/LO9xLoPk6z https://t.co/DaURbxecsW,0
"#Spendentour2019🚴‍♂️🚴‍♂️🚴‍♂️  Vier unserer Kollegen, mit streckenweise weiteren 'Mitfahrern', sind seit Freitag mit dem Fahrrad auf Deutschlandtour durch die Hauptstädte aller Bundesländer und sammeln Spenden. #helfernhelfen  Mehr Infos:  https://t.co/XOhuq6V2yH https://t.co/EPOfuDwWLi",0
#Spendentour2019 #helfernhelfen🚴‍♂️🚴‍♂️🚴‍♂️  Am Sonntag haben unsere Radler nach 1000 Höhenmetern &amp; 120 km Weimar erreicht. Heute sind sie in Berlin und machen sich auf den Weg zur Kattenstiegsmühle um morgen Schwerin zu erreichen.  Mehr Infos: https://t.co/dEm1WOSI9N https://t.co/DyjdDFXsE5,0
"Ich drücke @SebastianWippel jetzt erst recht die Daumen - dafür, dass er als erster #AfD-Politiker das Amt des Oberbürgermeisters bekleidet. Dass er dies im Sinne der Bürger von #Görlitz ausüben wird, daran besteht nicht der geringste Zweifel.  #Wippel  ➡️ https://t.co/shgWZHzHHM https://t.co/y0h9y6zee5",0
"👍💪👍💪👍💪👍💪'Es reiche aus, wenn die Aktion grundsätzlich geeignet gewesen sei, jemanden einzuschüchtern, befand der BGH. Das Landgericht hat dies nun mit der Verurteilung bejaht. Einige Verteidiger kündigten bereits an, Revision einzulegen'.  https://t.co/NjTVrqfXgl",0
"Diese Art und Weise, Menschen zu verteufeln, die anders leben oder denken als man selbst... das macht mich echt wütend. Leute fahren mit dem Auto zur Arbeit, um ihre Familien zu ernähren. Jürgen #Trittin lässt sich fahren. https://t.co/X4IKCbbC7j via @SPIEGELONLINE",0
"ISDN verbieten, Glasfaserkabel verbieten, Kabelfernsehen verbieten, Digitalisierung der Telefonie verbieten ...   Sogar Computer wollten die #GRÜNEN nicht. Ein Blick in frühere Parteiprogramme zeigt die  Tradition von @Die_Gruenen als #Verbotspartei   Quelle https://t.co/zZnJh933qD https://t.co/PwWQOJbLqT",0
"Die #AfD warnt schon lange davor, dass die Schule von links-grünen Lehrern unter Missachtung des #Beutelsbacher_Konsens zur politischen Beeinflussung der Schüler missbraucht wird. Man fühlt sich in schlimmste #DDR-Zeiten zurückversetzt. #Neutrale_Schule https://t.co/pk4NIf4acJ",0
Nichts ist in Deutschland mehr unmöglich👎 https://t.co/E4d0GMDxnd,0
"#GörlitzistschlauGörlitzwähltblau 🇩🇪    Ein klares JA für @SebastianWippel     Bundesweit starten Migranten, Juden und Homosexuelle einen Gegenprotest. Zuvor hatte 'Hollywood' dazu aufgerufen den #AfD OB.-Kandidaten nicht zu wählen. https://t.co/pLiVzXpnl5",0
'Ein Video von 75 illegalen Migranten auf einem Schiff in Zarzis sorgte für Aufregung. Die vorwiegend jungen Männer skandierten ihre Forderung nach Einreise in d EU. Die tunesische Regierung hat jetzt beschlossen: Die Männer müssen in ihre Heimat zurück.'    https://t.co/QYoUcvpJG6,0
"#Geldern: Zwei mit osteuropäischem Akzent sprechende Jugendliche überfallen morgens zwei #Geschwisterkinder auf dem Schulweg und fordern Geld, treten dem 12-Jährigen in den Bauch, schlagen die Köpfe der Brüder zusammen, die kein Geld dabei haben  https://t.co/IhhfaZHMX2",0
"#Offenburg 25 Jähriger Somalier verprügelt 75 Jährigen Senior. Tritt solange auf den Kopf des am Boden liegenden Seniors ein, bis dieser bewusstlos ist und mit schweren Kopfverletzungen in die Klinik kommt. https://t.co/o2FwcnELug",0
"Bürgermeister-Wahlen in #Italien: Deutsche Medien verschweigen, dass massenhaft sozialistische Hochburgen an #Salvini's Lega fallen.  (Grüne spielen dort übrigens keine Rolle.)  ;)  https://t.co/Vyurx73K8D",0
@derorient @Pegasia111 @Uwe_Junge_MdL ...und wahrscheinlich können Sie diese Behauptung mit Fakten unterlegen...,0
"Ein Kleinkind über die Balkonbrüstung halten und damit drohen es in die Tiefe fallen zu lassen, bleibt straflos, wenn man dessen Vater und  'Flüchtling' ist, der  gerade von der Polizei nach #Albanien abgeschoben werden soll. Freispruch! #Krefeld https://t.co/AOLBaLY9v8",0
"@reis_angebrannt @derorient @Pegasia111 In diesem Land ist jeder rechts™/rechtsextrem™, der nicht innerhalb der von Linkslinken &amp; Grünen definierten Markierung 🎯 steht.  Protestierende Bürger &amp; Eltern einer 'Schützt unsere Kinder'-Demo #Dessau =rechtsextrem™.  So soll legitimer Protest diskreditiert werden. 🤦🏻‍♀️   1/2 https://t.co/E9DdGkBNFa",0
@reis_angebrannt @derorient @Pegasia111 2/2  Der spontanen Demo in #Dessau #Rosslau lag ein schwerer sexueller Missbrauch an einem 9jährigen(!) Mädchen durch 27j. #Asylbewerber aus #Niger zugrunde  der inzwischen verhaftet werden konnte.  #Dramatisierung unerwünscht [#Faktenfinder]  #RefugeesWelcome  https://t.co/TliEfk1zId,0
"„Ohne ausreichend Personal, den richtigen Einsatzmitteln und vor allem dem politischen Willen, gepaart mit dem nötigen Rückhalt und Vertrauen in die @polizeiberlin, wird dort nie Ruhe einkehren.“ *BN @BZ_NachtFloh @bzberlin https://t.co/OjnW5mtRqv",0
"Die deutsch / iranische Freundschaft - In Herzlichkeit verbunden.  Ich möchte hier offiziell betonen, daß Herr #Steinmeier nicht mein Präsident und @HeikoMaas sicherlich auch nicht mein Außenminister ist. Shalom. #Bundesregierung #Steinmeier #Israel #Antisemitismus https://t.co/f6tHcp9I6e",0
"Wenn die das nächste Mal nach Görlitz kommen, können sie die Patenschaft für einige hundert Schutzsuchende übernehmen und,um sich besser zu kümmern, sie gleich mitnehmen.  Offener Brief vor OBM-Wahl - Hollywood-Stars bitten Görlitzer: Wählt weise! https://t.co/Rjw2gtXJA8 via @LVZ",0
"@Ich_hake_nach @LVZ Ich rufe dazu auf, von nun an die Filme / Bücher mit &amp; von 👇 zu boykottieren!    - @daniel_bruhl  - @ElleVisionnaire  - Burghardt Klaußner   -  @brigittebrochet  - @boxingondvd  - @danielkehlmann  - Bernhard Schlink    Gleiches gilt auch für Veranstaltungen &amp; Merchandising jeglicher Art.",0
@ostmann1977 @LVZ @daniel_bruhl @ElleVisionnaire @brigittebrochet @boxingondvd @danielkehlmann Bin von ganzem Herzen 💙dabei. #AfD #AfDwählen   Deutschland hat nur mit der AfD eine Chance auf Zukunft.   Sonst werden wir alle @Einzelfallinfos  PS: Und @LVZ lesen und kaufen sollte tabu sein. Gehört außerdem zu 20% #SPD .,0
"@ostmann1977 @LVZ @daniel_bruhl @ElleVisionnaire @brigittebrochet @boxingondvd @danielkehlmann An die Hollywood-Phantasten:  Wir wählen #Afd weil wir unsere Freiheit erhalten wollen, bedroht von einer, von Altparteien geförderten, Ideologie mit Endziel Weltherrschaft, weltweit für hunderttausende Tote/Verletzte verantwortlich, auch in Deutschland,   https://t.co/QoHdTI3tl2 https://t.co/QtcRL1EKAo",0
"@ArasBacho Wer hat dem kriminellen Grapscher das geschrieben? So viel IQ hat der nicht, dass der auch nur einen Satz fehlerfrei schreiben kann.",1
"@ArasBacho ● Massive Eingriffe in die Freiheitsrechte  ● Schwächung der wirtschaftlichen Mitte  ● Massive Steuermehrbelastung der Bürger  ● Sozialistische Tendenzen #r2g    Vier Gründe, die #Gruenen nicht mehr zu wählen...    Und nun? 🤔  #Kanzlerkandidatin",0
",,..der Reporter...seinen Presseausweis [zückte] u sich mit einem Abstand von &lt; 20 cm vor dem Gesicht eines Beamten aufbaute. Er meinte nach Polizeiangaben, dass man ihm gar nichts könne, da er Journalist sei.'     ,,Polizei: Kein Benehmen trotz hohem Bildungsabschluss'  #ZDF https://t.co/3wbk8zh4V4",0
"Früher warst du 30 Jahre eingesperrt.   Oder du hast dein eigenes Leben riskiert, für die Idee Freiheit und Demokratie.  Heute reicht Schulschwänzen gegen den Klimawandel für den #Friedensnobelpreis.  Den Preis kann man schon vergessen. https://t.co/fKF9VkGt5t",0
"@Atze030 @GefrKamnitzer @TichysEinblick Merkel hinterlässt verbrannte Erde, für die CDU, aber sogar auch außenpolitisch. Dass ihr der amerikanische Präsident nicht einmal mehr die Hand gibt, zeigt den schweren Flurschaden, an dem sie nicht unschuldig ist.",0
"😂👍da fragt man sich ,was feiern die denn da !? Sich selbst,da sie auf den Grünen Ideologen Zug aufgesprungen sind !? 🙂    https://t.co/dF2W3Sb0B2",0
"Wenn Sie sich über zu hohe Steuern ärgern - vielleicht sind es gerade Ihre Euros, die als Entwicklungshilfe nach China fließen. Dort ist das Geld ja auch besser angelegt als im deutschem Bildungssystem. https://t.co/XhLNvbve2G",0
"In der Regionalbahn #BadenBaden nach #Rastatt erklärt ein #Migrant einer Seniorin wie Integration in Deutschland funktioniert 'Deutschland ist nicht mehr ihr Land, vergessen sie das nicht!' https://t.co/kFep87MQQO",0
"Die Bergung der Leiche im #Ankerzentrum #Regensburg war zunächst nicht möglich, da die Polizei 2 Stunden von Bewohnern angegriffen wurde. Anzeigen oder Festnahmen gab es übrigens nicht. https://t.co/ySkVfuLWbu",0
Mehr als 10.000 Euro im Monat: Abgeordnetendiäten steigen auf Rekordhoch ‼️ https://t.co/jqWbPCL1YV,0
"In #Gotha gab es nahe einem #Einkaufszentrum eine Schießerei. Ein Polizeibeamter wurde verletzt, ein Verdächtiger festgenommen. Zu den Hintergründen schweigt die Polizei https://t.co/YF4wEO3Sg9",0
"#Berlin: Palästinenser attackieren in Neukölln am sog. “Palästinenser-Tag” den israelischen Musiker Daniel Gurfinkel massiv und beschimpfen ihn judenfeindlich - Video des Vorfalls zeigt, wie er eingekreist und geschlagen wird #Antisemitismus  https://t.co/WQTDWBTrQT",0
"#Regensburg: Syrer (16) schlägt bei einer Geburtstagsfeier in einer Sportgaststätte einer 18-Jährigen ins Gesicht und zückt ein Einhand-#Messer - als Gäste dazwischengehen eskaliert die Situation, es kommt zur #Massenschlägerei mit mehreren Verletzten  https://t.co/MybWYp37p0",0
#Regensburg Während einer Geburtstagsfeier in einer Sportgaststätte schlägt ein 16 Jähriger syrischer Flüchtling einer 18 Jährigen ins Gesicht und zieht ein Einhandmesser. Einschreitende Gäste finden sich in einer Massenschlägerei wieder https://t.co/ptHc7gfPAP,0
"Das @bka befürchtet, dass Mitglieder der Tschetschenischen Mafia Wachschutzaufträge für Dienstgebäude der Polizei darunter #SEK und #MEK erhalten haben und sensible Informationen erhalten haben. Die innere Sicherheit in Deutschland ist kaputt.  https://t.co/8RRHUsMkLN",0
"Lehrerin aus Sachsen berichtet, dass es im Lehrerzimmer 'seit etwa 2 Jahren keine politischen Diskussionen mehr gibt ... keiner traut sich, seinem Herzen diesbezüglich Luft zu machen ... Ich empfinde die Situation heute noch bedrückender als vor 1989.'  https://t.co/tjqNo8ivES",0
"Alfred Nobel würde sich im Grab rumdrehen.  Ein Obama (führte die meisten Kriege im Amt eines US-Präsident), wurde der Friedensnobelpreis verliehen.  Nun ein psychisch krankes Kind, steht nun ganz weit oben auf der Liste für die Verleihung des 'Friedensnobelpreis'.  Sind die krank?",1
"Während in #Berlin fleissig Häuser für Flüchtlinge gebaut und das Taschengeld auf 150€ erhöht wird, rechnet das Sozialamt einem bedürftigen deutschen, die Lebensmittelspenden der #Tafel als 2900€ Einnahme im Jahr an. https://t.co/usBbMNhNp4",0
"#Pforzheim: Arabischsprachiger Mann zerrt eine Frau aus dem Bus, die sich über seinen Lärm beschwerte, spuckt ihr ins Gesicht, ohrfeigt sie und tritt die 48-Jährige derart in den Bauch, dass sie verletzt zu Boden geht  https://t.co/JG8cHTaGsb",0
"#Koeln Weil die Irakerin Zozan sich scheiden lies und ein eigenständiges Europäisches Leben ohne Zwang führen wollte, wurde sie von Ex-Ehemann Dilgasch mit Kopfschüssen hingerichtet. Das gehört nunmal jetzt zu Deutschland https://t.co/YHoN7HaTPY",0
"Diese Videos werden dann nach Hause geschickt, wo man sich köstlich über unseren Staat amüsiert. Zu Recht! #Regensburg https://t.co/0UOOuTeyLl",0
"#München: Bankräuber droht mit Bombe: #Fotofahndung nach einem arabisch wirkendem Täter, der mit Hilfe eines beschriebenen Zettels wortlos Geld fordert, mit einer Bombe droht und mit 10.000 € die Flucht ergreift  https://t.co/TJKqPK8Y5D",0
"- 14000 Straftaten in 3 Jahren   - 104 Clans ins #NRW   - 20% Der Taten von 2 Familien verübt   - 6450 Clanverdächtige  - 2 Tötungsdelikte  Innenminister @hreul sollte zugeben, dass Migration und Sicherheit in #NRW ausser Kontrolle geraten sind https://t.co/NzhsH84IpA",0
"Kriminelle #Clans: immerhin, das Thema wird angesprochen. Dass es aber überhaupt soweit kommen konnte, ist eine #Bankrotterklärung des #Rechtsstaates. Diese Clans gibt es schon lange. Dass es fast immer #Migranten sind, ist auch klar. #Kriminalität https://t.co/Dro44CLUMz",0
"In #Hamm wird dieses Herzchen gesucht. Er stieß einen 65 Jahrigen sehbehinderten Mann aus dem Aufzug, als dieser den Aufzug betreten wollte. Der Senior verletzte sich beim Sturz erheblich https://t.co/pbSPhgNGu6 https://t.co/9t1lcqnbq5",0
"#Seehofer sprach von „Herrschaft des Unrechts“. Jetzt sagt er über #Merkel „Wir sollten in der Union stolz sein, dass so eine herausragende Persönlichkeit aus unseren Reihen kommt.“ Der zieht eine Schleimspur von München bis Berlin. #Schleimhofer #AfD  https://t.co/fF48wRjAsM",0
#Hannover Prozess um die versuchte Vergewaltigung einer #Bachelor Kandidatin 'Baby Baby i need to fuck' sagte der Flüchtling aus #Guinea während er sein Opfer würgte. Bei der Festnahme verletzte er Polizisten und beleidigte sie als Rassisten https://t.co/P35zZd5rEy,0
"100 Clans mit drei- und vierstelligen Mitgliederzahlen, 14000 Straftaten in drei Jahren, 6500 Tatverdächtige aus dem Milieu der arabisch-/türkischstämmigen Grossfamilien: Und das ist nicht Deutschland, das ist nur NRW. https://t.co/064y2I9ykx via @nzz von @Jonas_Hermann",0
"Fastenbrechen in Triberg, Bürgermeister &amp; Pfarrer sind auch dabei,die Bürgermeister-Sekretärin aber sitzt bei den Frauen, denn es herrscht 'strikte Trennung der Geschlechter - ausschließlich Männer waren beim Fastenbrechen', Frauen sind in separaten Räumen  https://t.co/cN5AlprnNC",0
"@der_zmd Über Morde u.Gewaltaten von Deutschen oder Christen wird nicht so ein Spektakel gemacht!! Wer sollte denn in die Moschee reinkommen,auch ein Witz.Kein Fremder darf hinein.Kommt mal wieder auf den Boden ,Bücher sind zu ersetzen Diese Propaganda überall finde ich abscheulich",0
"Das Schöne am Klimawandel: Damit lässt sich von der massiven Steuererhöhung über die Einschränkung der Reisefreiheit bis zur Beschneidung von Meinungs- und Pressefreiheit jede Maßnahme rechtfertigen, die linken Psychpathen nur einfallen kann. Deshalb fahren die so darauf ab.",1
Uni-Senat *hagelvoll? Jetzt kommt der #Gender-Zwang an der Ernst-Moritz-Arndt-Universität zu Greifswald!    Aus Orten der Freiheit und der offenen Debatten sind vielerorts mittlerweile Götzentempel der politischen Korrektheit geworden. Handwerk legen! #AfD https://t.co/O5g2g8T3lZ,0
"@lawyerberlin @Lebensformation ich nenne jeden einen Barbaren, der aus religiösem Fanatismus Musikinstrumente zerstört. Wobei Barbar noch sehr milde ist.    VOR ALLEM DIE VOLLIDIOTEN, DIE ORGELN ZERSTÖREN!!     Und überhaupt Kirchenzerstörer!",1
Wann verklagt man solche Sitzungsleiterinnen nicht vor den Verfassungsgericht. Die Missbrauchen ihr Amt aufs schändlichste.                    https://t.co/urJDiqXgJj,0
Ur-Großvater im Krieg gedient!  Großvater im Krieg gedient!  Vater und Schwiegervater im Krieg gedient. Teilweise viele Jahre in Gefangenschaft.     Für was?!   DAFÜR🤔...❓❗️:    ⁦@Mundaufmachen⁩  ⁦@AfD⁩   #UnserLandUnsereKultur https://t.co/RhIBXhXIfD,0
"@rpo_kultur Ich hab zwar nie TKKG gehört, aber jetzt dreht die Welt endgültig durch. Erst war Pippi Langstrumpf ein Problem, jetzt TKKG ... was kommt als nächstes? Gebrüder Löwenherz? Unendliche Geschichte? Michel aus Lönneberga? Hänsel und Gretel? Oder Asterix und Obelix? Es reicht!",0
"@rpo_kultur Welch Schwachsinn, nicht zu fassen.   1. TKKG war nie 'problematisch'.  2. Wer das behauptet, ist in dieser Zeit nicht aufgewachsen oder paranoid.   3. Ich distanziere mich nicht davon.  4. Ich wähle AfD, zu der auch hier eine egtl. unmögliche Verbindung hergestellt wird.  Lächerlich.",0
"@SaschaUlbrich @Mundaufmachen @AfD ➡️super, gut gemacht❗️auf jeden Fall „retweeten“❗️",0
@SaschaUlbrich @symptompanik @Mundaufmachen @AfD Man kann wirklich nur verzweifeln. Warum haben die Politiker das zugelassen? Warum haben wir das zugelassen. Fck Islam. Ich will diesen Rotz aus meinem Land haben. Zurück in das Mittelalter mit euch.,1
https://t.co/M877hN16hQ,0
"Interessanter Artikel aus 2014.    'Unsere Klimaschutz- und Energiepolitik wird zur Hauptgefahr für die biologische Vielfalt.' Heute, 5 Jahre später, halten wir am Ausbau fest und verschließen weiterhin die Augen vor den Auswirkungen...    #AfD wählen!    https://t.co/Ra1Rw0KDfu",0
"@Sigrid_aktiv Ich staune immer darüber, dass die Grünen keinen Zusammenhang zwischen Bevölkerungsexplosion und Klimazerstörung sehen. Allein die 2 Millionen Migraten, die Wohnung, Auto und Arbeit brauchen, werden wieder ein gewaltiges Stück Grüngürtel in Deutschland zerstören.",0
https://t.co/UhIeEpklnA,0
"Schweres #Unwetter am frühen Abend in #München und Umland.  Viele Sachschäden durch #Hagel. 2 Menschen leicht verletzt. Kommt gut nach Hause, falls ihr noch unterwegs seid.    https://t.co/RXhYQuAVta",0
😂😂😂😂😂 Herrlich https://t.co/bCwKGjCOmp,0
👍🤣🤣🤣🤣🤣🤣🤣🤣🤣🤣🤣ich kann nicht mehr https://t.co/IfEosfU6Vo,0
"@convalaria1 @Wirklichkeit123 @Tschonka Es wurde nicht verschärft, sondern immer ernster, genauer und buchstäblicher genommen. 'Mein Kampf' auf den Index gesetzt zu haben, aber den Koran nicht, ist die größte zivilisatorische Fehlleistung der Bundesrepublik Deutschland. https://t.co/9QStNJAWkp",0
"Hauptsache @Die_Gruenen haben mal wieder hyperventiliert und Verbote gefordert. Sie können wieder runterkommen, Frau @GoeringEckardt.  'Nach Recherchen werden rund 99% der Retouren bei Amazon in irgendeiner Form wieder in den Warenkreislauf zurückgeführt.'  https://t.co/cmWzG6XYhx",0
"@JoanaCotar @Notabaris @Die_Gruenen @GoeringEckardt Die meisten Grünen wären zu dumm, eine Würstchenbude erfolgreich zu betreiben. Aber sie wissen natürlich genau, was Konzerne zu tun haben. Der Standort Deutschland wird scheibchenweise ruiniert.",1
@JoanaCotar @Die_Gruenen @GoeringEckardt Alles Ablenkung von der Flüchtlingskrise und der Masseneinwanderung.,0
"Von was träumt die Nachts? Ist ihr nicht bewußt, das Amazon ein Gigant ist und sie nur eine kleine dumme GRÜNE? Größenwahn ist ihr Metier!  Katrin Göring-Eckardt: Mit Drei-Punkte-Plan - Grüne wollen Amazon Waren-Vernichtung verbieten https://t.co/R5LfUTOJJd via @focusonline",1
"Welche Botschaft sendet Herr #Maas eigentlich an das deutsche, christlich geprägte Volk, wenn seine Aussagen zu religiösen Festen der Muslime deutlich anders wirken als sein „#froheWeinachten und Danke für die Zusammenarbeit“ im Dezember (zu #Ostern nichts)? https://t.co/8xc6MNdBMm",0
Religion des Friedens: Beliebter syrischer Imam ruft in #Basel zum Krieg gegen Ungläubige auf!  https://t.co/EaOvbcYwZM #Schweiz,0
"Irrer Angriff auf die #Meinungsfreiheit aus Werte-Deutschland: Merkel-Nachfolgerin Kramp-Karrenbauer fordert #Klarnamenpflicht, weil sie wissen möchte, 'was ihr so denkt'!  https://t.co/xN5JjQhW4Q @akk",0
Köstlich: Die Zehn Gebote der Ökoreligion!  😂  Alle Gebote kann man hier lernen und einstudieren: https://t.co/V1Su8TWsrg #greta #FFF  via/ @Achgut_com https://t.co/JaAv4quVXl,0
"So eine 'mutige' Berichterstattung (#Pfingsten = Drogentrip) würde ich mir mal wünschen, wenn sich weltweit Millionen Bärtige mit dem Gesicht zu Boden Richtung #Mekka werfen.  Na, wie wär's, @ZDFinfo? https://t.co/L3lhycmkU6",0
Unfassbares Hass-Verbrechen in #Chemnitz: Am Tag des islamischen #Zuckerfest wollen Rechtsextreme™ ein Ferkel grillen!  https://t.co/HWHuoc4Fk4,0
Sex-Attacke im Wohnheim für minderjährige #Flüchtlinge in #Straubing: 14-jähriger Afrikaner bespringt Betreuerin!  https://t.co/CgsNEwGBUT,0
"Man muss sich einfach mal vergegenwärtigen, um was für Spinner es sich bei den Gehirngewaschenen bei #FridaysForFuture handelt: Wer oder was bringt solche Hohlbirnen hervor?  Enjoy!  😂  Ganze Doku: https://t.co/SfPZDf4vyt #FFF https://t.co/dErgc8vNY5",1
"Ich bin meinen Eltern, Lehrern und -an der Uni- Professoren unendlich dankbar, dass sie mich zu kritischem Denken angeleitet haben, um bei solchen Tendenzen 'hellwach' zu sein.  Merci! https://t.co/18m9udjRWE",0
"Obwohl der streng gläubige Herr im #Gefährder-System der Polizei in der höchsten Risikoklasse geführt ist, hortet er munter Waffen mit Munition und Schalldämpfer.  Naja, dient wohl der Religionsausübung.  https://t.co/y6O4yObVNM",0
"Migranten treten jungen Österreicher zusammen!  Das Ghetto-Viertel, in dem das passiert, ist übrigens ein rot-grünes 'Vorzeigeprojekt' für modernes, nachhaltiges und zukünftiges Wohnen.  https://t.co/WFXZGYur9u #Aspern #Seestadt https://t.co/RSZQKArZNA",0
😡😡😡 https://t.co/7lMlTaPd7z,0
"@Uwe_Junge_MdL da sich hier ja immer so viele Gute tummeln, hab ne Frage... ist das hier auch ein Rassist ??? https://t.co/O3F637bRaa",0
Max Otte singt beim Hambacher Fest! Die Demonstration der Patrioten verlief ohne Zwischenfälle! https://t.co/vir2KtYSZX,0
So wird in Dunkeldeutschland gehandelt...... Zahlreiche Dessau-Roßlauer hatten am Sonntag über Facebook einen eilig  veröffentlichten Fahndungsaufruf geteilt und verbreitet und auch selbst  nach dem Tatverdächtigen gesucht und den Nigerer gestellt. https://t.co/9MJGs8PeTK,0
@baerbeli04 @AndreaG799 Ein Hoch auf die Bürger von Roßlau ♥️,0
"@baerbeli04 @bernd471 Ich bin selbst aus dem Westen, aber davon können sich die gehirngewaschenen Weichbirnen mal eine Scheibe abschneiden.",1
"Die Fakten zum Gästehaus der #Bundesregierung Schloss #Meseberg   - In 1461 Tagen nur an 32 Tagen genutzt   - In 1461 Tagen Unterhaltskosten von 4,7 Millionen  - In 1461 Tagen Objektschutzkosten 15,4 Millionen   - Kosten in 3 Jahren etwa 20 Millionen Euro     https://t.co/ZXHeDmN4tJ",0
"Als Fälscher gilt ein 37-jähriger Iraker aus Ludwigsburg, der ebenfalls in dem Ford Mondeo saß, gesteuert von einem 34-jährigen Iraker aus Hamm/Westfalen. Das Trio wurde angezeigt und auf freien Fuß gesetzt.    Einer macht die Theorie für alle    https://t.co/vOPUVPKmau",0
"Nun werden Zweifel geäußert, ob die nach außen semi-anarchische Bewegung #FridaysForFuture nicht doch gesteuert ist.  https://t.co/y7IVokhCx9",0
Nigerianer vergewaltigt 9-jähriges Mädchen in #Roßlau.  Geschockte Bürger werden als Nazis diffamiert.  https://t.co/eqCMH7oo2d,0
Die Strafanzeige der Kölner Polizei zu einem nächtlichen Einsatz in Widdersdorf umfasst inzwischen einige Seiten.Nachbarn hatten sich wegen Ruhestörung beschwert.Die Polizei rückte schließlich mit 20 Beamten an und legte einen ZDF-Reporter in Handschellen.  https://t.co/l1lKLkgs5B,0
"#Teilen #Teilen #Teilen     Bundesweit starten Migranten, Juden und Homosexuelle einen Gegenprotest. Zuvor hatte 'Hollywood' dazu aufgerufen den #AfD🇩🇪❤ OB-Kandidaten für Görlitz nicht zu wählen.  Sebastian Wippel🇩🇪    #GörlitzistschlauGörlitzwähltblau  @SebastianWippel 🇩🇪 https://t.co/myHBFIMKwD",0
'Doppel-Vergewaltigung' in #Düsseldorf: 51-Jährige wird im Hofgarten von zwei Nordafrikanern vergewaltigt!  https://t.co/a28EXGHcXv,0
"#Deutschland 2019: Vor der #EU-Wahl häufen sich die Übergriffe gegen die #AfD. #Linksextremisten beschmieren das Haus eines AfD-Politikers in #Stade. Mitschuld an dieser Pogromstimmung tragen auch die Altparteien, #MSM und #ÖR. Man fühlt sich in unseligste Zeiten zurückversetzt. https://t.co/M45LEUineK",0
"Im französischen #Trélazé bei Angers terrorisieren frustrierte, afrikanische und arabischen #Migranten-Gangs ihre Mitbürger. 😨 #Europawahl2019 #Macron https://t.co/Ntcj6VRoR0",0
#Sexualität ist ein Knast! Was für einen Blödsinn diese #Gender-#GaGa ablassen. Und dafür gibt es mittlerweile ca. 60 Professuren in #Deutschland. Wir fahren die #Wissenschaftsnation sowas von vor die Wand! https://t.co/tHSiLPEK5C,0
"Da haben die #Linken und #Gutmenschen die sprichwörtlich nächste 'Sau die sie durchs Dorf treiben können' Weil #Toto von #TotoUndHarry seine freie Meinung äußerte, die den #Linken mal wieder nicht passt, wird er an den Pranger gestellt! https://t.co/EirbUUHjU0",0
"Beim @ZDF bei #Frontal21 mogelte sich #Kopftuch Journalistin Nemi El-Hassan wieder rekordverdächtg oft in den eigenen #ZDF Beitrag, dessen Autorin sie lediglich ist. Woran kann das nur liegen? Sie erreichen das ZDF in Mainz übrigens unter Tel 06131700 https://t.co/kP0YW7WAzA",0
Kriminelle Clans haben ihre Netzwerke mittlerweile über ganz NRW gezogen: 'In jedem Zuständigkeitsbereich der 47 Polizeibehörden leben demnach Mitglieder von kriminellen Clans.' Alleine die Mitglieder eines Clans wohnen in 35 der 47 Bezirke #Clan  https://t.co/GDgIkJPpvj,0
Warum der EuGH die Abschiebung schwerkrimineller Flüchtlinge und Kindervergewaltiger verbietet. So viel zum Thema Sicherheit. https://t.co/5c1G2vXN2u,0
"#Vetternwirtschaft: #SPD-Parteibuch wichtiger als Eignung. #Giffey lässt Leitungsposten in der #Antidiskriminierungsstelle ein Jahr unbesetzt, weil SPD-Parteigenossin abgelehnt wurde.  https://t.co/PJxA2lH3Cx",0
"Schweiz: 'Über 2000 Asylsuchende müssten nach Eritrea zurück. Sie tauchen aber meist in Nachbarstaaten wie Deutschland unter ...' Ausreisepflichtige erhalten in der Schweiz nur Nothilfe, d. h. keine Sozialhilfe mehr, 8 Franken / Tag und eine Unterkunft  https://t.co/8ovFXliuY9",0
"#Bautzen und die #Riesenaufregung ums das #Nazi-Kennzeichen: 'BZ HH 8888'.    Alle #Befürchtungen haben sich bestätigt,   der #KZ-Besitzer ist ein typischer ostdeutscher #Rechtsradikaler:  Abdullatif Hamami (39), er kam als #Flüchtling nach #Deutschland.    😂     https://t.co/0eY9w7pVMt",0
"#Bonn: “Hilfe, Papa!“ .. später folgten mehrere weinende Emojis” - 2015 nach D gekommene Afghane Arian G. setzt eine 19-Jährige, die er am Busbahnhof kennengelernt hat, unter Drogen und vergewaltigt mehrmals sie mit einem Cousin zusammen - 7 ¼ Jahre Haft  https://t.co/HZRg2ymQrw",0
'Hundert Moscheen will die Ahmadiyya Muslim Jamaat in Deutschland bauen. Das 1989 verkündete '100 Moscheen Projekt' ist etwa zur Hälfte umgesetzt' Nun wurde der Bauantrag für eine Moschee in #Leipzig eingereicht   https://t.co/G4HQ1gzok2,0
"Ich lande vor Gericht, wenn ich einen falschen Tweet schreibe und Drogendealer in Berlin bekommen Verkaufsflächen ausgewiesen. Hier läuft aber mal so richtig was falsch in Deutschland.",0
📢 Es gibt hier nichts zu sehen. Gehen Sie einfach Weiter. Es ist alles in bester Ordnung. Wir leben im besten Deutschland aller Zeiten. Ende der Durchsage. #Deutschland2019.#Fedidwgugl #LiebestattHass #Nohate #Toleranz     https://t.co/0BMw1EmgaY,0
"Willkommen, Wilkommen in meinem Land!  Du bist willkommen, hier bei uns gestrandet.  Willkommen, Wilkommen in meinem Land!  🤔🤨🤦🏼‍♂️ https://t.co/BFYlIyrpFF",0
"„Es gibt eine Art Vergewaltigung, die Sie haben und eine andere Art, die wir im Islam haben.“    „Vielleicht sollte ich Sie einem Afghanen geben, damit er Ihnen die Nase wegschneidet.“    Imam in Afghanistan zu einer westlichen Journalistin    #Islam #Scharia #KulturelleUnterschiede https://t.co/EXrnKTw3EI",0
Vermutlich linksextreme Farbbeutel-Attacke auf meine Ordination: https://t.co/83q6l1K7Tb,0
"'Manche Schwulenpaare meiden offenes Auftreten in bestimmten Gegenden, etwa weil sich dort viele arabisch- und türkischstämmige Jugendliche mit homosexuellen-feindlichen Einstellungen aufhalten.'  https://t.co/XdRDXUjlGX",0
"#DPolGHH #Clans »Der Sozialhilfeempfänger im teuren Sportwagen steht sinnbildhaft für die Ohnmacht von #Polizei &amp; Behörden. Mittlerweile sind die Familien so mächtig, dass niemand weiss, ob der Staat sie je wieder unter Kontrolle bekommen wird.« #Remmo https://t.co/Ms20bUkT2u",0
"Berliner Polizei ordnet antisemitische Taten ohne Belege als rechtsextrem ein, FDPler dazu: Es sei nur eine 'kühne Behauptung, dass ein Großteil antisemitischer Taten von Rechtsextremen begangen werde', in 60% kein rechtsextremer Hintergrund feststellbar  https://t.co/xBWywaYP5P",0
Diffamierendes Theaterstück einer Osnabrücker Gesamtschule „AfD erschießt Flüchtlinge und plant Vergasung ganzer Volksgruppen“ https://t.co/ZEplzn6670,0
"#Merkeldeutschland:  Es sterben mehr Menschen in Deutschland durch Afghanen, als Bundeswehrsoldaten in Afghanistan.    Afghanische Asylbewerber erstechen 17-Jährigen in München.    #MerkelWirkt👍   https://t.co/cgYis57CEi",0
"Berliner Verhältnisse: Parkmanager im Görli hat 'Vertrag' mit den afrikanischen Drogendealern: 'Da haben wir mit denen mehr oder weniger einen Vertrag, mündlich. Es werden keine Kinder und Jugendliche angesprochen, Frauen sexistisch nicht angemacht.'  https://t.co/H7XfQMskDU",0
"Die Busfahrer in #Brüssel fahren den Nordbahnhof nicht mehr an. #Krätze, #Tuberkulose und sogar #Malaria sollen dort unter den durchreisenden 'Flüchtlingen' grassieren. Die Polizei trägt ab sofort Mundschutz. Das Gesundheitsministerium wurde eingeschaltet. https://t.co/5UAaltQkVd https://t.co/VVaIeZtPh1",0
#Muenchen Der am Karfreitag vor einer Tankstelle abgestochene 17 Jährige erlag seinen Stichverletzungen. Die beiden Tatverdächtigen Afghanischen Flüchtlinge konnten in #Paris festgenommen werden. https://t.co/66j3QLqFhi,0
"Libanesische Clans haben den Migrationsforscher Ralph Ghadban bedroht. Der Anlaß für die Verbreitung von Videos mit Drohbotschaften in WhatsApp-Gruppen sei ein TV-Interview, das der Islamwissenschaftler im April dem libanesischem Fernsehsender LBC gab.   https://t.co/8H3LQdUL0A",0
"Was soll man zu @sawsanchebli von der @spdberlin noch sagen ? Wenn sie Tweetet, warte einfach, bis sie sich selbst widerspricht 😂😂😂 Sie macht es GROSSARTIG 😂😂😂 https://t.co/MK9nQDYcJr",0
Sie schweigen eisern und kommen damit davon. Und der Rechtsstaat streicht mal wieder kleinlaut die Segel. Es ist erschütternd. https://t.co/xFan3L9Z90,0
Vor der brutalen Prügelattacke am HTL in #Wien #Ottakring wurde der angegriffene und mittlerweile suspendierte Lehrer systematisch von #Migranten gemobbt. 😳 #Mobbing #Schule https://t.co/R70R32grMg,0
"#Miesbach: Weil 10 Cent zum Bezahlen fehlen, schlägt eine Afrikanerin der Kassiererin mit dem Ellenbogen ins Gesicht, beißt eine Polizistin durch den Handschuh blutig und spuckt - die Täterin ist schon in der Vergangenheit durch Aggressivität aufgefallen  https://t.co/0AYzQcLYRN",0
"Wer als Kickboxer ein am Boden liegendes, wehrloses Opfer mit einem gezielten Tritt gegen den Kopf tötet, ist also weder Mörder noch Totschläger?? Er bekommt Top-Anwälte zur Seite und genießt den totalen Schutz des Rechtsstaats. Totprügler Muharrem C. (28) https://t.co/QxLrYWRU7w",0
"Lesbisches Paar wird in #London einem Bus verprügelt.  @annewill findet das 'schlimm'. Komisch, dass sie weder über Täter noch über schlimmeren Fall aus D informiert: #Celle: Lesbische Frau wird von Schwarzafrikaner  niedergestochen, weil sie ihn abwies.  https://t.co/ajb5KLD1fy https://t.co/moLfV6xCbU",0
Frohe #Pfingsten an alle! Möge sich der (Heilige) Geist auch über Linksgrüne ausschütten! 😇 https://t.co/CNWZU2uETz,0
"Die ganzen naiven Bessermenschen und 'refugee' welcome Schreier mit Migrationshintergrund sollten in ihren Heimatländern verkünden, dass man unbegrenzt Migranten aufnehmen sollte. Bitte lasst mein Heimatland, was auch das meiner Vorfahren ist, in Ruhe!  #HauAbGesetz",0
Krass. Linksextreme wollen sich selbst abschaffen. https://t.co/cVj3NHQhlI,0
"Wenn ich ein Wort nicht mehr hören kann, so ist das #Fachkräfte. Bestes Synonym dafür, wie Merkel, Medien und Bessermenschen versucht haben, Analphabeten als unbedingt notwendig für unser schönes, hochentwickeltes Land zu erklären.",0
"So, es geht los. Im Wahllokal das vermutete hier erwartete grüne Ergebnis etwas korrigieren. 😊  #Gehtwählen   #Europawahl2019   #EuropeanElections2019 https://t.co/IR8RL0XQse",0
"Ich mag Wahlempfehlungen nicht, da hier aber alles in eine bestimmte Richtung geht, mal ein Korrektiv:  #GehtWählen für eine bessere Zukunft, geht wählen gegen linksgrün. 😊",0
"Ob die 70 Youtuber, die 'Wahlempfehlungen' zu links/ grün geben linke Aktivisten sind ist fast egal, da ihre  'Fans' eh nur 11-14-jährig sind und nicht wählen dürfen. Und wenn sie 30 Jahre sind, konservativ wählen werden, wenn sie bis dahin nicht total abgestiegen sind  #gehwählen",0
"Was werdet ihr Sonntag wählen?  Btw: Bitte erklärt Älteren (Omas, Opas etc.), die über kein Internet/alternative Informationen verfügen, was manche Parteien mit unserem Land vorhaben und wie übel es in unseren Großstädten schon aussieht.  #Europawahl2019  #Europawahl   #GehtWählen",0
"Hallo. Habe heute noch einen schwierigen, herausfordernden Tag vor mir und bitte drückt mir mal die Daumen für ein paar Stunden. Danke. 😊",0
"Heute ist Tag der Erhaltung der Artenvielfalt. Bessermenschen freuen sich über jede einzelne Art und wollen auch jede einzelne schützen.  Es sei denn, du bist autochoner Europäer eines Nationalstaates. Die sollen nämlich draufgehen zugunsten Arten-Mix.   #BiodiversityDay",0
"Ich dachte ja, ich hätte schon jeglichen bessermenschlichen Schwachsinn gehört, aber neulich im Cafe einer Unibibliothek: 'Ist es möglich Organe nur an 'refugees' zu spenden?'  Ich mache mir langsam große Sorgen wegen des grassierenden Wahnsinns.",0
"Ich kann nur dazu raten, linksgrüne, intrigante und einseitige Schmierblättchen wie #Spiegel und die anderen unten peinlich angepriesenen zu deabonnieren.   Bitte weitersagen. https://t.co/BbftyMY9t4",0
Bessermenschen wundern sich. Eine identitäre Albanerin fordert albanische Migranten auf:'Kehrt in euer Heimatland zurück.' 😂  #esc2019   #Eurovision   #Albania,0
"Och Gottchen, unsere linksgrüne Twitter 'Elite' hat mal wieder etwas gefunden, über das sie sich empören können um damit ihre Schuld, die sie verspüren deutsch zu sein 'reinzuwaschen'.  Mal ein Tipp: bitte auswandern. Ganz weit weg. Afrika oder Saudi-Arabien?    #Bahlsen",0
Btw: #DorisDay war Deutsche.  #RIP,0
"Och Gottchen, jetzt bezeichnen blinde Bessermenschen und MigrantInnen, die komischerweise nicht in ihren 'frauenfortschrittlichen' Heimatländern leben wollen, Alice Schwarzer als 'Nazi' weil sie vor radikaler Religion warnt.",0
"Im Görlitzer Park soll das massive Drogenproblem gelöst werden, indem man Dealer rosa markierte Flächen zuweist. 😂  Bitte aber noch bunte Markierungen 'B' für 'Bereicherung für Bessermenschen' einrichten in denen sich dann Betreffende einfinden sollen.  #RotRotGaga  #Berlin https://t.co/pr72Fl6px9",0
"Finde die #Edeka Werbung nicht schlimm. Es entspricht dem Zeitgeist, Männer schlecht darzustellen. Jahrzehnte vorher bildete Werbung Frauen in stereotypen Rollen ab, da das ebenso Zeitgeist war. Werbekunden bestimmen was gemacht wird. Man kann nur zeigen, dass es real anders ist.",0
"Oh nein!! @sawsanchebli, Inspiration der Hashtags #twitternwiechebli und #chebliwitze wurde gesperrt.  Gebt das allumfassende Genie wieder frei, @TwitterDE!  #freeChebli https://t.co/73eK49slhp",0
"#Konstanz hat den #Klimanotstand ausgerufen. Wird denn auch gegen nervige luftverpestende Sisha-Bars und bunte Autoposer vorgegangen oder sollen nur die, die alles zahlen reglementiert werden? https://t.co/NAnl8dMbum",0
Bewährungsstrafe für  Schwarzafrikanischen Asyltouristen der eine junge Deutsche auf Kirchentreppe vergewaltigt hat https://t.co/4UFpOxUUHb via @wordpressdotcom,0
"Finde ich im Prinzip in Ordnung. Aber habe ich die Kampagnen des @bka gegen Organisierte Clan-Kriminalität, Zuwanderer-Kriminalität, Gewalt gegen Frauen usw. verpasst? #Hasspostings https://t.co/rR0WSyrRa0 https://t.co/6HMggopcin",0
"@AlexE1789 @Proteus93484191 D Ramadan ist eine Monat durchhängen ohne jegliche produktivität, dann drei Tage dauer Fest als Belohnung obendrauf! Aber woher sollte klein Heiko das wissen, i seinem Wolkenkukuksheim?",1
"Linksgrüne: 'Geflüchtete sind traumatisiert, Silvesterknallerei verbieten! Und Osterfeuer auch, weil das ist schlecht für's Klima!'  Auch Linksgrüne: Zerlegen Berlin+weitere Großstädte+zünden massenhaft fremde Autos während #1Mai Krawallen an.  #TagderArbeit",0
Ganz großes Kino.  💌🌈 https://t.co/AAbvbiyoS8,0
Schönen #Gründonnerstag für alle die es kennen.,0
"Sehr komisch, dass der Brand von #NotreDame gleich von offizieller Seite als Unfall abgetan wird.Ermittler waren ja noch gar nicht vor Ort. Habe erst gestern von zunehmenden Attacken+auch Brandstiftungen auf französische Kirchen gelesen.  #Paris #Brand https://t.co/eKoWdqEvvu",0
Was werdet ihr wählen?#Europawahl,0
Indem man noch mehr Boote mit den netten FeministInnen* aus Afrika herholt+herlockt. https://t.co/hz9LFWDBTg,0
Frohe Ostern und einen wunderschönen Ostersonntag!  🐣🌄⛪ https://t.co/97rcwtJQOv,0
"Die @CSU will uns erzählen, dass sie die EU Grenzen schützen, dabei gilt doch 'Dank' Merkel:'Offene Grenzen sind alternativlos' + es werden Migranten sogar aus Libyen abgeholt! @ManfredWeber - Sie lügen. https://t.co/xMpaiIoG7T",0
"Interessanter Ansatz aus der Hirnforschung zu #Organspende. Forscher der Yale Universität: Mikrozirkulation + Aktivität von Synapsen können auch 4 Stunden nach dem Hirntod wieder einsetzen. Ein Grund, weshalb ich einer Organspende widersprechen werden.   https://t.co/TixJc4CZn5",0
Was ich tatsächlich wähle sage ich nicht. 😊  #wahlomat  https://t.co/pDUYQAxlOW https://t.co/ZoQP1CL07G,0
#Kühnert will BMW enteignen. Besser wäre aber wenn Kühnert endlich mal für seinen Lebensunterhalt arbeitet. Vll sogar am BMW Fließband? Falls das nicht zu überfordernd ist.,0
Massiver Wohnungsmangel in Großstädten. Habeck+Stegner (was für ein Gespann!) sind anstatt Grenzen zu schließen+Abgewiesene abzuschieben für Enteignungen! Sind wir schon in einer sozialistischen Diktatur gelandet? https://t.co/Q1TKfLkyvh,0
Schafe ohne Betäubung verstümmelt! Sehr schlimm+widerlich. Geht um Wolle. Dachte aber es geht um Schächten. Wann kommt denn da mal endlich eine Petition von #Peta mit: 'Das muss ein Ende haben'?  #banhahal https://t.co/KpN2AMKaar,0
@T100007140969 Toll.😊,0
"Ob Pflicht zur Organspende auch für bestimmtes Klientel gilt, die Tote religiös bedingt nach 24 Stunden unter die Erde bringen wollen? Bei einer Organspende oft nicht möglich, der Körper bleibt oft Tage an Maschinen, da wird dann wohl 'kültursensibel' entschieden. #hartaberfair",0
"Ist lustig und tragisch zugleich zu sehen, dass bisher ignorante und uninformierte Teenies mitkriegen wie korrupt+verlogen Politik funktioniert. Hätten sie sich mal auch in anderen Belangen nicht so auf Medien+eigene Ignoranz verlassen ...  #Artikel13",0
Natürlich sehen die #Grünen eine #Impfpflicht kritisch. Denn viele schon längst eingedämmte Krankheiten werden uns durch ihr rückschrittliches Lieblingsklientel wieder 'geschenkt'.,0
"#Christchurch Attentäter hatte Eintrittskarte zum Schloss Neuschwansteinstein -  das weiße, deutsche Schloss muss jetzt als 'Kampf gegen rechts' in NeuSchafEurabia umbenannt, schwarz angestrichen oder ganz+gar abgerissen werden. Und Tote Hosen geben natürlich auch ein 'Konzert'. https://t.co/FnxH2NuSXv",0
"@Kittypunk7 Hallo, gute Tweets, aber bist du echt ein Punk+links?",0
"@T100007140969 Das ist jemand der bei Verlagen Manuskripte liest und auswählt, wer mal ein reicher Autor wird.",0
"Ach du Schande, gerade gelesen: Innerhalb der #SPD dürfen Atheisten keinen Arbeitskreis gründen! Warum denn nicht? Hat die @spdde Angst, dass da auch Islamkritiker dabei sind und die angestrebte Hauptwählergruppe vergraulen könnten?",0
Schweizer Medien staunen darüber was in #Berlin abgeht:  💢Arabische Großfamilien bestimmen organisierte Kriminalität mit  💢Polizei oft machtlos  💢Viele bekommen Hartz 4 +tragen Rolex  💢Kriminelle Gelder werden durch Sisha-Bars+Bäckereien sauber gewaschen  https://t.co/ajezipENUZ,0
Das kann man sich kaum ausdenken: Laschet (CDU) kritisiert Scholz (SPD) für Kürzungen bei Flüchtlingshilfen.  (Quelle: Spiegel),0
Ich habe ein #Klimaproblem: es ist einfach viel zu kalt für Frühling.,0
"@T100007140969 Verständlich, aber ignorieren hilft ja auch nichts.",0
"@a_nnaschneider Unter Kollektiv-Zwang verführte, realitätsabdriftende Menschen kennen in ihrem Wahn keine Grenzen mehr. Heute nicht das erste Mal in der Geschichte der Menschheit. Geht immer einher mit dekadentem Zeitgeist und seinen unschönen Wirkungen.",0
"Wenn man Leute, die aufgrund religiösen Fanatismus Musikinstrumente zerstören, „Barbaren“ nennt, führt das bei #Twitter zur Löschung des Accounts. So zumindest bei @Lebensformation samt Verlust von 4256 Followern! Ein Skandal! Solidarität mit #Lebensformation!!!",0
Der 'Schauspieler' @KhodrKida hat 1996 also eine 15jährige [seine Frau wurde 1981 geboren] geheiratet? In Deutschland? #Kinderehe  https://t.co/pAvEfVHuJA,0
Wenn du als Soros Jüngerin eine Wette verloren hast und im TV als deutsche Kanzlerin mit deutschem Brauchtum auftreten musst.  #Rosenmontag #Karneval https://t.co/lU8GsD2c3q,0
Medien feiern 'arabischen Frühling' - was passiert? Nordafrika wird islamisiert+instabilisiert.   Medien feiern Martin Schulz - was passiert? SPD stürzt ab.  Medien feiern Klimagöttin Greta - was passiert? - Klima wird sich ändern wie es das schon ewig macht.  Medien sind Märchen.,0
"Gerade zufällig ARD eingeschaltet. Trump böse, Refugees gut, Deutsche böse, Greta gut. ARD/ZDF müssten eigentlich als Güne Jugend Dauerwerbesendungs-Kanal gekennzeichnet werden.",0
"'Neubeginn in Europa' heißt, unsere Nationalstaaten sollen sich nicht 'abschotten'. Komisch, warum gilt das nicht für islamische Staaten?   Macron sollte Moslems lieber eine Flucht in reiche Nachbarländer wie Dubai oder Saudi-Arabien ermöglichen.",0
"Liebe Stasi, sonst nix zu tun? https://t.co/AUq2bKEUtX",0
"Maltas Ministerpräsident Joseph Muscat: 'Die Migranten hätten nach Tunesien gebracht werden sollen, da dort der Rettungsaktion nächstgelegene Hafen ist und nicht nach Europa.' Werden die Schlepper denn verhaftet und warum unterstützt die  Bundesregierung sowas @regsprecher?",0
"Unsere Bundesländer planen ein umfassendes Messer-Verbot wegen zunehmender Übergriffe im öffentlichen Raum. Toll, der gutgläubige Michel wird entwaffnet+die Oma mit Pilzmesser kriminalisiert während nicht mal im Traum daran gedacht wird, Buntbürger zu entwaffnen.",0
"210 Abgeordnete riefen Seehofer auf, Migranten, die von Libyen nach Malta kutschiert wurden, aufzunehmen! @der_Seehofer gab nach. Es sollten diese Abgeordneten verpflichtet werden, die Migranten bei sich zu Hause aufzunehmen! @Die_Gruenen @linksfraktion @spdbt @CDU  #AlanKurdi",0
"Lese gerade die TL von Sawsan Chebli und denke mir, dass sie doch sehr gut integriert ist: Jeder Tweet liest sich wie ein Aprilscherz.  Kein Scherz ist allerdings, dass wir sie fürstlich durch unsere Steuern alimenieren.",0
"Trump schlägt vor, illegale Einwanderer nur in Städten von Demokraten regiert unterzubringen, da Demokraten Abschiebungen Illegaler blockieren.     Tolle Idee, sollte man auch hier anwenden. https://t.co/bRaGWacdvG",0
"Vielleicht ist an dem Spruch mit der Maus, die im Pferdestall geboren wurde und doch automatisch kein Pferd ist doch was Wahres dran. https://t.co/EsiQ7Zost5",0
"Und dann gibt es wieder Empörungs-Tweets darüber, dass sie auf Englisch angesprochen wird. https://t.co/cRuM5dXsht",0
Die Grünen schlagen ja wegen der Wohnungsnot #Enteignungen vor. Was kommt wohl als nächstes?,0
"Bacho:'Gestern half ich altem Mann! Er freute sich, aber Autofahrer hupen!'  Allerdings auch Bacho:  'Gestern begrabschte ich junge Frau. Sie freute sich nicht, aber ich wollte an die Hupen!' https://t.co/YNDJLMg0Pd",0
"Was @SawsanChebli wirklich passiert ist:  'Schon wieder: Hab' gerade eine  hübschen blonde Lufthansa-Stewardess gesehen! Hab' mich gefragt, warum sie #vonhier aussieht, also so wie es richtigerweise weltweit alle mit 'deutsch' assoziieren - und ich nicht.😢! https://t.co/ICoXNhsuIf",0
"Die 40 Toten sind tragisch, allerdings werden zig Moslems täglich von Moslems getötet (Syrien, Afghanistan, Terroranschläge in Afrika etc.pp.) -  da schweigt @SawsanChebli - die komischerweise in D und in keinem moslemischen Land leben will.  #Christchurch #Neuseeland https://t.co/L1JfyDO2KN",0
"Da hat die gute Greta mal ihre Tabletten genommen+ eingesehen, dass wir ohne Energie im Dunkeln+Kalten stehen+sprach sich für Atomenergie aus! Tja, das war's dann mit dem Friedensnobelpreis. Welcher  Messias wird jetzt von den Medien erfunden, nach Martin Schulz, Macron+Greta?",0
"Dieser ganze #EuropaistdieAntwort Kram klingt schlimmer als eine Sekte und hat überhaupt nichts mit Europa zu tun, sondern mit einem EU-'Sozialismus'Monster, indem indigene Europäer ihre Kultur+Identität+Wohlstand aufgeben sollen.",0
"Mit 'Generation Greta' ist den Linksgrünen das gelungen, wovon Joschka Fischer immer träumte: uns 'einzuhegen und auszudünnen'. Nur passiert das jetzt nicht nur personell, sondern auch mit Gehirnmasse der jugendlichen schon immer Hiergewesenen.",0
@T100007140969 Nicht nur. Die meisten sind Schwaben.,0
"Heutzutage kann man froh sein, wenn man ein Pärchen mit Kind in der Großstadt sieht, dass alle noch irgendwie europäisch aussehen.",0
@Niggurath84 Toll! 😊,0
Der heutige furchtbare #Einzelfall kommt aus England: Frau wird an ihren Haaren(!) aus dem 11. Stock gehalten+nach Überlebenskampf fallen gelassen!! Unsere Medien verschweigen Infos. Englische Medien: Verdächtiger ist 'african guy'!  #metoo #Glasgow #RIP   https://t.co/3dIrGkVxFQ,0
"@T100007140969 Autismus-Form. Nicht tödlich, aber Gretas Fall tödlich nervig.",0
"Bin zwar für die Selbstbestimmung von Frauen, aber habe öfter schon von Frauen gehört, die eine Abtreibung sehr bereut haben, allerdings noch nie von einer Frau, die bereut hat ihr Kind zu bekommen.  #annewill",0
"@AnneWillTalk @haenel_kh Sorry, das klingt aus dem Mund einer alten Frau, die selbst keine Mutter ist ziemlich verrückt und anmaßend. Ihr solltet euch mal bei youtube das Video ' Das Kind, was eine Abtreibung überlebte' ansehen. Dann wieder urteilen. #annewill  https://t.co/gwolT7ZweB",0
Warum hört man vom tragischen Selbstmord einer 11(!)-jährigen Schülerin der #Hausotter Grundschule in #Reinickendorf nix über die Hintergründe?Wer war die Schülerin? Wer die Mobber? @BILD @welt @RTLde @faz @focus @Tag24B Randinfo: Anteil Nichtdeutscher 71%  https://t.co/6q4xdE0YCB,0
"Gerade gehört: Kramp-Karrenbauer würde angeblich die Grenze schließen lassen.  Wirklich? Damit auch sicher ist, dass kein Gold mehr ausreisen muss?",0
"Jeder der will kommt ohne Pass+mit Fantasieangaben ins Land rein, aber für uns Autochonen werden unsere Fingerabdrücke im Pass Pflicht!",0
'Die Deutschen haben Millionen von Juden umgebracht ... und jetzt lässt Angela Merkel eine Million ihrer Erzfeinde ins Land.'   #RIP Karl Lagerfeld. :(,0
"Es sollte eine Volksabstimmung über Erhalt+Finanzierung der öffentlich-rechtlichen Sender geben! Und dabei aber auch thematisiert werden, dass Redakteure ca. 9000 € monatlich und Intendanten ca. 400.000 jährlich verdienen! Wir alle finanzieren diesen Wahnsinn via #GEZ!!  #Framing",0
"Wir sind das einzige Land, in dem nun nachgewiesen gelenkte Staatspropaganda gegen die eigenen Bürger auch noch von selbigen selbst bezahlt werden müssen!  #GEZ sofort abschaffen!  #FramingManual  #Framing",0
"Im Park. 2 Omas unterhalten sich. Eine sagt, dass sie nicht mag wie sich ihr Viertel durch Neuzüge von bestimmtem Klientel verändert hat+sie sich kaum mehr raustraut. Die andere:'Das lass ich mir nicht bieten. Wenn die auf mich auf dem Weg zukommen, weiche ich keinen Zentimeter.'",0
Frühling. 😊 https://t.co/fXGWnqxL1n,0
"Gerade im Radio (aka quasi dem 'sozialistischen Einheitsradio') gehört: Soros warnt! Auf Europa käme wegen der #Europawahl eine Krise zu! Die Menschen müssen endlich aufwachen! Seine einzige Hoffnung sind die deutschen Grünen!  Nein, danke! 😂",0
"Hallo! Kennt ihr vll jemanden, der diesen heimatlosen süßen, alten + verschmusten Hund aufnehmen würde, damit er noch ein paar schöne Hundejahre verleben könnte?  Info: info@prodogromania.de https://t.co/468AnQKJzJ",0
"‼️YOUNES hatte eine Anfrage, doch es hat nicht geklappt. Die Zeit rennt ihm davon 😔    https://t.co/eTBoRMsHV3",0
@Holle1909 @holunderhelmut Ich musste nebenbei arbeiten+dafür auch Steuern zahlen. Außerdem werde ich später mal einen Spitzensteuersatz zahlen müssen.,0
"Gerade gelesen, was #Relotius als Entschuldigung sagte, uns Lügenmärchen wie 'Syrer findet 500€ und bringt sie zur Polizei' aufzutischen. Sie könnte auf 99% aller 'Qualitätsjournalisten' + #GEZ Alimentierten zutreffen: 'Ich bin krank und brauche Hilfe!' 😂",0
Ach du Schande! Ruft der Schlepperverein etwa zu Scheinehen auf? https://t.co/JAZimAXlSJ,0
"Hallo, ich mache mir Sorgen um Deutschland. Sie kennen mich vielleicht unter meinen #GreatestHits:'Normale Länder haben Grenzschutz!' Oder: 'Jede Woche wächst Afrika um 1 Mio Menschen! Illegale Migration wird Europa zerstören+Afrika nicht helfen'. Oder:'Lies bitte Art. 16 a GG!'.",0
@Naund10 Ist das Sat 1 - Frühstücksfernsehen?,0
"Oh nein, #Tatort wieder total realitätsfern und mit Erziehungsgedanken:  'Reichsbürger'! Hey liebe @Tatort Autoren, könntet ihr mal bitte zum Hauptbahnhof fahren (wahlweise: #Gelsenkirchen), wo vorhin gerade Türken+Syrer randaliert haben, um mal echte deutsche Tatorte zu sehen? https://t.co/nggBoTbJif",0
Voll kalt draußen!  Bitte nicht vergessen Vögel/Eichhörnchen etc. zu füttern + schönen Sonntag! https://t.co/A4MZ1uzgSG,0
@wessarges Danke.😊,0
@klaus_fritz @a_mittlinger @michaela_bogner Nicht überall. In Berlin o. Hamburg gibt es schon Taubenhäuser. D.h dort leben+fressen Tauben+haben einen Rückzugsort.,0
"'FRAU MERKEL HAT DAS BLUT MEINES SOHNES AN DEN HÄNDEN“. Diesen Satz sollte man in den Stein der Kaiser-Wilhelm-Gedächtniskirche meißeln. Groß genug, dass der Staatsbischof ihn niemals vergisst. Eine solche Predigt ist wie blanker Hohn.  ⏬⏬⏬ https://t.co/SC9w62vZa4",0
"@DerBrainfucker @Martin_Sellner Westernhagen empfiehlt Kokainkonsum, um nicht AfD zu wählen, Beck empfiehlt Crystal, ich empfehle, Menschen mit drogenbedingten Hirnschäden unter Betreuung zu stellen, um die Öffentlichkeit vor deren totalitären Ideen zu bewahren.",1
"Was gibt es schöneres als ein Haufen abehobener, degenerierter 'VIPs', von außerhalb, die einem sagen wollen, wie man, bei der Oberbürgermeister-Wahl in seiner eigenen Stadt, zu wählen hat..? https://t.co/gHwJYdOmvn",1
"@rpo_kultur 'heute ist alles besser', ist derselbe Schwachsinn, wie 'früher war alles besser'. Die Welt wird nicht besser, sondern Diskriminierung, Chauvinismus wechseln nur die Seiten, siehe Südafrika oder der aggressiv-kriminelle Hetzjagd metoo Feminismus.",0
Hoffentlich waren es faule Eier. https://t.co/MIdi9Nf3WP,0
"Italien den Italienern, Deutschland den Deutschen. https://t.co/pCbSRYoen1",0
Super der Mann    USA: Donald Trump - erst gejagt und jetzt Jäger des 'Tiefen Staates' https://t.co/3hp8LoL5W3,0
Was bedeutet 'ein Ergebnis EINFAHREN'? Der Politikbetrieb ist ein Phrasengenerationsproduzent.,0
"Lars Klingbeils neue Worthülse, die Entschuldigungsphrase 'da waren wir nicht auf dem Platz'; ein Platzhirsch ist weder er noch die SPD. https://t.co/8rRgmW3SVB",0
Baldrian-Journalismus zur Beruhigung der Gemüter https://t.co/DM7YZaVeso Heute gibt es wieder das 'volle' Hetzprogramm; böse Rechte.,0
Leider zu viele Blind unterwegs. https://t.co/Ct8xOL3D7Z,0
https://t.co/Z98EOgcSBS  Bei analogem Handeln gäbe es in Deutschland auf Länder- und Bundesebene keinen amtierenden Innenminister mehr; auch Merkel müsste schamhaft 'die Koffer packen'.,0
"Sie suchten und fanden nichts, dann spielten sie, 'Verstehen Sie Spaß' mit Lockvogel etc., Ergebnis bekannt. Eine Kampagne der  BRD mit den linksrotgrünversifften Werkzeugen: DER SPIEGEL, SÜDDEUTSCHE ZEITUNG und ZFD NEO mit BÖHMERMANN, gegen, noch souveränes, Österreich. https://t.co/KgPOGmQo0M",1
"@gabbertommy Screenshot ist der Beweis, jetzt wird es teuer. https://t.co/XqCh1kYSjR",0
"@gabbertommy , das gibt Strafanzeige! https://t.co/7SUwrElFDA",0
Damit alle was vorm Wochenende zu lachen haben. Jürgen Klopps Auftritt bei Mike Krüger @LFC #liverpool https://t.co/Q40rWobIhu,0
"@KrahMax Habe gestern plakatiert gesehen, dass Sie mein Kandidat sind hier in Sachsen und selber Landsmann. Werde Sie aus Überzeugung wählen; sah Sie neulich gegen '....ska' Grüne https://t.co/Vu8MRpa43N",0
"Die Chefs reden stur aneinander vorbei https://t.co/Sg1oteGLrW    Bauern können nicht mit 'einer Zunge' reden, zumal jede für sich gespalten ist vor lauter 'falschem Zeugnis geben wider dem Nächsten'.Wahrheit ist bei denen so unbekannt, wie die Lokalisierung des 'Bernsteinzimmers'.",0
"Herrlich der Buchstabentausch, so sind auch Algorithmen machtlos. https://t.co/xeMzqhQSwc",0
ein Mann eine Meinung 💪💪💪💪💪💪 https://t.co/SNNe1G1mcy,0
Rathausaffäre: Hannovers Oberbürgermeister wegen schwerer Untreue angeklagt https://t.co/V1I9rqqm0E,0
@SteinbachErika 'Herr' Stegner bezeichnet die AfD als 'Bande' und unterscheidet auch bei Attentaten im Sinne rotgrünversiftem Mainstream. https://t.co/O3ZSWEdA2t,1
"-#Gendergaga  -#Klimawetter  -#Plastik  -#Afd  -E-Autos  -#Diesel  -#Frauenquote  -Flüchtl in Mexiko  Es gibt soviele wichtigere Themen wie #Innovation ,Forschung,#Armut,#Abschiebungen, Infrastruktur, #Digitalisierung, #Industrie40.Die neue grüne Politik verhindert den Fortschritt!",0
BREAKING NEWS    Die FPÖ übernimmt Mehrheit bei Tee-Imperium... https://t.co/W5SihCcm9Y,0
Heiko Schrangs Wahlempfehlung zur EU-Wahl https://t.co/x7WuQch9Hf,0
Sehen Sie hier meine heutige Rede im #Bundestag in der vereinbarten Debatte zu 70 Jahren #Grundgesetz:  #70JahreGG #AfD #Volksentscheid #Volksentscheide  ℹ️ https://t.co/E8ntodWhag  🎬 https://t.co/BwR68g9MfQ https://t.co/8efjIOagXl,0
Was löste den Brand der Notre-Dame aus? – Ermittler gehen zwei Spuren nach - https://t.co/hMkigZroeb via @watson_news,0
Dieser Mann wurde dreißig Minuten nach dem Ausbruch des Feuers in der Kathedrale gesichtet https://t.co/F56HCHmrUb via @Politikstube,0
"'DIE 'ZEIT' nicht um- vor- oder zurück, sondern abbestellen. Die anderen Exemplare gleich mit. https://t.co/lbDmu8vFP9",0
Noch eine neue Steuer: Eine CO2-Abgabe für jeden Lebensbereich soll die Bürger Milliarden kosten. Die höchsten Strompreise reichen noch nicht. Übrigens: Die USA machen nicht mit. https://t.co/f8ct15fPgR,0
Artikel vom 9.4.2019    'Täglich werden in Frankreich drei Gotteshäuser Opfer von Vandalismus. Von der katholischen Kirche wurden die Vorfälle lange nicht an die große Glocke gehängt – jetzt finden sie größere Aufmerksamkeit. '   https://t.co/FBGcsohCbl,0
Ihr Wissen nahmen sie mit ins Grab https://t.co/IibSH4B6ra via @WEBDE_News,0
Das halte ich für im Bereich des Möglichen.    Eurosport : Gerücht aus Italien: FC Bayern angeblich an Conte dran https://t.co/3cfs4eacoa,0
"Retweete diesen Tweet, wenn du auch dafür bist, dass “Flüchtlinge“ in Wohngebiete von Grün-Wählern angesiedelt werden🤨🥳",1
@_FriedrichMerz Ja fang mal an. https://t.co/MkXvElwQJe,0
Notre Dame brennt.  Die Welt ist erschüttert.  Muslime feiern.    Keine Pointe.😔,1
"Kriminologe Christian Pfeiffer erhebt Vorwürfe gegen Kardinal Marx https://t.co/Plb0IMHs6a  Lügen und Betrügen sind Tugenden der katholischen Kirchenfürsten, das generiert bei mir Abscheu und Ekel.",0
Gesunde Ernährung - Ernährungstipps von Bas Kast | MDR um 4 | MDR https://t.co/NjdgqO7FjQ,0
"'Fast auf den Tag genau vor einem Monat brach das Feuer in der Künstlerkirche Saint Sulpcie, der kleinen Schwester der Kathedrale... https://t.co/EYtXv88p9p",0
@OlafGersemann @welt „Falsche Propheten werden in großer Zahl auftreten und viele verführen.“  Matthäus 24:11 HFA,0
Berliner Bischof: „Mich erinnern die Freitagsdemos an die biblische Szene vom Einzug Jesu“ https://t.co/kGtj3J1Gq4 via @welt  „Falsche Propheten werden in großer Zahl auftreten und viele verführen.“  Matthäus 24:11 HFA,0
Parlamentswahl Finnland: „Die Finnen“ fast gleichauf mit den Sozialdemokraten https://t.co/FAFHgUqxW6 via @tichyseinblick,0
"Es kommt jetzt darauf an, wer die meisten Punkte holt  21.04.    15.30 UhrSC Freiburg-BvB  27.04.15.30 UhrBvB-Schalke 04  04.05.18.30 UhrWerder Bremen-BvB  11.05.15.30 UhrBvB-Fortuna Düsseldorf  18.05.15.30 UhrMönchengladbach-BvB https://t.co/UGbfVp3a2J",0
"Seit seinem Wechsel im Winter erzielte Isak in seinen ersten zwölf Spielen zwölf Treffer. Das gelang noch nie zuvor einem Ausländer in der höchsten Spielklasse in den Niederlanden. Auch am Sonntag war er beim 2:0 gegen Zwolle erfolgreich, zudem steuerte er noch einen Assist bei. https://t.co/TUbbwObQ5P",0
Otto Addo verlässt Gladbach und kehrt wohl zum BVB zurück https://t.co/KFdXceUQxM,0
Gelsenkirchens neue Aufgabe: Rettet Ückendorf    Die einst prächtigen Gründerzeitfassaden spiegeln den Niedergang der Bochumer Straße im Gelsenkirchener Stadtteil Ückendorf wider. https://t.co/xyFJn4SnlJ,0
"Sparkassen, früher seriös und gemeinnützig, sind inzwischen auf 'Banker-Niveau' herabgesunken.    Sparkasse Werra-Meißner Staatsanwaltschaft ermittelt gegen Private-Banking-Berater https://t.co/bPCeLj66fB",0
"Das Hillsborough-Desaster: Seit 30 Jahren kämpft Margaret Aspinall dafür, dass aufgedeckt wird, wer schuld am Tod ihres Sohnes ist https://t.co/Yx2zthzD7A via @nzz",0
"Danke * des Südens, vom Leuchtturm des Westens. https://t.co/v3t0nqIAja",0
"Die Finnen und die konservative Nationale Sammlungspartei erreichten 39 und 38 Mandate. Die Rechtspopulisten halten damit neu mehr als doppelt so viele Sitze wie bisher; sie hatten sich im Wahlkampf dafür ausgesprochen, die Asylantenaufnahme auf 'fast Null' zu begrenzen. https://t.co/7Sx6u4siTi",0
"Wenn Worte/Namen fallen: Berlin, Geisel, BER, Müller, Hertha, Gegenbauer, Stadion und Neubau, dann denke ich an Länderfinanzausgleich.... mit Grausen    Präsidiumssitzung: Dardai hat nur bis Mai Jobsicherheit https://t.co/Ep5PHS1eha",0
"Nach allgemeiner Verblödungs-Vernichtungs- und Bevormungsmasche wie bei Themen Klima, Migration und Gender geht es bei den Grünen nun ums Eingemachte: #Enteignung. Wann wird Habecks Hütte eigentlich für einen Rechtgläubigen inkl. Familiennachzug geräumt?",0
"Heute eine Turnhalle gesehen, die als Unterkunft für gewisse Leute herhalten musste, die über sichere Drittstaaten kamen+hier gar nichts zu suchen hatten. Wir durften sie beim Sport nicht mit Straßenschuhen betreten, aber sie ist jetzt abrissreif!  Danke Merkel @regsprecher   @cdu",0
"Wahlrecht für Ausländer verstößt gegen das Grundgesetz.    Trotzdem will Stegner diesen Schwachsinn 'vollenden'.  Die SPD rückt immer mehr von deutscher Demokratie weg, müsste man sie nicht beobachten? https://t.co/gsuciQ5Wze",0
"Kramp-Karrenbauer findet, '2015 darf sich nicht wiederholen.'  Es wiederholt sich aber täglich! Jeden Monat wandert eine Kleinstadt nach D ein (ca. 15.000 Migranten). jeder wird auch passlos reingelassen, wenn er 'Asyl' sagt! Und alle bleiben! Wo leben Sie eigentlich Frau @akk?",0
"#Madgeburg  Afrikaner schlug Zugbegleiterin ins Gesicht, beleidigte sie als 'Hure', danach versuchte er am Bahnhof einer Taube den Kopf abzubeißen!  Wo ist die #metoo + #govegan Bewegung? Was ich dem Typ wünsche schreibe ich hier nicht!   https://t.co/eM1CFPkC0d",0
"#Ibes wird nicht nur immer noch blöder, sondern auch abartiger. Einem  Skorpion Stachel+Scheren abschneiden+bei lebendigem Leib fressen lassen,  das wünscht man dann doch eher den verantwortlichen @RTLde Redakteuren.",0
"17-jährige wird auf offener Straße(!) belästigt, ein Busfahrer will ihr helfen, der Mann bedrängt sie weiter, zieht ihr an den Haaren, sie wird dadurch von einem Bus überrollt! Täter: 'Schutzsuchender' aus Afghanistan! Wo bleibt der #MeToo  #Aufschrei?    https://t.co/20BA5l9tay",0
In #Gelsenkirchen griffen 20-30 Jugendliche (Türken+Syrer) Straßenbahnmitarbeiter+Passanten an+randalierten am Hauptbahnhof. Bevor hier jetzt wieder jemand mit #Einzelfall kommt - es ist nicht das erste Mal dass  dort sowas passiert.  https://t.co/rpvoqCPcHC,0
Stiefvater von Leonie (4) David H. wird als ihr Mörder gesucht und konnte aus der Polizeiwache (!) fliehen! Unglaublich! Wer weiß wo er sich aufhält? Bild im Artikel. #Torgelow https://t.co/xMg2WWD3JY,0
Neusprech deluxe:  Juli/August. Es wird sonnig+heiß.   'Das ist eine #Heißzeit und wird uns alle töten!'  Im Januar/Februar schneit es+es wird kalt.  'Das ist eine #Kältewelle+wird uns alle töten!'  'Früher nannte man das Sommer+Winter' werde   ich mal meinen Enkeln erklären.,0
"#Tempolimit durchsetzen würde lustig, da die örtliche Polizei es noch nicht mal schafft in Städten illegale Autorennen, ganz oft von jungen Migranten ausgehend, zu stoppen! Oder gilt das Tempolimit dann nur für  Restdeutsche?",0
"Afrikaner randaliert während Abschiebung! Was passiert? Zwang? Fesseln? Nein! Beamte brechen die Abschiebung ab! Er wird Wochen später im Privatjet (Kosten 165.000 €!) mit 6 Polizisten, Medizinern sowie Dolmetscher zurück an die Elfenbeinküste geflogen!  https://t.co/FHJ1VRlrsU",0
"Was sagt  @sawsanchebli eigentlich dazu, dass sich an einer stark bereicherten Grundschule in Berlin eine 11-jährige wegen Mobbing das Leben nahm? Wegen jeder kleinen Befindlichkeit a la 'wir werden diskriminiert' sich zu Wort melden aber hier schweigen?  #Reinickendorf #Hausotter",0
Um mal mit Renate Künast zu sprechen:' Lüg' nicht!'  😊 https://t.co/9wX9LPnZ2B,0
@WilkeSteding @Waldgaenger1401 Geht nicht um wegrennen sondern späteren Kindern eine Zukunft bieten.,0
@nebelwirkerin @TinchenTrallala @wolfssanguis Sehr gruselig.,0
@Polly20696833 Versteh ich. Wäre ich wesentlich älter würde ich zu 100% in D bleiben.,0
@Polly20696833 Kann ich mir vorstellen. Dabei ist HH an sich eine tolle Stadt. Ist alles so traurig was mit D passiert. :/,0
@Polly20696833 Aber wie sind dort die Löhne denn?,0
"@IB_Emskirchen @AwayKlein Ja, hab ich schon gehört! Und außerhalb seines Hofes?",0
@IB_Emskirchen @AwayKlein Wie sieht es denn in Emskirchen aus? 😎,0
Wohin auswandern falls es hier noch schlimmer wird?  Oder hierbleiben? Welches Land lohnt sich? Schreibt es mal bitte als Kommentar.,0
"Was mit unseren Steuern passiert ist einfach Wahnsinn!  Soll man in D bleiben bzw. den Wahnsinn weiter unterstützen?  Bundeshaushalt macht 12,8 Milliarden € Plus!   Scholz: 11,2 Milliarden € (!) könne als Rücklage für Flüchtlingskosten zugeführt werden!   https://t.co/GFk2t9cS4D",0
Vom Kantholz mal ganz abgesehen: wie feige ist es denn einem älteren Mann von hinten mit Wucht ins Gesicht zu schlagen?  #Magnitz,0
#Poggenburg verlässt die AfD.  Gut oder schlecht?,0
"#Bundesverfassungsgericht #Hartz4 Entscheidung: Stimmen innerhalb des Senats dazu, dass kleinere Sanktionen nicht verhandelt werden:'Der Staat muss reagieren, wenn eine Person sich willentlich oder wissentlich der Mitwirkung verweigert'.   Warum gilt das nicht bei Asylverfahren?",0
"Was hat #AbouChaker gemacht um vor Gericht zu kommen?  ✔Bedrohung jmd zu töten  ✔ mit Fingern in Augen gestochen  ✔Kopfstoß, Tritte  ✔Opfer erlitt Nasenbeinbruch+  ✔Platzwunde am Kopf  ...  und die Strafe: 10 Monate auf Bewährung!  Wo leben wir eigentlich? https://t.co/rU1nX2hCXL",0
Noch nicht mal Straftäter können abgeschoben werden.  Afghanistan will abgeschobenen Straftäter+Staatsbürger nicht wieder reinlassen! Und der Afghane wird artig von der deutschem Polizei auf unsere Kosten abgeholt+nach D geflogen.  https://t.co/gEMfCBO3Hh,0
"Die Leute im Haus und ich reden jetzt öfter. Früher hat man sich kaum beachtet. Jetzt freut man sich den anderen zu sehen. Man freut sich über Zettel: 'Bitte Zwischentüren schließen', den nur wir verstehen. Die Leute im Haus und ich sind die 20% Restdeutschen die hier noch leben.",0
"Herzlichen Glückwunsch zum Geburtstag, Michael Schumacher!   #KeepFightingMichael 🚗",0
"War in Hamburg, jetzt wieder Berlin. Unsere einst schönen Großstädte werden zu Ghettos, in denen man kein Wort versteht. Was noch das Harmloseste ist.",0
"Migrant schreit 'Allah', messert Passant=Motiv unklar  Mufl-Bande verprügelt 12 Deutsche=Motiv unklar  LKW rast in Weihnachtsmarkt, Tote=zuerst 'Unfall'  Psychisch Kranker fährt in Silvestergeböllere Passanten an  Sofort Innenminister:'Klare Absicht, Ausländer zu töten!'  #Bottrop",0
"Meine Lieben, ich wünsche allen ein frohes, erfolgreiches, gesundes + glückliches Neues Jahr 2019!  Happy new year! https://t.co/ftLyeQls2v",0
"Warum entschuldigt sich das von uns allen mitfinanzierte @ZDF für ein zufällig gewähltes braunes Hemd eines Kommentators und beschäftigt zugleich einen Kameramann mit bewusst gewaltbejahendem Antifa-Hoodie mit der Aufschrift: 'Brüllen, Zertrümmern und weg'? https://t.co/yZkC6Sqgn8",0
Bitte heute alle Raketen zusammenlegen + eine gewisse Dame zum Mond schießen. https://t.co/QmGef2uDc2,0
Wünsche euch allen einen guten Rutsch ins Neue Jahr! Feiert schön und passt auf euch auf! 🎉⚠ https://t.co/thMJnXc2Tg,0
"Wer Dinner for One nicht im TV sehen kann, hier kann man es sich runterladen bzw. online ansehen. 😊  #Silvester   https://t.co/lmTABGogH1",0
"Ich empfehle dem armseligen Melder, der mich in meinem Recht persönliche Eindrücke zu schildern beschneiden will, mal einen persönlichen Besuch am Hamburger Hauptbahnhof. https://t.co/UWW5RPFBG3",0
Auf #MDR kommt gerade eine uralte russische Fassung von Aladins Wunderlampe. Verschleierte Frauen+alberne Langbärte mit Säbeln.  O-Ton: 'Wer die Prinzessin ansieht dem wird der Kopf abgeschlagen!'  Ist zwar ein Märchen aber teilweise unsere heutige Realität.,0
"Angeblich waren Claudia Roth + Heribert Prantl ein Liebespaar.   Wie soll das abgelaufen sein?  Er:'Ich liebe dich!'  Sie:'Du, das ist jetzt nicht politisch korrekt!'  Er:' Stimmt, ich klinge ja schon wie ein Nazi!! Also: 'Isch lieb disch'  Sie:'Toll, keiner wird ausgegrenzt!'  Er:'😊'",0
https://t.co/qlYkMIVowT,0
https://t.co/DXKKgvjE9q,0
"'Mit hunderten von potenziellen TERRORISTEN, die bereit sind, Libyen zu verlassen, lassen Sie Ihre Wachsamkeit zurück, wie einige Regierungskollegen ebenfalls vorschlagen. Wenn Sie die' geschlossene 'Strategie aufgeben, gefährden Sie die Sicherheit der Italiener! https://t.co/NkZoUBjDns",0
Notre Dame – Die Feuerschrift des Untergangs Europas https://t.co/M2eqfsDJoo,0
Altar von Bischof Koch in seiner Hauskapelle. https://t.co/Zhl4mx4Vj8,0
"Stell Dir vor, Du baust 200 Jahre eine Kathedrale, um dort unbedeutende Nagerkunst auszustellen. https://t.co/eb5HUO7ThN",0
Eurosport : Liebe auf den zweiten Blick? BVB-Talent Isak sorgt für Furore https://t.co/6IFJ71pCuO,0
Der Staatsfunk wirft sich in den Wahlkampf. Keine Pointe. https://t.co/FipDJrBWd9,0
Angela Merkel als Kunstkritikerin https://t.co/d3pGMGoIvY  Wenn ich nur den Namen höre überkommt mich (M)E(R)KEL!,1
"Er ist inzwischen ein verlässlicher Torhüter, wenn ich da noch so an manche Slapstick-Einlage(hört sich fast wie Slipeinlage an)zurückdenke; weiter so Roman. https://t.co/fF1YJTnrGv",0
"Er ist noch so jung und doch schon relativ weit, dazu bescheiden; wenn ich da so an Emre Mohr denke, der sein Talent verschleuderte. https://t.co/lXQKIAkNHN",0
Deutsches Rettungsschiff - EU nimmt Flüchtlinge auf: Endlich dürfen Gerettete runter von Stralsunder „Alan Kurdi“ https://t.co/YodP8hYI4X via @ozliveboxing Flüchtlinge? Seenotrettung? Schiffsname instrumentalisiert und will Mitleid generieren. Wer zahlt das?,0
"Ich habe das mit 10 Jahren selbst entschieden; Mutter, Vater und 2 Brüder allesamt nicht mal im Entfernsteten mit Sport, geschweige denn Fußball am Hüte. https://t.co/sArkY1JqUh",0
Andreas Popp - Wissensforum 2018 https://t.co/MpjDA1rPa0,0
Voll wie ein Natter. https://t.co/qXCaKqTde7,0
"Allein,diese Fertigstellung einer Flüchtlingsaufnahmestelle in Stendal bis 2022 beweist, dass es sich um geplante Aktionen, die nicht zurück geschraubt werden, handelt     Es ist kein Zufall   Es ist Plan Deutschland und Europa zu zerstören     Wacht endlich auf    Wählt blau https://t.co/EGwCxvvZNi",0
@Telekom_hilft Wie komme ich auf die Startseite von Magenta TV? Welche Sendernummer ist das?,0
@BeaBohne https://t.co/3r7XifNxsa  Schönes Wochenende,0
„Die letzten Tage einer Ära“: Abgesang auf Deutschland https://t.co/jFvgVi7SDH via @welt,0
"@MaritaNeubert Bin bei Facebook noch bis Karfreitag gesperrt, dann sind 30 Tage 'Knast' vorbei. Hoffen wir auf Sieg gegen Mainz und Bauernpunktverluste in Düsseldorf.https://t.co/3r7XifNxsa",0
Sehr gute Idee! https://t.co/vVxAFC7HsZ,0
DFB Pokal Gewinnspiel: WIESENHOF: Werder-Expertentipp 29. Spieltag 18/19 https://t.co/Snk52SqUdi,0
"@BenningRita Heute sollten wir 3 Punkte holen, egal wie. Schwarzgelbe Grüße.",0
Ratz und Rübe https://t.co/SXLlcofEkA,0
Für 'grüne Bewerber' gibt es in unserem Betrieb eine(n) Genderbeauftragte(n). https://t.co/uNYQPp4ses,0
"JETZT AUCH IN #Heidelberg : Die 'bunte' Art, Hochzeiten mit Schüssen auf der Straße zu feiern. Die #Linken und #Grünen haben sich ja schon lange auf dieses 'drastisch geänderte #Deutschland gefreut. #NurdieAfD https://t.co/J6UXssekeb",0
Wie kann man so verroht sein? Notre Dame: Jubel bei fanatischen Muslimen und der „Antifa“ über die Zerstörung der Kathedrale https://t.co/JijD4YHiUk via @DrDavidBerger #NotreDameFire #NotreDame #NotreDameCathedral #Antifa,1
"Genau so und nicht anders,Europa den Vaterländern. https://t.co/2Bwvm38Jab",0
Vereidigung bei der Berliner Polizei.     Zoomt mal rein... was fällt auf ?     (Via PolizeiBerlinKarrierre) https://t.co/FDLxjHvx47,0
"Falls jemand die Seite nicht aufrufen kann, hier der Artikel auf 2 Screenshots verteilt: https://t.co/aECdcAwCUR",0
"Um für sexuelle Einwilligung zu sensibilisieren gibts jetzt ein Kondom, das nur 4 Hände öffnen können.    Als Frau sage ich: Endlich, danke. Damit überlegt es sich nämlich jeder brutale Mann 2 Mal, ob er übergriffig werden soll oder besser doch nicht.   https://t.co/JpD0Twbgff",0
Für Friday for Future Greta Klima-Kinder:    'Nicht vergessen in den Ferien freitags zu demonstrieren. Das Klima macht auch keine Ferien'. https://t.co/ukKoJpqXB3,0
Was denkst du?  https://t.co/CKs60PS8bj,0
Eurosport : #SotipptderBoss: Autsch! Nürnberg düpiert Schalke https://t.co/PePMekszHR,0
"Ritsche Ratsche, völler Tücke, ein Lücke in die Brücke....    'Wie bei Ancelotti“: Bayern-Star übt heftige Kritik an Trainer Niko Kovac https://t.co/uoSl6KPX53",0
"Wenigstens einer aus der CDU, der es mit der Wahrheit genau nimmt und sich nicht von so einer Stasitrine hinter die Fichte führen lässt.     Maaßen rechnet mit Flüchtlingspolitik von Merkel ab https://t.co/ZDdJY9fX13",1
EU-Wahlen mit Briten: Rechte EU-Skeptiker auf Kurs zum Sieg https://t.co/tDTsbsjvcl via @KURIERat,0
Was soll schiefgehen?  https://t.co/hnnlFi5TwJ,0
"Da erzählt Bosbach nichts Neues; wehe ein AfD ler hätte haargenau das Gleiche zu berichten gehabt. Rassismus, Fremdenfeindlichkeit und Volksverhetzung wäre ihm unterstellt worden und der Staatsschutz auf den Plan gerufen. https://t.co/HHunqovk8x",0
"Zuwanderer? Was für eine Wortwahl, schon darin steckt Lügendefinition. Es sind Eindringlinge mit Unkulturhintergründen; passen nicht hier hin und müssen hinausgeleitet werden.    BKA-Lagebild: Gewalt von Zuwanderern gegen Deutsche nimmt zu https://t.co/YMnWvFxQ8N via @welt",1
So ergeht es uns in Sachsen. https://t.co/i0ZHRJFctq,0
@Hartes_Geld @krippmarie isch geh jetzt mal Tankstelle ...,0
Hätte er mal besser gegen das Wetter demonstriert... https://t.co/6sVgXB9B60,0
Das ist der Grundton der Altparteienmanistreammedien. https://t.co/sOKymYPNFV,0
"#Innenminister #Seehofer: #Beamte dürfen #AfD-Mitglied sein. Soll weinen (weil das besonders hervorgehoben wird und in einem demokratischen Rechtsstaat selbstverständlich ist) oder lachen, weil es ausgesprochen wird. #AfD https://t.co/yZwmbqmo6k?",0
So ist es! https://t.co/K3H782oipQ,0
Dumm gelaufen für Greenpeace: Der dicke SUV des Verkehrsministers ist ein E-Auto. Aber wir lernen daraus: Auch E soll weg. Besser also gleich gar nicht umsteigen....https://t.co/VXYAwxzoJX,0
Ueli Maurer stürmt aus SRF-Interview https://t.co/NnC6lwbgtC,0
"In Deutschland lebende Migranten haben im vergangenen Jahr 5,1 Milliarden Euro in ihre Heimatländer geschickt – ein Rekordwert. Das berichtet die „Wirtschaftswoche“ unter Berufung auf Daten der Bundesbank. (Besser das Geld würde in D ausgegeben werden.) https://t.co/LiD6rCO0mT",0
Vergewaltigung: Polizei nimmt 19-jährigen Schüler fest (Ganz unten im Text steht dann: 'Der 19-jährige Afghane wurde noch am Montag dem Ermittlungsrichter beim Amtsgericht Augsburg vorgeführt.') https://t.co/cMhgYwvDg3,0
"Sehr treffend, gegen die war Jackson nur 'Kindergeburtstag', obwohl ich das auch genau so verurteile. https://t.co/OdbinlIzaL",0
"Keine Stunde ist vergangen und schon behindert @facebook das Einstellen dieses Artikels, blendet Bild und Überschrift aus. Warum wohl? Welche Informationen und Bilder sollen die Deutschen nicht sehen und erfahren? https://t.co/1oOKoqq9KF",0
"Schmidt ist die richtige Wahl.    Eurosport : Paukenschlag in Augsburg! FCA feuert Baum und Lehmann, Nachfolger steht fest https://t.co/C93xZDhq4X",0
*** ⭐️ Breaking ⭐️***    Drittes Geschlecht in Bayern vom Aussterben bedroht!!!    Nur noch wenige Exemplare im Reservat Nürnberg gesichtet. (Bild: Shmul Weiszbrod) https://t.co/3pvAcX2Oyv,0
"Er hat recht, die Sportschau ist nur noch Fußball, lieber 3.Liga als andere Sportarten.    Boris Becker: Kritik an ARD und ZDF für zu viel Fußball im TV https://t.co/kqmuZMxe3V via @rponline",0
Pressekonferenz mit Dieter Hecking &amp; Florian Kohfeldt | Borussia Mönchen... https://t.co/XFGcJSe3g8,0
Die Prolongationsorgie setzt sich fort.  Hintergrund: Der weitere Brexit-Fahrplan | https://t.co/E5CYF8UitI https://t.co/P2k8AN1FBO,0
"Gerüchte, Einer verbreitet es und der Andere übernimmt es, Recherche: Fehlanzeige!    https://t.co/MTfP3PQJQC    BVB: Thorgan Hazard von Borussia Mönchengladbach kommt im Sommer https://t.co/dzXKtvapxr",0
"Noch so ein Gesetz, das im aktuellen Deutschland keine Anwendung findet.  (SZ 19.8.) https://t.co/GxfWXoCbYh",0
"Eurosport : Choupo-Moting mit dem ... Äh, was? https://t.co/6sF6brZSVL",0
"Schädigung Deutschlands als Kanzler-Richtlinie? Das Gesetz zur Fachkräfteeinwanderung gibt vor, einen Fachkräftemangel beheben zu wollen; tatsächlich ist es ein Freifahrtschein für alle, die nach Deutschland wollen: v.a. für außereuropäische Zuwanderer!  https://t.co/GvqhnHnbrY",0
"Von den 1,7 Mio „Flüchtlingen“, die in 🇩🇪 registriert sind, gehen mehr als 1,3 Mio ÜERHAUPT KEINER sozialversicherungspflichtigen Beschäftigung nach, obwohl d allermeisten doch im besten Alter jg Erwachsener sind u vor Arbeitswillen nur so strotzen müssten https://t.co/ChCmGhy4AV",1
Wie der „Spiegel“ die AfD-Russlandverschwörung erfand https://t.co/QeymvnMw8t via @DrDavidBerger,0
"Selten dämliche Frage analog, 'freuen sie sich, wenn die Epedemie vorbei ist? https://t.co/pXKcl3Ie3X",0
"Schule in NRW verbietet Jogginghosen?!!11! Vielen ist nicht bewusst, wie einschneidend diese Maßnahme ist. In NRW #Jogginghosen zu verbieten, ist wie Lederhosen vom Oktoberfest zu verbannen. https://t.co/GU1U9eudLv",0
Bei Theresa May Galgenhumor und bei Merkel; sieht so große Trauer aus. https://t.co/8wpVdtxF0L,0
Schock für Angela Merkel: Mutter der Kanzlerin ist tot.    Jeder reagiert anders im Schockzustand der großen Trauer. https://t.co/1pF5PNBwPL,0
"Interessant, wie die linke Trollbrigade bei meinem letzten Tweet aufheulte und ihre dumpfen Kommentare erbrach.    Die sind wirklich zu #linksblöd, den Unterschied von Rechtspopulisten und Nationalsozialisten wahrzunehmen und ohrfeigen damit alle NS- und Holocaustopfer!  🤦🏼‍♂️",1
"Der Artikel ist eine Unverschämtheit.  Ich habe nach der Ermordung von Lübcke meine Abscheu gegenüber den hämischen und jubelnden Kommentaren auf Twitter und Facebook deutlich gemacht,obwohl ich seinerzeit die Äußerung des Politikers für indiskutabel hielt. https://t.co/7UVeK8qKM6",0
"Sehr schön Frau Connor, Sie hatten ein halbes Jahr eine syrische Familie aufgenommen? Gut, zeitweiliger Schutz. Und dann? Üben sie einen Beruf aus, verdienen sie eigenes Geld, sind sie womöglich wieder zurückgekehrt,...nein? Aber Sie fühlen sich gut? Toll! https://t.co/wlkCPuolnT",0
"++ Wir wünschen einen schönen #Vatertag ++  Eine Politik für Männer und Väter sucht man bei den Altparteien vergebens. Viele getrennt lebende Väter leiden unter den familienrechtlichen Bestimmungen, wünschen sich bspw. mehr Umgang mit ihren Kindern.  #AfD  ➡️ https://t.co/NKdPcNhPPd https://t.co/j0eYtg2JMn",0
"Die Stadt Braunschweig hat entschieden, Studenten die Mietverträge in zwei Wohneinrichtungen zu kündigen, da der Platz für Flüchtlinge benötigt werde. Neben Neuzuteilungen komme erschwerend hinzu, daß Asylbewerber nur schwer eine Wohnung fänden.   https://t.co/vhv5Ppzpdk",0
Unfassbar. https://t.co/itar8sildi,0
"WIE BITTE? #Europarat verbietet Gründung einer EU-kritischen Fraktion! Am 26. Mai erst Recht sagen, was Sie von der #EU halten! #AfDwählen #europaistdieantwort #EUdasProblem https://t.co/lbbCdIO808",0
"Angesichts der fortschreitenden Entwicklungen beim Euro, in der Migration und der Demographie bleibt der AfD nicht mehr viel Zeit, das Ruder für Deutschland herumzureißen.  https://t.co/qTZaXMQNpm",0
Das Problem sind nicht die Messer.  https://t.co/88KXr68XqV,0
"Lange galt es als rechtes Gerücht: Flüchtlinge, die per Flugzeug nach Deutschland kommen. Dann kam heraus: Ein Drittel aller vom BAMF befragten Flüchtlinge gibt an, mit dem Flugzeug eingereist zu sein. Nun hat die Regierung die Zahlen als geheim eingestuft https://t.co/WxhoBoJoPQ",0
"Medien und Linksgrüne jammern, dass nun auch ihnen konforme Accounts und Meinungen von Twitter gesperrt bzw. verwarnt werden. Tröstet euch, genauso wird euch eure 'alle rein' Mentalität um die Ohren fliegen und ihr werdet auch bereichert werden.  #NetzDG  #Twittersperrt",1
"Der Unterschied zwischen Sebastian Kurz und Jan Böhmermann ist, dass man den ersten in Österreich wählen kann oder auch nicht, und den zweiten in Deutschland mit Zwangsabgaben finanzieren muss, ob man will oder nicht.",0
Bismarck https://t.co/i2x69ZlZlZ via @YouTube,0
"❝Das ist ein innerösterreichischer Vorgang, der mit der AfD gar nichts zu tun hat!❞  #AfD-Spitzenkandidat @Joerg_Meuthen bei #AnneWill.  #Strache #EP2019 #Europawahl2019 #Meuthen  #EUWahl #Ibizagate #Oesterreich #Neuwahlen https://t.co/QgV88zM6l7",0
Dr. Curio zur 'Studie' der Friedrich-Ebert-Stiftung: https://t.co/389tKl3JvQ,0
Tataa!  #AfD ist stärkste Partei im Osten. Tolle Vorzeichen für die diesjährigen Wahlen.  ❗️Schock für die Altparteien - Hoffnung für das Vaterland❗️  🇩🇪☺️👍✌️  https://t.co/y2KxMLtZqb,0
"❝Sie können #Europa nicht von der Europäischen Union unterscheiden!❞,   stellt #AfD-Spitzenkandidat @Joerg_Meuthen bei #AnneWill bei @ManfredWeber zutreffend fest.  #Strache #EP2019 #Europawahl2019 #Meuthen  #EUWahl #Ibizagate #Oesterreich #Neuwahlen #EU https://t.co/kppkXIF6yP",0
Das Thema bei #AnneWill lautet '#Neuwahlen in Österreich - Dämpfer für die europäische Rechte?'  Wie von Geisterhand hat man natürlich etwas zur #AfD 'vorbereitet'.  Durchschaubarer geht es kaum noch.   #Meuthen #Strache #Europawahl2019 #EP2019,0
"Wenn wir politische Gegner hintergehen, ihre #Privatsphäre verletzen u sogar kriminelles Unrecht begehen, schaden wir letzten Endes unserer politischen #Kultur u damit uns allen    Kein Ruhmesblatt ⁦@DerSPIEGEL⁩ ⁦@SZ⁩    #strachevideo   #Ibizagate    https://t.co/mL2q13Jd8x",0
Wenn sich Medien und Politik ein Zimmer nehmen. https://t.co/7645Lz31TC,0
"Wir lehnen jede Form der Gleichstellungspolitik ab. Weder Quoten noch Zielvereinbarungen (#FDP!) gehören in ein freies Deutschland. Frauen haben alle Rechte und Chancen - aus eigener Kraft, ganz ohne paternalistische Emanzipationspolitik. (Bild: #AfD-Grundsatzprogramm) https://t.co/8VomdROYJC",0
"Als jemand, der unter Klarnamen schreibt, an alle, die keine Publizisten sind und deshalb aus Sorge um ihre Existenz anonym twittern müssen: Ich verstehe Sie sehr gut. https://t.co/5p8Ed6WGeS",0
Daimler-Chef 2015:  'Flüchtlinge könnten Wirtschaftswunder bringen.'  „Genau solche Menschen suchen wir bei Mercedes und überall in unserem Land.“    Daimler-Chef 2019:    'Massiver Stellenabbau. Mittelfristig könnten 10.000 Stellen wegfallen.'    https://t.co/syjk46I46W,0
"Feminist(inn)en meinen Gleichstellung wenn sie -berechtigung sagen, also Ergebnisgleichheit ganz unabhängig von Leistung. #feminismus",0
"@MartinHolubek3 @StBrandner Und dann entsteht ein Widerspruch zum oben zitierten Paragraphen, das war der Punkt.",0
"Die ganzen niveaulosen Beleidigungen ggü. der AfD geben Gauland letztlich Recht. Wer wissen will, wer die Antidemokraten wirklich sind, sollte sich fragen, wer einer ernsthaften Diskussion über Sachthemen ausweicht und sein Weltbild nur durch Ausgrenzung schützen kann.  #gauland",0
"Podiumsdiskussion, Uni-Schloss-#Münster, #Antifa, WDR moderiert: Zutaten, die es einem #AfD-Kandidaten nicht leicht machen. Ständiges Unterbrechen, Gebrülle, zynisches Geklatsche. Trotzdem ist es mir gelungen, unsere Positionen zu artikulieren. #Europawahl https://t.co/3SVjDjTZZe https://t.co/LKGWf0TsK3",0
"Ein ganz herzliches Willkommen, @HCStracheFP, @vilimsky und all unsere Freunde von der #FPÖ! Ich freue mich riesig auf die künftige Zusammenarbeit, nun auch endlich in gemeinsamer Fraktion! 👍🏻 #EAPN #AfD https://t.co/jIn5bN0ttU",0
"Bei der Nicht-Wahl von #HarderKühnel heißt der größte  Verlierer: Demokratie. Ja. Es gibt kein Recht auf Wahl. Aber es gibt eine Pflicht, die Nicht-Wahl zu begründen. Und es gibt keine Gründe. #schande",0
"Man kann zur AfD stehen wie man will, aber warum darf Frau #HarderKühnel nicht zur Bundestagsvizepräsidentin gewählt werden, aber Claudia Roth? Roth vertritt als Vize den Bundestag, aber läuft auf Demos mit bei denen 'Deutschland verrecke' skandiert wird.   https://t.co/7F5DECXHdh",0
Wir brauchen einen schwarzen Papst! https://t.co/aafQqK0ziK via @YouTube,0
"+++Schlag ins Gesicht der Demokratie!+++  Der Wähler wird sehr genau beobachten, wie hier mit uns umgegangen wird. Das Verhalten der anderen Parteien ist ganz klar undemokratisch.  Wir sind die größte Oppositionspartei im #Bundestag.  #HarderKühnel #Bundestagsvizepraesidentin #AfD https://t.co/Ctvgs89eW3",0
„Mit Rechten reden“ will nicht mit „Rechten“ reden https://t.co/TiYMQ7aLZH via @YouTube,0
Die DDR hätte es nicht besser hingekriegt. #Frankfurt #Jahn    https://t.co/qcSiRcVYXH,0
"#Maaßen ist eine großartige Persönlichkeit, der Deutschland zu Dank verpflichtet ist. Er hat sich um die Sicherheit unseres Landes verdient macht. Jetzt widerspricht er Merkels Regierungspropaganda. Ehre, wem Ehre gebührt. #DankeMaaßen",0
"❝Machen Sie sich mal ehrlich - warum kommt das genau eine Woche vor der #Europawahl2019?❞  #AfD-Spitzenkandidat @Joerg_Meuthen stellt bei #AnneWill @MartinKnobbe, @DerSPIEGEL-Autor, die entscheidende Frage!  #Strache #EP2019  #Meuthen  #EUWahl #Ibizagate #Oesterreich #Neuwahlen https://t.co/ASNCegAssz",0
"Auch auf EU-Länder, die dem #Migrationspakt ausdrücklich nicht  zugestimmt haben, soll der Pakt nach dem Willen der EU-Kommission nun Anwendung finden. Österreich hat dagegen bereits protestiert. Ein Kommentar von Matthias Moosdorf.    https://t.co/J0Xn1jsMuf",0
Unsere Regierung hat uns beleogen: Der Globale Migrationspakt wird verbindlich! https://t.co/LL8OAcDYyI,0
"Wie in der DDR oder schon schlimmer? Gewerkschaft schmeißt Mitglied raus, welches in die #AfD eintrat.😡    Die Aufgabe der Gewerkschaften ist die Interessenvertretung der Angestellten und nicht die Gesinnungskontrolle.    Zeit für Vernunft, Zeit für die AfD❣️  https://t.co/gSQ20WVuMJ",0
"@Beutelchenbaer Sie haben 1917 vergessen, Kuba, Pol Pot, China DDR und die Tatsache, dass die NSDAP ursprünglich eine antibürgerliche, antikapitalistische Bewegung, die Industrie und Banken enteignen wollte (Röhm—Flügel), wie man bei Götz Aly gut nachlesen kann",0
"#AfDwirkt   Prof. Opaschowski, Deutschlands bekanntester Zukunftsforscher, übernimmt die Kritik der #AfD an den Altparteien, die weiterhin ungeregelten Einwanderung zulassen.     https://t.co/7Shru75eNq",0
Man soll nicht aufrechnen. Bemerkenswert ist allerdings die Ungleichgewichtigkeit der Berichterstattung..... https://t.co/L8dptKomtH,0
Bitte unterstützen Sie die Petition »Keine öffentliche Finanzierung der Amadeu Antonio Stiftung«:    https://t.co/4a98urIc2m https://t.co/wNUPrCxLie,0
Die österreichische Regierung wird von Deutschland aus abgesetzt – Woran erinnert das? https://t.co/JxXv8jDPNp,0
Hier ein Lagebericht aus #Diavata bei #Thessaloniki.  Googeln Sie mal ZDF oder ARD und DIAVATA oder THESSALONIKI.  Mit etwas Glück finden Sie eine dürftige Meldung vom 6. April.  #ARD @tagesschau  #ZDF @ZDFheute  🙈🙉🙊 https://t.co/u1Zqaa337C,0
"Teilen! Mindestens 80 Millionen mal! Bis auch der letzte Nachtwächter versteht, was hier abgeht!   https://t.co/YZ5fGeE9SF",0
Wochenrückblick: Ein Sozialismus mit dem Antlitz von Robert Habeck https://t.co/HKuMHicQC9 via @PublicoMag,0
"Ein Mitglied der #PARTEI wird gerade prominent auf Twitter, weil es einen Brandanschlag auf Autos von #AfD-Mitglieder gut findet. Die PARTEI wollte ich wählen, aber mit Brandstiftung will ich nix zu tun haben. Wie krank seid ihr? Ich werde sowas nicht wählen.",0
"Es gibt kein Zwischenleben. Ein Mensch lebt, oder er ist tot. Entweder man ist FÜR das Lebensrecht von Ungeborenen oder für ihren Tod. Also ist 'Pro Life' vs. 'Pro Death' entwaffnend wahr. Dieser #ServiceTweet für @ARD Framing-Expertin @E_Wehling ist völlig GEZ-gebührenfrei. https://t.co/pLZlhNIYSy",0
"In Griechenland bildet sich Migrantenkarawane: Unter 'Allahu akbar'- und 'Deutschland'-Rufen fliegen Steine auf Polizisten, werden Frauen in die erste Reihe gestellt, Kinder als Rammböcke benutzt, um Polizeiketten zu sprengen. Daher meine Frage an Merkel: https://t.co/HieDLCwfyb",1
Würde mich da mal nicht so früh freuen! #Hofer #bpw16 https://t.co/2yRT9AIqyJ,0
"Man ist leicht drin. Wer raus will, dem wird mit Untergangsszenarien gedroht. Die Führung beansprucht Unfehlbarkeit für sich. EU oder Sekte?",0
Zwei Monate vor Landtagswahl: AfD in Mecklenburg-Vorpommern bei 19 Prozent - SPD schmiert ab... https://t.co/jutdj9OXJY,0
"Sind SIE der Meinung, dass die Familienpolitik der Regierung mangelhaft ist?    ➡ ️Die Antwort heißt: #AfD https://t.co/bZH3S75kTq",0
Unser #Justizminister @HeikoMaas ist einfach nur noch peinlich!,0
Ersetze #Özil dürch #Müller und kein Hahn würde danach krähen! #mimimi https://t.co/e4lgsnLCFu,0
Täglich Brände in Berlin:    Was macht die vereinte Altparteienkoalition?     Einen Anti-#AfD-Konsens unterschrieben. https://t.co/gAj6W8NdHn,0
@DanielAD1972 @NoHerrman @HeikoMaas Nur die Lüge braucht die Stütze der Staatsgewalt. Die Wahrheit steht von alleine aufrecht.   T. Jefferson,0
Davon will @HeikoMaas nichts wissen! Erschreckendes Ausmaß der #Gewalt gegen die #AfD  https://t.co/12MSL1ZZHM https://t.co/hsweRNrYki,0
Ersetze 'rechte' durch 'linke' und dann passt das! https://t.co/TCr5P33FNM,0
"Wer nicht im rot-grün-gutmenschlichen Mainstream mitschwimmt, ist rechts. Basta! @tazgezwitscher @cicero_online  https://t.co/aRKOoSoxtu",0
"Hat aber nix mit Nix zu tun, nicht wahr? https://t.co/ljlWbRGjI6",0
"#Hendricks (#SPD) stellt die aktuelle Parteilinie der SPD vor: Bevormundung, Planwirtschaft, Ideologiegläubigkeit. *  https://t.co/bEIZ0M6gNI",0
Im Zeugenstand: Hannelore Kraft kann Schweigen nach Köln kaum erklären https://t.co/Vv0hDvay7x via @welt,0
Bundespräsidentenwahl: OSZE schickt Wahlbeobachter nach Österreich https://t.co/OWOpROJn4l https://t.co/0x6gNfLxYw,0
"Einen weiteren Beweis, dass sämtliche Altparteien einen Block bilden, braucht es nicht.     Wählt Vielfalt, wählt #AfD https://t.co/7Gdsr3BGHy",0
Jeder jeden Tag 5mal dieses Pic geteilt und wir sind diese Verräter bis Weihnachten los  #afd #Pegida #ltwmv #agh16 https://t.co/eAJhP1noYc,0
"Der deutsche Rechtsstaat kann so knallhart und grausam penibel sein... wenn es um Falschparker, Steuererklärungen oder GEZ-Gebühren geht.",0
"Hey Follower, ab sofort twittere ich unter dem Account @Zukunftskinder   Würde mich freuen, Euch dort begrüßen zu dürfen!",0
"@HeikoMaas, wie wäre es denn mal, wenn Sie sich um die ECHTEN Probleme kümmern würden?!   Wie vielter Tag in Folge? https://t.co/ToLHCu1iIl",0
Über 60% der Kinder &lt;5 Jahren in Deutschland haben einen Migrationshintergrund - unglaublich https://t.co/rouNXKKgSC,0
Was ist wichtiger? Das Kindeswohl oder die Religion? https://t.co/uA48wLQ0r4,0
"Liegt vielleicht daran, dass sie nicht qualifiziert sind! #facepalm https://t.co/T2KaLoIRFh",0
Polizei-Großeinsatz: Zwei Tote bei Schüssen in Marburger Arztpraxis - N24  https://t.co/jR85g1Cbmr,0
"Rumgejammere,dass Alte den Jungen mit Brexit Zukunft verbauen liegt daneben.Den Jungen war EU so  egal,dass 2/3 nicht gewählt haben‼️",0
"Hass kann man nur bei Menschen erzeugen, die hassen wenn jemand anderer Meinung ist als sie selbst! Sehr arm! https://t.co/RsVfkrIZX1",0
Die SPD-Schlußfolgerung aus dem #Brexit: Staatsbürgerschaft verschleudern um sich ein neues willigeres Volk suchen. https://t.co/9WyLjddCtj,0
Simone Peter (#Grün) löscht einen von mir kritisierten Tweet und blockt meinen Account - keine Argumente?`  #AfD * https://t.co/oQjWovdwxv,0
"Aber wenn ich zu viel Grünzeug esse, produziere ich auch zu viel CO2 https://t.co/1SCtHrCYwu",0
Istanbul-Drahtzieher: In Russland als Terrorist angeklagt - in Europa Asyl erhalten: https://t.co/T8qalzSsou via @de_sputnik,0
Heute ist der 1.Juli.  Abgeordnete erhalten automatisch und ohne Debatten mehr Geld.  #Gauck unterschrieb das Gesetz. https://t.co/Zl1cgh7dCI,0
"Würde das die #AfD machen, wäre die 'Kacke am dampfen' https://t.co/wd1LhcH4rm",1
"Bevor sich staatliche Institutionen an einer Kampagne gegen Hassrede beteiligen, muss Hassrede zunächst einmal klar definiert werden.",0
"Mecklenburg-Vorpommern - AfD bei 19 Prozent, SPD vor Machtverlust https://t.co/FM43dcPP07 via @welt 👍👍👍❤️❤️❤️ #afd ❤️❤️❤️ 👍👍👍",0
"Na, dann wollen wir mal hoffen, dass #Hofer das Rennen macht!  #FPOE https://t.co/OxlpsyHUSo",0
@HannolereKraft #SPD räumt im #Silvester-U-Ausschuss Fehler ein #koelnhbf https://t.co/wgLAYZisue,0
"Die werden nicht lang, sondern hassverzerrt sein. https://t.co/aOOQVa0uAS",0
Die #Bundespräsidenten-Stichwahl wird in ganz #Österreich zu gänze wiederholt!! #FPÖ bekommt Recht. https://t.co/O05jVAlsPR,0
TAGESSCHAU auf der Barrikade: ARD ruft die Briten zur Neuwahl auf https://t.co/witaVY7Vek,0
Heben Höchstrichter die Hofburg-Wahl auf? Urteil bereits heute Mittag und auf krone.at  https://t.co/rYetJs7TLY https://t.co/NiOzjoAZ97,0
Sachsen macht ernst: Im ersten Halbjahr 2016 wurden bereits mehr Menschen abgeschoben als im gesamten Jahr 2015 https://t.co/iz2CnJucvh,0
#Maghreb-Staaten: #Grüne wollen Kompromiss bei sicheren #Herkunftsstaaten  https://t.co/XffN0PGqkS,0
"#Berlin|er Schulen: #Senat will nur 1,5 Milliarden Euro in #Sanierung stecken  https://t.co/pcoV0NToXL",0
Hinterhalt &amp; Steinwürfe auf Kollegen @polizeiberlin. #DPolG Pfalzgraf: 'Wir brauchen persönliche Schutzausstattung für jeden Polizisten!',0
Nach Übergriffen gegen #Frauen: #Polizei erhöht Präsenz beim Darmstädter #Heinerfest - #Multikulti lässt grüßen! https://t.co/jYzgmNp8lq,0
#Städtebund will #Flüchtlinge als Polizisten - #Union warnt vor 'Experimenten' #Sicherheit #facepalm https://t.co/7oUjmy4HOx,0
".@BMFSFJ Auf gar keinen Fall will ich diskutieren, ich frag nur. Ist z.B. das hier Hass oder eine Meinung? https://t.co/bFPPtb6AAv",0
Und die #Türkei soll in die #EU aufgenommen werden?  Den würde ich mal ganz gepflegt vorn Koffer scheißen! https://t.co/5kud0aopzR,1
"Sind das die berühmten #Fachkräfte, von denen unsere #Bundesregierung immer spricht? #Multikulti #Vielfalt https://t.co/TU6wfxKKgH",0
"Weg ist sie, die 'weltanschauliche Neutralität des Staates'.  Vorerst.  #Gericht #Kopftuch #Kruzifix #Klassenzimmer https://t.co/QW7HgZI83n",0
Bad Zwischenahn: Syrer findet Portemonnaie - #Polizei freut sich über ehrliche #Flüchtlinge https://t.co/EVA61Aq9cq,0
#Flüchtlinge: Mehr abgelehnte #Asylbewerber in #Abschiebehaft  https://t.co/O5s7MkGZs6 via @focusonline,0
#Integration: #Delmenhorst hat #Gesundheitskarte für #Flüchtlinge https://t.co/WdpNxJJvbk,0
"Ooooch...isser nich süß, der Siggi?! 😂 https://t.co/465huKap3s",0
#München: Angehende Juristin klagt gegen #Kopftuchverbot bei Referendariat #Islam #Neutralität https://t.co/KFTkDlcklT,0
#Wittenburg: Kampf unter #Flüchtlinge|n eskaliert #Einzelfall #Raub #Messer #Multikulti https://t.co/ucmAXNIhVB,0
Kommunale Initiativen fordern Aufnahme von #Flüchtlinge|n aus #Griechenland https://t.co/XCbzgzZJbt via @ProAsyl,0
#Thüringen: #Gesundheitskarte für #Flüchtlinge für Anfang #Oktober geplant https://t.co/WeD6yZeVfj,0
Verein will syrische #Flüchtlinge sicher nach #Thüringen holen https://t.co/vXNYVOqI7v,0
Niemals werden wir Stimmung gegen Europa machen. Dafür mögen wir es zu sehr. Oder meinten Sie die EU? @HeikoMaas https://t.co/Zh5DxFchLg,0
"@BonkeKolja @BILD Darf man als Deutscher höflich die Frage stellen? Könnte es sein, daß viele Richter bestochen bzw. befangen sind???",0
Neue EU-Pakte mit Drittstaaten  Afrikanische Länder sollen Flüchtlinge zurücknehmen. Sonst… https://t.co/zTq0NEkPr7,0
"#SPD legt Klimaschutzplan 2050 vor: Neubauten ohne Gas- und Ölheizung, Fleischkonsum halbieren https://t.co/WuWK2Ryu8F",0
Trotz #Brexit: Grenzen in #Calais werden nicht geöffnet.  https://t.co/9h5aRpxfrk https://t.co/dWwfcQefVP,0
Empörung: #Asyl-Kritiker der #Essen|er #SPD macht Geschäfte mit Asyl-Unterkünften  https://t.co/LU4GfYx5p6,0
Hannelore Kraft im U-Ausschuss zu Köln erwartet - Das große Schweigen nach Silvester https://t.co/frObeZQVUL,0
"Das retweeten dieses Tweets ist offensichtlich 'unerwünscht', denn auch nach 5x aktualisieren geht es NICHT! https://t.co/9dPYyfpN3i",0
#EU und #Türkei treiben Beitrittsverhandlungen voran - Politiker reagieren entsetzt https://t.co/uEQDx70fgv,0
Baden-Württemberg | Nur @AfD_FraktionBW stimmt wegen Intransparenz gegen Diätenerhöhung per Indexierungsverfahren  https://t.co/gT7BiDeLsy,0
Traue keinem #SPD'ler - Staatssekretär widerspricht Polizeichef #NRW #Silvester #koelnhbf #Koeln https://t.co/bodeesLv21,0
Ab Juli: #Diätenerhöhung für #Bundestagsabgeordnete https://t.co/EfDsc3RBKb via @focusonline,0
Ein kluger Kopf. Stimme ihm zu: ohne stringente Migrationsbegrenzung kann die EU zerfallen. https://t.co/AFs47DmGNr,0
"Wird Zeit, dass #Twitter die 140 Zeichen Regelung abschafft! Da würde ich so einigen hier mal die Meinung geigen!",0
Wie ich mir die Fashionweek in Berlin vorstelle: https://t.co/xdeFnZzx8p,0
Frankreich-Terror: Morddrohung gegen die Redaktion von. Charlie Hebdo. https://t.co/790KWRECMh,0
Was zum Geier tut ihr da in #Berlin ins Wasser? https://t.co/psrfWD3AgU,0
Extremistisches Personenpotential in Dt:  Rechtsextr. 23.800 Personen  Linksextr. 27.400  Ausland. Extrem.: 29.050  Islamisten ca. 46.000,0
Politik -  Putin plädiert vor Schülern für Freundschaft zu Deutschland https://t.co/b9DfjrVG0Q,0
"Dieser ganze Laden @SEENOTRETTUNG gehört geschlossen. Sie „retten“ nicht „Flüchtlinge“ aus „Seenot“- sondern schleusen Illegale u locken so erst Tausende aufs oft tödliche Meer. Und jetzt rufen sie auch noch zu Scheinehen auf, um Aufenthaltstitel zu erschleichen. https://t.co/RcCKC1mnUn",0
@LucasSchoppe1 @BMFSFJ Und die Dame hat noch mehr drauf. Die ist sozusagen vom Fach... ;) #hatespeech https://t.co/MHThlFqCWe,0
Urteil: Stichwahl um Präsidentenamt in Österreich muss wiederholt werden https://t.co/xBqIs52VZS #Eilmeldung,0
NRW-Ministerpräsidentin Kraft sagt heute im Untersuchungsausschuss zu den Silvester-Übergriffen in Köln aus. https://t.co/mcHmFzoRYL,0
#Flüchtlingskrise: Das ist erst der Anfang! Bald könnten noch deutlich mehr Menschen in #Europa Schutz suchen https://t.co/71QvwcJ6b6,0
"Ich dachte, #Linksextremismus sei ein aufgebauschstes Problem?  @ManuelaSchwesig   https://t.co/yk3G98TTmf https://t.co/thElGK0MTI",0
#SEK nimmt 6 osteuropäische Männer u 1 Frau in #Bayreuth fest. Bande hatte schwere Straftat geplant #Polizei https://t.co/QjJrjWSoP6,0
Wo zum Geier haben sie die denn ausgegraben? 😂😂😂 @ndr https://t.co/OILMkXnFL7,0
"#Islamzentrum in #München: Projekt gescheitert, weil Gelder fehlen - Shit happens! 😂 https://t.co/Lu9taJGWvl",0
"Vor allem vergessen diese Lästerbacken, dass auch sie mal alt werden! https://t.co/ZKmyTKQIqn",0
#Istanbul: Polizei schießt Attentäter am #Flughafen an – Dann sprengt er sich in die Luft  https://t.co/0hVYDBvNUx https://t.co/OkNjh8BeUo,0
"Deutsche fürchten Preiserhöhungen, Arbeitslosigkeit, rechte Parteien - und daß ihnen der Himmel auf den Kopf fällt   https://t.co/JWURfgQed7",0
Wehrpflicht: Jeder dritte Deutsche für Wiedereinführung https://t.co/atojC5KVpZ,0
#Zuwanderung nach #Deutschland: Zentralrat der #Juden warnt vor #Antisemitismus durch #Flüchtlinge https://t.co/eYL8RT00Ly,0
Die Terroranschläge der linken Szene werden von der Politik geduldet. Unhaltbare Zustände! #Rigaer https://t.co/ewyXdTCejv,0
#Flüchtlingsunterkunft in #Frankfurt: #Flüchtlinge sollen auf #Sportcampus ziehen https://t.co/buYTEihsb6,0
+++ Brexit-Nachrichtenüberblick +++: Ökonom Sinn warnt vor harter Haltung gegenüber Briten https://t.co/jac8al0Fr5,0
"Ja logisch, weil Kindermassenhaltung eben teurer ist, als Eltern zu unterstützen.  Ob Manu noch rechnen lernt? https://t.co/4fqAwXNJX1",0
"LePenseur:'Somancher Schnappschuß: ... läßt in Tiefen blicken, vor denen dem Betrachter schwindelt ... https://t.co/se4Bil8MhL '",0
"MMNews: SPIEGEL Fake News: Trump und Russland-Verschwörung: Mit immer neuen Verdrehungen hetzt der SPIEGEL gegen Trump. Fakten, Hintergründe sucht man oft vergeblich. Stattdessen emotionale Schlagzeilen wie: 'Ich will ihn im Gefängnis sehen!'. Wieso?… https://t.co/PY3k77Pmc7",0
Dieses dauer-beleidigt-sein der Türken geht mir gewaltig auf den Zeiger   #mimimi keiner hat uns lieb... #TUR https://t.co/gw7KJ3resU,0
#Asylbewerber in #Berlin Michael #Müller: 'Wir können weiter #Flüchtlinge aufnehmen' https://t.co/0Y4tQ16wDf,0
Soll die Wehrpflicht wieder eingeführt werden? https://t.co/39D1VXxRvt,0
Das hat aber nicht zufällig was mit #koelnhbf zu tun?  #Wiesn #Oktoberfest #München https://t.co/kH5s3sScYk,0
"Ökonom Sinn wirft Politikern vor, den wahren Grund für das Brexit-Votum totzuschweigen https://t.co/jll7Wqjyt8 via @HuffPostDE",0
#SPD lässt Berliner im Stich. Nur mit einer starken #CDU gibt es in #Berlin Schutz für die Bürger vor Kriminalität.  https://t.co/nuwp2H5RaS,0
"Vor einem Jahr meinte er, Deutschland habe wegen Vergangenheit moralische Verpflichtung, Flüchtlinge aufzunehmen. https://t.co/6T17gRqGJE",0
"Kurz vor den Wahlen tun SPD und CDU wieder so, sls mache es einen großen Unterschied, wen von beiden man wählt. #agh https://t.co/UYcR0BxwTA",0
"@cehzett @AfDFraktionRLP @ltrlp Wer es ernst meint mit der Jugend, der wählt sie auch auf Parteilisten für die Parlamente. Ohne Quote, einfach mitnehmen.",0
"Symptomatisch ist, die Demokratie einschränken zu wollen, um sie zu schützen! #Gutmenschenterror!  https://t.co/LwwvC8Usop",0
Was ist hier das Problem? Der #Gefährder selbst oder die richterliche Auslegung von Gesetzen? Der Schutz des Bürgers muss oberste Priorität haben! https://t.co/TlpC8t6jEt,0
Unfassbarer Treuebruch gegenüber den eigenen Beamten! Rückhaltlose Aufklärung und Entschädigung! https://t.co/oYOPcuvYmP,0
"Was ist denn bisher passiert? Jede Art von #Extremismus, auch der islamische, hat in der #Polizei nichts zu suchen! Naiv! https://t.co/NurwI9J36B",0
"Zahl der #Asylanträge in Europa gestiegen! Keine Überraschung: Anreize streichen, konsequent abschieben! https://t.co/t0rg6n07zZ via @junge_freiheit",0
#Lügenpresse oder #Hyperinflation? Superflüchtling findet an einem Tag zwischen 50k und 150k je nach Zeitung. https://t.co/ECQM7ag2dv,0
E-Busse: Realität trifft Ideologie! Extrem teuer und leistungsschwach! Grün eben! https://t.co/dprpMZyZC9,0
Compact: „Freispruch für Deutschland!“ Lisa Lehmann eröffnete die COMPACT-Geschichtskonferenz. Video-Mitschnitt auf Digital+ kommt!!!: Am Pfingstsonntag präsentierte COMPACT unter dem Motto „Freispruch für Deutschland“ seine erste Geschichtskonferenz .… https://t.co/on5cBlGEbT,0
#DITIB und ihre #Imame verdienen Respekt und Anerkennung – Pauschalverdacht unbegründet 😂 https://t.co/m6kF4ga8WA,0
"Nun hören Sie mal mit dem Gejammer auf. Wer willkürlich mit dem Finger auf andere zeigt, darf nicht klagen, wenn auf ihn zurückgezeigt wird. https://t.co/Okpc09fpjO",0
"#freiburgbrennt Liebe linke Studenten, das Geld, dass ausländische Studenten kostenlos in D studieren können, fällt leider nicht vom Himmel. https://t.co/wo0iLuShEJ",0
"Kann es sein, dass die irgendwie versuchen, ein Schlupfloch zu finden? #Brexit https://t.co/OFxBjNAZSS",0
Niedersachsen: Zahl der Gefangenen aus Maghreb-Staaten versechsfacht https://t.co/hL6fljn4jL via @NewsRepublicDe,0
#Integration in #Hamburg: Stadt investiert 800.000 Euro in Flüchtlingssportprojekte #SPD #Grüne  https://t.co/Y0LueXgJBF,0
"Bei einer gemeinsamen Propaganda-Aktion ist es für d.Glaubwürdigkeit enorm wichtig, die Details vorher abzustimmen. https://t.co/Ac6vDDDHFF",0
Lächerlich! https://t.co/SrqU2wLnzp,0
Prophetische Worte von Franz-Josef Strauss bereits im Jahre 1986. https://t.co/IVjZFFJRKn,0
"Man muss solchen Schwachsinn immer wieder zeigen, damit die Leute merken, was sie da eigentlich wählen. https://t.co/h4CyjDAWrG",0
"Heute fand die konstituierende Sitzung der neuen Fraktion „Identity and Democracy“ statt, der wir künftig angehören werden. @Joerg_Meuthen wurde zum Vizepräsidenten der Fraktion gewählt. #AfD #IdentityandDemocracy @EUCommonSense https://t.co/0utp7uCt1V",0
Sie werden nach Ihrem eigenen Erfolg an der Sacharbeit ersticken! https://t.co/vuh49ppaGZ,0
"Kein Kommentar, nur stille Genugtuung! https://t.co/XDkFdmraOL",0
Kritik am Präsidenten in seinem Land (Harvard) hat eben seinen Preis! Diplomatie geht anders! https://t.co/jCEZ1EuYr9,0
"Schäbig ist nicht nur der ungerechtfertigte Vorwurf, vollkommen asozial die Weigerung sich zu entschuldigen! https://t.co/QEiNTWSRmg",0
Tunesier werden uns alte Männer pflegen? Ob die das wohl wollen? https://t.co/wX70z77WfS,0
Die Grünen töten unsere Vögel und Insekten! Stoppt den Ökowahnsinn! https://t.co/ilLCUwrtPc,0
Das ist ja wirklich nett! Dann sollten wir mal beim nächsten 'Rettungsschirm' länger nachdenken und vorhandene Schulden zeitnah einfordern! https://t.co/6aPRCykYYC,0
"80.000 Liter Wasser VERNICHTET für ein E-Auto👇👇👇    Na, Grüne könnt ihr noch ruhig schlafen? 🤦‍♂️🤢    Verteilen und verbreiten auf allen Kanälen. ✌️    #FridaysForFuture #ClimateStrike #GretaThunberg @ADAC @ADACRallye   @AfD @Weltwoche @KoeppelRoger @DieTagesstimme @Joerg_Meuthen https://t.co/l1tVemRVOc",0
Ob die politische Neigung eines Politjournalisten etwas mit seiner Arbeit zu tun hat? https://t.co/sGlmErHY23,0
Die #AfD in Rheinland-Pfalz hat nun 2300 Mitglieder!,0
Integration vollständig misslungen! https://t.co/WoMj8ENzIV,0
"„Ich helfe Flüchtlingen, aber wer hilft mir?“ #Weilesreicht #DankeSpd #Afd @AfD_FraktionNds https://t.co/rjAeEFYChQ",0
"Ich bedanke mich bei allen die mich gewählt haben! Es gibt zum Glück noch viele Abgeordnete, denen die parlamentarischen Spielregeln wichtiger sind, als parteitaktische Spielchen. https://t.co/TddX6UNriT",0
#Bremerhaven #Bremen  Letze Wahl wird neu neu ausgezählt. Diesmal unter Aufsicht.    #AfD #Wahlen #SPD  #Wahlfälschung https://t.co/O4IzR4eOgW,0
"OK, Sport und Nahrung aufnehmen auch noch! 😉 https://t.co/PbQAWunUKx",0
"Alles klar: Wenn Journalisten oder YouTuber z.B. gegen die AfD mobilisieren („Kampf gegen Rechts“) - dann ist das prima. Geht es gegen die CDU, dann wird nach „Regulierung“ gerufen und ist die Demokratie bedroht. https://t.co/7IZFPl0fIR",0
"'Andere Länder motzen ihre Infrastruktur auf, liberalisieren ihre Märkte weiter, senken Steuern, setzen all ihren Ehrgeiz daran, bei der Bildung und den Technologien der Zukunft nicht abgehängt zu werden von China und den USA'    Und Deutschland? Hat #Merkel  https://t.co/AsYjkrMaBe",0
"Statt auf das ideologische Geschwafel von Vielfalt und #Diversität sollten wir endlich den Schwerpunkt auf eine schlagkräftige und einsatzbereite #Truppe setzen, die wieder kämpfen kann und kämpfen will! Eine Armee, die das nicht kann, ist ihr Geld nicht wert! https://t.co/T1kw5BcsUo",0
".@Joerg_Meuthen, #AfD-Spitzenkandidat für die #Europawahl2019, äußert sich zu den 1. Hochrechnungen und dankte allen Wahlkämpfern und Unterstützern für ihr Engagement. Unter den gegebenen Voraussetzungen habe die Partei ein sehr gutes Ergebnis erzielt.  🎬 https://t.co/tTzMpC0jnv https://t.co/UBpBSHIgXU",0
"+++ Geht's noch, Brüssel? Ich habe #AfD gewählt! +++  #Europawahl2019 #EUWahl2019 #EP2019 #Meuthen #EU #Europa #EUWahl #GehWaehlen #GehtWaehlen #Wahllokal  #Wahlbeteiligung #TwitternWie18Uhr https://t.co/8K419I4o3i",0
Glückwunsch Kloppo! Jetzt deutsche Nationalmannschaft übernehmen!😉 https://t.co/zIEgvECWTK,0
Der unaufhaltsame Niedergang der #SPD und der #GroKo setzt sich weiter fort! Mit #Dreyer als Vorsitzende der Bundes-SPD werden die Landtagswahlen in RLP 2021 zum AfD-Gabelfrühstück! #Neuwahlen im Herbst nahezu unausweichlich!  https://t.co/POunCQfDzk,0
Erklärung um 1730 bei Phoenix! Mal sehen! https://t.co/Ipuh2iCSeT,0
So stirbt eine ehemalige Volkspartei! https://t.co/e2Sj544KfZ,0
"'Liebe Genossinnen und Genossen',  ☝️Genau damit fängt der ganze ideologische Irrsinn an! https://t.co/X9DJDgl2Xw",0
"Nette Personalie am Rande: Wirft @AndreaNahlesSPD auch als Bundestagsabgeordnete hin, rückt aus Rheinland-Pfalz nach der Liste  @DrJoeWeingarten nach. Das dürfte in weiten Teilen der @spdrlp kaum Begeisterung auslösen.",0
#Dreyer im ZDF: 'Wir sind seit Jahren auf dem absteigenden Ast!' Wem sagt sie das? https://t.co/2qgplgYCHq,0
Was ist denn mit den zugewanderten Fachkräften?🙄 https://t.co/VeHsO8Jowc,0
Diese Partei braucht einen echten Sympathieträger: RALLE STEGNER!😝🙄😝 https://t.co/1zYTv2XVNz,0
Die AfD hat nach dem angekündigten Rückzug von SPD-Chefin Andrea #Nahles den Rücktritt von Kanzlerin Angela Merkel (CDU) und der gesamten Bundesregierung gefordert. https://t.co/10wq447Udq,0
Antisemitismus – hier irrt (nicht nur) die Kanzlerin!  https://t.co/DnemOvBzui,0
"+++ Bereits 6⃣0⃣0⃣.0⃣0⃣0⃣ Aufrufe! +++  Kennen Sie schon unser sehr erfolgreiches Video zum #AFD-Wahlprogramm fürs #EP2019 in 99 Sekunden?  JETZT anschauen, retweeten &amp; überall teilen!  Und natürlich Sonntag #AfD wählen! 😉  #Europawahl2019 #GehWaehlen  🎬 https://t.co/gPviPBauiM https://t.co/bAwmuWnFWS",0
"++ #Europawahl2019: Unser Erfolgsweg geht weiter! ++  Setzen Sie am Sonntag ein deutliches Zeichen für 🇩🇪 #Deutschland. Sorgen Sie durch einen Denkzettel für die Altparteien dafür, dass wir Bürger wieder Gehör finden.  #GehWaehlen #EP2019 #AfD #EUWahl2019  🎬 https://t.co/H6CiSs7CJM https://t.co/1GPX6n9eb5",0
#Relotius Abschlussbericht des #Spiegel: Eine einzige peinliche und  unehrliche Sammlung von Verharmlosungen einer linken #Propagandapresse!  https://t.co/VuYLKquWCy via @tichyseinblick,0
Jetzt nach Andernach! https://t.co/SM46A6YLEe,0
Meine Frau Claudia und ich heute am Infostand der #AfD in #Mayen!  Endspurt im Kampf um die Zukunft unserer Kinder! Es gibt eine kleine Überraschung! https://t.co/Ly9lgjGxVZ,0
Ein Auswanderungsgrund! https://t.co/PojZX4dpDa,0
"Guten Morgen 🇩🇪!  HEUTE ist die entscheidende Wahl, um die aus den Fugen geratene #EU auf den richtigen Weg zurückzuführen.  🗳️ Höchste Zeit für die #AfD!  #GehWaehlen #Europawahl2019 #EP2019 #EUWahl #EUWahl20  ➡️ https://t.co/xtz6mNYYRc https://t.co/dTYLnXP9rX",0
"Wählen gehen und die Zukunft unserer Kinder retten! Wenn nicht jetzt, wann dann? #AfDwählen https://t.co/UMddhR9UCR",0
"'#Kurz bangt ums Kanzleramt.' Hoffentlich bekommt er die Quittung. Er hat, nachdem #Strache sofort die maximalen Konsequenzen gezogen hat, ohne Grund die Arbeit der sehr erfolgreichen Regierung beendet. https://t.co/d41LEar5CQ",0
RB Leipzig – FC Bayern:  Bin sehr gespannt! Ich würde es den Sachsen wirklich gönnen!  https://t.co/TuKlp0HHqu,0
@verusoss1 Bis zun Ende zuhören Özdemir https://t.co/Eifmax5jzt,0
"'#Bremen ist arm, aber ungeil!'  Wer #SPD wählt ist selber schuld!  #AfDwählen https://t.co/rlbHMueIzF",0
Ich wünsche den Parteifreunden in Bremen viel Erfolg.    https://t.co/WqKqzKFPUw    #AfD #Hütter #Bremen,0
"Wer sich nicht benehmen kann, fliegt raus! MdL Köbberling (SPD) https://t.co/Il94vRpu9T",0
'Die Belastung unseres #Sozialstaates und des gesellschaftlichen #Friedens wird immer stärker. Diese Menschen müßten eigentlich nach geltender Rechtslage längst abgeschoben sein!“ #afdwählen https://t.co/0iPduG5m9p,0
Nicole Höchst und Uwe Junge rocken Frankenthal 🤘🏻😎🇩🇪 https://t.co/tAlYdnWQg4,0
Die #CDU ist Regierungspartei und hat uns diesen Schlamassel durch ihre Politik der Willkommenskultur eingebrockt. Danach hat die CDU-Kanzlerin #Merkel mit dem #Migrationspakt noch einen draufgepackt. Der #EU-Karrierist #Weber hat dies unterstützt. Er und seine #CSU sind Heuchler https://t.co/BFkqeZ5pgp,0
Deutschland: Youtuber Rezo versetzt die CDU in Panik https://t.co/6DryVKfRZj,0
Todesurteil für Reinhardswald: #Grüne und #CDU befördern Zerstörung der Natur in Nordhessen! Sind die wahnsinnig? Naturschutzpartei #AfDwählen https://t.co/rPVQTGf3sN,0
"2009 aus der #CDU ausgetreten! Niemals bereut, täglich bestätigt!  Der Kern der konservativen CDU heißt heute #AfD! https://t.co/9lHLRsWh3L",0
"Unerträglich! Das ist meine Nachbarin, Leute! Geht es noch peinlicher? Ja, Schulz! #AfDwählen https://t.co/bkrgzvrnn8",0
Anerkennung für alle Männer die etwas für ihr Land getan haben! https://t.co/tsvg6kkGZp,0
Alles Gute &amp; viel Erholung zu Christi #Himmelfahrt &amp; #Vatertag! Genießt den Feiertag. 😊😎💙,0
"Der STERN lag schon immer richtig, wenn es um den künftigen Kanzler ging. #kinderbuchautor #baron @handelsblatt #kanzlerschaft #grüne #cdu https://t.co/3EudpMXA4v",0
Es geht vor allem um MEHR #Organspender! Jeder von uns kann auch bald Organsuchender sein! https://t.co/ralofICzQg,0
"Ein 'entweder oder' wäre fatal, es muss immer ein 'sowohl als auch' sein! https://t.co/sS2ewwxuRt",0
"https://t.co/JthglixHNs Wieder ist der Täter polizeibekannt, der weder Frauen noch Gesetze respektiert. Wieder ein Verbrecher, der dank krimineller Vita sein Bleiberecht verwirkte. Wieder nicht abgeschoben, so dass er morden konnte. Wieder wird reflexartig gegen „rechts“ gehetzt.",0
"+++ #AfD - Zukunft für Europa +++  ℹ️AfD-#Europawahl-Programm, Kapitel 6.5:  ❝#Remigration statt Massenzuwanderung❞  Nicht „#Resettlement”, also Umsiedlungsprogramme nach Europa, sind das Gebot der Stunde, sondern das Gegenteil!  ➡️ https://t.co/JffMwq2TA2 https://t.co/Ltnhhc60IW",0
"++Killer erschlägt Geliebte mit Windlicht – vor Gericht will er viel jünger sein++  Liane M. könnte heute noch leben, wäre der Afghane konsequent abgeschoben worden. Die äußeren Zeichen ihres gewaltsamen Tods erschütterten selbst die Einsatzkräfte.  #AfD  ➡️ https://t.co/mF8cVJxrdC https://t.co/6JCLkK9eqW",0
"Yara wurde gemobbt, weil sie deutsch spricht! In den Schulen können wir jetzt sehen, wohin sich unsere Gesellschaft entwickeln wird! Wer will das ? Wacht endlich auf! #AfD https://t.co/DzOSLtfcg9",0
Das kann man sich nicht ausdenken: 'Rechtsextremismus-Experte' und Ex-Mitarbeiter der @AmadeuAntonio-Stiftung fackelt Autos von #AfD-Politikern ab!  https://t.co/5UCieyIhf8,0
"++ Unfassbar: Prozess entfällt, weil Richter Angst vor Clan hat ++   Der deutsche Rechtsstaat geht vor die Hunde: Der Prozess gegen ein  hochkriminelles Clan-Mitglied in #Essen entfällt, weil der Richter Tumulte im Saal befürchtet.  #AfD  ➡️ https://t.co/mpTxa3oQJ3 https://t.co/ZJtqxEhQED",0
"Weil mich das @ardmoma heute in die Pfanne haut hier die offiziellen Zahlen zur Entwicklung der Sexualdelikte in #Chemnitz. 24mal mehr schwere Sexstraftaten 2017 zu 2015, Anteil nichtdeutscher Verdächtiger: 56%. Deshalb hat es in Chemnitz geknallt, dabei bleibe ich! #Luegenpresse https://t.co/ly8Rz9MLek",0
"@VenomStrike3 @ITUADE @Dieter_Stein @AfD Die Leute gehen ja nicht wieder, also bleiben auch die Probleme. Außerdem können wir uns auf weitere Wellen aus den ärmsten Ländern der Welt freuen, bis das Sozialsystem zusammenbricht. Die Grenzen will man ja nicht schützen.",0
"@o2de @o2entdecken - Leider kann ich Ihren Gutschein nicht einlösen, da sich @Zalando dem Gesinngsdruck von #KeinGeldFuerRechts unterwirft. https://t.co/STxVn7euu5",0
Internes Polizeiprotokoll: Immer mehr sexuelle Übergriffe durch Zuwanderer - N24.de https://t.co/Efvz0wLq1g,0
"Linke warnen: Wer um #BudSpencer trauert, der ist ein Nazi!  https://t.co/370LbXTXCq https://t.co/xmINAPRdTa",0
"Das praktische an der Burka, wenn man neu Heiratet k. man die alten Bilder einfach behalten &amp; als die neue ausgeben. https://t.co/M0sLrt1WSX",0
"MDR: 'Flüchtling' wird vergewaltigt, die Täter sind 'Asylbewerber'  #Qualitätsjournalismus  https://t.co/KT247NVOnI https://t.co/PxWWqPWcHE",0
"Religion des Friedens sage ich da nur.  Wo bleibt eigentlich die deutsche  Bundesregierung, #AsiaBibi politisches Asyl zu gewähren? Oder nehmen wir nur Islamisten auf, die vorher ihren Pass weggeworfen haben?  #Pakistan #AfD #Bundestag  https://t.co/JkOoeLfZpc",0
"Ein Ministerium entscheidet, was eine Meinung ist. Das hatten wird doch schon mal in Deutschland, @BMFSFJ.    https://t.co/dmXGe0ApM5",0
"Seit mehr als einer Woche terrorisieren Linksextreme jede Nacht Berlin. Aber hey: alles nur aufgebauscht, Schwesig. https://t.co/Tg3QFV2ICx",0
"@OnlineMagazin Schlimm, jeden Tag immer ein bischen weniger Deutschland. Frau Merkel sollte wegen Hochverrat am eigenen Volk vor Gericht.",0
"Sie wollen unsere Demokratie, unsere Grundgesetz abschaffen und durch  Scharia ersetzen. Wir müssen Salafisten und ihre Symbole verbieten.",0
Unterbringung für Flüchtlinge nicht zumutbar. Aber sie ist ja zum #Glück eine deutsche Behinderte. Also alles super!  https://t.co/KPDdGIdWQi,0
Und wieder ein Block-Trophäe von einer Grün-Frau. Das Einmauern von Grünen bei Twitter ist weit fortgeschritten. https://t.co/ZEL6ojN0wQ,0
Freibad-Besitzer wollte Sex-Attacke auf Kind durch Syrer vertuschen. https://t.co/7JqYzRVhGx https://t.co/hE57Gt9xAT,0
"@MartinTeutone @clydevpg @MediterrNewsNet Naja, immerhin sollen #Flüchtlinge ja auch #Atlantis und das #Bernsteinzimmer gefunden haben 😂😂😂",0
Nailastraße in #Neuperlach: Anwohner bekommen #Lärmschutz gegen #Flüchtlinge https://t.co/nU3jGiZBJ7,0
Mehr Geld für Bildung und Infrastruktur keinen Cent mehr für Mirgations-Experimente! https://t.co/CcO1uM23Qd,0
#Berlin: Französisches &amp; georgisches #Diplomaten-Auto abgefackelt.https://t.co/2zFZdixbbr @bzberlin @Reporter_Flash https://t.co/MWb8ZwVN6l,0
UNSER land - UNSERE regeln    #AfD https://t.co/rkbyA78ZsJ,0
"Hier ein Überblick über den Verein des Berliner Imams, der der Lehrerin den #Handschlag verweigert hat:  https://t.co/IOeLFHLeCt  #Hisbollah",0
"#Berlin: 230 #Flüchtlinge sollen in #Tegel einziehen - Kosten: 5,5 Mio Euro - #Armut #Rente #Obdachlose https://t.co/LFw92bsc8D",0
"Nach 4 Nächten Feuer-Terror geht #Berlin's #Polizei nun entschlossen vor - gegen die Opfer, schreibt @LorenzMaroldt https://t.co/vW7ZTuJT89",0
"Die Katze ist aus dem Sack! Wer #Grün wählt, wählt den #Sozialismus zurück! Eure Kinder werden Euch verfluchen! https://t.co/lJXudTt3si",0
Die 'Rechtspopulisten' in #Italien wissen wie es geht! Schutz der eigenen #Grenzen! https://t.co/UH2iBkZdtq,0
"Mit Hilfe einer Anfrage an die Bundesregierung hat der Justiziar der #AfD-Fraktion im #Bundestag @StBrandner aufgedeckt, dass sich die Fördermittel, die der Bund dem Verein „Miteinander e.V.“ zur Verfügung stellt, von 2011 bis 2018  verzehnfacht haben!  https://t.co/46BZqPVqm5",0
"Tja, wenn die von Euch bejubelte muslimische #Massenzuwanderung so weiter geht, wird es #Homosexuellen in Europa und #Deutschland bald sehr sehr schlecht ergehen! Schon mal darüber nachgedacht? https://t.co/xxkvEIZuSm",1
"Nach Kissinger, Arafat, #Obama und der Europäischen Union wäre #Thunberg wohl eine würdige Nachfolgerin. Damit hätte man den #Friedensnobelpreis innerhalb von 26 Jahren völlig entwertet. Bedenklich! https://t.co/Zz81a4jKU7",0
"Jetzt, wo geklärt ist, daß es in #Chemnitz keine Hetzjagden gegeben hat, wäre es an der Zeit, daß sich die Restles und Reschkes dieser Republik für Ihre Hetze entschuldigen - beim Volk, bei der #AfD, bei Herrn #Maaßen. Und für #Merkel und ihren Regierungssprecher gilt dasselbe.",0
+++ Bundesregierung gibt auf Anfrage der @AfDimBundestag zu: #Hetzjagden-Aussage zu #Chemnitz beruht ausschließlich auf Medienberichten! +++  Der ehemalige Präsident des Bundesamts für #Verfassungsschutz @HGMaassen hatte doch Recht!  #DeutschlandKurier  ➡️ https://t.co/tEw9Bkv0JE https://t.co/6hRPnijeJL,0
"#Neustadt a.d. Weinstraße: Neues #Hambacher Fest. Der von @maxotte_says eingeladene Ökonom @Markus_Krall: „Wenn Hambach ein Bundesland wäre, müsste es #Sachsen heißen!“ - großer Applaus. https://t.co/KzeG5zLIvw",0
"Hierzulande schwänzen Kinder die Schule, um gegen den #Klimawandel zu demonstrieren. In Afrika bauen Kinder, die nicht in die Schule dürfen, die seltenen Erden ab, damit Akkus für Elektro-Autos gebaut werden können. #FridaysForFuture #AfD https://t.co/jJQethbApY",0
"Genau, den #Weltfrieden retten und den #Krieg mit diversen #Fachkräften gewinnen! Falsche #Schwerpunktsetzung! Erst mal wieder kämpfen können und kämpfen wollen! https://t.co/p8kiSBPVGu",0
"Die grüne Klima-Propaganda hat eine kurzfristige Verhaltensänderung bewirkt! Die Beständigkeit der Panikmache wird sich an der Realität, wie zuvor am #Atomkrieg, dem #Waldsterben oder dem #Ozonloch abarbeiten! Erinnere auch an den Schulzzug!🙄 https://t.co/1abJgLrF0c",0
#AfD - auch kommunal! Die Schulung unserer gewählten Mandatsträger findet aktuell in vier Schulungszentren des Landesverbands statt. Wir danken Referenten und Mandatsträgern! Viel Erfolg!,0
"Landesregierung @rlpNews und @MdI_RLP versprechen ständig, dass es mehr Polizeibeamte geben soll. Es werden aber immer weniger. Auch um den Kommunalen Ordnungsdienst ist es schlecht bestellt. Keine Einheitlichkeit! Das muss sich ändern! @Uwe_Junge_MdL    🎬 https://t.co/ClA9SMwBPe https://t.co/5YCA93vJi6",0
Wollen wir wirklich das Experiment #Sozialismus noch einmal probieren? Immer mehr Leistungsträger wandern aus - aus gutem Grund! https://t.co/HsXfUjfPrK,0
Wer 'Allahu-Akbar' ruft und lange Gewänder trägt muss mit einer Überprüfung rechnen! Kein Grund sich zu entschuldigen! 1-2-3 Danke Polizei!👍 https://t.co/fbVvYHaR8J,1
Das SPD-geführte Familienministerium will 'Mutter' und 'Vater' abschaffen? - Wir sollten die SPD abschaffen! https://t.co/vtbIo4s2cG,0
"Das fürchte ich auch, aber Eure Zettelchen werden sie nicht interessieren! Sie respektieren nur sich selbst und verachten ihr Gastland! Wacht endlich auf, wir verlieren die Kontrolle! https://t.co/ohoOR33r4W",0
"Der Artikel gibt keine Auskunft über die Herkunft von Schüler, Mutter und 'Helfer'! Zufall?  https://t.co/mjwTwFFtHf  https://t.co/MCpS9qrCdq",0
"Noch dramatischer ist, das in 2017 an die 250.000 Menschen das Land verlassen haben. Doppelte #Migration: #Leistungsträger gehen, #Leistungsempfänger kommen! Denke das zu Ende! https://t.co/H0oPZ6wiBd",0
"!! Unglaubliche #Gruene Heuchelei: Die @Die_Gruenen -Ministerin in RheinlandPfalz gestattet grausame Tiertransporte bis nach Nordarika!#tierschutz ist bei #Gruene ad acta gelegt,stattdessen Klimapolitik,bei der sich D als moralische Welt-Instanz aufspielt! https://t.co/w7w7dxllTp",0
Als wenn Anstand und Sachlichkeit jemals eine Eigenschaft der SPD gewesen wäre! Da ist Stich der richtige Pharisäer! Unwählbar!  #Grokoweg https://t.co/WJyn2ZV660,0
"Ach was, hat sich nicht erst kürzlich Sarah #Connor über eine Partei, die sie nicht so mag, ausgelassen und dann muss die @polizeiberlin Sonderschichten vor ihrem Haus fahren, weil ihre Schwester von einem 'Araber-Clan'-Mitglied bedroht wird?  Herrlich!  https://t.co/7gPm812pmR",0
"Der politische #Islam ist im Kern antisemitisch, antichristlich und zutiefst undemokratisch - er gehört nicht zu #Deutschland! https://t.co/h8AfgOqPMI",1
"Nach dieser #Europawahl muss sich die @CDU fragen, warum wir nach 14 Jahren #Klimakanzlerin unsere Klimaziele verfehlen, Haushalte und Unternehmen mit den höchsten Strompreisen Europas belasten und die strategische und kulturelle Kontrolle über das Thema verloren haben. (TeamFM) https://t.co/47O1AH1cKF",0
"+++In Duisburg zeigt sich, wohin die Reise geht!+++  Für Alexander #Gauland, Vorsitzender der #AfD-Fraktion, sind die Wahlergebnisse für die Migrantenpartei BIG bei der Europawahl in mehreren Duisburger Stimmbezirken ein Alarmsignal. #Islamisierung  https://t.co/kHQVtartbI https://t.co/YXsXYlHOyn",0
"Wußten Sie, daß Bischöfe nicht aus Kirchensteuern, sondern vom Steuerzahler alimentiert werden? Jährlich  hunderte Millionen Euro. Die @AfD will das ändern. Deshalb hetzen sie gegen uns. Allen voran Kardinal #Woelki - Jetzt erst recht @AfD #GehtWählen https://t.co/zA8YNMBtcl https://t.co/fKsAv3gfyV",0
"War er etwa Verfassungsfeind?!  @BfV_Bund @spdde @spdbt @spdberlin @sigmargabriel @katarinabarley @HeikoMaas  @Ralf_Stegner @HGMaassen @Joerg_Meuthen @WerteUnion @WerteInitiative   Wir von der #AfD sagen: Nein, sondern politischer Realist☝  Also einer von uns👍 https://t.co/Z48QAh8fmM",0
"Ekelhaft, dieser erbärmliche #Opportunist - und vom #Fussball hat er auch keine Ahnung! Soll Nachfolger von #Nahles werden! Geht's noch schlimmer? https://t.co/FQWnsXVBo7",1
#Köbberling - MdL @spdrlp @SPDFraktionRLP störte mit hochaggressivem Mob unter Beteiligung linksextremer #Antifa Wahlkampf-Veranstaltung der @RLP_AfD in  #Koblenz bis zur Räumung durch #Polizei: Hier das Video! #Demokratie in #Deutschland 2019! Unfassbar. https://t.co/26d7ZYM0bI,0
"Spiegel-Abschlussbericht #Relotius: Viele weitere #Spiegel-Autoren als Verfälscher überführt!  Schäbiger, linksgrüner Journalismus hat fertig!  https://t.co/n6xGNoN7bd",0
"Abschlussbericht #Relotius. #Spiegel hat 60 Geschichten z.T. frei erfunden. Wenn die keinen bösen „Rechten“ fanden, wurde eben einer erfunden. Das „Sturmgeschütz der Demokratie“ hat die Wahrheit sturmreif geschossen.  #Haltungsjournalismus - immer weiter. https://t.co/UF6xSV0GrA",0
"Gestern: Linksextremer Mob störte angemeldete Wahlkampfveranstaltung #AfD  in #Koblenz - Bürger, darunter ältere Menschen wurden bedroht, bespuckt, beleidigt, Redner niedergebrüllt, b Erwähnung Opfer v Gewalt gejohlt. #Polizei räumte. Führende Rolle: MdL Köbberling @spdrlp https://t.co/eskKriZYwp",0
"Stört #AfD-Wahlversammlung in Koblenz! Linksradikale MdL #Köbberling (#SPD)! Ihr Fraktionsvorsitzender #Schweitzer, der sich auch gerne mit der gewaltbereiten #Antifa zeigt, ist stolz darauf! https://t.co/2NgGmIaP5T https://t.co/E2bkJZHduv",0
"Krass: MdL Köbberling @spdrlp - mit hochaggressivem linksextremen Mob in @RLP_AfD - Veranstaltung geplatzt, um zu stören, wird von #Polizei abgeführt! Security empfahl #AfD vom Hausrecht Gebrauch zu machen, Bürger beschwerten sich über Drohungen / Beleidigungen #Antifa-Szene! https://t.co/QrvcnFSFcf",0
"Frau Dr. #Köpperlin, MdL (#SPD) wird nach #Hausfriedensbruch und #Widerstand gegen Vollzugsbeamte aus einer AfD-Veranstaltung in Koblenz verwiesen! Demokratieverständnis: Fehlanzeige! #AfDwählen https://t.co/Vh7U5fLK0x",0
Das ist eine Botschaft! https://t.co/e3GpG47Or2,0
"Unfassbar undemokratisch! Jetzt sollte auch dem letzten EU-Gläubigen klar werden, warum wir diese Laden dringend reformieren müssen! #AfDwählen https://t.co/qOP80OiI6i",0
"Affäre #SPD-Held: Die moralische Uberheblichkeit, die die SPD wie eine Monstranz vor sich her trägt, ist durch nichts zu rechtfertigen! #AfDwählen https://t.co/aAIXdzrO48",0
Heute bei der Demo 'Friday for Future' in Mainz! Antifa und Linke marschieren mit! https://t.co/yH031zegr3,0
"Der Prüfungsstoff für das #Abitur 2019 irritiert! Motto: 'Den Sozialismus in seinem Lauf, halten weder Ochs noch Esel auf!' Eine Schande! https://t.co/hv6hGRBn6w",0
Auch für Infostände sehr gut geeignet! https://t.co/pCJIideSFL,0
"Pünktlich zur Freitagsdemo zum 'Klima'  #Fridaysforfuture  Die Zugspitze mit dem höchsten Maischnee seit 20 Jahren. - Die Schweiz mit Rekord: 'Am Mittwochmorgen lagen auf dem höchsten Berg im Alpstein 7,14 Meter Schnee. Wurde dort im Mai noch nie gemessen.' https://t.co/ZY79k2vZVp",0
"Der Wunschkandidat der Fernsehfürstin @spdrlp @KaiGniffke (SPD-Mitglied) ist heute zum Intendanten „gewählt“ worden! Der Mann hat quasi immer nur ÖR gemacht, kommt mitten aus dem System. Bleibt also alles wie es ist. Sie zahlen. #AfD",0
"Kommt einem das nicht bekannt vor? Davon hörte ich früher von meinen Großeltern und später von meinem Verwandten aus der '#DDR'!  Wer sich noch nicht traut, sollte wenigstens zur #Wahl gehen! In der Wahlkabine ist man noch alleine! #AfDwählen https://t.co/0lSbim8tUJ",0
"++ Nur noch 3⃣ TAGE: RETWEETEN und damit die #AfD unterstützen! ++  Die #EUWahl steht kurz vor der Tür: Mobilisieren Sie bitte Freunde, Bekannte, Verwandte &amp; Arbeitskollegen - es geht um unsere Souveränität in der #EU!  🗳️ Am Sonntag Demokratie und Freiheit wählen!  #Europawahl2019 https://t.co/RvYqxHya72",0
70 Jahre Grundgesetz der Bundesrepublik Deutschland! Herzlichen Glückwunsch! https://t.co/zV7Dxz4dH2,0
"Energiewende-Lüge verteuert den Strom um 114 %! Bezahlen alle, auch die Ärmsten und Rentner! #afdwählen https://t.co/ywNaZgXV9n",0
"Das geschah jetzt aber nicht in Österreich, sondern in Deutschland - gibt es jetzt Neuwahlen???    Der Ausschuss will auch dem Verdacht der Vetternwirtschaft nachgehen    https://t.co/lUTjonE3cV",0
"Es gibt Verluste, die niemand bemerken wird! 😊 https://t.co/4cQ6LW89xl",0
Asyl-Kriminalität: Niederländischer Minister tritt zurück! Verharmlosung von #Zuwandererkriminalität ist in Deutschland Programm geworden!  Rücktritt? Unvorstellbar! https://t.co/HL0uqymcFY via @welt,0
"Schöner Wahlkampfabend mit Nicole Höchst, MdB in Frankenthal!  Der jüngste Kreisverband der #AFD Rheinland-Pfalz hat gut mobilisiert! https://t.co/bB76u7NtrL",0
SPD weist Linksextremismus-Vorwürfe der AfD-Fraktion zurück und ist dennoch überführt! #Afdwirkt https://t.co/d4hHYt73WQ,0
#SPD #Gruene und #Antifa agieren oft  gemeinsam! https://t.co/79yhApIXMG,0
Interessante Frage! https://t.co/3CgkIVS7kB,0
"'Sie haben es bis zum heutigen Tage nicht geschafft, sich mal zu fragen, warum diese Veränderungen denn eigentlich stattfinden', sagt @Joerg_Meuthen zu @ManfredWeber mit Blick auf das Erstarken rechter Parteien in #Europa. #AnneWill https://t.co/qY7tmQSJhZ",0
"#Rheinzeitung (RZ) in Rheinland-Pfalz hat es abgelehnt, diese Anzeige für mehr als 2700 € zu drucken! Begründung: Keine!  Muss man sich bei sinkenden Auflagen und dem Anspruch auf Unabhängigkeit, leisten können! Der Innenminister (SPD) ist mit dem Verleger verwandt! #RoterFilz https://t.co/RwRrGNHOUh",1
Der 'Der Islam gehört nicht zu Deutschland!' sagen über 90 % aller Befragten in einer TED-Umfrage! Ich schließe mich der Mehrheit an! https://t.co/XX74yNE31d,1
Roter Filz! Wie ist das in Rheinland- Pfalz? SWR- Reportage? Fehlanzeige! Aber wir bleiben dran!  https://t.co/0ApLwHyywx,1
Gestern @annewill: zur Kenntlichkeit verzerrt. Das bräsige linke Gouvernantentum bekommt ein Gesicht. @Joerg_Meuthen hat sich in der ÖR-Tribunal-Konstruktion gut geschlagen! Kompliment. https://t.co/xrUHrx4uRa,0
❝@ManfredWeber kennt noch nicht einmal meine richtige Fraktion im #Europaparlament!❞  @Joerg_Meuthen bei #AnneWill an die Adresse des offenbar völlig desinformierten #EVP-Spitzenkandidaten #Weber.  #Strache #EP2019 #Europawahl2019 #Meuthen  #Ibizagate #Oesterreich #Neuwahlen #AfD https://t.co/Lu6d5spMNP,0
"❝Ist immer das richtige Mittel, Frau #Keller lange reden zu lassen. Das ist gut für uns!❞  #AfD-Spitzenkandidat @Joerg_Meuthen bei #AnneWill zu den unverständlichen Phrasen der Grünen Spitzenkandidatin @SkaKeller.   #EP2019 #Europawahl2019 #Meuthen #EUWahl #Oesterreich #Neuwahlen https://t.co/4JDWaEXDG4",0
"Unsere Listenplätze 1-6 für den #Kreistag #Mayen-#Koblenz!   Mit vollem Einsatz für unsere #Heimat, #Sicherheit und #Zukunft!  Am 26.05. #AfD wählen!  https://t.co/L58llrv8Qa https://t.co/fh5dgqK3cE",0
"Ich danke der #Afd und allen Göttern, die hier womöglich Einfluss haben, dass ein souveräner @Joerg_Meuthen heute bei #AnneWill im Studio sitzt. Er ist u bleibt eine sichere Bank! Und ein verdammt ehrlicher anständiger Mensch!",0
Am 26.05. #AfD wählen!  Besuchen Sie auch unsere Webseite:  https://t.co/L58llrv8Qa https://t.co/jHhzmvUXrL,0
Am Dienstag in Mainz: #AfD-Pressekonferenz zur Verstrickung der #SPD  Rheinland-Pfalz mit dem #Linksextremismus! https://t.co/TIYZXl8ATt,0
"Die anderen können uns Schaden zufügen, aber niemals besiegen! Endspurt beim Plakatieren!! Hier im Kreis Mayen- Koblenz! https://t.co/V6Ibf9fLQy",0
Wahlkampf beim Nachbarn in Heppenheim (Hessen) https://t.co/N7wFOOOTOU,0
"Man kann über die Sache denken, was man will  - sein Abgang hatte Stil und verdient Respekt! https://t.co/0g8ZlBjmar via @welt",0
"Ich könnte mir durchaus vorstellen, Kevin #Kuehnert und die #SPD abzuschaffen! Oder nein, dass machen die schon selber!😁  https://t.co/qukhGdo4dY",0
"Verfassungstag in Rheinland-Pfalz, Plenarsaal Mainz mit MdL Sylvia Groß und MdL Dr. Jan Bollinger! https://t.co/ibKe7ATm13",0
"»Wenn die Fahne des ☪️ Halbmondes steigt, wird die Fahne des 🏳️‍🌈 Regenbogens brennen!«  Aktuelle Stunde im #Bundestag zu Maßnahmen gegen Homo- &amp; Transfeindlichkeit - Rede der stellv. #AfD-Fraktionsvorsitzenden @Beatrix_vStorch.  ℹ️ https://t.co/nOLcSTB9jg  🎬 https://t.co/x6GRyR1KN2 https://t.co/MRRzXfoMPw",1
Richtig: Rote verschleuderten Sozialwohnungen und Volksvermögen! Das ist Fakt. Aufgedeckt von @AfDFraktionRLP!   #AfDwirkt https://t.co/ujPsLiSkPf,0
.@Uwe_Junge_MdL identifiziert in Debatte zu 'Soziale Marktwirtschaft statt Sozialismus' Überregulierung und Vergesellschaftung als 'pures Gift' für wettbewerbsfähige und innovative Volkswirtschaft. #ltrlp #Plenarsitzung,0
"Aktuelle Debatte - @AfDFraktionRLP thematisiert #Kühnert s @jusosrlp Kollektivismus-Fantasien - Titel: Soziale Marktwirtschaft statt Sozialismus! @Uwe_Junge_MdL: „ @SPDFraktionRLP hat nun die Gelegenheit, sich davon zu distanzieren!“",0
"#Wohnnot: @Uwe_Junge_MdL wirft SPD vor, Wohnungen einst verschleudert zu haben. Antwort des @FM_RLP auf Anfrage der @AfDFraktionRLP zeigt: Land verkaufte 1998 Anteil an Heimstätte Rheinland-Pfalz GmbH (30,27 Prozent) mit Bestand von rund 20.600 Wohnungen für 116,5 Millionen Mark.",0
Heute Reaktion im Plenum auf den schwachen Schaufensterantrag der CDU! Kooperation der LR mit ultralinken Friedensaktivisten! Nichts verstanden! https://t.co/UZfs7j2UZW,0
„Häufig finden Musikveranstaltungen mit aktiver Beteiligung von Linksextremisten (...) in öffentlichen Einrichtungen statt oder werden als große Musikfestivals unter freiem Himmel durchgeführt.“ #AfDwählen  https://t.co/0aLgVz14II  https://t.co/MCpS9qa1lS,0
"Messer werden jetzt verboten, Hämmer kommen dann als nächstes dran..?  Die Täter sind das Problem, nicht die Tatwerkzeuge! https://t.co/cycI1bf5BT",0
Uwe Junge und Iris Nieland (AfD) zu den Klagen der Kommunen gegen das Land: Landesregierung beweist einmal mehr die Unzuverlässigkeit gegenüber ihren Kommunen! https://t.co/KeoxV5k1tB #AfD #ltrlp https://t.co/W25arOtDfB,0
+++ #AfD-Kandidaten-Check zur #EUWahl: Lars Patrick #Berg (Listenplatz 4) +++  Mit @LarsPatrickBerg möchte ein Gründungsmitglied des Landesverbands Baden-Württemberg ins #EP2019 einziehen. Lernen Sie unseren Kandidaten im Video kennen.  #Europawahl2019  🎬 https://t.co/9UtaxPptL9 https://t.co/Gc2yNre3tJ,0
"Sohn von Israels Premier #Netanjahu zu Außenminister #Maas (SPD):     „Es wäre schön, wenn Sie mal aufhören würden, sich in unsere internen Angelegenheiten einzumischen &amp; hunderte linksradikale NGO's in #Israel zu finanzieren, die unsere Zerstörung wollen.'    https://t.co/VCkSZ0zNFW",0
Krankes Land! https://t.co/PdprixVVqN,0
Der Mann ist Aussenminister! Reisen bildet und gelegentlich ist ein Erkenntnisgewinn dabei!🙄 https://t.co/Frk5v27hFM,0
"Pressegespäch bei der @AfDFraktionRLP mit @Uwe_Junge_MdL, @JoachimPaul_AfD, Dr. Bollinger und Michael Frisch zu den Themen: Meisterausbildung kostenfrei stellen, Moratorium für Kommunalreformen, Sozialer Marktwirtschaft statt Sozialismus und #Messer in der PKS. https://t.co/Rgl734Xc6b",0
Nehme erstmals eine #Muslima als TV- Reporterin im #ÖRR bei #Frontal21 wahr! Aber eine #Islamisierung Deutschlands findet nicht statt? Es ist soweit! #AfDwählen https://t.co/TaCd0PHJ4Z,1
"Nachdem ich bereits im März gefordert habe, dass #Tatwerkzeug 'Messer' in die #PKS aufzunehmen, kommt nun auch der #Innenminister #Leventz auf die Idee! Manche brauchen eben länger!🤔 https://t.co/doblSenQRv",0
"Klasse, die Dame - in jeder Hinsicht!😉 https://t.co/5ExwrwS3xR",0
Vorbereitung auf die nächste Koalition! https://t.co/AL3WALGXx8,0
"Haus #Mainusch auf Gelände der @AStA_Uni_Mainz - hier hausen Gammler, Besetzer, Treffpunkt linksextreme Szene. Seit Jahren sieht Landesregierung @spdrlp kein Problem darin. Zuständiger Minister Wolf will keine linksextremen Aktivitäten erkennen. Warum? https://t.co/ll4BFB3lYb",0
"Das Land der Dichter und Denker, das war einmal....    Vielleicht weniger Gretel und 'Fridays for future' und dafür mehr Mathe und Deutsch? Nur so ne Anregung.    https://t.co/sXxzrewnHE",0
„Mullahs sind eine Gefahr für #Europa und für #Israel Deutsche Aussenpolitik spielt keine Rolle mehr! #HeikoMaas abwählen! https://t.co/KyopkOBjAO,1
Kinder des #Koran! Was für ein Welt- und Menschenbild bringen Kinder aus ihren #Herkunftsländern mit?  https://t.co/9fSTDY3w1q,0
Abschwung hat auch Dynamik!😂 https://t.co/OoiEcivZGe,0
Ist die CO2-Theorie nur geniale Propaganda?  https://t.co/TxOifJnr90    --  Empfohlen von WELT News für Android  https://t.co/MCpS9qa1lS,0
"Sie fordern uns heraus und bedrohen unseren #Rechtsstaat! Wann nehmen wir die #Herausforderung endlich an und begegnen Ihnen mit der Sprache, die sie verstehen? Noch ist es nicht zu spät! #AfDwählen https://t.co/ktwVXT3f7w via @faznet",0
"Die #AfD fordert einen verbindlichen, länderübergreifenden #Mindestpersonalschlüssel, um das #Pflegepersonal endlich zu entlasten. Nicht nur reden sondern handeln!  Ich möchte den „Internationalen Tag der Pflege“ nutzen, um einfach mal Danke zu sagen! #AfDwählen! https://t.co/73qZVEAYDq",0
"Widerlich dieses Geheule vom #Fachkräftemangel! Schmidt sagte einst: 'Es mangelt uns nicht an Menschen im Land', was nach 2015 umso zutreffender sein dürfte. 'Wenn die Wirtschaft #Fachkräfte will, dann soll sie gefälligst welche ausbilden!' #Fachkräfteeinwanderungsgesetz https://t.co/MzDetrTcAg",0
Mein Interview heute im Kölner Stadt-Anzeiger (hgm) https://t.co/nYZ9fuLqm7,0
"Der größte Feind unserer Zivilisation ist der politische #Islam! Wollen wir das erst begreifen, wenn es zu spät ist? Aufwachen! #AfDwählen  https://t.co/d1tXNYPVnp  https://t.co/MCpS9qa1lS",1
"Wahlkampf in #Neuwied - Rede von @Joerg_Meuthen am 10. Mai, neu auf Kanal der @RLP_AfD - teilen!  https://t.co/QC1ndNcOQM",0
"#AfD Magniz berichtet im TV von Morddrohungen. Daraufhin brechen einige Zuschauer in Jubel (!) aus. Ja, wirklich! Ich habe keine Ahnung warum. Wollen sie es runterspielen? Oder freuen sie sich wirklich? Müsste das nicht morgen auf den Titelseiten stehen? https://t.co/tHll7veyPq",0
📊 #AfD steigt im ZDF-#Politbarometer auf 1⃣4⃣ Prozent!    März: 12 %  April; 13 %  Mai: 14 %  26. Mai: ...  #EP2019 #Europawahl2019 #EU-Wahl #EUWahl2019  ℹ️ https://t.co/6Wg3h8zsCc https://t.co/o0NurCS1NS,0
Infostand in #Mayen! Meine tapfere Frau Claudia vertritt mich perfekt im Heimatkreis (Kreistagskandidatin #MYK) https://t.co/Sh5nXKdKX8,0
Immer! https://t.co/6YCIIZv5wD,0
"Die #Islamisierung unserer #Gesellschaft schreitet schier unaufhaltsam voran! Der Gast hat sich dem Gastgeber anzupassen und nicht umgekehrt! Eltern, schützt die #Zukunft Eurer #Kinder!  #AfDwählen https://t.co/Prx9ZdH0EV",0
"Und das 9 jährige geschändete Mädchen aus Dessau? Das Mädchen wurde von einem Nigerianer, einem 'Flüchtling' brutal vergewaltigt! Kein großes Thema für  @tagesschau oder ?     Diese abartige Doppelmoral! #GEZ     Urteil in Indien:  https://t.co/M4lWk8tYY5",0
"Viertklässler wurden im Rahmen des evangelischen Religionsunterrichts an der Grundschule Udestedt durch die Religionslehrerin verpflichtet, an Teilen eines muslimischen Gebets teilzunehmen. Die #AfD-Fraktion wird dies parlamentarisch aufarbeiten.    ➡ https://t.co/Yo6UWgEHks https://t.co/tiHc6wbveb",0
"Mögen wir Deutschen wieder zur #Liebe der eigenen #Nation finden und möge unsere #Heimat gesunden! Bis dahin setzen wir in diesen widrigen Zeiten sturmfeste Zeichen des Widerstands, immer und immer wieder. Für ein patriotisches #Deutschland &amp; ein #Europa der freien Völker! 🇩🇪",0
"Twitter flext rasant Konservative u Regierungskritiker weg. Bitte folgt auch @Louecrit. Sie schreibt weiter, wenn Louisa weg ist! Vielen Dank! #ff",0
"Einreise per Flugzeug: Regierung schweigt weiter zu Flüchtlingszahlen. „Informationen sind besonders schützenswert“. AfD fürchtet, Einwanderung in Sozialsysteme soll verschleiert werden https://t.co/ncya6GHitD",0
"Dieser gefährliche #Salafist bewegt sich seit 14 Jahren frei in 🇩🇪 umher, obwohl er ausreisepflichtig ist. Politiker und Regierungen, die so was zulassen, begehen größtes Unrecht am deutschen Volk! 😡😡😡 https://t.co/AaUO4IhBPP",0
@GtzFrmming 😂😂😂  Da sieht ein jeder sofort daß dies eine reine 'Liebeshochzeit' ist....  🤮🤮🤮 https://t.co/U58JtQgDqm,1
@GtzFrmming Und sie hat auch schon das Kopftuch an. Warum ist er nicht konvertiert?,0
"@lawyerberlin es gehört zu Schlesien, wie Pommern Ostpreußen, geraubt durch Verbrecherräre und geschändet jeder deutsche Stand aber ewig gehörend zum deutschen Vaterland!",0
"@GtzFrmming Heiratsstau,erstaunlich,das es so etwas auch gibt!Die lange Warteschlange,vermutet man eher vor einer Kanzlei eines guten Scheidungsanwaltes!🤔🤣",0
Heiratsstau in Pankow. Doch dank B.Z. können Christiane und Mohammed heiraten.  https://t.co/wcj7qSFA5H,0
"#Unwetterwarnung des @DWD_presse für #Hamburg  vor schweren #Gewitter mit Starkregen, Starkwind und Hagel bis ca. 17:00 Uhr https://t.co/Lub5cX3nrY",0
"+++ Werbung von #Fertigsuppen - Ein Fall für das #Sozialministerium? +++      Dazu erklärt der sozialpolitische Sprecher der #AfD-Fraktion, @MdLFernandes: https://t.co/4mVDY9xJTP #ltmv #mv https://t.co/xQ1AZDRbHU",0
Die #HHBombe in #Wilhelmsburg ist erfolgreich entschärft. Herzlichen Dank an unseren #Kampfmittelräumdienst   #EinsatzfuerHamburg https://t.co/cbStkhIkGC,0
"Sollte Herr #Seehofer und das @BMI_Bund glauben, ich ließe mich von ihrer Verschlusssachen-Taktik einlullen, haben sie sich geschnitten. Ich werde weiter an dem Thema dranbleiben, bis die Bürger endlich alle Fakten offen auf dem Tisch liegen haben. #AfD    https://t.co/rR3xedlzL6",0
#Zeugenaufruf nach Raub in #Horn (Washingtonallee) am 31.05.2019 um 14:00 Uhr.    Nach bisherigem Stand der Ermittlungen wurde ein 61-Jähriger in den Rücken getreten und anschließend seiner Geldbörse beraubt.    Hinweise bitte an  ☎ 040 4286 56789    https://t.co/D29c9T45WB https://t.co/3F5zH71n6j,0
"@Jedi_Knight_Jo Genosse, am derzeitigen Zustand der West-SPD ist zurzeizt nichts Heroisches zu entdecken - es wird Zeit, dass die wieder für den Arbeiter kämpfen und nicht für den eigenen Geldbeutel!",0
"@DerWahreErich Vorwärts immer, rückwärts nimmer! ✊🏻",0
"@DerWahreErich Genosse Staatsratsvorsitzender. Ich möchte die Hoffnung zum Ausdruck bringen, dass Sie die friedliebende Arbeiterklasse unseres Landes mit ihrer Weisheit und Erfahrung in neue Glanzzeiten führen werden.",0
"@purojunkie Sozialistischen Dank für Ihr Vertrauen, Genosse - die arbeitende Klasse im Westen ist gegenwärtig eher die angeschmierte Klasse, nicht wahr?",0
"Genossen, ein Zusammenschluss der #SPD mit #DieLinke ist denkbar - und unsere #SED sollte nach Ansicht von #Lafontaine und mir diese Koalition führen! https://t.co/BnmlQ631SL",0
"Den #Grünen ist Umweltschutz völlig egal, wenn die Zerstörung der Umwelt weit genug weg ist!    #Elektroauto  #Elektromobilitaet  #Lithiumabbau https://t.co/NODbIjSEAe",0
"Auszug:' Sein Sohn stehe an erster Stelle und die 60 Millionen Italiener betrachte er als „seine Kinder“, egal was Brüssel davon halte, so Salvini auf einer Veranstaltung..'  Derweil werden wir von kinderlosen Politikern verraten.    https://t.co/WUSP8wuNXm via @jouwatch",0
"@hannovergenuss Ehrlich: 0,00%.    Weil dieses Ziel sinnlos ist und ich für überflüssige Ziele nichts übrig habe.",0
"@hannovergenuss @Dreilaender Sollen die #Grünen doch zahlen! Wer einen solchen Umbruch will ,muss dafür Vorreiter sein! Vielleicht gibt's ja dann irgendwann die Einsicht!",0
"Mal ehrlich!    Auf wieviel Wohlstand würden sie verzichten, um das 1,5 Grad Ziel zum Klimaschutz zu erreichen?    Bitte Retweeten!",0
"Gott oh Gott, @dieGrünen haben wieder zugelegt u ich stehe vor einem Rätsel: Die #Grünen behandeln uns normale deutsche #Steuerzahler, die gern mal abends ihr Steak auf dem Grill hin-&amp;herwenden, wie puren Dreck, wie Abschaum. Sie verachten uns. Grün wählen ist Selbstverletzung!",0
Soll das witzig sein? https://t.co/M7zITQRfrb,0
"@dushanwegner Das ist der Kaninchenbau-Effekt, vor dem jetzt immer gewarnt wird. Einmal eine unseriöse Seite angeklickt, wird man immer tiefer in den Sumpf von Desinformation und Propaganda gezogen. Gegenwehr praktisch unmöglich. ;-)",0
Wahnsinn bahnt sich seinen Weg !  Dr. Gottfried Curio: Schädigung Deutschlands als Kanzler-Richtlinie? https://t.co/wB7QBqN0pF via @jouwatch,0
Das können die immer am besten die #Grünen. Immer auf andere zeigen und Hetzen. Aber selbst sind das die schlimmsten!     Jan Pütz. Echte Umwelt Freunde meiden das reine Elektroauto. Asche auf das Haupt der Grünen.  #Europa #AfD #Deutschland #Sicherheit  #MerkelLand #Merkel https://t.co/SslToZkdhy,0
"Die deutsche Linke und ihr #Rechtspopulismus-Komplex. Das Seltsame an dem Plakat ist: Die Einzigen, die immer herumbrüllen und hochagressiv sind, sind linke Gegendemonstranten oder die vereinigten #Altparteien / SED in den Parlamenten gegen die #AfD. Hab ich Recht? https://t.co/CprubiGfmV",0
"Bundesregierungen lassen Clans seit 15 Jahren unbehelligt…. warum nur, warum…..?! https://t.co/sCphKGQOzh https://t.co/WvfhvRGIwf",0
+++ MORGEN... +++  ... bin dabei: Als Gast!😎😉  #Nohra #Weimar #Afd #Brandnerunterwegs https://t.co/vDC9Vg3G9v,0
"@Graubaer1953 @Proteus93484191 Verkehrte Welt! Grillen ist hier in Deutschland ein nationelles Gut. Unter Toleranz verstehe ich, daß was wir bei anderen alles akzeptieren (muessen), sei es das ausleben einer Religion, aber anderseits erwarte ich auch Toleranz der jenigen die das immer von uns einfordern.",0
"Mir wird schon beim Lesen schlecht! Wann werde ich meinen Kindern sagen können, dass sie in einem sicheren Land leben? Justiz lässt islamistischen Hochgefährder immer wieder frei! Waffenbesitz, Einbruch, geduldeter Asylant. Alles egal! #failedstate #AfD  https://t.co/MjgxFeMEQx",0
Eine komplett ideologisierte Kampagne gerät zunehmend aus dem Ruder.  #Klimanotstand #FridayForFuture #GretaThunberg  https://t.co/268Hx0b6EK,0
"Wunderbar! #AfD stärkste Kraft in #Brandenburg. Im Rest der Republik werden wir das auch noch hinbekommen. Die AfD ist die einzige, wirklich gesamtdeutsche Partei, die nach 1990 entstanden ist. Ihr gehört die Zukunft. https://t.co/o0abIAuu40",0
Werden nach Ausrufung des #Klimanotstands dann die Grundrechte sofort außer Kraft gesetzt? #Verbotspartei #Ökodiktatur   Demonstranten fordern Ausrufung von deutschlandweitem Klimanotstand https://t.co/TFaCzPPNMS via @junge_freiheit,0
AKTUELL - In #Hamburg #Wilhelmsburg Reiherstieg Hauptdeich wurde eine 500 Pfund engl. Fliegerbombe gefunden. Der #Kampfmittelräumdienst der @FeuerwehrHH ist vor Ort. Der Sperrradius sowie der Warnradius werden nachgereicht sobald sie festgelegt sind. #HHBombe #EinsatzfuerHamburg,0
"'Es geht nicht darum, Eltern, die sich auf etwas anderes verständigen wollen, zum #Wechselmodell zu zwingen. Leitbild bedeutet lediglich, dass man im Streitfall zunächst davon ausgeht, dass eine gemeinsame Betreuung das Beste für das Kind ist.'  https://t.co/xHX97v2vec",0
"Also ich war heute brav arbeiten. 🙄 Hab zwar #CO2 produziert, dafür aber auch was für's Finanzamt getan.    #Klimahysterie  #Klimanotstand  #Klimawandel   #FridaysForFuture https://t.co/KZ8GVbH75Q",0
"https://t.co/DM5s1yMM9e  Es wird immer enger. Irgendwann müssten mal bald ein paar Dinge grundsätzlich geklärt werden. Für mich idtcdiese Aktion zu mindestens Nötigung. Die ganzen Blockierer festnehmen, Arbeitgeber und Adresse feststellen. Und nachfolgend Schadensersatz",0
"'In was für einem Land leben wir eigentlich, in dem nur noch 'Rechte' sich aufregen, daß Migranten über kleine Mädchen herfallen + sie sexuell missbrauchen? Was sagt das eigentlich über die 'Linken' aus, wenn diese solche Greueltaten scheinbar hinnehmen?'    https://t.co/2GmOJUUVlR",0
#Zeugenaufruf​e vom #Wochenende  👁️Gefährliche #Körperverletzung auf #StPauli (Neuer Pferdemarkt) 9. Juni | 03:50 Uhr  👁️Überfall auf Lokal auf St. Pauli (Lagerstraße) 9. Juni | 02:50 Uhr  👁️Straßen-#Raub in #Wilhelmsburg (Neuenfelder Straße) 8. Juni | 22 Uhr  https://t.co/mYJywNL1Ek https://t.co/DylW1r1FXa,0
Bei näherer Betrachtung ist der #Islam eher der komplette Gegenentwurf zum Christentum https://t.co/wPY7Ks7qzj,0
"Mitten in einem öffentlichen Park in München am 1. Juni. Hunderte #Moslems beten mit Lautsprecher, es wird '#Allah ist größer' skandiert. Aber bitte beachten: Es gibt keine #Islamisierung.. skandierthttps://www.youtube.com/watch?v=voAaa9OBf9w https://t.co/bLQpsU9cH1",0
"@MichaelStuerzi Wartet´s mal ab, das wird noch viel schlimmer! Die benehmen sich jetzt schon so, als würde alles ihnen gehören und verachten alle Deutschen, die für ihr Land gearbeitet haben. Schuld daran sind die Links-Grünen-Wähler.",0
"@derorient Nun warten Sie doch einfach ab. Es wird sich ändern, wenn mehr Leute den wahren Hintergrund dieser Versammlungen erkennen und dann auch die Behörden reagieren. Und jetzt dürfen Sie noch das letzte Wort haben, das scheint Ihnen wichtig. ;)",0
@derorient @MichaelStuerzi Das wird sich schon noch regeln. ;),0
@derorient @MichaelStuerzi Hat in der Öffentlichkeit nichts verloren. Darf jeder gerne in seinem Wohnzimmer rumbrüllen. Religion ist Privatsache.,0
Öffentliches 'Beten' von Moslems mit 'Allahu-Akbar'-Rufen zum Fastenbrechen am 26. Mai in der Münchner Fußgängerzone: https://t.co/DehHPkkrS0,0
"Der Weg in den eigenen Untergang ist für die #SPD von einer Zerreißprobe begleitet: Die einen wollen #Sarrazin als Parteichef, andere die Fusion mit den Sozialisten der #Linken.... https://t.co/1BRFU0s8YX",0
@MichaelStuerzi Sehenswert!! In jedem Fall anschauen!,0
"Mit dem heute vorgestellten Positionspapier zur evangelischen Kirche positionierten sich fünf #AfD-Fraktionsvorsitzende deutlich gegen den politischen Missbrauch von Religion und Glaube. Worum es dabei geht, sehen Sie in diesem Video. https://t.co/pLugm5uc1e",0
Hier hagelt es gerade. Habe der Kröte mal die Gartenbank als Schutz angeboten. Sie nimmt es an 😍 https://t.co/h45wvbcbf5,0
@MalteKaufmann @SebastianWippel Ja unsere Promis...leben in ihrer Blase ...meist im abgeschotteten Villenfirtel und kennen nicht die Sorgen des kl. Mannes...aber wissen was gut für  ihn ist.,0
"Mann, Mann, Mann. Gut, dass in 🇩🇪 nicht irgendwelche externen Promis wie #MüllerWesternhagen den OB wählen,sondern die Bürger vor Ort. Wünsche @SebastianWippel viel Erfolg am Sonntag! #Görlitz #AfD  https://t.co/eIH9PGw0Aa",0
"😡🧔🏽Zornige #Flüchtlinge wurden von der libyschen 🚢 Küstenwache nicht nach Europa, sondern nach Tunesien verfrachtet:   🗣'Wir brauchen kein Essen. Wir brauchen keine Medizin. Wir wollen nach #Europa', skandieren die schwer traumatisierten Fachkräfte.   #Tribunale https://t.co/uJaLDf46wH",0
ROT-ROT-GRÜN! Klingbeil lässt die Katze aus dem Sag.   Das Ziel von Merkel und ihrer rotgrüne Bande ist fast erreicht. Ich gratuliere Erich Honecker posthum.  Die CDU und SPD sind am Ende und seine Genossen an der Macht. 🤮  https://t.co/N8NgWouZKQ,1
@welt Über 31.000 Wissenschaftler unterzeichnen Petition: Hypothese der vom Menschen verursachten globalen Erwärmung ist falsch    https://t.co/AVmWrqr3C6,0
"Gerecht?    #Maaßen der #Merkel wegen #Chemnitz widerspricht wird Entlassen. Eine #Merkel die viel Unheil nach #Europa und #Deutschland  brachte, ohne Überprüfung Leute ins Land lasste. Wie Terroristen und IS Kämpfer darf weiter im Amt bleiben! Gericht?Nein!  #AfD #CDU #Asylpolitik https://t.co/8YNeB1ojhT",0
"Zwischen #Greta-Kult &amp;   #AfD-Bashing:    Journalisten feiern in Kölner Nobelgegend derart exzessiv, dass die  Polizei 👮‍♂️ anrücken musste.  Die Reporter legten aggressives und überhebliches Verhalten an den Tag.     Die selbsternannte „4. Gewalt“ im Machtrausch.  https://t.co/FxsUaAuPXR",0
Linksradikale „Bomber-Harris“-Jublerin Anne Helm sitzt nun im Verfassungsschutzausschuss https://t.co/g4Z9vdoea4 via @jouwatch,0
Ein 9 Jahre altes Mädchen soll sexuell missbraucht worden sein. Der mutmaßliche Täter stammt aus dem Niger und sitzt in Haft. Und was fällt NTV dazu ein? 'Rechte demonstrieren nach Sexualdelikt'. Leute Leute Leute🤪    #AfD wählen!    https://t.co/5YjWg0us8H,0
#Swisttal: Pakistani Asif G. lässt sich mit fingierten Rechnungen vom Finanzamt Vorsteuer in Höhe von 13 Millionen Euro erstatten - er saß bereits in den USA und GB wegen Betrugs ein und soll Verbindungen zu einer Terrororganisation gehabt haben  https://t.co/4ckt94uJOn,0
Komisch 🤔 wann endlich werden die #Fridays4Future Kinder auf ihrer Smartphones verzichten?    Die #Ökobilanz des Internets.    Mit 20 Google-Suchanfragen brennt eine Energiesparlampe 1 Stunde lang.    Ich fordere ein #InternetVerbot für hüpfende #DummMenschen!    https://t.co/a3thKb6OXA,1
'#ZDF vergleicht christliches Pfingstfest mit einem 'Drogentrip': Welchen Vergleich wird man dort zum Ramadan wagen?'  https://t.co/gkpNaLP8mP,0
"Leider ist Ihr guter Beitrag in der WAMS hier nicht verfügbar. Würde jedem endlich die Augen aufgehen lassen, der noch halbwegs objektiv Fakten wahrnimmt. https://t.co/LN9tEl2Mph",0
Sexueller Übergriff auf ein Kind: Hubschrauber über Roßlau: Polizei nimmt Mann fest https://t.co/6TSlmjOAHt,0
"#Regenstauf: Gebrochen Deutsch sprechender Besucher des Regentalfestes reibt sein entblößtes, erigiertes Glied an einer Frau, versucht sie zu küssen - als ihre Begleiterin dazwischen geht, beschimpft sie der Mann als Schlampe und übergießt sie mit Bier  https://t.co/08oZOswV1T",0
#Asylbewerber-Zahlen in #EU steigen wieder deutlich. Ist schon lange bekannt. Wurde aber bei den Wahlen heruntergespielt. Stattdessen ständig das Gegenteil behauptet.  ☝️So was nennt man Wählertäuschung.   https://t.co/hjj37msSKE,0
"Das bekommt ihr, wenn ihr in Sachsen die CDU wählt. https://t.co/yhn17WlOG0",0
"@BarkicBranco @ichbinkoelnerin 'Obwohl die Täter minderjährig sind, wurden sie am 4. Juni als Erwachsene angeklagt.'  Bei uns läuft das genau andersrum.",0
"Berlin: Mann mit Messer verletzt, weil er Drogen ablehnte? https://t.co/uab6XfwW6u",0
"@AndreaSchlegel3 Was mir unbegreiflich ist, daß niemand auf die Schreie der alten Frau reagiert hat, obwohl sie angeblich die gute Seele des Hauses war.",0
Die Zahl der in die EU eingereisten Asylbewerber ist im Vergleich zum Vorjahr gestiegen. Zischen Januar und Ende April dieses Jahres stellten 206.500 Personen einen Erstantrag. 2018 waren es im selben Zeitraum 179.000 Anträge  https://t.co/ChKPEPCgn9,0
"'Die Polizei hat die 2 Söhne des Opfers ins Kreuzverhör genommen+ergreift bereits im Vorfeld mutmaßlich Partei für den Schläger.Sie fragen die Söhne,ob ihr Vater 'fremdenfeindlich ist',verdächtigen den zum Krüppel geprügelten kranken Greis der Mitschuld.'    https://t.co/pS5sTTlgSz",0
"Wieso die #Grünen besonders bei linksextremen Verlierern und anderen Randgruppen so beliebt ist, dürfte klar sein. https://t.co/Zvr5rNYi1S",0
"Der Mann, der wegen Auschwitz in die Politik gegangen ist, trifft den Mann, der die Endlösung der Judenfrage vollenden will.  #Maas und #Rohani besprechen wohl die „Deutsche Staatsräson“... https://t.co/UF8qAItKJG",1
"Bis zum heutigen Tage hat man darüber nichts gehört, gesehen oder gelesen. Und wenn, war es höchst wahrscheinlich im Kleinstgedruckten gut versteckt. https://t.co/RWrBGx5mpM",0
"Rund 14.000 Straftaten werden #Clan-Mitgliedern in NRW von 2016-2018 zugeordnet, 36% der Tatverdächtigen haben einen deutschen Pass - tauchen also nur als Deutsche in der PKS auf - Syrer sind bereits mit Anteil von 13% bei Clan-Tatverdächtigen vertreten  https://t.co/MHITzpE539",0
In Deutschland sind Autokennzeichen mit der Kombi 》AH《 verboten.   Das kann ich aber gut verstehen! Wer will schon die Initialien von Anton Hofreiter mit sich schleppen.,0
Frau schubst Sechsjährigen vom Fahrrad und klaut es https://t.co/mb5PScyRfl,0
Migrantengewalt :  Zeugen gesucht...   Frau begrapscht und mit Bier übergossen https://t.co/2GylaUsh1h via @mz_de,0
Was der @spdde ihr @Ralf_Stegner ist der @CDU ihr @ArminLaschet! Beide für den weiteren politischen Untergang ihrer Parteien unerlässlich.    @AfD @AfDimBundestag     https://t.co/eaTxHPPW75,0
Wieder mehr Asylbewerber in der EU https://t.co/nZZcZLOgUR #EU #Asylbewerber,0
"Im besten D aller Zeiten: Schläge, Spucken, Regeln brechen - #Hannover setzt Sicherheitsdienste in Freibädern ein. Schon Kinder ab zehn Jahren fallen mit respektlosem Verhalten auf. Für Angestellte gibt es nun Schulungen - etwa Kurse im Umgang mit Gästen mit Migrationshintergrund https://t.co/EivwIv57Ar",0
"Wer der alten Generation vorwirft der Jugend die Zukunft zu zerstören sollte mal einen genaueren Blick in die Vergangenheit werfen, tief in sich gehen und  sich davon mal drei Scheiben abschneiden! https://t.co/wADelY0j3W",0
16-Jähriger entführt sein Date (15) und vergewaltigt sie gemeinsam mit seinen Freunden https://t.co/w14QMV79zC,0
"Tja, wer da wohl seit ein paar Jahren immer nüchtern mit dem Auto und mit hoher Geschwindigkeit auf Promenaden, Gehwegen und Radwegen unterwegs ist?  #AfD    https://t.co/oqo9EfobYB",0
➡️Mann sticht auf Obdachlosen ein und flüchtet  - Schnitt im Gesicht und Bauch (Not-OP)   - #Berlin-Mitte     ➡️Ohne Täterbeschreibung🤨    #Falkensee #Potsdam #Ketzin #Oranienburg #Beelitz #Mittenwalde #Eberswalde #CDU #AfD #SPD #Merkel    https://t.co/S4o7lmAkX0,0
"Wie ein Migrant #Halle an einem Tag #Bereichert  - Versucht Marmelade zu klauen  - attackiert 71 Jährige  - Schlägt Helfer, klaut Sonnenbrille  - Belästigt Frau sexuell  - Klaut Handy  - Klaut Lebensmittel  - Klaut Elektronik  JETZT erst prüft man einen Haftantrag https://t.co/q8bfLCfyCG",0
"#Deutschland wird ein Land der Fußgänger und rettet das #Weltklima.    Wer keine Arbeit mehr hat, muss ja auch das Haus seltener verlassen.  Ist also ein vernünftiger und durchdachter Plan.    Und wer was dagegen sagt ist ein #Nazischein!     https://t.co/w6ROsvZZqv",0
"Was sagt der Zentralrat der Muslime hierzu , so wie zu unzähligen ähnlichr Vorfälle ? ? ? 🤔    Sechs junge Südländer prügeln 51-jährigen Deutschen ins Gleisbett  https://t.co/bq2cq5uGQP via @staatsversagen",0
"#Oldenburg: Sudanese rammt einem Eritreer nach dessen Angriff ein #Messer in die Brust, skalpiert den noch lebenden Mann, der noch am Tatort verstirbt - das Gericht befindet Notwehr und schickt den gut integrierten Flüchtling für 2,5 Jahre in Haft #Justiz  https://t.co/HjZc16Bw7Q",0
Der nächste Bereicherer!  Es geht voran mit Deutschland 🇩🇪! https://t.co/j9V52xd8j9,0
'Ein psychisch kranker Mann war mittags auf dem Bürgersteig unterwegs und hatte gefährliche Waffen dabei.    Dort soll er nach EXPRESS-Informationen willkürlich einen Mann und dessen kleinen Sohn bedroht haben – mit Küchenmesser und  Hackebeil'    https://t.co/TQ53QNRYNf,0
"Ich präsentiere euch:    Jans, Transmann https://t.co/CQ3bza2R3s",0
"Milliarden von Euro für nichts vernichtet, während das Land weiter verfällt!    Knallhart zerpflücken die Experten den #Energiewende-Bericht.    Sie sprechen beim #CO2-Sparen von einem Totalausfall.    #Merkelmussweg #Klimahysterie  #NoGrüne #Klimasekte #klima   https://t.co/eTR2m0AFTe",0
"Während von den weit über eintausend Straftätern der Kölner Silvesternacht gerade einmal drei (!) mit Ministrafen belegt wurden, zeigt der 'Rechtsstaat' bei der Verfolgung von 'Hassrede' im Netz ganze Härte.   Toll, #Deutschland!   https://t.co/OxfmEe37fu",0
"Visionäre und pseudo-religiöse Heilserwartungen, darunter apokalyptische Endzeitängste spielen beim Erfolg der Grünen eine wichtige Rolle. Als nächstes werden Bußen folgen: In Form von Steuern und Verboten. https://t.co/Y3YVApgkfF",0
"Gerald Otten  ∙Major der Bundeswehr  ∙22 Jahre im Dienst der #Bundeswehr und für Deutschland    Er schwor auf unser Land einen Eid und riskierte dafür sein Leben.     Abgelehnt zur Wahl in das Präsidium des #Bundestag​​es, das grundgesetzlich verbrieft ist. https://t.co/gDsFH3iyAU",0
Er wütete auf Facebook: Nach Nazi-Vergleich: Grünen-Politiker muss sein Mandat abgeben https://t.co/G0mzzrA2Ir,0
"#Kassel 2 Nordafrikaner bedrängen 19 Jährige sexuell und begrapschen sie. Als sie sich zur Wehr setzt, prügeln und treten sie die 19 Jährige krankenhausreif   https://t.co/PvY6CoZ4Qr",0
"Überraschend?    Deutschland zahlt abgelehnten #Flüchtlingen Geld, damit sie in ihre Heimat zurückkehren 😱    Mehr als 2.500 #Asylbewerber kamen trotz #AusreiseGeld einfach wieder zurück.    Kassieren und Deutschland blamieren ... läuft 🙄    #Merkelmussweg   https://t.co/PzVleTHMRX",0
🤮DANIEL COHN-BENDIT - PÄDOPHÄLIE GRÜNEN POLITIKER im INTERVIEW 🤮  Mitschnitt mit Untertiteln von einem Video des heutigen Europa Abgeordneten der Grünen Daniel Cohn-Bendit. https://t.co/Ai3S54ezrw,1
"Dieser Tweet ist unglaublich: Männer in weißen Gewändern rufen im Hbf Köln laut #AllahuAkbar. Einer hat ein Messer.  Passanten rufen verängstigt die #Polizei.   Die macht ihren Job 👍  Wir brauchen eine Sensibilisierung für Staatssekretärinnen, wann man besser nicht twittern sollte https://t.co/ZFm1zB7cvI",0
"Der Rechtsstaat im links-grünen Merkeldeutschland funktioniert so:  -Gegenteilige Meinung im Internet gepostet? Attacke, GSG9 mit Hausdurchsuchung und Festnahme.   -Trotz Ausreisepflicht noch immer hier? Polizei darf Wohnung nicht betreten.   #Irrenhaus",0
"Die Grünen sind brandgefährliche Linksradikale die 'bürgerliche Partei' spielen!    „Melonenpartei“ hat Franz Josef Strauß die Grünen früher genannt. „Außen grün, innen rot.“ Wie wahr diese Worte sind, zeigt sich auf höchst beschämende Weise in Bremen.'    https://t.co/QMsBQiUmox",0
"#Lünen: Zwei Straßenräuber überfallen spätabends einen Passanten, bedrohen ihn mit #Messern, während einer von ihnen mit südländischem Akzent Geld fordert  https://t.co/D1Wh8LuIUi",0
#ARD #ZDF   Verfluchte Bande! https://t.co/rSS85BoNOo,0
"Ei was hab ich schon wieder für ne prächtige Laune, wenn ich diese lustigen jungen Männer sehe.     Ihr auch? https://t.co/maFctfYwUH",0
Chebli twittert sich um Kopf um Kragen: Anti-Terror-Einsatz ist „antimuslimischer Rassismus“ https://t.co/qWOM2KmtqP via @jouwatch,0
"Gegen den stellvertretenden Landesvorsitzenden der #Linke Andreas Neumann läuft ein Ermittlungsverfahren der Staatsanwaltschaft. Der Grund dafür liegt darin begründet, dass seine Promotionsurkunde nicht echt sein soll. https://t.co/S6tqb9LTlu",0
"Das ist ja der Knaller!!!  Die und Waffen zum Schutz gg Rechte.....????  Wer in Deutschland, außer die Polizei trägt Waffen und benutzt sie auch???  Ich habe in Deutschland in den letzten 15 Jahren nicht einen einzigen Rechtsradikalen gesehen, ihr etwa? https://t.co/I3tdpB3V8a",0
"Peter Weber, erfolgreicher Unternehmer  hat  rund 2,5 Mill.für wohltätige Zwecke gespendet, ist jedoch bei den rot- grünen Gemeinderäten in Ungnade gefallen.   Er hat mehrere Videos produziert, in denen er Merkels politische Irrwege kritisiert.     https://t.co/rw7o0PXywX",0
"@michel_brandt_ Ist das alles, was Sie an konstruktiven Beiträgen im Bundestag zu bieten haben? Mann oh Mann. Das ist so platt, das kann jedes 5-jährige Kind. Sorry, aber da geht mir einfach der Hut hoch. Im Bundestag und nicht auf dem Spielplatz!",1
'Im Gepäck eines 23-Jährigen fanden sie zwei Sturmgewehre vom Typ Kalaschnikow und eine Pumpgun …“  Kein Haftbefehl.  #Kontrollverlust  https://t.co/MTHbPzQNp4,0
Ein riesen Sauerei wie Peter Weber diskreditiert wird! Soviel zum Thema  Meinungsfreiheit!  Ich wünsche Ihnen eine schnelle Genesung.  https://t.co/HQHeAq8wOo,0
Mit Rot-Grün-Roten Regierungen geht es direkt in den Linksextremismus!    Eigentlich wollten die Linksfaschisten 'nur' einen Angriff auf Teilnehmer eines Immobilienkongresses verüben.    'Berlin: Linksextremisten greifen Reisebus mit Krebskranken an'    https://t.co/Ho3aSqSYKy,0
Der krude Imam nennt es Kultur. Doch Menschenrechtsverletzung kann nicht Kultur sein.  'Ein Imam fordert aber: Kinderehen müssen erlaubt werden - aus Respekt vor der Kultur der Flüchtlinge'    https://t.co/wfLVBd4isU,0
"Es ist wieder so weit, Schwimmbad-Zeit ist Erklärungs-Zeit: In #Mainz sollen Flyer, Aufkleber und Plakate mit drei Piktogrammen sexuelle Belästigung verhindern  https://t.co/2ZSFDr1CqP",0
"Ich hasse es, wenn die Oma auf unsere Straße 600€ Rente hat, und der Hr. Schulz im BT schon jetzt einen Rentenanspruch von mehr als 600E am TAG!!! hat. Ich hasse diese Ungerechtigkeit, Werde ich jetzt verhaftet.",0
"Das sind keine „Chaoten“, das sind Terroristen!    »Linke Chaoten greifen Bus voller Krebs-Patienten an«    #Antifa wird protegiert von #SPD #Gruene #Linke  https://t.co/IPAyMN71mp",0
https://t.co/ivtNsQAjgN  Mindener (54) wird durch Messerstich schwer verletzt - 17-Jähriger in Haft. Täter ein 17 Jahre alter syrischer Staatsangehöriger,0
Polit-Märchen widerlegt: Zahl der arbeitslosen Ausländer im Langfristvergleich stark gestiegen https://t.co/FDsAKd0sjx,0
"https://t.co/Qw61oXKMUS  Sandra, 23, tot in ihrem Kofferraum aufgefunden. Seit letzten Donnerstag wurde sie vermisst. Sonntag fand man ihre Leiche im Kofferraum.. Sie wurde entführt, erstickt und der Leichnam in ihrem eigenen Auto entsorgt... Von einem Illegalen Pakistaner.",0
"Indien wird seine Kohleförderung bis 2020 auf etwa 1,5 Milliarden Tonnen  verdoppeln. In Deutschland wird jedes Kg eingespartes CO2 wie ein Fetisch gefeiert und in 41Ländern der Welt plant oder baut man 58 neue Kernkraftwerke (weltweit 447 in Betrieb) +1.400 neue Kohlekraftwerke! https://t.co/puzeMNLO7R",0
Nennt sich jetzt Panne!  Sicherheitspanne in Berlin: Kein Haftbefehl nach Kriegswaffenfund https://t.co/rVBigAqOT1,0
"#HeinzHermannThiele: 'Dieses Land gerät in eine hochkritische Situation. Wir sind am Rande eines kulturellen Zusammenbruchs.“ Das Thema #Fluechtlinge sei nicht nur ökonomisch unbeherrschbar, es stelle sich auch die Frage nach unserer #Identität. https://t.co/JoD1xec463",1
"#Berlin Chaoten der #Antifa die u.a. von @michel_brandt_ und @patrickgensing unterstützt werden, griffen einen Bus mit Tomaten, Eiern und Farbbeuteln an, in welchem sie gierige Miethaie vermuteten. Allerdings waren in dem Bus 50 Krebspatienten auf Ausflug! https://t.co/I7U9ZZUuqx",0
"Der 30 Jahre alte #Tunesier Sief Allah H. und seine 43-jährige 'dt.' Ehefrau Yasmin planten in D einen #Terroranschlag mit dem biologischen Kampfstoff #Rizin, der lt. Gutachten bis zu 100 #Todesopfer gefordert hätte❗️    Dt. Presseberichte ⁉️  Mangelware ‼️    https://t.co/xWOl3RtTaG",0
"#soisset    Die Aufarbeitung der 'Lügen von Chemnitz' löst eine Empörung der Altparteien aus...  Nachvollziehbar, haben sie doch alle gelogen...    Hetzjagd Chemnitz: 'Was sie machen, ist eine Schande für Deutschland' https://t.co/SRlwS0EOvP",0
"Der Realitätsverlust bei der #SPD ist nicht mehr zu übersehen. Anstatt sich mit dem wirklichen Gegner - den #Grünen - auseinanderzusetzen, die der SPD auch noch das letzte bisschen Lebenssaft aussaugen werden, phantasiert #Scholz von der #Kanzlerschaft. https://t.co/UC41WrfT5B",0
"Ich bin der Röhrich,darf ich reinkomm' oder stör ich 😜 So langsam dreht Ihr alle komplett frei,kann das sein? Gas -Wasser -Scheiße wurde umfunktioniert. Und? Grundgütiger 🙄 https://t.co/k2qEHY81Vt",1
"Deutsche Tradition alte Menschen mit Messestichen im Dutzend tot zu stechen? Nein, im Leben nicht!    Witwe (86) erstochen aufgefunden @BILD https://t.co/HoW0Py8DXu",0
"Kühnert sollte sich einen Ruck geben und die SPD übernehmen. Kein Studium beendet, keinen Beruf ergriffen, ein aufgeblasener Medienkasper. In dem Moment, in  dem er die Partei erledigt, hätte er zum ersten Mal  in seinem Leben etwas zu Stande gebracht.https://t.co/jQIKFqLthA",0
"Guten Morgen, Deutschland! Kann mir mal jemand erklären, warum angeblich 27% der Leute eine Partei wählen wollen, deren @ABaerbock ernsthaft behauptet jeder Deutsche Stoße 9 Gigatonnen CO-2 aus? Nur eine GrünIn kann so eine heiße Luft flatulenzen.   https://t.co/QcMNkypMCw",0
"#GEZ - Der #Rundfunkbeitrag ist eine Zwangsabgabe und völlig aus der Zeit gefallen. Anstatt diese Steuer immer weiter in die Höhe zu treiben, gehört sie komplett abgeschafft. Wer ARD &amp; ZDF sehen will, soll zahlen. Und wer nicht, eben nicht. Weg damit! https://t.co/WN0aQqBGlM",0
+++ #Vergewaltigung in #Düsseldorf +++  Am Samstagmorgen gegen 04:45 wurde eine Frau (51) im Hofgarten von zwei Männern brutal vergewaltigt.  Laut Täterbeschreibung handelt es sich um zwei Nordafrikaner Mitte 20.  Unhaltbare Zustände dank Grünen und CDU. #AfD  https://t.co/SX07YozWhl,0
https://t.co/PPqndME7Kx?  Ein #schutzsuchender somalischer #Flüchtling hatte den Rentner brutal zusammengetreten.  Einen Tag zuvor hatte der Kriminelle in #Freiburg bereits auf einen Taxifahrer eingeschlagen. Er wurde von der #Polizei geschnappt und sofort wieder freigelassen.,0
"#Wien: Ömer &amp; Mehmet P beschimpften &amp; bedrängten ein Pensionistenpaar, welches im Vorbeigehen den Mantel ihrer Tante streiften. Zwar gingen die Pensionisten nicht auf die Provokationen ein, trotzdem verletzt Ömer den Pensionisten durch einen Tritt tödlich https://t.co/5e1lXyC3DS",0
"„Wir haben die Schnauze voll“:#Linke Bar setzt Flüchtlinge vor die Tür  #Afrikanische Flüchtlinge sind in einem linken Lokal in #Augsburg mehrfach durch Diebstähle aufgefallen,aber auch durch #Belästigungen von Frauen und aggressives Verhalten. Das Ganze passierte schon 2017 ! https://t.co/ycrlVyO2rb",0
"Fassungslos stellt man sich immer wieder zwei Fragen: Warum entwickeln sich Menschen in einem Land, dass sie aufnimmt, versorgt und ihnen eine bessere Zukunft bietet als ihre Heimat, zu Räubern, Vergewaltigern und Totschlägern?   ⏬⏬⏬   https://t.co/D5yWniyPck",1
"allein in Sachsen Messerangriffe🔪🔪🔪von 696 im J2008 auf 1196 im J2017 gestiegen‼️  Dagegen gibt es nach Angaben des Sprechers für die SPD- und Grünen-geführten Länder, Hamburgs Justizsenator Till Steffen (Grüne), ‼️KEINEN generellen bundesweiten Anstieg.  https://t.co/7qwcSxx92u",0
Walid S. war der Hauptverdächtige im Fall des totgeprügelten Niklas P. – jetzt prügelt er wieder: Er soll einen wehrlos am Boden liegenden Mann mehrfach gegen den Kopf getreten haben. Das Opfer erlitt einen doppelten Unterkieferbruch u einen Jochbeinbruch.  https://t.co/KPmwRlg7KE,0
"'Passanten entdecken einen 13j Jungen im Bereich der Stephansschule in der Saarbrücker Straße in Schmelz. Das Kind ist aufgehängt worden!   Die Wiederbelegung gelingt, der Junge kommt schwer verletzt in eine Klinik. Noch ist unklar, ob er überleben wird.'    https://t.co/ZMamQuKC65",0
"Laut dem neuesten nationalen Sicherheitsbericht, der vom schwedischen Nationalen Rat für Kriminalprävention veröffentlicht wurde, haben vier von zehn Frauen Angst, sich draußen frei zu bewegen. https://t.co/qwQJIbk2m8",0
"Christliche Jungen in Afrika werden angekettet und gezwungen, den Koran zu lernen.     Christliche Mädchen werden Kämpfern als Sexsklaven gegeben, manche erst 9 Jahre alt!     Warten Sie nicht auf Medien, um dies selbst zu melden, sondern senden Sie es an Ihre Abgeordneten! https://t.co/VrXLFsUejz",0
"https://t.co/1Ag8XvP45g  Seniorin in Borgholzhausen tot aufgefunden.Sie wurde gewaltsam getötet,die Leiche wies multiple Stichverletzungen auf.Nachbarn hörten Schreie,hatten aber nicht direkt reagiert.  Am nächsten Morgen brachen Rettungskräfte die Wohnung auf und fanden die Leiche",0
"#Crailsheim: Schüsse aus türkischem Hochzeitskorso - Polizei findet Schreckschusswaffen und Patronenhülsen in einem Fahrzeug, dessen Insassen jedoch allesamt ihre Unschuld beteuern #Hochzeitsgesellschaft  https://t.co/elhw6NjNDy",0
"Die zukünftigen Ärzte, Wissenschaftler und Ingenieure    Fühlt ihr euch nicht warm in eurem Inneren? https://t.co/OBbfv7lDsm",0
Ihr schimpft ja immer über die blöd!  Aber Schwiegermutter hat mir gerade diesen lesenswerten Leserbrief geschickt https://t.co/YOLAWWuT9n,0
#OberhausenKlosterhardt griffen zwei unbekannte Jugendliche(südländisches Aussehen )die Kinder (beide 11 Jahre)‼️brutal an. Sie schlugen sie und entrissen ihnen gewaltsam eine kleine schwarze Umhängetasche („Foot Locker“)  https://t.co/MBndoS3mh7,0
https://t.co/h1lXAbhnb9,0
Sehenswert! 13 Minuten für die Zerstörung der Legende der 'umweltfreundlichen' Elektro-Autos... @HaraldLesch #HaraldLesch  https://t.co/gjCC1WYu0f,0
➡️Disko-Schlägerei #Passau  ➡️Mann (20) verletzt auch einen Polizisten  + ein weiterer Angriff    ➡️Tatverdächtiger  - 20 jähriger Syrer    Altparteien Deutschland 2019    #Deggendorf #Dingolfing #Straubing #Landshut #Regensburg #Erding #Burghausen #CDU #AfD #CSU  https://t.co/JpYSOHkhxj,0
"Die #grüne Partei rückt immer mehr nach links, täuscht aber die Wähler/innen als Partei der Mitte. Bremen ist auch so ein Beispiel, wo sie mit den Ex-SEDlern regieren wollen. https://t.co/YO6U012JZU #Habeck #Politik #Linke",0
Polizei sucht Täter: Frau (51) im Düsseldorfer Hofgarten vergewaltigt https://t.co/QaUe19JGOR,0
Nach Wahl in Bremen: 'Das ist das wahre Gesicht': Wut über #Grünen-Entscheidung für Links-Regierung https://t.co/6ikmHrcOEH,0
"Aha, wir lernen also, da wo der Herr Bundespräsident sich die Ehre gibt aufzutauchen, darf man ihn  nicht kritisieren. Okay.  Aber der Person Steinmeier kann man doch mal sagen, dass er möglicherweise seinem hohen, außerhalb jeder Kritik stehendem Amt nicht gerecht wird, oder? https://t.co/7NoMX7aWDV",0
In #Roßlau ist es am Pfingstsonntag offenbar zu einem sexuellen Übergriff auf ein Kind gekommen. Ein Mann wurde festgenommen. https://t.co/WigEIPO61p,0
Warum hört man in den öffentlich-rechtlichen Medien davon nichts  ?    Immunität aufgehoben: Staatsanwalt ermittelt gegen sechs grüne und linke Abgeordnete   https://t.co/IKlFVCbs9K via @wordpressdotcom,0
Wer setzte die Ermittler im Fall #amri unter Druck? 'zum Anschlag auf dem Breitscheidplatz können Strafverfolger ihr widersprüchliches Handeln nicht plausibel machen'     https://t.co/BmdNJthSvP,0
"Hm. Die AfD auch, oder? https://t.co/1IxdkN8K0v",0
"Sorry, liebe @ABaerbock. Da müssen wir mal was richtigstellen. Kritik ist ok, aber bitte bei der Wahrheit bleiben. @GrueneBundestag #GeordneteRueckkehrGesetz https://t.co/U7zhwkLAYv",0
"Nur noch Unglaublich!    #Deutschland ist ein Christliches Land! Leute zu verbieten in #Chemnitz das Grillen, weil es einige Muslime es nicht Gefällt! Toleranz gegenüber andere kennen einige Muslime nicht!   #Europa #AfD #Deutschland #Asyl      https://t.co/h04bVZponY",0
@AntifaLuebeck Politische Gegner töten? So wie es die linksfaschistische Antifa tut?,1
"@ZDFheute @HeikoMaas Sie, @HeikoMaas u auch @ZDFheute sorgen durch Totschweigen von offensichtlichem Unrecht an einer bestimmten Bevölkerungsgruppe (Deutsche), Zensur u systematischer Angst-&amp; Diskriminierungspolitik aber schon dafür, dass wir uns der Zeit von #AnneFrank wieder annähern.",1
"#Lauffen: Professioneller #Drogenring gesprengt: Gambier betreiben schwunghaften Handel aus verschiedenen Asylheimen heraus - 8 Haftbefehle erlassen, 41 Ermittlungsverfahren eingeleitet, sowie kiloweise Marihuana und Ecstasy-Tabletten sichergestellt  https://t.co/5B2vm7Jf2v",0
"@JTrittin @JRehborn @BILD Ja, lustig. Wie dieser Vorgang hier auch https://t.co/HXnmTQIXR0",0
"Herr Maas, wo genau haben Sie sich Ihr Wissen über Klima angeeignet? https://t.co/tXsBjV01kq",0
"Dieses Mädchen aus Schweden, hat die Willkommenskultur nicht kapiert, und wehrt sich! https://t.co/IhvFGL0pZr",0
Spitzenwissenschaftler tritt zurück: 'Die globale Erwärmung ist ein Billionen-Dollar-Betrug - viele Wissenschaftler haben sich verdorben' https://t.co/lDhepQ8aUB,0
"Nicht schlecht, was ?? 👍👍👍    Aus Schweden... https://t.co/cp93acgpAg",0
#klimascheiße,1
@klima,0
#klimascheiße  https://t.co/Dvu0WJO47J,1
"#Dresden 2 Mongolen mit Diplomatenkennzeichen werden einer Verkehrskontrolle unterzogen. Da keine diplomatische Immunität vorliegt, wird das Fahrzeug durchsucht. 70Kg Heroin im Wert von 3 Millionen Euro werden im Auto gefunden.  https://t.co/1MzMbbGQvn",0
"@AnnelieseN2   ??????  Auf Deine Fragezeichen,meine Antwort, war  'behaltet die man bei Euch'  Hanta-Virus in Deutschland: Vor dieser Maus solltet ihr euch jetzt in Acht nehmen https://t.co/tYcaoWChYO https://t.co/B9cKKBlZfE",0
"Eben auf M TV  junge Frau mit wechselnden Partnern,anschließend die jungen Männer mit einer Sprayflasche im Rythmus eine Wand besprühen und dazu 'what you want'!  Was das nur heißen mag?  Jetzt noch Rhihanna 'get ab,com in boy...boy..bomm...bom ..bomm'was ist das nun wieder?",0
"Bild: dpa  Berlin, Chemnitz,  Der ehemalige Präsident des Bundesamtes für Verfassungsschutz, Hans-Georg Maaßen, kann sich einen Einstieg in die Politik vorstellen,  Ist seine bevorzugte Partei die AfD?",0
"Was wird man wohl von einer Migrationsbeauftragten hören?  Sowahr keine Vorurteilsfreie Rede,denn ihre Stellung hängt von der Migration ab!  Quelle: Bundestag Heute 7.6.19",0
"Die Definition und Diskussion, Facharbeiter vs Handwerker,geht mir auf den Senkel!  Immer wieder werden in den Medien Künstler vorgeführt,die vom Fach aber auch sowas,von keine Ahnung hat!  Handwerker,haben eine 3-3 1/2 Jährige Ausbildung mit anschließender Prüfung zum Gesellen!",0
"Achtung Männer!  Beim Arzt auf eine Labor Gesamtanalyse des Blutes bestehen!Wechseljahre d Mannes machen sich durch schwankende Hormonstärken im Blutkreislauf bemerkbar!So auch Unter/Überfunktion der Schilddrüse!Unbehandelt kommt es zur Gewichtszunahme,Knochen u Muskelinstabilität",0
"Zum würzen schwarze ganze Pfefferkörner,kurz vor dem Verzehr oder Trunk(Kaffee),mit einer Pfeffermühle zerkleinert,einfügen!  Alte Germanische Tradition,gegen Rheuma, Gicht,Gelenkentzündungen, Verdauungsfördernd,Stoffwechselanregend(Abnehmen)!  Rundum ,'Entzündungshemmend'!",0
"wer das begriffen hat,kann dies auch i seinen Leben anwenden!  Es ist nicht Nötig selbst hohe Ansprüche gerecht zu werden,sondern Expertenwissen i realen Leben umzusetzen  Der Transistor CDU/SPD i e PNP u Fehlerhaft!  Die Neutrale Basis i die Regierung,der Emitter u Colector d Volk!",0
"Hier mal etwas aus der Transistoren Technik!  Ein Transistor wird zur Schaltung aber auch als Verstärker genutzt!  Der Transistor selbst verstärkt nicht,aber er regelt eine große Außen durch eine geringe Eingangsspannung(Impedanz,Mikrophon u.ä.),",0
"Liebe junge Grünen Wähler,außer das Klima Thema haben Sie auch noch andere Themen,beschäftigt Euch bitte nun auch, mit diesen Themen!  Sonst seit Ihr bei den Grünen gut aufgehoben!https://t.co/mNPVZdx4vj",0
"Auf arte zu Empfehlen!  'Das schöne Leben''  1 Yacht,8 Schlösser also riesiges Vermögen!  Sekräterin wird Persönliche Sekretärin und taucht ins Yet Zet ein!  Mal was anderes als immer nur Tristes!",0
Zur Person!  https://t.co/DbaaFZV22L  und Koranerklärung im Blog  https://t.co/kWxzKHWIS3,0
"Strafzölle gegen Öl fördern und liefernde Staaten,die durch Entzug von Mitteln aus dem Verkauf von Rohstoffen,Ihre Bürger veranlassen,aus Ihren Land,zu den EU Staaten Migrieren!  https://t.co/IK5K7HBTEv",0
"Span bei Lanz,wie kommt man im Dialog,'erstmal 1/3 der Themen Recht geben,dann ist eine Positive Stimmung vorhanden u dann mit der Kritik beginnen!'  Span'entweder er hat Recht, oder nicht',aber jemanden Recht geben,nur um ins Gespräch zu kommen,d i Rethorik!",0
Das Wort zu Himmelfahrt  Wie kann man sich die Himmelfahrt von Jesus vorstellen?  Mit einer Rakete und weg war er und wurde nie wieder gesehen!  Erleben wir das nicht Alltäglich?  Väter haben es nicht Einfach!  Nun gönnen wir Ihnen die Fahrt im Bollerwagen!,0
"Wer Leiharbeit,Befristete Arbeitsverträge zu Minnilöhnen Hoffähig macht,der darf sich nicht wundern,das wenn diese im Rentenalter,Minnirenten bekommen!  Heute zu sagen,wir haben doch Änderungen Eingeleitet,kommt zu spät!  Abgewählt zu werden,ist noch freundlich",0
"#haymat Die hier geäußerten Stellungsnahmen über die #haymat, scheint dieses Wort,eine Türkische Bezeichnung von Heimat zu sein!  Also in Deutschland,wo ich geboren u mit allen Grundbedürfnissen aufgewachsen bin u das i Sicherheit!  Bildungs u Aufstiegs Chancen",0
"Ich habe in einem Haus von Jüdischen Eigentümern gewohnt!  Diese vermieteten Ihre Wohnungen zum Teufel hinaus,auch an einen Moslemischen Jugendclub!  Ich bin sofort ausgezogen!  Der Sohn d E.hat sich vor der Tür m diesen Jugendlichen, seines Judentums,gebrüstet! https://t.co/KrxPYQL4ug",1
"Wahrscheinlich hat Dich Deine Psychaterin wegen Deiner Geistig und Körperlichen Veranlagung ausgewählt,(auch auch der Pheromone)!  Wenn Du dann Ritallin genommen hättest,wärest Du für Sie dann Uninteressant! https://t.co/xQVUfSb50f",1
"@Menschaffe @Lauro_Doc Er hat Psychologie studiert, um bei Frauen mit seinem Titel bessere Avancen zu haben!  Darum sollte jede Frau,vorsichtig mit Ihrer Wahl,zu einem Partner mit Akademischen Titeln,sein!  Nichts i zu sagen,d auf Grund der vorhandenen Kapazität(IQ),ein Dr.Titel ect.",0
"@Menschaffe @Lauro_Doc Ich habe mich mal freiwillig einem Psychater anvertraut!  Auf meine Anmerkung,das ich nie Schwierigkeiten,mit der näheren Begegnung von Frauen hatte und ich mich wunderte über die Verkuppelung,ob durch Institute oder Familie,meinte er,das wäre absolut normal..",0
RuW: Roland Wuttke – Nationale Selbstbestimmung in Europa https://t.co/Ascoe8vXDj,0
"KerstinM: Türkische ORGANISATION „DITIB“ bezahlte Kölner MOSCHEEBAU, die HIER am 8. Mai 2012 eingeweiht wurde https://t.co/GGkKt4xLH5 https://t.co/hSd91AX6lk",0
Situation an deutschen Schulen – eine Lehrerin steht auf https://t.co/yJF1wulTOa https://t.co/HcGiWx00MA,0
"Tim: WAHRHEITSWELLE! Wussten Sie schon…? Bilderberger 2019, Kopftuch, Clans, Grüne, SPD,… https://t.co/Cy5qHYGC4g https://t.co/cN01t0g7iK",0
Tim: WIDERWÄRTIGES Beispiel! STERN! So wird getäuscht! https://t.co/uQpe53Sd1W https://t.co/7iDiOIshEo,0
"Insider über Bilderberger: Achtung, neue Invasoren-Welle geplant! https://t.co/0gUsVU4l3d",0
D.M.: Warum die Farbe schwarz… https://t.co/UF6fPynaEb,0
Nikolai: Inszenierte Gerechtigkeit in Pankow https://t.co/tnG6esDfsz,0
BRiD: Warum Du Staatenlos bist! (+Wichtigen Link unter Video beachten!!)!!! https://t.co/JeeDcnKY7u https://t.co/qD6SytK2QV,0
Die EU-Vereins-Wahlen bestätigen die Lebendigkeit der nationalstaatlichen Idee https://t.co/F5gJQFCnzm,0
Ernst Cran zum “Kippatag” https://t.co/D0ZlnQzSR5 https://t.co/6mK9p3Sz4i,0
Sicherheit im Netz: ProtonMail führt Echtzeit-Überwachungen durch https://t.co/nSYvBZ1B4a https://t.co/hSi6zwAt14,0
Sicherheit im Netz: ProtonMail führt Echtzeit-Überwachungen durch https://t.co/ExaWrkaUfe https://t.co/PycQ3LfZ9K,0
"Was jetzt kommt, wird den Himmel verdunkeln https://t.co/iWlXWH9HYi https://t.co/TNwNzZokyK",0
Deutsche im Krieg+SS-UFO-Macht hat welche Waffen 343. Neuschwabenlandtreffen Schmidt https://t.co/19EGQAnQl4,0
D-M: Der Paragraph 130 StGB https://t.co/KokeAwNeol https://t.co/H1l8ECrH8G,0
Nikolai: Das Ringheiligtum Pömmelte…germanischer Kraftort https://t.co/MmUj3xSKJO https://t.co/AyxcWOvQ6X,0
"Guterres, Coudenhove-Kalergi, Delors = Karlspreis https://t.co/avP3fQiaDU https://t.co/PBLLEYpFKj",0
Hinweise und Informationen zur Sicherheit im Netz…https://t.co/LQtVF9EQSN https://t.co/ft5O8Y7hRX https://t.co/zp4P0okoIU,0
Ist Deutschland noch zu retten?…nein!…seit 1918 nicht mehr…der letzte Versuch scheiterte… https://t.co/VVi7L3qKZx https://t.co/ZNkbT0Ooag,0
"EU-Wahl und die Zeit der Fälscher, der Sieger und Verlierer https://t.co/0kRYIrFGax https://t.co/Oknts0YFeW",0
Sylvia Stolz tanzt verbotene Gedanken https://t.co/SKLmKhKVcQ,0
Nikolai: 1000€ Belohnung für die Ergreifung eines drittklassigen Kunstmalers https://t.co/Oa2dJ5K1D0 https://t.co/9D3XK4shlx,0
EU Wahl – ist Grün die Farbe des Teufels? https://t.co/W9hMIxDq2t https://t.co/fxR4WXeW38,0
EU-WAHL: Die größte WAHLMANIPULATION aller Zeiten und ihre Folgen! https://t.co/MvLrzU5hQs,0
Sylvia Stolz in Haft – Fabio aus der Schweiz kommentiert https://t.co/HWRDHhqRE2 https://t.co/dNeMYHtwy4,0
"Deutsches Mädchen: Spieglein, Spieglein an der Wand – Sylvia Stolz erneut inhaftiert! https://t.co/hI4GsJALta https://t.co/4m2pPshzOx",0
Eva Herman: Ihr seid Idioten! https://t.co/KMvJxRPAvj,1
Beatrix von Storch: „Das Ergebnis der Grünen ist irrelevant“ https://t.co/bp1ThIqZzf https://t.co/ZwuDF3THeq,0
Tim: FASSUNGSLOS! “EU-Wahl”: Deutschland wählt sich ab! https://t.co/wc3GXfIYlF,0
Nikolai: Klima leugnen mit der Kraft der Vernunft | AKTUELL https://t.co/Rm1p1EF1ou https://t.co/T9webS7HAa,0
Angelika: Ernst Cran – Meinungssperre in Öhringen https://t.co/mI3jE6LUJy,0
“EU”-Vereinswahl: Unser Schicksal am Montag danach https://t.co/lhJlijwrgF https://t.co/ACWCPl76P4,0
"GRÜNE: Krasses Deutschland 2019, Ein Beitrag der sich jeder ansehen sollte https://t.co/uDQxdwYR2a",0
Verpflichtung zur Entsperrung eines Facebook-Accounts im einstweiligen Rechtsschutz https://t.co/SRGIYybZt3 https://t.co/XTtQaAAXma,0
Sylvia Stolz wieder in Gesinnungshaft https://t.co/9pdJRTcVhd https://t.co/MUffUVltS9,0
Thing-Kreis Themar Treffen im 2. Halbjahr 2019 https://t.co/MUYc8Cb1Zx https://t.co/LsJ7dQymx3,0
Andreas Popp – „Deutschland das war’s!“ Ein Interview mit Sprengkraft https://t.co/UsvljUYt5h,0
Polit-Talk – Tim K. – Nach der Wahl – eine Bilanz https://t.co/IdHzZI7qM3 https://t.co/ipLrZAkdQO,0
Sylvia Stolz inhaftiert! | AKTUELL https://t.co/zYuWcZB6Rm,0
ENTLARVT!!! EU-WAHLBETRUG? Deutschlands Gegner in Brüssel! https://t.co/m9oQ7rFaIs,0
von Ursula Haverbeck – An die “Europawähler” https://t.co/KKMk3qN9Bm,0
von Ursula Haverbeck – An die “Europawähler” https://t.co/hUaMsikgDY,0
WsK – Folge 76- Heute EU-Wahl 2019 https://t.co/oJcgK37xI6 https://t.co/87CClstKmq,0
“Europäer wählen zwischen Leben und Tod bei der EU-Wahl” https://t.co/WjxBrBSVdy https://t.co/wB6fvsobfX,0
Kategorie C –Antifa Halts Maul– https://t.co/hOn9QzMiuh https://t.co/xEHNIiE01N,1
EU-Wahlkrampf und Geisteskrankheiten in Berlin-Kreuzberg https://t.co/2CCZeuUKv8,0
Mit Vernunftkraft gegen den Windwahn – Demo am 23.5. 14:30 vor dem Kanzler*innenamt https://t.co/H22XmIgc21 https://t.co/EJ6toqlQ7i,0
Deutsches Maedchen: “Elite” auf dem Höhepunkt https://t.co/0gMl0ZC7Bs,0
Deutsches Mädchen: “Hologramm” https://t.co/Yl0bqWbLFs,0
ENTHÜLLT! COUNTDOWN – Ibizagate – die WAHRHEIT über BÖHMERMANN! https://t.co/0I23r83qMs https://t.co/66O7mj4myQ,0
Tim: SCHOCKVIDEO vor EU-Wahl!!! TYRANNEI der „Rechtspopulisten“? https://t.co/86TdthgthZ https://t.co/6jn4DT72oL,0
“Die Schlacht um Straßburg” hat in Österreich begonnen und könnte für die EU in einem “Stalingrad” enden https://t.co/473IC1CIIR https://t.co/5q5b1R5bib,0
Anwalt und Menschenrechtler Wilfried Schmitz: “Merkel betreibt Völkermord an den Deutschen” https://t.co/kbyQ1h0gHh https://t.co/xOi1b6o0mU,0
Schultze-Rhonhof über die Ursachen des Zweiten Weltkrieges https://t.co/y8wXB2TRQS https://t.co/yxE6736PtJ,0
Wir sind im Krieg + SS-UFO-Macht kämpft mit welchen Waffen 343. Neu-Schwabenland-Treffen 1 https://t.co/zVXoHebKy1,0
Angela: Entschuldigung Thing-Kreis und weiteres https://t.co/NgMVJvzzkt,0
"Lamya Kaddor hat nicht nur einen an der Klatsche, sie brüstet sich auch mit einem Ehrendoktortitel einer Briefkastenfirma. Das sich so jemand ungern vor Gericht rechtfertigen möchte, ist klar. Dumm nur, wenn man gegen Broder antreten muss.  https://t.co/wt91c0sGhF",1
@aufklaerer2017 @pinkcrazypony @ZDF @ZDFheute Ekelhafte linke Medien,0
"Die grünen sind eine Pädophilenpartei, das waren sie und sind es heute auch noch https://t.co/hyoPbO36ow",1
😡🤮😡🤮😡🤮😡🤮😡  POL-HH: 190611-2. Zeugenaufruf nach gefährlicher Körperverletzung in Hamburg-St. Georg https://t.co/NvpDjGINsC #ots,1
"Unverhohlene Drohung, selbstverständlich erst nach den Landtagswahlen Deutschland  weiter zu schaden. Frau Merkel wird ein unglaubliches Zerstörungswerk hinterlassen. https://t.co/gi5xxHcldb",0
"@Hartes_Geld @Proteus93484191 Staatsmedien lügen durch Verschweigen, Staatsmedien sind rot-grüne zwangsfinanzierte Propagandaeinrichtungen, der verlängerte Arm des undemokratischen Parlamentarismus.",1
'Mann aus dem Niger'.   Mehrere 'Einzelfälle' solcher abscheulicher #Ausländerkriminalität an einem einzigen Wochenende.  ES REICHT!!! Frauen und Kinder in 🇩🇪 sind kein Freiwild!  😡😡😡 #Dessau  https://t.co/Z7pUN2VZQt,0
"@ostmann1977 @LVZ @daniel_bruhl @ElleVisionnaire @brigittebrochet @boxingondvd @danielkehlmann Realität der Bedrohung zeigt Reportage des'Nazi'freien ÖR #ZDF. Bevor Sie sich anmaßen,Wähler zu belehren,Reportage anschauen, Gehirn einschalten.   Eins ist sicher: Siegt die terroristische islamistische Ideologi,e wird #Goerlitz nie mehr Filmkulisse sein.  https://t.co/yXPzZwRfOy",0
@ArasBacho Wann gehen Sie endlich wieder nach Syrien?    Wir wollen Sie hier nicht.,0
"Unsere Kinder werden geschändet, die Masse läuft einer (nicht ganz bei Sinnen) 16.jährigen hinterher.     Aufschrei ?Rufe nach Gerechtigkeit? #AfD     Dessau:Nigerianer nach schwerem sexuellen Missbrauch eines 9-jährigen Kindes festgenommen https://t.co/2abRtkQHvl via @DrDavidBerger",1
"Keine Gnade: Opa Peter (87) zu Haftstrafe verurteilt, weil er aus Hunger Käse für 4,55 Euro stahl‼️Das MERKEL Regime geht hart gegen das eigene Volks vor, Illegal eingereiste Sozialtouristen hingegen fasst das System stets mit Samthandschuhen an. https://t.co/oaulyEykhW",1
@FailDef @convalaria1 @Wirklichkeit123 @Tschonka Wo lesen Sie Bücherverbrennung? Index = Liste der jugendgefährdenden Schriften.  Was projizieren Sie hier derart besessen? Laut Uni Münster wollten schon 2016 über 800000 Moslems in D unsere Rechtsordnung mit der Scharia ersetzen. Das ist Zersetzung pur! https://t.co/sV28LcYDcG,0
"@FailDef @convalaria1 @Wirklichkeit123 @Tschonka Ich bekämpfe die 'Religion des Friedens'. Ich fordere und will keine Gaskammern für irgendjemanden. Wer lesen kann, weiß das auch. Wer dennoch etwas anderes behauptet, ist entweder amtlich hirnschwach oder gehört vor ein Gericht.",1
@JoanaCotar @Die_Gruenen @GoeringEckardt Karin Göring Blödhart,1
"Kardinal RobertSarah:  „Europa hat den Sinn seiner Herkunft, seiner Wurzeln verloren!  Ein Baum 🌳 ohne Wurzeln stirbt.   Europa wird überlaufen und dominiert von Kulturen die Ihnen zahlenmäßig überlegen sind.  IHR werdet sterben❗️“    ⁦Danke @CDU⁩   ⁦  ⁦@AfD⁩  #TrauDich https://t.co/LGKkAkOM6t",0
"@Quadrateule @baerbeli04 @123korona Sehe ich auch so,   aber Verhütung ist haram.  Arbeiten für den eigenen Unterhalt scheinbar auch....",1
"Spektakulärer Angriff (Spucken, Fahrrad-Würfe etc) auf Polizisten im Asylheim #Plattling: Als die Beamten flüchten wollen, verbarrikadieren die #Flüchtlinge die Ausfahrt.  https://t.co/71cFkKiIlj",0
"Der linksextreme @WDR fragt sich, wann und wo #Flüchtlinge je öffentliche Gebäude abfackelten.  Verpasst diesen Aktivisten mal einen kleinen News-Flash!  Ich beginne mal mit #Schokopudding.  :) https://t.co/4UgzcbPXtJ",0
"Die Schwester von Sarah Connor wird in #Berlin von Araber-Clans bedroht!  Witzig, dass Sarah Connor noch vor wenigen Tagen inbrünstig gegen die #AfD angesungen hat!  😂  https://t.co/TpzseMR13a @SarahConnorfc",0
"Eine der perfidesten Wortschöpfungen der öffentlich-rechtlichen Medien-Junta ist die Selbstbezeichnung 'Free-TV':  - Sie zwingen dich per Staatsgewalt, monatlich zu zahlen.  - Du kannst diesen 'Vertrag' nicht kündigen.  #FreeTV  #BoykottMSM",0
"Faustdicke Überraschung: In #Deutschland beginnen die Verteilungskämpfe zwischen Ureinwohnern, die in die Armut regiert wurden und ausländischen Hoffnungsträgern! https://t.co/gsmSTRZwBa",0
Überraschungen im Mordprozess: Killer und Vergewaltiger aus #Kenia will plötzlich erst 17 sein. Und seine Schwester (29) ist jetzt plötzlich seine Mutter.  https://t.co/1gF0u4AmKH,0
"Passiert, wenn man sich nicht abspricht.  SWR-Artikel vom 29.5.2019  Tagesschau vom 04.06.2019 https://t.co/KHxqVpA1Dj",0
"Dumm gelaufen:  In #Harvad beschuldigt #Merkel Trump für seine 'Lügen'.  Währenddessen wird in #Deutschland offenbar, dass sie das eigene Volk bezüglich #Hetzjagd in #Chemnitz glasklar belogen hat.  https://t.co/kPYG6YkKeb",0
"Multikultureller Unterricht in #Italien: Obwohl die Lehrerin nicht alles im Griff hat, haben die Schüler Spaß und wirken glücklich.  Das ist das Wichtigste!  #diversity https://t.co/XSnVNxJI00",0
"Ehrendoktor für eine 16-jährige Schulschwänzerin, die einen an der Waffel hat!  😂  Solche Aktionen wird man in Geschichtsbüchern mal nachlesen und sich wundern können, 'wie es bloß dazu kommen konnte'.  #Greta https://t.co/L7YFPfIuf7",1
"Zornige #Flüchtlinge wurden von der libyschen Küstenwache nicht nach Europa, sondern nach #Tunesien verfrachtet:   'Wir brauchen kein Essen. Wir brauchen keine Medizin. Wir wollen nach Europa', skandieren die traumatisierten Familien!  https://t.co/PY8ICTAz6b #Zarzis https://t.co/YE8Ve26FKW",0
"Bei Ausschreitungen der Klima-Spinner in #Wien geht die #Polizei robust gegen 'deutschen Berufsdemonstranten' vor: Kopf unter den Polizeiwagen und kurz anfahren, erschrecken den #Greta-Jünger heftig!  https://t.co/8PBIw77n4P https://t.co/jb0h3Og93i",1
Islamische Selbstgeißelung am 1. 6. 2019 mitten in #Bonn. Kinder dürfen auch schon mitmachen.  In guter alter Tradition wird einem verstorbenen Imam gedacht.  #Ashurafest  https://t.co/RIrJPf9vgU https://t.co/24AyDP2zIh,0
"Abschiebungen: Polizisten wegen Hausfriedensbruch angezeigt!  „Betreten von Wohnungen durch #Polizei bei Abschiebungen soll nicht gegen den Willen der jeweiligen Bewohnenden erfolgen', laut #SPD.  Irre, oder? :)  https://t.co/YHI8Arv5Gk",0
Hinter dem 'Umbau' Deutschlands in ein öko-stalinistisches Grünes Reich verbirgt sich niemand geringerer als der allseits beliebte George Soros. https://t.co/WPuaBJDDnz,0
Die parteilose Abgeordnete #Bißmann fängt gestern während ihrer Rede im Parlament in #Oesterreich plötzlich an sich ein #Kopftuch aufzusetzen. Kann mal bitte jemand Betreuung beantragen! #Kopftuchverbot https://t.co/0shLvZG8RO,1
"Das nenne ich konsequent! ⚡#SriLanka wirft 200 islamische Geistliche aus dem Land.⚡   Warum geht das in 🇩🇪 nicht? Müssen wir warten, bis die Saat des Hasses von #Islamisten und #Salafisten zu neuen Terroranschlägen führt? #SriLankaTerrorAttack   https://t.co/zh1fmgJU9M",1
Großbritannien 😍  Die #BrexitParty erreicht mehr als Sozen und Tories zusammen!  Grüne gibt's dort nicht.  #EUWahl19 https://t.co/SL4etsSwjx,0
Chapeau #Frankreich!  Le Pen putzt #Macron deutlich weg.  #EUWahl19 https://t.co/k6APY29ALW,0
Eine der schönsten Meldungen zur #EUWahl19 kommt aus #Schweden:  'Im Land von #GretaThunberg stürzen die #Grünen ab!'  😂  https://t.co/6Gfo9ZkLjp,0
Faustdicke Überraschung: Der Bombenleger von #Lyon ist ein Algerier! https://t.co/1PF89Eegrs,0
Heute ist schon ein ironischer Tag:  Sebastian #Kurz wird aus dem Kanzleramt gejagt.  HC Strache schafft es ins EU-Parlament.  Genial!   #KurzSchluss #voteStrache https://t.co/dFGaJsHAos,0
"Während die Regierung heute gestürzt wurde, traf sich @VanDerBellen mit #Greta, um wichtige #Klimafragen und Schulstreiks zu erörtern.  Der Präsident macht einen fitten Eindruck. Beobachtet seine Mimik.  Da haben sich zwei gefunden.  :)  https://t.co/LM6JqyBjLy #kurzschluss https://t.co/8PJQCK1eIC",0
"Was ich nicht verstehe: Seit 2015 geht es -trotz neuer Fachkräfte- so richtig bergab.  Naja, einfach noch härter für's #Klima hüpfen und alles wird gut!  https://t.co/yoklk7Ubqr #GoldeneDekade #BunteDekade",0
Am gestrigen 7. Deutschen #DiversityDay kam es zu einer Schießerei in #Frankfurt. Der Polizei gelangen einige Festnahmen.  Man beachte auch die Schaufenster-Puppen im Hintergrund!  https://t.co/uyYEcbo7nx https://t.co/Yg4pOGNZZS,0
Paukenschlag zum #IbizaVideo:  1. HC #Strache wurde (ohne sein Wissen) unter Drogen gesetzt!  2. Laut diesem Interview kaufte das #ZPS das Video um Goldmünzen im Wert von 600.000 Euro!  https://t.co/0a8GZ01tcJ via/ @Oe24at,0
"In seiner ersten Reaktion zum #IbizaVideo äußerste #Strache sinngemäß: 'Weiß nicht, was mich zu dieser Dummheit verleitet hat.'  Hier ist die Antwort, lieber @HCStracheFP: Du wurdest von Kriminellen unter Drogen gesetzt!  #rehabilitation https://t.co/VnLEOWu7Tz",0
Klimaaktivist Arnold @Schwarzenegger beim Treffen mit Prophetin #Greta:  Achtet auf euren Stromverbrauch und kauft Elektro-Autos!  😂  #FridaysForFuture https://t.co/WhjbInBLb8,0
"Sprecht doch einfach offen an, dass ihr den Sozialismus wollt. Das Geschwurbel vom 'Ende eines Wirtschaftssystems' und vom 'Systemwechsel' ist ja kaum auszuhalten. Hört halt wenigstens auf, die Leute zu täuschen, denen das noch nicht klar ist.    https://t.co/Q6JUnVWei8",0
Heftige Tierquälerei: Polizei nimmt Araber-Clan die Schafe weg. Die #Araber wollen die Schafe jetzt zurückerobern!  https://t.co/oxjhgZZhio #Berlin,0
'Emotionaler Wortbeitrag'.  Genosse @MartinSchulz brüllt auf Parteifreund ein: 'Du bist ein Arschloch!'  https://t.co/5qIzxGdTA5 #spd,1
"Haben Medien, die diesen #Rezo hochjazzen, seine Ergüsse eigentlich angeschaut (und verstanden)?  Falls nicht, sind sie dumm.  Falls ja, sind sie Beitragstäter.  #RezoVideo https://t.co/2yqvJDlTLo",1
"„Ich habe eine geköpft … es tut mir leid.“  Der gläubige Herr, der vor den Enthauptungen 'viel zu Gott betete', klingt doch recht reumütig.  https://t.co/LLalRvAVO6 #Marokko",0
Das Stadtfest in #Chemnitz ist Geschichte: Statt dessen kann man sich am islamischen #Zuckerfest vergnügen.  #NichtOhneMeinKopftuch https://t.co/I8cwdQwz6l,0
Über das Märchen vom Wahlsieg der #Grünen bei der EU-Wahl.  Und warum die Grüne Spinnerei nicht ohne Waffengewalt und Panzer durchsetzbar ist.  https://t.co/qzJkGN603c https://t.co/QnF76ldLFT,0
"Zehn Männer in langen Gewändern stürmen Bahnhofshalle und brüllen 'Allahu Akbar'.  Weil die Polizei einschreitet, wittern Moslems jetzt #Rassismus, zumal die Gläubigen nur mit einem Messer bewaffnet waren.  https://t.co/235Tc1ctuc #Köln",0
Glücklicher Libanese krümmt sich vor Lachen übe die (im wahrsten Sinne des Wortes grenzenlose) Dummheit der deutschen: Steuersklaven:  'Wir alle leben von Job-Center!' https://t.co/LJkblgzm0Z,1
Seht euch das an:  Im Wahlkampf vor 2 Jahren hat @SebastianKurz den #Ibiza-Trip von #Strache bereits angesprochen!  Wie lange (und warum) wusste der (Noch-)Kanzler bereits Bescheid?  via/ @Eddie_1412 https://t.co/ji4OrKktTb,0
"Der Spruch, dass man 'Europa nicht den Extremisten überlassen' darf, überzeugt mich immer mehr.  :)  #EUWahl https://t.co/BJNzsZUiPo",0
Ist schon wieder 1938?  Innenminister #Kickl wurde auf Wunsch deutscher Politiker entlassen!! Kanzler @SebastianKurz habe nur deren Wunsch erfüllt. https://t.co/AiAO85k7QG,0
Tief religiöse #Flüchtlinge aus Syrien und dem Irak kämpfen mit 'alteingesessenen' Araber-Clans um die Vormachtstellung im Drogenhandel!  https://t.co/uNTehcEqwT #Essen,0
"Aufgedeckt: Beim #RezoVideo handelt es sich nicht um einen 'jungen, engagierten Vlogger', sondern um das Werk einer professionellen Agentur. Offenbar im Dienste der #Grünen!  Danke @machtjanix23.  https://t.co/V5ng44vr0P",0
"Dafür steht @SebastianKurz: Sofort nachdem er Innenminister #Kickl entlassen hat, gibt es mehr Geld für #Flüchtlinge!  Daher: #voteStrache und @Vilimsky.  https://t.co/VTiCUrH58l",0
"Ischias-geplagter 'EU-Chef' #Juncker junkert sich in den Endspurt zur #EUWahl:  'Alle, die ihr Land lieben, sind dumm', stammelt der sympathische Alkoholiker.  😂  https://t.co/zl3XM2Na41",1
Gescheiterte #Abschiebung im Ankerzentrum #Deggendorf: Vier verletzte Polizisten!  Sogar ein 11-Jähriger kämpft mit einem Messer mit.  https://t.co/KbN37JhILH,0
"Der #Ischias setzt ihm zu: Juncker dreht durch und beschimpft Journalisten, weil sie wagen, ihn nach seinem Alkohol-Problem zu fragen!  :)  https://t.co/FzLCx26V2v @JunckerEU",0
Blanker Wahnsinn im bunten #Deutschland:  Jara ist das letzte deutsche Kind in der Klasse. Araber mobben sie und schlitzen ihr den Bauch auf!  https://t.co/Z9qdXqwglc https://t.co/3DaBCq5ETe,0
"Mir ist völlig egal, was ein #Strache im Suff phantasiert, ohne den geringsten realen Schaden anzurichten.  Wer die wahren politischen Verbrecher nicht erkennt, ist selbst schuld!  #EUWahl #JetztErstRecht https://t.co/RZnf5wHopS",0
"Antisemitismus-Beauftragter warnt Juden vor Tragen der #Kippa!  Die Auslandspresse scheut sich nicht, die Ursache für diese Kapitulation zu benennen: '#Flüchtlinge und Araber.'  https://t.co/cOxglk8Vta",0
Sensationelles Ergebnis aus #Ungarn!  Viktor #Orban schafft +50 Prozent.  Grüne gibt es dort gleich nicht. :)  #EUWahl19 https://t.co/NxZEPOpnU9,0
Gratulation an #Italien!  Matteo #Salvini mit Abstand Nummer 1.  Grüne: 1 bis 3 Prozent! :)  #EUWahl19 https://t.co/glJUrTC2W3,0
Zufälligerweise zaubern linke Medien (koordiniert) gerade eine Woche vor der #EUWahl einen vermeintlichen Skandal aus dem Hut.  Hört euch den Original-Dialog aus dem #StracheVideo an und fallt nicht auf #FakeNewsMedia rein.,0
Um was es im #StracheVideo (in besoffener Runde) wirklich geht:  - Wie gewinnt man ausländische Investoren nach Österreich. (Huch! Ganz böse!)  - Generiert man dazu (legal &amp; rechtsstaatlich!) Vorteile für die eigene Partei? (Huch! Würden andere Parteien NIE machen!),0
"Mit dem #StracheVideo beten durchgeknallte Medien einen 'Skandal' vor der #EUWahl herbei.  Die relevanteste Aussage findet man erstaunlicherweise im #SPIEGEL im Kleingedruckten:  'Beide betonen wiederholt, dass sie nichts Illegales tun werden'  https://t.co/tIHQMksoT1 https://t.co/nglRxkfXOm",0
"Unsere Qualitätsjournalisten sind schon echte Genies: Da wird Europa jahrelang per Euro, Masseneinwanderung, EU-Sozialismus und Sinnlos-Vorschriften zerstört.  Und dann skandalieren sie einen Politiker, der 'nichts Illegales' tun will.  😂  #StracheVideo https://t.co/qz8kuCUjGC",0
"Flüchtling, der einen Rentner fast tot prügelte, brüllte 'Allahu Akbar'.  Liebe @SawasanChebli: Da 'Allahu Akbar' ja mehrere Bedeutungen hat, was meinte der gläubige Somalier hier genau?  https://t.co/osXrVKei0X",0
"Die relevanteste Aussage von #Strache im 6-stündigen Gespräch, die er (trotz Suff) mehrfach wiederholte, wird von Medien-Aktivisten unterschlagen:  Alles muss 'legal und rechtskonform' ablaufen!  #Neuwahlen #Österreich https://t.co/BpDG5OkUPG",0
Kanzler @SebastianKurz hat die Regierung aus reiner Machtgier gesprengt: Er wollte #Kickl das Innenministerium wegnehmen!  #JetztErstRecht  https://t.co/mkH5jXMdSD #strache,0
Interessante Werbung des Europaparlaments für die #EUWahl und über die Zukunft Europas: Weiße existieren in dieser Zukunft offenbar nicht mehr.  https://t.co/iqgjDgkuqt @Europaparl_DE https://t.co/V0f5Sc8nQm,0
"Von wegen 'Korruption'.  Ich hätte der blonden Russin im kriminell-kurzen Mini nach dem x-ten Cocktail auch so einiges versprochen!  :)  Außerdem betonte #Strache mehrfach, nichts Illegales zuzulassen. (Wird medial unterschlagen.)  https://t.co/oUlYYJc3R7 #AnneWill https://t.co/BVJXS5qO96",0
"Nochmals zum #StracheVideo:  Wer stellt Strafanzeige gegen @SpiegelOnline und @SZ?  Beachte: Die angesprochenen Medien haben offen zugegeben, dass sie wussten, dass es sich 'um eine Falle handelte'.  (§ 201a StGB)  #strache #ibizavideo https://t.co/Q0RA83w5k7",0
Nächster Paukenschlag: Jetzt kommt der #Misstrauensantrag gegen @SebastianKurz!  Die @SPOE_at sollte da mitziehen.  https://t.co/TrbPuwyI13,0
"Der verunglimpfte, russische Oligarch und vermeintliche Onkel der 'Russin' im #StracheVideo 'bittet höflich' um Herausgabe der Namen der Urheber.  Ob den Mann der 'journalistische Quellenschutz' interessiert? Was meinst, @JanBoehm?  https://t.co/XZwITeQ9pN",0
S-Bahn in #Köln: Merkel-Trio übergießt 22-Jährigen mit Wodka und will ihn anzünden!  https://t.co/Qd3rS4KFEe,0
"'Merkt euch, ihr Hurensöhne: Diese Stadt gehört mir!'  #Neubrandenburg  https://t.co/aM71FIkAdB #Notorious https://t.co/RYvok41R5d",1
"Kleine Entscheidungshilfe für die #Europawahl2019:  Hier bietet der frisch gefönte #Grüne,, Anton #Hofreiter einem muslimischen Gangsta-Rapper und Taliban ( aka #Massiv) die Parteimitgliedschaft an!  via/ @ExGruene https://t.co/b9fibRqXfm",0
"Die 'Enthüllungen', die TV-Aktivist @ArminWolf über die Identitäre Bewegung und @Martin_Sellner getrüffelt hat, haben Null Neuigkeitswert!  Ein lächerlicher Verzweiflungs-Akt linker Inquisitoren gegen unerwünschtes Weltbild.  https://t.co/VMHc6TTPTs",0
"Dieser @TimmermansEU ist mir unheimlich:  'In der Demokratie entscheidet das Parlament.'  Ich dachte, es wäre das Volk.    'WIR haben den EuGH dazu gebracht, gegen Polen vorzugehen.'  Ich dachte, Gerichte entscheiden unabhängig.  #tvDuell",0
"Türkischer Schüler geht mit Schere auf #Lehrer los.  Dann dreht auch noch seine Mutter durch, weil sich der Lehrer erdreistet, die #Polizei zu rufen.  https://t.co/D0b6PRkDzc",0
"Cool: Die #Flüchtlinge von #Regensburg haben gefilmt, wie sie 3 Stunden lang gegen Polizisten kämpften, die zu einer Frauenleiche im Inneren der Unterkunft vordringen wollten.  https://t.co/tCueR1YvVN https://t.co/aMVDEmzPik",0
Die deutsche Strategie habe ich noch nicht ganz kapiert: Da werden Tausende #Jobs abgebaut (das Bild zeigt nur einen kleinen Abriss) und gleichzeitig werden Millionen Minder-Qualifizierte ins Land geholt.  Rätselhaft.  https://t.co/TIGG5rNU9q #Stellenabbau https://t.co/7x46USEBYf,0
Mittlerweile fällt sogar bei @BR24 ein gewisser Anstieg der 'Vorfälle' mit Messern auf.  Wollen wir gemeinsam über die Ursachen rätseln? https://t.co/CFyRHbCss3,0
"Hey, #imZentrum: Hier sieht man den 'Zwischenfall' an der Schule etwas deutlicher.  Warum verschweigt ihr, dass die Aggression von Migranten ausgeht? Ist das notwendig?  https://t.co/CFIJCJ32Vi  #htlottakring",0
"2/7 Nicht so passende Meinungen möchten die #Grünen gern europaweit z̶e̶n̶s̶i̶e̶r̶e̶n̶ …äh… pardon REGULIEREN, um: »das Erstarken populistischer, politischer Ränder einzudämmen«.     Immerhin ein Punkt, in dem @GrueneBundestag ehrlich sind! https://t.co/HJpBjOPA9Y",0
Auch ein grüner Landtags-Kandidat scheint Probleme mit seinem Twitter-Account zu haben.  :)  #TwitterSperrt #HetzlichenDank https://t.co/475X6sKnDB,0
"Syrer und Afghanen bereichern ein Konzert in Wiesbaden mit #Taharrush: Mehrere Mädchen sexuell belästigt, Helfer zusammengeschlagen!  https://t.co/4D6TkS8XWF",0
Tina K. hat ein Herz für #Flüchtlinge und nimmt Herrn Ab­dulrahman aus Eritrea freundlich bei ihr auf.  Bald darauf sticht Herr Ab­dulrahman Tinas Sohn (11) ab.  https://t.co/iZoyzlm0mv #Vilshofen,0
"Buntes aus #Sinzheim im Schwarzwald: Nackte, dunkelhäutige Lady ohrfeigt Passantin.  Danach macht sie noch einen Abstecher zum Schulhof.  :)  https://t.co/VfGwKr4SOK https://t.co/q4l8Z0CQjO",0
"Das war's dann wohl mit Soros-Büttel @SebastianKurz.  Wenn er Glück hat, wird er am politischen Misthaufen #EU entsorgt.  https://t.co/5y7LVtMft8 #KurzMussWeg",0
"Angesichts des koordinierten medialen Anschlages der Linkspresse mit dem #IbizaVideo, schneidet die #FPÖ respektabel ab.  Der größte Verlierer (an Deutungshoheit) sind Medien.  #EUWahl19 https://t.co/PY5zhzA4wg",0
"Kinder werden zu Denunzianten erzogen und gegen Eltern aufgehetzt: Wenn sie #Klima-Sünden der Eltern aufdecken, winkt zur Belohnung der 'Klima-Führerschein'.  https://t.co/Tbpxlcz9e8 #Klimaspinner",0
"Was soll dieses Islamisten immer?  Liebe Bessermenschen: Wie sagte Erdogan doch immer so schön?  'Islam ist Islam'. Könnt ihr googeln und ihr wollt ihm doch nicht etwa widersprechen, ihr 'Nazis'?",0
"Toll, wenn ich rausgehe weiß ich gar nicht, ob ich mich in der Türkei, Arabien oder Afrika befinde. Zum Glück gibt's ja Twitter und dank Bessermenschenparanoia belegt sind wir ja alle in Nazi-Deutschland.",0
"Die Linken wittern Morgenluft. Warum nicht dem bösen Kapitalismus entfliehen und auswandern? Wie wäre es mit Nordkorea? Weder ihr noch eure Buntlinge werden unser Land kriegen, merk' dir das. https://t.co/y6Sk16SzuL",0
"'Nazis raus', 'Nie wieder Nationalsozialismus', 'fckNazis' schreiben+sagen Bessermenschen oft und ich wundere mich, dass sie sich in einer Art Nazi-Deutschland wähnen, während man doch oft kaum noch ein deutsches Gesicht in vielen unserer Innenstädten sieht.",0
"@1Athom Keine Grundlage? Der Tweet ist aus einer Schweizer Zeitung zitiert, die unter meinem Tweet verlinkt ist. Fragt sich hier wer dumm ist ...",0
"So verblödet könnten auch unsere Medien sein: Türkischer Sender zeigt allen Ernstes den Drachenlord Rainer Winkler als Tatverdächtigen von #Utrecht.  Dabei ist der Täter, der heute mindestens 3 Menschen tötete und zahlreiche verletzte, der Türke Gökmen Tanis. https://t.co/wXsJWceur3",0
Ordnung muss sein: Drogen-Dealer im Görlitzer Park bekommen farblich markierte Verkaufsplätze zugewiesen!  😂  https://t.co/yITwiZaLGU #Görli #Berlin,0
"In den USA singen zuckersüße, junge Muslime am Kinderfest: 'Wir wollen Köpfe abhacken'  https://t.co/smkQaIBI9R https://t.co/YIJ63daFpp",0
"Die @Tagesschau hat die '30 einflussreichsten Social-Media-Akteure' erhoben. Ich bin dort auf Platz 12. :))  Leute, ihr seid großartig! 😍 Wir bewegen hier was. Und der Mainstream heult im Panik-Modus.  https://t.co/NXgVjKfxpV #Winning https://t.co/BTkGI6TgCX",0
"Der Mann, der eine Frau in #Offenbach aus dem Auto heraus per Schuss in den Hals erlegte, ist überraschenderweise ein #Marokkaner.  https://t.co/2bZsSIG5jo",0
Schutzsuchender aus #Afrika begeht seit 2017 fast täglich eine Straftat. An Spitzentagen sogar mehrere.  In den Knast musste er bislang nicht.  https://t.co/GEXq8nK27B #Wolfsburg,0
In #Gotha wurde ein Polizist von einem Mann™ niedergeschossen.  Gegen den Mann lagen mehrere Haftbefehle vor. Nähere Hintergründe zum Mann erfährt man von der @Polizei_Thuer nicht.  https://t.co/ipGoAfoSAr,0
"Die Bergung der toten Frau war zunächst nicht möglich., da es zu einem 2-stündigen Angriff der #Flüchtlinge gegen die eintreffenden Polizisten kam.  https://t.co/tCueR1YvVN #Regensburg",0
"Wir boykottieren die Mainstreammedien. Immer mehr machen dabei mit.   Aber @Alice_Weidel, @Joerg_Meuthen, @MalteKaufmann, @Beatrix_vStorch und andere AfDler fallen uns in den Rücken und halten diejenigen am Leben, die die AfD klein halten. Schluss damit!   https://t.co/kaGVF03rNk",0
Geschafft!  Neue #Migranten (überwiegend Frauen und Kinder) aus Afrika treffen in #Griechenland ein. Ihre Freude über den europäischen Sozialstaat ist grenzenlos.  Wem geht bei solchen Bildern nicht das Herz auf?  Bossa! https://t.co/Akzi7CigGh,0
Londons oberster Moslem und Bürgermeister Sadiq Khan wurde vom Staatsbankett für Präsident #Trump im #BuckinghamPalace ausgeladen.  Jetzt ist er beleidigt.  https://t.co/co5jkR2fh4,0
Schwer kriminelle #Flüchtlinge können aufatmen: Der #EuGH hebelt die #GenferKonvention aus und beschert ihnen weitgehende Bleiberechte.  https://t.co/jmXlLfXX65,0
"Marokkanische Rapperin #Juju erzählt Anekdoten aus ihrer Schulzeit in #Berlin:  ➡️ In meiner Klasse waren 2 Deutsche. Die waren scheißegal und Opfer.  ➡️ Die 14-jährige Christina im Koffer zu verbrennen, war schon voll krass. https://t.co/bsPzFjA90P",1
Über Deutschland kann man nur noch den Kopf schütteln: Fritz Wepper hat Hausverbot im Tennis-Club! https://t.co/XzURmbzEuc,0
"Was tun, wenn Brot knapp wird?  Der deutsche #Sozialismus gibt die Antwort:  1. Den Bäckern die Enteignung androhen.  2. Den Bäckern verbieten, dass sie mit Brot Geld verdienen. ('Preisbremse')  -&gt; Das Brot wird dann vom Himmel fallen und alle werden satt!  #hartaberfair",0
"Platz machen für #Flüchtlinge: 1,4 Millionen Schutzsuchende warten bereits etwas ungeduldig auf ihre Neuansiedlung.  https://t.co/yUVOTzecQP",0
"@ServusTV  Liebes Servus-Team: Meine Frau lässt fragen, ob eine 2. Staffel der Serie #Trakehnerblut geplant ist.  :)",0
@JoesiProkopetz  Ich schau gerade eine Dolezal-Doku über Christian Kolonovits. Du bist dort auch vertreten. Ihr wart und seid allesamt musikalische und poetische Genies! Vielen Dank für viel Unterhaltung und Freude.,0
Integration in #Bergamo/ Italien: Migranten müssen (unentgeltlich) gemeinnützige Arbeit leisten.  Ihre Dienstkleidung trägt die Aufschrift 'Danke'.  https://t.co/oh76r6zMUn,0
Amüsant: Twitter bläst @SawsanChebli die Lichter wegen ihrer #Mohammed-Fantasien aus!  😂  https://t.co/oQ83e4hYmT  #Chebli #NetzDG,0
"Afghane sticht 17-Jährigen (wegen eines Selfies) in #München tot und flüchtet nach #Paris, wo der Geflüchtete nunmehr gefasst wurde.  https://t.co/3NcvwfkkVB",0
"Jugendliche™ treten Obdachlosen in #Köln fast tot. Hört euch an, wie sie lachen.  https://t.co/QKtwi46xv0 https://t.co/XpRg8iI16C",0
"Haha,  wie schmeckt die eigene Medizin?  😂  #Chebli #NetzDG https://t.co/Qr3X5j1AD5",0
"Ich 'oute' mich mal:  Bin 'Sexist': Ja, mir gefallen schöne Frauen!  Bin 'Rassist': Ja, mir werden die Moslems hier langsam zu viel (und zu fordernd).  Bin 'Klimasünder': Ja, ich fahre schnelle Autos, liebe Motorboote und fliege oft!  Kurz: Bin 'Arschloch' und wohl 'Nazi'.  :)",1
Räuber Ali und seine Kumpels hetzen 16-Jährigen durch die Innenstadt von #Bonn.  https://t.co/ARnxNCaccj #Hetzjagd,1
"Jetzt wird's brenzlig: Prophetin #Greta ist erzürnt, weil Medien über das #Artensterben 'nicht auf Titelseiten' berichteten!  https://t.co/H9xemXMcgv",0
"Herr Abboud aus #Syrien hat drei Frauen und 13 Kinder. Zum perfekten Glück fehlt noch die deutsche Staatsbürgerschaft, die Herr Abboud jetzt anstrebt.  https://t.co/2HThyl4Y4y",0
"Erinnert ihr euch an Eric X.? Er wurde der Öffentlichkeit als 'Campingplatz-Vergewaltiger' bekannt.  Das Knast-Futter scheint ihm zu bekommen. Eric ist ganz schön drall geworden, finde ich.  https://t.co/MmH7jSZSTT",0
"Snowflake @Olivia_Frey55 ist fassungslos: Der Nazi, Hartes_Geld, ist immer noch nicht gesperrt und wird jetzt sogar belohnt!  😂  https://t.co/lHRSsmhV7N https://t.co/Za8YpmuRf6",1
"Merkel wird den Deutschen doch noch erhalten bleiben, weil #Merkel die von ihr selbst eingesetzte Nachfolgerin #AKK für zu deppert hält.  https://t.co/POoGBbUsBQ @akk",1
"Der neue Werbespot von #Edeka zeigt zu viele weiße Menschen!  Man sollte noch eine Sequenz mit einem Moslem einarbeiten, der seine Tochter auspeitscht oder zwangsverheiratet.  #Diversity!  #Muttertag https://t.co/LrWZHQhzOX",1
"Polizeibekannter Syrer verletzt Schülerin und Student grundlos 'potentiell lebensgefährlich'.  Keiner hilft, alle rennen weg.  Opferblut spritzt auf Hose eines Passanten. Dieser droht dem Opfer mit Anzeige wegen Sachbeschädigung.  Polizei lässt #Syrer laufen.  https://t.co/ej5D6plIFf",0
"Pünktlich zur #EUWahl hat Twitter offenbar die #UploadFilter scharf gemacht: Es ist nicht mehr möglich, ein 20-Sekunden-Video hochzuladen, in dem sozialistische Panzer in #Venezuela Systemkritiker totfahren. https://t.co/9A6CbBKQPq",0
Hurra!  Flüchtling #ArasBacho schreibt wieder: Beim linksextremen Magazin @DerFreitag hat der beliebte Sexualstraftäter eine neue publizistische Heimat gefunden.  https://t.co/CS93Aefee9,0
Studienabbrecher und #SPD-Hoffnung Kevin #Kühnert will BMW enteignen und verstaatlichen.  Sozialismus ist einfach toll!  :)  https://t.co/k4iaBzmI3R,0
Der 'Vergewaltiger von Oma Ute' wurde geschnappt. Seine Herkunft und mögliche Mehrfach-Identitäten werden noch geprüft.  https://t.co/xRE1nmMvWD,0
"Polizei gibt Entwarnung: Der stark blutende nackte Mann, der in einem Privatgarten auftauchte, ist kein Opfer einer Stichverletzung.  Im Drogenrausch knallte er lediglich durch einen Glastisch. Puh!  https://t.co/Lvnx5rKNPo",0
"2 Hammer Schlagzeilen auf der Hälfte der B-Zeitung!  ENTSCHULDIGUNG   Kommt IHR eigentlich noch klar?  Liebe fleißigen Deutschen Staatsbürger,habt IHR dafür jahrzehnte geackert/gebuckelt um so als Rentner abgespeist zu werden?  SO VIEL LEERGUT GIBT’S NICHT DASS IHR ALLE SATT WERDET!! https://t.co/2BGNBksVMu",0
"Stromkosten für 100 km im Elektro-Audi: 10,49 Euro.  Dieselkosten für 100 km im Audi Q5: 8,13 Euro.  :)  https://t.co/VMK4YqN1SE  #elektroauto",0
"Syrischer Totschläger erscheint nicht zum Prozess. Weil er untergetaucht ist, konnte die Ladung nicht zugestellt werden, bedauert das Gericht.  https://t.co/d1qECvltEa",0
Schule in #Wien: Lehrer wird von Migranten umzingelt. Später haben sie ihn noch an die Tafel geklatscht.  https://t.co/1GeiRvoOc7 #HTLOttakring https://t.co/KtxFnB3EPU,0
Ich würde die Headline deutlicher formulieren:  Arbeiter-Samariter-Bund: Ex-Geschäftsführer Mohamed A. aus dem #Libanon soll 10 Mio. Euro abgezweigt haben!  https://t.co/yY4ywVjNul #ASB @asb_de,0
"Wer sich in #England zum Imam ausbilden lässt, lernt folgendes: 'Allah ist glücklich, wenn Moslems ihre Frauen vergewaltigen und schlagen.'  https://t.co/JWFd0kqcOs #Ramadan",1
"Das Foto zur Schlagzeile finde ich süß. Auch, wenn mir die kleinen Mohammeds etwas blass vorkommen.  #Mohammed https://t.co/pynfrzkfjI",1
"Linke rufen zu Gewalt in #Berlin auf: 'Werden alles anzünden, was nicht niet- und nagelfest ist!'  #1Mai   https://t.co/GBZw4O8nXu #b0105",0
"Schöner Erfolg:  Gratulation an @Dieter_Stein, @krk979, @LSteinwandter &amp; Team! 'Sagen, was ist', zahlt sich aus und wird geschätzt.  👍  https://t.co/vmjVTPZcuY",0
Hat das wer in unseren Medien mitbekommen?  Nach #NotreDame wurde in Frankreich am Ostersonntag eine weitere Kirche abgefackelt. Polizei geht von #Brandstiftung aus.  #Eyguières  https://t.co/Tk7u6Wpnnp,0
"Hier mal eine kleine Liste über brennende Kirchen in #Frankreich.  Nur im letzten Jahr. Ohne Anspruch auf Vollständigkeit.  Eigenartig viele Kurzschlüsse im 'modernen' Europa, nicht? https://t.co/Nyk2eLwukk",0
Die Deutsche Bahn nimmt sich die Kritik des grünen Bürgermeisters #Palmer zu Herzen.  Ab sofort werden die gesellschaftlichen Verhältnisse realistisch dargestellt!  @DB_Bahn @DB_Presse (Graphic-Credits: @DFakeNews1 #ff) https://t.co/SCQJs8eK6r,0
Mein Freund in Südtirol hat seinen kleinen Weinkeller erweitert. Bin bis auf weiteres offline! :)  Bis bald! https://t.co/oZW4toSv3b,0
"Die vom #ZDF gefeierte Merkel-Jugend muss man sich auf der Zunge zergehen lassen:  Unsere geliebten #Flüchtlinge hätten nicht das Recht, in jedes x-beliebige Land einzuwandern!  Huch!  😂🤪 https://t.co/2isw3XPDik",0
"Bei der Schießerei zwischen Kurden und Türken in #Rüsselsheim geht es um 'allgemeine Streitigkeiten', erklärt die Polizei.  https://t.co/leV1lml6Co",0
"Wer mit einem Kreuz an der Halskette zu #Ostern durch Rom spaziert, muss jederzeit mit einem Messer-Angriff in Richtung Kehle rechnen!  https://t.co/kbeleNutZU",0
"Migranten bringen 71-jährige Schwerbehinderte durch geschickten Steine-Angriff zu Fall. Weil sie keine Wertgegenstände hat, springen sie ihr in den Rücken und bespucken sie.  https://t.co/rAy3owkJKO",0
Ein 'Unverständlicher' stürmt Oster-Gottesdienst in #München: Zum Glück gibt es nur 24 'minimal' Verletzte.  Frohe Ostern!  https://t.co/Hbl97pQPq8 #Paulskirche,0
"Laut @PeterTauber verübten Atheisten die Terroranschläge in #SriLanka.  Er hat recht: Wer würde den Drahtzieher, Herrn Zahran Hashim, schon mit dem Islam in Verbindung bringen? Völlig absurd! https://t.co/tSHwQU6IU2",0
Empfindliche Niederlage für Merkel und Medien: In der #Ukraine wurde ihr korrupter Russland-Hasser #Poroschenko vernichtend aus dem Amt gejagt!  https://t.co/5wLq1ABLOB #UkraineElections2019,0
"Der muslimische Drahtzieher der Anschläge in #SriLanka (Herr Zahran Hashim) ist ein beliebter Koran-Lehrer auf #YouTube.  Seit Jahren verbreitet der gläubige Mann dort seine Hetze, ohne gesperrt zu werden.  Weltoffen, nicht? https://t.co/oUwvJZzCFU",0
Zum Wiederaufbau der #NotreDame gibt es bereits 'zeitgenössische' Vorschläge: Etwa ein 'anmutiges Minarett'.  https://t.co/KPgNP6mmId #paris,0
Es wird immer abartiger! https://t.co/SUVACwkKa3,0
"Hier sieht man #Schutzsuchende beim Legen von Bränden in #Griechenland.  Sicher ein Akt der 'Verzweiflung', weil sie an der Durchreise nach Deutschland gehindert werden.  (Video vom 5.4.2019 aus #Diavata.) https://t.co/pdvRAgPbL0",0
"Ich las heute Hunderte Tweets, die den kleinen Trick durchschauten, mit dem 'Christen' durch 'Betende und Reisende' ersetzt werden, um vom eigentlichen Problem abzulenken.  Blöd, dass die Menschen aufwachen, was @AuswaertigesAmt?  #SriLanka https://t.co/sQQRHQVlCf",0
Hetzjagd in #Köln: Männergruppe™ jagt 43-Jährigen durch die Straßen. Als er stürzt wird mehrfach auf ihn eingestochen.  https://t.co/IOSMJcfA7h,0
Die beliebtesten Drohungen von Schutzsuchenden gegenüber Betreuern:  'Kopf abschneiden'  'Vergasen'  'Hals aufschlitzen'  https://t.co/uLevcOGVUk,0
Das Programm der NSDAP deckt sich in vielerlei Hinsicht mit den Forderungen der #SPD-Nachwuchshoffnung Kevin #Kühnert oder der Grünen.  Man lese etwa die Punkte 13 bis 20.  Wofür stand doch gleich das 'S' in NSDAP?  https://t.co/IpK9quu6xt https://t.co/6jcD1APzsC,0
"ARD-Clown (@StefanTroendle) erklärt @NicolaBeerfdp und die FDP zu 'Feinden des Systems'.  Die Masken fallen, die wahre Fratze wird immer sichtbarer.  https://t.co/dCs1kKXCYE",1
"E-Autos belasten das #Klima um 11 bis 28 Prozent mehr, als ein Dieselauto.  Ein Faktum, das in der kunterbunten EU einfach ignoriert und weggeklatscht wird.  https://t.co/BE9w4GBeGT",0
"Bewährung für brutalen, syrischen Messerstecher  Abdalrhmen A. aus #Dresden.  (Zur Erinnerung: Vor ca. 1 Woche ging eine 85-Jährige Mindestrentnerin für Sahne-Diebstahl in den Knast.)  https://t.co/AUXoCN8IbW",0
In #Kopenhagen/ Dänemark spielte ein islamkritischer Aktionskünstler das Spiel 'Koran-Werfen'.  Dann rannte er um sein Leben.  Dann brannte die Stadt.  Beim #Koran dulden Muslime in Europa keinen Spaß!  https://t.co/5MBm7NHWxI https://t.co/DTojY5DDUT,0
"Nach islamkritischer Koran-Aktion kommen Moslems in #Kopenhagen nicht zur Ruhe: Tagelanger Ausnahmezustand, brennende Straßen, Angriff mit Granate...  https://t.co/v1jNXTHesi",0
Hier ist eine kleine Übersicht der abgebrannten Kirchen in #Frankreich während der letzten 4 Jahre.  Höchste Zeit den Brandschutz zu verbessern!  #NotreDame https://t.co/lIpeGthTj8,0
"Allahu Akbar, ich kann nicht mehr. 😂  #Chebli https://t.co/t6jtTbCqyD",0
'Auch in einer Facebook-Gruppe von #Flüchtlingen in Deutschland gab es Freudenbekundungen.'  #NotreDame  https://t.co/LhZefMaVWs,0
"Ende des Grundrechtes der Versammlungsfreiheit in #Dänemark: Polizei verbietet Anti-Islam-Demo, weil man die Rache der Muslime fürchtet!  https://t.co/VYRq9iLl5v #Kopenhagen",0
Da schau her: Das Feuer in der #NotreDame ist gleichzeitig an zwei unterschiedlichen Stellen ausgebrochen.  Zufälle gibt's!  https://t.co/3WFcpdifg8,0
"Hoch verdient: ' Großer Verlierer des ersten Quartals: die Welt mit einem wahnsinnigen Minus von 17,0% bei Abos und Einzelverkauf.'   Poschardt hat aus der ehemals seriösen WELT ein Sammelbecken für Relotius-Journalisten und schreibende Links-Aktivsten gemacht. https://t.co/eSicflDzeY",0
Verkehrskontrolle in #Mühlheim: 50 aufgebrachte Männer™ (darunter viele Bärtige) stürmen auf Polizisten los!  https://t.co/PAwZ0FS4Az https://t.co/GLezMDrpWj,0
"Matteo #Salvini: Die wahren Extremisten sind jene, die #Europa seit 20 Jahren zerstören. Es sind Verräter wie Merkel, Macron, Soros oder Juncker!  👍  #EUWahl https://t.co/tdWOJTe8zQ",0
Hardcore-Sozi @Ralf_Stegner Ist immer noch ein Zugpferd: In Dannenberg lockte er immerhin 8 Menschen hervor! https://t.co/JESwOtP3jz,1
Prophetin Greta 'Jesus' #Thunberg fordert Papst Franz zum Schulschwänzen auf.  #FridaysForFuture https://t.co/5f34oNsDp7,0
Forever young: Unbegleiteter 'Minderjähriger' entpuppt sich als 47-Jähriger!  😂  https://t.co/8O6lr6Dcbg,0
"Zu den Allahu-Akbar grölenden Moslems beim Brand der #NotreDame: 'Allahu-Akbar' sei nur ein 'Ausdruck des Entsetzens', erklärt SPIEGEL-Ableger @Bento_DE.  https://t.co/wdsfCFs9PD",0
"Ein 'Gruppe' von 200 bis 300 #Libanesen rottet sich zusammen: Sie umzingeln und bedrohen Polizisten, die es wagten, sich in eine kleinere Schlägerei (20 Kämpfer) einzumischen.  https://t.co/puFaQEEw1V #Bocholt",0
"Abgelehnter, polizeibekannter Flüchtling brennt sein Asylheim in der #Schweiz nieder und flüchtet nach Holland.  https://t.co/DqEZbK0dwR",0
Einigen Franzosen steht die Trauer über den Verlust der #NotreDame regelrecht ins Gesicht geschrieben! https://t.co/WiXy7PfzA7,0
"Schaut mal auf die Namen, die das Niederbrennen der #NotreDame mit einem Smiley auf Facebook kommentieren.  Spannend!  via/ @PrisonPlanet https://t.co/2HX1zxgun5",0
"Es geht doch nichts über Europäische Medien!  Die Feuerwehr ist zwar noch nicht zum Brand durchgedrungen, trotzdem posaunen Medien, dass #Bauarbeiten ursächlich wären. Respekt!  #NotreDame https://t.co/5IxbHdGr17",0
In Frankreich brennen in letzter Zeit ziemlich viele (christliche) Kirchen. Heute ist die #NotreDame an der Reihe. https://t.co/sB1jHeKOmt,0
"'Hitlers Karriere begann im Linksextremismus'.  Für alle, die immer noch nicht begreifen (wollen), was das Wort #Sozialismus in Nationalsozialismus bedeutet.  https://t.co/DNvBoV0guk",0
"Trotz Hunderter Verdachtsfälle und zig Hinweisen wollte der Behördenchef nichts unternehmen, weil er 'Angst vor dem Vorwurf der Diskriminierung' hatte.  https://t.co/8XGVmGYOHn",0
"......tja, es war notwendig #Maaßen aus von dem Verfassungsschutz abzuziehen! Dringend notwendig!     Und dass die #Afd jetzt so ein Bohei um ihren 'Berater' macht, wundert niemanden...!     https://t.co/6IWLnZ7URy",0
"#Exklusiv: Ex-@BfV_Bund-Chef @HGMaassen hat mit Politikern der #AfD möglicherweise doch erörtert, wie die Partei einer Beobachtung oder #Prüffall-Einstufung durch den #Verfassungsschutz entgehen kann https://t.co/NMYQHtfhkR via @Tagesspiegel",0
#Servicetweet #WerteUnion #AfD ⁦@LarsWienand⁩ ⁦@reinboth⁩ https://t.co/wUC2akmtX6,0
Ich habe einen Geburtstagswunsch. Unterstützt bitte das Crowdfunding von #WannWennNichtJetzt. Die Tour kommt am 27. Juli auch nach #Bautzen! https://t.co/LNj4es9vvO,0
"Unsere #Wasserrettungsstation in #Tegel ist in den vergangenen Tagen massivem #Vandalismus zum Opfer gefallen. Die Fassade wurde mit Farbbomben verunstaltet, der Zaun zertreten, Geräte wahllos zerstört. Ein Angriff auf ehrenamtliche Lebensretter. Wir sind fassungslos! @DLRG https://t.co/yySQ8KtEYb",0
"........erst eine Abschottungs-Agenda durchsetzen wollen und sich dann beschweren....?     .....das ist totaler Blödsinn, mal wieder von der #Afd mit ihrem 'Zurück-zur-DM' Gefasele...! https://t.co/XCMlrqG3if",0
"Wären nicht die Teilung und der Sozialismus dazwischen gekommen, hätten Dresden und Leipzig heute 1 Million Einwohner, und im Osten gäbe es 'hidden champions' und Weltkonzerne wie in Baden-Württemberg oder Bayern https://t.co/WwlU7F18u5 @welt",0
Interessanter Thread. 👇  Unsere liebe Schweden-Korrespondentin @FinjaFinte hat mal einige Schießereien der letzten Tage im bunten #Schweden zusammengefasst.  Dort geht ganz schön die Post ab! https://t.co/jM2OVi9osc,0
"Das müsste doch umgekehrt sein, nachdem Bischöfe sie schon mit Jesus vergleichen.  #Greta  https://t.co/ja9fCiPEQ4",0
"Es vergeht kaum ein Tag ohne Rassismus. Eine der „netteren“ Nachrichten des heutigen Tages -mehr möchte ich Euch heute ersparen: „Sie sind mit 12!!! Geschwistern hier durchgefüttert worden... Sie haben doch genug Geld, nehmen (Sie) Ihre Mischpoke mit in das Land Ihrer Träume... https://t.co/W843X7KdID",1
"Donald #Trump zieht das echt durch: Er stopft iIlegale und kriminelle #Migranten in Shithole-Städte, die von Bunten ('Demokraten') regiert werden!  😂  👍 https://t.co/WEZpCUrzkM",1
"Immer mehr Promis unterschreiben Appell an Wähler in #Görlitz, darunter @MMWesternhagen und @NosbuschDesiree https://t.co/ktABRkybkG @zukunftsachsen https://t.co/JGhXK4PiM0",0
"'Er ist ein verbitterter, verbiesterter Missionar geworden'    .....interessanter Artikel über #Gauland, der einst dafür gesorgt hatte, dass Hessen Flüchtlinge aufnimmt...!     #Afd     https://t.co/DO7hvVwHEf",0
"Wenn Du deine Miete nicht mehr zahlen kannst, dann kauf dir doch einfach Aktien von Deutsche Wohnen und beute dich selbst aus 🤓",0
.......sehr lesenswert...!     https://t.co/qJZrycAgRr,0
"Bitte, bitte lesen. Das ist #toxische ostdeutsche Realität.  Der alltägliche Rassismus und wenn Menschen darauf angesprochen werden, wie sie reagieren.   https://t.co/zj6PrKuWlD",0
"...es ist nur noch lächerlich...!     Die #Afd gibt es seit 6 Jahren und sie hat seit dem KEIN Rentenkonzept...!    ...dafür die höchste Kriminalitätsquote aller Abgeordneten, eine Spendenaffäre und ein #Prüffall beim Verfassungsschutz ist sie auch...!     https://t.co/mShT4YEUTt",0
"wenn dort schon so wenig leben, sollten die dann nicht wenigstens respektvoll mit allen Menschen umgehen?    Aber dafür die Leuchttürme gestärkt werden - moralisch, politisch, gesellschaftlich!     Untersuchung zu Einwohnerzahl: So wenige Ostdeutsche wie 1905 https://t.co/Tbu15C4P5I",0
"Hallo @mdrde @MDR_SN @MDRpresse, erst kürzlich habt ihr Uwe #Steimle in eurem Programm vorgestellt als „Mann, der zum kulturellen Inventar Mitteldeutschlands gehört“, als „Heimatforscher und Störenfried“. Gibt es auch etwas über ihn als Rechtsradikalen zu sagen? https://t.co/0y0r8D4y2I",0
Was #CDU #Sachsen Kandidaten sich so wünschen. @cdusachsen #NieMehrCDU https://t.co/rMLUs4d7Hr,0
"3 Jahre in der braunen, menschenverachtenden Jauche rühren und -Zack-, ist man Kandidat für den Oberbürgermeister    da soll sich mal keiner über #Greta s Ehrendoktor beschweren!     Sachsen: #AfD -Abgeordneter Sebastian Wippel sorgt für Eklat - SPIEGEL ONLINE https://t.co/7xdX6fqm9T",0
"Wir nehmen das hier mal zum Anlass, uns etwas über das „Verbieten“ zu unterhalten. Wer immer in letzter Zeit die Grünen diffamieren möchte, nennt sie „Verbotspartei“, und komischerweise finden viele Menschen das zutreffend. 1/7 https://t.co/7AyFaXnhw3",0
Weshalb warnt sie nicht vor der AfD? Langsam wird mir diese Person unheimlich! #niemalsCDU #niemalsAfD #cduwürgt #afdwürgt    Im Zweifel komme Linksbündnis: Kramp-Karrenbauer warnt vor den Grünen https://t.co/ubZptUxx2u via @TOnline_News,0
"Hat jemand noch kurze Hosen in Gr. 104 zu verschenken?    Farbe egal, außer rosa und Glitzer.    Plz rt.",0
Von Trump und Macron gepflanzt: Französische Eiche stirbt in US-Quarantäne https://t.co/j9CSbzVpuS https://t.co/jaPsOkFeFQ,0
In Finnland 32 Grad in Alaska schmilzt das Eis 2 Monate früher als sonst und in Sibirien hat es gerade fast 30 Grad (!!). Im dortigen Permafrostboden sind Unmengen Methan und CO2 „gespeichert“ und wenn der auftaut... Aber: Klimawandel? Welcher Klimawandel?,0
Ich verfolge die Esoterikszene ja schon seit ein paar Jahren mit großer satirischer Begeisterung.. manchmal fehlen selbst mir die Worte.    “Seminar zur therapeutischen Defäkation im Hochenergiewald”    https://t.co/CDjLE6GU50 https://t.co/Z8ov93ANlM,0
"Während ich bei geöffnetem Fenster am Schreibtisch saß, hörte ich aus einiger Entfernung ein Rufen.    »Hallo, hallo.«    Das rufen wurde eindringlicher.  »HALLO, HALLO, HALLO.«    Es ließ mir keine Ruhe, ich zog meine Schuhe an und ging Richtung Straße.    1/x",0
"...die #Afd zieht immer schön den Schwanz ein und macht vor großen globalen Konzernen und Despoten wie Putin den Bückling!     ...aber die eigenen Landsleute, die ihnen die Stirn bieten, die werden schön beschimpft!     ...die #Afd verkauft uns das dann als besonders patriotisch! https://t.co/ADb72pQ0nY",0
"Wer weite Teile der Zivilgesellschaft - Kirchen, Flüchtlingshelfer, Seenotretter, #FridaysForFuture, YouTuber - diffamiert, der hat wirklich gar nichts verstanden. @KonstantinNotz on fire bei der Debatte zum #Migrationspaket 🔥 https://t.co/JSCYQuc7tC",0
"Mit Verlaub, liebe @CDU: Die über 30 Jahre zurückliegende Installation dieses Typen als margeriten-umkränzte, ökologische Heldentat zu verkaufen, ist schon frech. Ich erkläre das mal kurz. (1/11) https://t.co/n2btl47Bvf",0
"Hallo Frau @JuliaKloeckner     ....ist was Wahres dran, oder...?     https://t.co/sN0654clbK",0
"Hallo Herr ⁦@MalteKaufmann⁩!     .....für Standhaftigkeit und Haltung haben Sie Ihren unveröffentlichten, rumänischen Doktortitel nicht bekommen, oder...?     #Afd    Greta Thunberg bekommt Ehrendoktor: Dr.h.c. Thunberg - SPIEGEL ONLINE https://t.co/9T4bKzbpka",0
"'In den Köpfen ist nichts drin, die Schwänze musst du nehmen'   Gespräche beim Scampi-Essen.",0
Über den Antisemitismus in der #AfD:    https://t.co/pVl9yWB3Jw,0
".....ein Hetzer beklagt sich über Hetze, die keine ist um eine Hetzerin zu schützen....?     ....widerlich...!     #Afd https://t.co/2zTU4SEL4E",0
Durchsuchung beim selbsternannten 'Volkslehrer'.  Endlich wird von den Behörden gegen die Hater und Aufwiegler vorgegangen. Hoffentlich nicht nur ein Strohfeuer.  #AfD    https://t.co/NpIzKNxdaI,0
"Hahaha! Malte #Kaufmann kommt mit den christlichen Werten durcheinander - oder beschreibt er richtig, was die AfD davon hält? https://t.co/kwwDNMlFRU",0
Der Aufstand der Dax-Konzerne gegen die #AfD hat begonnen!  Wann werden Standorte im Osten dichtgemacht? #afdmussweg #afdverbot #afdmachtarbeitslos #NiemalsAfD   #Landtagswahlen : #VW-Managerin sorgt sich wegen der #AfD um #Standort #Ostdeutschland https://t.co/LVaFZoldlb,0
"...was Salvini für das Rating in Italien, ist für den Osten die #Afd..!     Ein großer Unsicherheitsfaktor für Investitionen, Rechtssicherheit und Fachkräfte..!    So zerstört man Standorte!     VW-Managerin sorgt sich wegen der AfD um Standort Ostdeutschland https://t.co/7ZM861vxzA",0
"Lustig: Wir haben schon einen Song über Julia Klöckners Lobby-Liebe gemacht, bevor sie Nestlé umgarnte. #Klöckner #Nestlé https://t.co/S34fqA4U6H",0
Drei Rechte foltern 2018 einen schwulen Mann zu Tode. Christopher W. stirbt an einer Hirnzertrümmerung. Monatelang wird kaum über den Fall berichtet.    Ich war gestern in Chemnitz für die Urteilsverhandlung u. habe selten vier so verstörenden Stunden erlebt https://t.co/7hv7SI7HNZ,0
"Historisches Gesetz: Wo Nazis regiert haben, konnte man nicht mehr fliehen.     #Afd https://t.co/F7cZHnxbGF",0
Ärgerlich und beschämend: Seit fast 10 Jahren fordern die Korruptionswächter des Europarats (GRECO) schärfere Regeln für die deutsche #Parteienfinanzierung. Und immer noch blockieren Bundesregierung und Bundestag die notwendigen Reformen. https://t.co/JquYDf1Amp,0
"Rechte Kreise! Arschlöcher sind das! Braune, dumme Arschlöcher! #FCKNZS https://t.co/wGLOeDuByn",1
"An alle, die einen Menschen gemacht haben:    Was ist euch aus den Schwangerschaften geblieben?  Jetzt nicht so temporär, sondern dauerhaft.    Ich habe seitdem 1,5 - 2 Schuhgrößen größer.  (Und finde das eine Riesensauerei.)    *trauert um ihre Schuhe.",0
AfD-Abgeordneter wird im Bundestag gerügt https://t.co/kkVf5uFyLF https://t.co/TG4aLkDnpr,0
"......das Erika ist kaputt...!     ....bezieht sich doch ihr Tweet auf die Straftat, bei der vier Deutsche einen Homosexuellen zu Tode gequält haben...!     #Afd https://t.co/QY3NHXhylx",0
"Brandner möchte nicht reden...!     ....man merkt, mit Nazis reden lohnt einfach nicht, also kann man das auch getrost lassen...!     #Afd https://t.co/5pR1epDaX5",0
Laut #BILD-Zeitung will eine Gruppe von #SPD-Mitgliedern aus #Bayern den Rechtspopulisten #Sarrazin als Parteivorsitzenden.     Der traditionell eher linksstehende Landesverband weiß davon nix. Auch die @BILD nennt keine Mitglieder. /TN @BayernSPD https://t.co/JiKTNkUFzV,0
Lieber nichtregieren als 'falsch'    Lieber regieren als nicht    Lieber 'Asylindustrie' als Grundrechte    Lieber 'Hetzjagden' als Rechtsextreme    Lieber 'Schulschwänzer' als engagierte Jugend    Lieber 'Meinungsmache“ als Sachthemen    @cducsubt @spdbt @fdp @dieLinke @Die_Gruenen    Word! https://t.co/6YbzhVzJ1w,0
.....wieso muss ich dabei an Beatrix von Storch denken....?     https://t.co/CQzJad93dJ,0
......bis zum nächsten Mal und das trotz bereits bestehender Abkommen...!     .....unter Trump sind Abkommen und Werte nichts wert...!  https://t.co/CUreexh26T,0
https://t.co/OMNRYGzHV6,0
".....und wenn 1 Deutscher die anderen 99 Erdenbewohner überzeugt...?     ....aber wem erzähle ich das? Rechtsextremen, die 12 Jahre für ein 1.000 jähriges Reich halten..?     #AfD https://t.co/UiNGWiZa8Q",0
"#Fremdenfeindlichkeit in #Berlin : Beleidigungen und missbilligende Blicke. Ein Paar überlegt, aus Berlin wegzuziehen, weil es den Alltagsrassismus nicht mehr erträgt. https://t.co/PS82mWpJPv",0
"„Der AfD-Bundestagsabgeordnete Robby Schlund arbeite in seinem Wahlkreis in Ostthüringen mit dem Holocaustleugner und Reichsbürger Christian Bärthel zusammen, der schon Erwähnung im Thüringer Verfassungsschutzbericht fand.“ https://t.co/iuLCkxC3aU",0
"Zur Strategie rechtsextremer Parteien gehörte es immer, die Arbeit des Parlaments zu behindern, um dann dessen Ineffizienz zu behaupten und die Abschaffung der parlamentarischen Demokratie durchzusetzen.  #AfD    https://t.co/qxtSBHFLbz",0
"Falls am Ende wieder alle sagen, das hätten sie nicht gewollt, wenn Politiker*innen angegriffen werden. Dass Derartiges unkommentiert in der TL eines Anwaltes stehen darf, sagt viel über den Charakter eines @Steinhoefel aus. #sogAfD https://t.co/pI6EcKx505",0
"@SteinbachErika Wenn Sie tatsächlich der Meinung sind, dass unsere Berichterstattung nicht korrekt oder ehrverletzend ist, werden Sie Ihren Anwalt bemühen müssen. Vielleicht wollen Sie uns ja in einem Interview Ihren kontroversen Umgang mit Twitter erläutern. Darauf warten bestimmt viele.",0
.....gut so....!    Vor OBM-Wahl in Görlitz: Appell aus Hollywood gegen die AfD https://t.co/86fG4cy9ZR,0
"Hallo Herr @Frohnmaier_AfD!     Nicht jeder Politiker hat so viel Rubel bekommen, um sich so ein schickes Hemd für den bezahlten Auftritt in Russland zu kaufen...!     Aber bei den Rechtsradikalen lässt man es sich ja recht gern (illegal) spenden, gell..?     #Afd https://t.co/wLFKfiWJl0",0
".......ist übrigens auffallend, wie sich die #Afd und Ihre Schergen über #Relotius (zu recht) aufregen, aber die verurteilten Lügner Vera Lengsfeld und Erika Steinbach weiterhin unterstützen....!",0
21.03.2018: Mindestens 27 Mitarbeiter von AfD-Abgeordneten sind Aktivisten und Anhänger rechtsradikaler Organisationen #NoAfD https://t.co/FTrxVf20eF,0
"Interessante Sichtweise. Ist mir persönlich noch gar nicht aufgefallen. Wenn ich aber an meine Heimatstadt denke, stimmt das zu 100%. Wie ist es bei euch? https://t.co/Es4ddrIaRI",0
"‘Eine Öffnung hin zur AfD Sachsen schließt Wanderwitz (CDU) jedenfalls klar aus, egal wie die Wahlen ausgehen.„Wir haben Prinzipien“. Die AfD sei eine rechtsradikale Partei.‘   Ich hab mal sicherheitshalber einen Screenshot gemacht. 😏#Sachsen #CDU #NoAfD #FCKAFD via Handelsblatt https://t.co/pNp9ZnR7m1",0
Was sollte das Nestlé-'Werbevideo' von Ernährungsministerin Klöckner? Wen meinte sie anschließend mit 'Hatespeaker'? Ihr Ministerium musste dazu heute in RegPK Antworten liefern. Besser gesagt: Man hat's versucht... https://t.co/dC3J2rqILU,0
"In den letzten Monaten, wurde zu wenig über die #AfD im Bezug auf ihr angebliches 'soziales' Programm (Rente - Wahl - Grundsatz) geschrieben. Wir sind gerade dabei eine umfassende Abhandlung zu schreiben. Wichtig - Stichpunkte - Gute Verbreitung - Quellen und Hintergründe #NoAfD",0
.  Zahlen der Polizeilichen Kriminalstatistik (#PKS)  -  im vergangenen Jahr 136 Kinder getötet  - 14 606 Kinder wurden im vergangenen Jahr sexuell missbraucht    https://t.co/18An0hR6Hx,0
"@Vice_Germany @m_boeselager Frau Steinbach hat auch diesen Tweet nie gelöscht, obwohl sie weiß, dass die Eltern des Kindes und ein Kinderheim in Indien darüber empört sind und sie Persönlichkeits- und Urheberrechte verletzt. @fiete_stegers mit den Hintergründen:  https://t.co/1cjpT6wTEA https://t.co/g1sNk9TgOK",0
.......freie demokratische Wahl...!   ......ganz einfach...!    #AfD -Politiker Gerold Otten scheitert auch im dritten Anlauf als Bundestagsvizepräsident https://t.co/9m0tDP2x71,0
Schlachtbetrieb #AfD https://t.co/DaLkfNub8N,0
"@SteinbachErika Hallo Frau Steinbach, wir halten an der nach unserer Ansicht sachlichen und korrekten Berichterstattung fest und sehen keinen Anlass, etwas zu löschen. Die Zeitform in der Überschrift ist übrigens Präteritum.",0
"Die Ausrede von #Klöckner, das Video solle Erfolg der Regierung beim Zuckerreduzieren zeigen, ist übrigens auch falsch: Die Regierung tut nichts, setzt auf freiwillige Selbstverpflichtung. Sie feiert ihr Nichtstun. In Ländern mit Zuckersteuer hat #Nestle viel mehr Zucker gesenkt.",0
Auch sowas gibt es!!😊😊😊👍👍👍 https://t.co/1VfKiWiTHM,0
Das zum Beispiel finde ich jetzt mal ne gute Nachricht: In Deutschland kaufen wieder mehr Menschen  #Bücher   https://t.co/jA5GYpmsx7  #Buchleser wissen mehr.,0
"AfD möchte Windräder abschaffen, weil daran Vögel sterben, aber Diesel und Autos allgemein fördern.    Tote Vögel durch Windkraft: 10.000-100.000    Tote Vögel durch Verkehr:  Circa 50.000.000    Es geht wirklich nicht um Vögel (oder Insekten).",0
Die bayerische #AfD-Fraktionsvorsitzende Ebner-Steiner hat Faschingskostüme mit Fraktionsgeldern bezahlt. 🤡😂🤡👺    https://t.co/sAwT2dIXeu,0
Was mal raus muss: Warum ich als (ostdeutsches) #Juso und #spd Mitglied manchmal unfassbar wütend bin. Ein Thread,0
......hallo Herr @JensMaierAfD...!     ....mir fallen da Hans und Sophie Scholl ein...!     Meinen Sie die...?     #Afd https://t.co/4hGrasN3oy,0
...was für eine gute Analyse und was für ein richtiger Handlungsvorschlag....!     .....grade die 'Leuchttürme' brauchen unsere volle Unterstützung...!     ....sehr sehr lesenswert...!!!     Ost ist nicht Ost: https://t.co/rYc9W9lk4G via @derfreitag,0
Im Kampf gegen Hasskommentare im Internet hat die Polizei heute in 13 Bundesländern unter anderem Wohnungen durchsucht und Verdächtige vernommen. 77 Prozent davon ließen sich dem rechtsextremen Spektrum zuordnen. https://t.co/6EuMr5qt8O,0
"Die AfD Sachsen hat schon sehr seltsames Personal. Die Terrorgruppe Freital will man schonen, aber Schüler ...     Bilder vlnr https://t.co/LH3E8eNLri, https://t.co/Tx16u9zs7o https://t.co/HLl7NMPq47",0
"Herr @MPKretschmer!     Wenn Sie mal wissen wollen wie Politik geht, schneiden Sie sich mal ne Scheibe von Ihrem Kollegen ab, statt die Demokratie mit wirren Koalitionsgedanken sturmreif schießen zu lassen!     'Die AfD hat nirgendwo eine Vormachtstellung“ https://t.co/bbB8i6h8ye",0
"Europaabgeordnete mit Wohnsitz in Ostdeutschland (ohne Berlin)    CDU: 4 von 29  Linke: 2 von 5  SPD: 1 von 16  Grüne: 1 von 21  AfD: 1 von 11  FDP: 0 von 5  Sonstige: 0 von 9    Gesamt: 9 von 96 (9.38%). Ich finde ja, darauf könnte man die Parteien öfter hinweisen  @JosaMania #wirimosten",0
"Österreichs Ex-Vizekanzler #Strache stellte Strafanzeige gegen deutsche Medien, die das #IbizaVideo verbreiteten. Ist sein gutes Recht, aber ziemlich aussichtlos. Denn das öffentliche Interesse ist unbestreitbar: https://t.co/EJO98CycI0 https://t.co/vyB34zs9aJ",0
Ich weiss nicht ob ich lachen oder lachen soll.     #DerPoet will nun vor Gericht. Weil ich auf Instagram (!) dieses gepostet habe.     Der Brief ist von einem echten Anwalt. 🤣     #Realsatire https://t.co/cwi872Z7H7,0
"Warum schreibst du so selten tiefgründige Tweets?'    'Aus Angst davor, dass sie #DerPoet klaut und dann irgendeine weibliche Facebook-Kartoffel auf die Idee kommt, sich das Ganze auf den Steiss tätowieren zu lassen.'",0
"Sie ist einfach ein Kommunikationsgenie, die @JuliaKloeckner Wie sie es immer (wieder) schafft, alle mitzunehmen und ins Boot zu holen... bewundernswert (Ironie aus) https://t.co/FwqxADdidS #ICRMussdassein",0
🖤❤️#WunDerBlokK #AfD-Fraktionschef  - Nobis zeigt Pein (#SPD) wegen Äußerung an https://t.co/Jba0Aq9epM via @kn_online 1/4,0
Angriff ist die beste Verteidigung. Nach dieser Devise bashed BDI-Chef Kempf die Bundesregierung. Die Wirtschaft habe Vertrauen in die Regierung verloren. Wie steht‘s nach Bankenkrise und Dieselgate mit dem Vertrauen in die Wirtschaft und ihre leitenden Manager?,0
"Danke, Alex, für die Bayram-Wünsche. 😍  #Eid #EidMubarak https://t.co/82RWBkUjbZ",0
"Bei der Einführung einer „CO2-Energiesteuer“, handelt es sich 'um ein Kernstück der Ökologischen und Sozialen Marktwirtschaft“ und „um den glaubwürdigen Einsatz zum Schutz des Klimas und zur Bewahrung der Schöpfung'    - Beschluss Bundesparteitag der CDU, 1995  #ZurückInDieZukunft",0
@MalteKaufmann https://t.co/HJ3L9n3mKK,0
"Anstatt Trauer und Mitgefühl gegenüber den Angehörigen zu zeigen, Reaktionen voller Hass und Hetze - unfassbar und menschenverachtend. @KonstantinNotz https://t.co/drybmSVITs",0
"Die AfD erhält dubiose Unterstützung von einer weltweiten Armee unechter Facebook-Konten, die AfD Beiträge tausendfach weiterverbreiten. Ist die AfD involviert? #Europawahl  https://t.co/MOhRPZcEC5",0
Was für ein schmieriger Verein... Freunde der #AfD. #NoAfD #FckNzs Von Ibiza nach Straßburg?: FPÖ macht Strache den Weg ins Europaparlament frei https://t.co/U9llVETUom via @faznet,0
"Alimentierte Nazis, die nie richtig gearbeitet haben.   #Nazisraus. https://t.co/j34cnQFmrC",0
".......man, hab ich einen Durst...!     .....Milch oder nen Schnaps...? https://t.co/yTJfn7ALCw",0
@MalteKaufmann Hier eine dritte Konstellation: wen würdet Ihr als die größte Lachnummer auf Twitter bezeichnen?,0
"Das EP gibt Nigel Farage 24 Stunden, um seine Finanzierung durch einen Oligarchen aufzuklären: https://t.co/hyOODCi3Vi",0
"......ob #Strache oder #Afd oder auch  Nigel Farage! Sie prassen und zwar mit illegalen Spenden...!    Champagner, Mettbrötchen, Chauffeur! Das Geld wird von diesem   rechtsextremen Pack hinausgeschleudert...!     https://t.co/qNjqPsR6pY",0
Detlev Spangenberg (* 10. April 1944 in Chemnitz) ist ein deutscher Politiker (AfD). dass Spangenberg während seines Militärdienstes zwischen 1964 und 1967 unter dem Decknamen „Bruno“ als Inoffizieller Mitarbeiter für die Stasi tätig gewesen war. https://t.co/YD0lHUhne6,0
"...Frank-Ronald Bischoff festhalten, der jahrelang als Offizier für die DDR-Staatssicherheit (Stasi) gearbeitet hat.    Foto: Frank Drechsler https://t.co/SsSJZaQs9s",0
"Enrico Komning, Mecklenburg-Vorpommern  Der Rechtsanwalt aus Neubrandenburg wurde 2016 in den Landtag von Mecklenburg-Vorpommern gewählt und nun in den Bundestag. Im Wendejahr 1989 war Komning Angehöriger des DDR-Wachregiments 'Feliks Dzierzynski', das direkt der Stasi unterstand",0
.  Man spuckt szenetypisch den Opfern des #Holocaust ins Gesicht   und missbraucht #Stolpersteine     #DoraGezwitscher - das typische #AfD-Umfeld https://t.co/rQHBUKik2l,0
"Im Fall des getöteten Regierungspräsidenten Walter #Luebcke haben die KollegInnen von @vice_germany eine Dokumentation der Hetze und Drohungen, die 2015 über Lübcke hereinbrachen, veröffentlicht.    https://t.co/kZCu7tgi08",0
"Als #Afd Oberbürgermeisterkandidat von Görlitz wirbt Sebastian Wipfel für Beschränkungen der Kompetenzen des Verfassungsschutzes...!     @BfV_Bund @SMIsachsen     Wollen Sie noch so lange mit einem #Verbotsverfahren warten, bis Sie es gar nicht mehr können...? https://t.co/lRuNhxipTX",0
"Als die #AfD Sachsen ihr Pogramm verabschiedet, beschließt sie, dass im Falle einer AfD-Regierung der #Verfassungsschutz umgebaut wird. Dazu müsse die 'Menschenwürde auf ihren Kerngehalt &amp; somit auf eine möglichst restriktive Auslegung beschränkt' werden. https://t.co/mhWkcdGCdW",0
@SHWittenAfD ich fühle mich durch Ihren Tweet verarscht! Denn Sie lügen!     Es ist kein Framing und manipulieren tut hier nur die #AfD...! https://t.co/9lTt82atVo,0
"#Strache zeigt die Leute an, auf deren Videoaufnahmen er seinen moralischen Landesverrat verkündet, den Verkauf seines Landes!    Kann er machen, ist aber moralisch sehr fragwürdig...!    'Ibiza-Video': Ex-FPÖ-Chef Strache zeigt 'Spiegel' und 'Süddeutsche' an https://t.co/tIDnx4b91Z",0
"klar, wenn man nicht Partei kann, nicht mit Finanzen umgehen kann, eigentlich auch sonst nichts kann, dann holt man sich einen teuren externen Profi der das eigene Unvermögen unterstreicht..!     Streit in der Südwest-#AfD : Weidel fordert externen Mediator https://t.co/TPHArA9r8U",0
......bitte den Pinguin nicht füttern...! https://t.co/Rmr9cDyP6o,0
"Merkels Zustimmungswerte liegen seit langem mehr als 10 Prozentpunkte über denen der CDU. Ist schon mal jemand auf die Idee gekommen, dass wir Wähler verlieren, WEIL sie geht? Und dass wir diese Wähler nur halten können, wenn wir den Kurs der Mitte fortsetzen? #ZukunftMITTE",0
Muß man wissen. Für die #AfD als selbsterklärter Vollstrecker des 'Willen des #Volkes' ist auch #Selbstjustiz und #Gewalt gegen friedliche Protestierer ganz normal und wird bejubelt!  #FridaysForFurture #Bundestag #JugendundParlament https://t.co/yPRmBOckyN,0
"Forscher haben 242 Pressemitteilungen der AfD analysiert, um herauszufinden, wie die Partei die Kriminalität in D darstellt.  Auslöser des Projektes war u.a. ein Beitrag von M. #Krah (AfD #Sachsen). Die von ihm angegebenen Zahlen waren frei erfunden. #NoAfD https://t.co/yw9jsnldd5",0
'Iss mal ein Snickers. Du wirst schon wieder zu Hitler.'  'ECH MÖCHTE DAS NÄCHT MIT DEN ÄRDNÖSSEN!!!',0
Schweden zeichnet  Greta Thunberg als wichtigste Frau des Jahres aus. Unsere Bessermenschen freuen sich. Warum?   🔹Ein Kind wird als Frau bezeichnet - Pädos bei Grünen+bestimmter religiöser Gruppe freuen sich   🔹Sie befeuert die Klima-Hysterie   🔹Sie ruft zum Schulschwänzen auf,1
"Bessermenschen empören sich, dass sich unsere Kinder an Fasching als  #Indianer verkleiden, aber checken nicht, dass wir selbst zur bedrohten indigenen Minderheit im eigenen Land werden, wenn wir die halbe Welt einwandern lassen.",0
"Huch, dachte alle Geschlechter sind gleich, liebe Bessermenschen? Allerdings sagen Bildungsexperten wegen immer höherer Anzahl von Moslems eine Geschlechtertrennung an unseren Schulen (!) voraus - um den 'Schulfrieden' zu wahren!!  #metoo #aufschrei    https://t.co/PMsB1NvszL",0
"Wir sind auf der Kirmes. Erkläre den Kindern die Regeln:    1. Wir kaufen keine Heliumballons  2. Niemand läuft weg  3. Geht doch jemand verloren, treffen wir uns bei Popcorn Paule  4. Wir kaufen keine Heliumballons",0
Für die @tagesschau um 20 Uhr heute kein Thema. Nicht mal eine kurze Meldung. https://t.co/OcvceWrf0S,0
Unbekannte haben den Kasseler Regierungspräsident Walter #Lübcke durch einen Kopfschuss ermordet. Dazu evt. interessant: auf dem rassistischen Blog 'PI-News' (#München) war neben Morddrohungen gg. Lübcke auch mehrfach die Privatanschrift veröffentlicht worden. Meine Screenshots: https://t.co/KXK9K6QSPU,0
".......jawoll, die Ostfrrront muss halten! Drrrum auf, die Reihen schliessen! Den Defensiv-Modus ausrrrradieren! Nicht wehklagen und illegale Spenden empfangen, nein, hurrrtig ins Mettbrötchen gebissen! Offensiv in den Beobachtungsstatus schwadrrronieren! Heil! https://t.co/eDBuZXEs6O",0
@inkorrupt Es gab gegen #Lübcke wohl mehrfach Aufrufe zur Gewalt. Der von Erika #Steinbach geteilte Link eines Blogs ist mittlerweile nicht mehr verfügbar. https://t.co/U6Hzobe6S5,0
Ich habs jetzt mehrmals angesehen. Der Polizist am Lenkrad blickt hinunter zum Verhafteten. Er sieht dass sein Kopf neben den Reifen liegt. Und fährt los?! Warum. Das sollte er schon morgen dem Staatsanwalt erklären müssen. @LPDWien https://t.co/pX073gN8oL,0
"Ey Leute, echt jetzt? Sorry, aber mal ganz gender-neutral: schafft Euch ab. #journalismus https://t.co/ic4xenSaHy",0
"Where are the crowds ? Niemand da, um Trump zu begrüßen. Echt niemand. https://t.co/ac7NISyiHY",0
......Faschisten sind Mörder....!     #Afd     https://t.co/lPJFOQ3vBS,0
"Er hat den tweet zwar schon wieder gelöscht, aber es muss deutlich gesagt werden: Opfer rassistischer Gewalt als 'Sau' zu bezeichnen, ist ein klarer Verstoß gegen Art. 1 GG und an Menschenverachtung nicht zu überbieten. #noafd https://t.co/XNf5BhZC4Q",0
Moin ihr Liebchen 😎 https://t.co/gdBx3CfSsx,0
.......hallo ⁦@BfV_Bund⁩....!    .....einseitiges Framing zur Verzerrung der Wahrheit ist lügen durch die Hintertür....!     AfD-Pressemitteilungen: Verzerrtes Bild von Straftätern | https://t.co/KvuyuJMJzz https://t.co/k7k9xmbQwg,0
......der Trump kommt! Und Charles opfert eine ganze Viertelstunde für Tee...! https://t.co/dzb3BuDOnw,0
"Walter Lübcke, Regierungspräsident von Kassel, wird mit einem Kopfschuss tot in seinem Garten gefunden. Die Medien halten sich bisher erstaunlich zurück. Zur Info: Der Mann wurde insbesondere von den Rechten angefeindet. https://t.co/oSwYOKDAQW",0
"Maximilian Krah, #AfD in Sachsen: „Wir schießen den Weg frei. Es gibt nur uns - ansonsten geht alles den Bach runter.“ Tosender Applaus.  * https://t.co/l7jQZvq2dr  * https://t.co/Ju2uex6RlU",0
"⁦@drpeternagel⁩    .....ich denke, dass hier ist eine recht gute Ergänzung...?     „Regierungsprogramm der AfD Sachsen“ – Wie man Rechtsextremismus, Rassismus und Angst in ein Programm gießt! | Staatlich Geprüfter Klugscheißer auf Twitter https://t.co/Dq4YZdklbs",0
"Auf Facebook kommen widerliche Kommentare zum Tod von Walter Lübcke auf. Auch die AfD Dithmarschen macht mit. Geschrieben hat den Post Kreisvorstand Mario Reschke. „Wir spekulieren doch nur“, sagt er am Telefon. Er wolle nur anregen, sich seine Gedanken zu machen. Ein Foto anbei: https://t.co/FHm5dhUOoN",0
.  Die AfD im Landtag #München füttert mit unseren Steuergeldern die   fragwürdigsten Gestalten durch...    #ltby  Baal Müller 🤣    https://t.co/I2iw1Mm7kp,0
🐷🐽'PRO CHEMNITZ🐖🐽🐷🐖🐽🐷🐖🐽🐷 Mitstreiter wurden nach der heutigen Demonstration von Asylbewerbern mit Messern angegriffen'. 😡  https://t.co/bFQ3V1YKOj,1
"Genial: Bessermenschen wollen erzwingen, dass wir eine Sprache lernen, die wir nicht brauchen, damit Leute, über die wir zugleich sagen müssen, dass sie #vonhier sind sich verständlich machen können.  (Quelle: n-tv) https://t.co/3bZ5TKzz8X",0
"Hallo Klimagören! Euer Klimastreik funtioniert nur effektiv, wenn ihr samt eurer Psychogöre #GretaThunberg die Luft anhaltet.",0
Eine Interviewerin mit wirklich guten Nerven. Sehenswert! https://t.co/MrXx7iaHxv,0
'Pippi geht von Bord'    #SPDFilme #Nahles,0
Wer sitzt bei Dorothee Bär als Berater?    Frank Thelen!    Wer hat Beteiligungen an einem #Flugtaxis Startup?    Frank Thelen!    Was will die #cdu statt #CO2Steuer?    Frank Thelen!,0
"ich weiß nicht was das hier werden soll...?     Beispiel: ich brauche nicht mit darüber reden, ob das Autofahren mit 180 Kmh in der Fußgängerzone sinnvoll wäre, weil es gefährlich und sowieso verboten ist...!     .....wie kann das undemokratisch sein...?    https://t.co/eBhET3s7Aj",0
"......es gab doch da mal eine Oligarchen-Nichte, die uns allen gezeigt hat, was passiert, wenn man mit Rechten spricht....!    https://t.co/eBhET3s7Aj",0
"Niemand hat das Recht zu vergessen.   KZ Langenstein- Zwieberge.     Bitte erlaubt mir, Euch ein Stück mitzunehmen. https://t.co/loCLNtwO3x",0
"Ob Frau #Nahles nun auch eine drei monatige Sperre vom Arbeitsamt bekommt, weil sie selbst gekündigt hat????    Ich frag ja nur....  #spd",0
"ich möchte eine #SPD , die auch als Koalitionspartner vermitteln kann, was ihr Kern ist! Die man nicht aus 'Dankbarkeit' wählt, weil es sonst keine Regierung gegeben hätte oder aus 'Gnade'! Der Kern!    Nahles' Rücktritt ist noch das kleinste Problem der SPD https://t.co/S1ydqAc1e0",0
"Ohne Karenzzeit äußert sich Maaßen, und äußert sich und äußert sich. Politisch. Peinlich, dem ehemaligen Amt unwürdig. Aber immerhin sieht man nun, was für eine politische Agenda dieser Mann hat. Und wie er Aufmerksamkeit will. Ich bin so froh, dass er das Amt nicht mehr hat. https://t.co/zcRdRc3dP2",0
+ Trump landet in London und beleidigt Bürgermeister  https://t.co/sBqNMYRgRr https://t.co/qdG6dMt3Xu,0
Medien schweigen dazu eisern: Der #EuGH erklärt Deutschland zur Bananenrepublik!  https://t.co/FgQlf277cY https://t.co/2NQvOXjefK,1
@p_fraup_ @baerbeli04 @123korona Niger hat seine Bevölkerung zurückzunehmen.,0
Ihr seid nicht dicht! Was ist als nächstes dran? Grimms Maerchen oder Meister Eder und sein Pumuckl? Ihr macht euch laecherlich -Schöne Gruesse aus dem Ausland! https://t.co/uAqWmi8X1R,0
"Was die Nazis sicher nicht wissen. Die Oper Chemnitz (auf den Shirts) wurde 1909 eröffnet, erster Intendant Richard Tauber musste später aufgrund seiner jüdischen Herkunft emigrieren. #FCKNZS #C0106 #noTddZ https://t.co/r7vNsoJcBa",0
.......'niemand hat die Absicht eine Mauer zu bauen'......!    #Afd https://t.co/ZOTpzf8xGp,0
"Frau #Nahles hat meinen vollen Respekt, vor den Aufgaben die sie gemeistert hat, vor dem authentischen Willen, ihrer authentischen Art und ihrer notwendigen Entscheidung...!     Sie erinnerte mich stets an den Elefanten im Porzellanladen! Tapsig, aber nicht böswillig...!    #SPD",0
"Das war am 4. Juni 1989 in Peking.  Bis heute weiß niemand, wer der Mann war, der sich den Panzern in den Weg gestellt hat, und was aus ihm geworden ist. https://t.co/RGSudsnQit",0
"ob in Bayern oder im Bundestag, die #Afd tönt nur, alles besser machen zu wollen, aber sie kann mit Finanzen nicht umgehen!     Das ist kein alternativer Fakt, sondern ein tatsächlicher!     Die AfD und ihr lockerer Umgang mit Geld -Süddeutsche.de https://t.co/dJxDk4nIG3",0
Wie die Fraktion der #AfD Bayerns mit Steuergeldern umgeht:  2 Entspannungscouchen - 20.000 Euro  1 Weihnachtsfeier - 26.500 Euro  1 Fraktionsgründungsversammlung - 5.400 Euro.  Dazu Zulagen für Abgeordnete ohne ersichtliche Grundlage. https://t.co/R8NgsDXLNK,0
"Das „Regierungsprogramm“ der AfD in Sachsen vertritt in weiten Teilen verfassungswidrige Positionen,ist im Kern offen rassistisch und erschreckend rechtsstaatsfeindlich. Nicht, dass sich irgendein AfD-Wähler irgendwann erdreistet zu behaupten, er hätte von alledem nichts gewusst.",0
"......ich frage mich grade, was ich verpasst habe? War der Umgang tatsächlich schändlich? Ist die #SPD so raus aus meinem Sichtfeld, dass ich das nicht mehr mitbekommen habe? Gehts nur mir so...?    .....aber Respekt hat sie trotzdem verdient...!     https://t.co/cx6CfFGyse",0
"Die 'WAS IST WAS'-Bücher gibt es bald auch in der CDU-Version:    Teil 1: Das Internet - Erste Schritte  Teil 2: Unser Planet - Das Klima  Teil 3: Grundlagen der Meinungsfreiheit  Teil 4: Umgang mit Personen unter 40.  Teil 5: Christlich, was bedeutet das?  Teil 6: Was darf Satire?",0
"Jetzt regen sich alle auf das Greta nach der 9ten Klasse ein Jahr aussetzt. Warum? Ich bin auch nur 9 Jahre zur Schule gegangen. Ich frage mich, wie viele von den Nörglern selbst nicht länger da waren.",0
"Ich habe mir fast sieben Stunden Strache in der Ibiza-Villa wieder und wieder angesehen, und „naiv“ wirkt er wirklich nicht.   Wirkt er kriminell? Korrupt? Bestechlich? Sicher.   Gierig &amp; machtgeil? Eh.  Sexistisch &amp; schwulenfeindlich? Klar.  Aber naiv? Nein. https://t.co/alLaScJaLg",0
Wer von euch kann mir sagen was genau ich hier sehe? https://t.co/k9T2N7EEcN,0
"Eine Farce ist, wenn der Ex-Präsident eines Geheimdienstes meint, er müsse die Regierungspolitik vorgeben. #GroKo #Nahles https://t.co/vFDMIHZnRD",0
Das Video der Pressekonferenz zum Start der Kampagne jetzt online: https://t.co/TJyEWgyhIX #Weilesreicht #DankeSPD #AfD,0
Und es ist soweit! https://t.co/xhSnujd2Ku die neue Kampagne der AfD-Fraktion Niedersachsen @AfD_FraktionNds geht online! Verbreitet den Hashtag #weilesreicht https://t.co/6Es0skSRoY,0
'Ich gehe jeden Tag arbeiten und habe am Monatsende nichts übrig!' #WEILesreicht #DankeSPD @AfD_FraktionNds https://t.co/7geXNRWg04,0
@Ralf_Stegner Eine sagenhaft gute Nachricht. Vor dem Hintergrund einer katastrophalen Wahl und dem offenkundigen Niedergang der 🇩🇪 Sozialdemokratie schließt die #SPD ein Bündnis mit Stalinisten &amp; linksextremen Ökopopulisten. Das heißt die SPD steuert weiter konsequent i. d Abgrund! #AfDwirkt,0
"Annemarie(42) fragt sich, wie sie den Traum vom Eigenheim realisieren soll @AfD_FraktionNds @bothe_stephan #afd #WEILesreicht #DankeSpd https://t.co/NA7wWZIYJe",0
"BILD deckt auf: Nur mit grüner Öko-Diktatur und sofortigem Umzug in die Höhlen, ist die Menschheit zu retten! Oh Herr, schenk Hirn... #AfD #Höhlenmenschen #Klimahysterie https://t.co/TUFGSMZ0PF",0
https://t.co/WghZ7rT1G7,0
"Klimakompetenz vom Original. Annalena Baerbock bei Illner: „Deutschland hat pro-Kopf Emission von 9 Gigatonnen pro Einwohner.“ Das wären 9 Milliarden Tonnen pro Kopf, richtig sind 9 Tonnen. @Die_Gruenen, oft im Irrtum, nie im Zweifel.",0
"Wer ist denn das da auf dem Bild? Das ist doch nicht etwa der #Habeck, angeblicher Dauerzugfahrer, auf einem Inlandsflug? https://t.co/wS6pk8Vmdu",0
"Hoffen wir, dass dieses unwürdige Schauspiel nach hinten losgeht! #AfD #Meinungsfreiheit #Wippel https://t.co/b4sMRhmaLF",0
Die Germaniastatue in Amt Neuhaus erinnert an 10 Gefallene des Deutsch-Französischen Krieges 1870/71.   #Gedenkkultur https://t.co/RSXYuuvvmF,0
Heute hatten wir unsere konstituierende Delegationssitzung im #EU-Parlament. Wir sind hochmotiviert! #AfD #Europadelbuonsenso https://t.co/NipadKHYOu,0
"Wer sich für konkrete Straftatbestände und die Anteile Deutscher/Nichtdeutscher TV in Sportstätten (Hallen, Arenen und Schwimmbäder) in #Sachsen interessiert:     Ich habe das tabellarisch erfasst aus Antwort des @SMIsachsen.    Im Bild nur Ergebnis. Die Tabelle ist verdammt breit. https://t.co/98Fygy1wCJ",0
"......und jetzt fragen wir uns mal bitte nicht, warum die #Afd immer noch kein Rentenkonzept hat....!     Nach nunmehr 6 Jahren...!    Schlammschlacht bei Landesparteitag der Südwest-AfD - WELT https://t.co/XqsQZQvTeo",0
"Bessermenschen müssen jetzt ganz stark sein: #Mainz: Die islamische Kita 'Al Nur' wird geschlossen, da der Trägerverein nicht mehr auf dem Boden des Grundgesetzes steht. Und das trotz Regenbogen im Logo!    https://t.co/rsorliqUMy",0
"Jahr des Schweins.  Haben sich Bessermenschen bzw. gewisses religlöses Klientel schon ereifert das chinesische Horoskop abzuschaffen, weil sie sich beleidigt fühlen?  Btw. Schweine sind schlau+bedeuten Glück.  #YearOfThePig",0
"@FailDef @convalaria1 @Wirklichkeit123 @Tschonka Ja, die über 50 islamischen Länder sind Musterbeispiele für Humanismus, Toleranz und Menschenrechte. Ich würde ja mal über andere Tabletten nachdenken. Viel Erfolg dabei!",1
#helicoptercrash  in #NewYork/ #Manhattan #manhattanhelicoptercrash  https://t.co/FZ9TaD92Ep  @BundesGockel @lazarus06 @55Uli @NordischbyNatur @Lanyihunter1 @WirtschaftDE @tbgstephen @crypt_ghost @hackenstad  @ditschi25 @Lars9596 @sabine_m_b @MickDonner @connybub @kleineclaudia1,0
Wirklich furchterregend diese ‚von der Leyen Wehr‘. Ob Vielfalt bei Material und Ausrüstung sinnvoller wäre? 🤔 https://t.co/aunCnH6dAd,0
Grüne Mogelpackung beim „Klimaschutz“. https://t.co/vHvyvJznUx https://t.co/00vcr3swXg,0
Einwanderer verprügeln Polizisten: Mutter filmt Attacke / Alle Täter wieder auf freiem Fuß https://t.co/GsvbprKY7F,0
Rechtspopulisten spalten Deutschland: Tagesschau verteidigt AfD-Bericht https://t.co/TQi4uBCpcW,0
Und die #SPD hat zu viele Kandidaten für gewonnene Sitze...  #AfD 😀 https://t.co/QKqd7ISOmJ,0
Der letzte Akt des EU-Wahlkampfes!  Zum Schluss können wir der linken Zerstörungswut dann doch noch etwas „Positives“ abgewinnen: Viele Plakate waren nicht mehr übrig zum Einsammeln. Immerhin das... ☺️  #PositivDenken #AfD https://t.co/wMpdOckNB3,0
"Die Pop-Sängerin Sarah Connor hat sich verärgert über die Wahlerfolge der AfD geäußert. Sie warf der AfD vor, ihren Frust an Schwächeren auszulassen. Sie selbst habe durch ihren Einsatz in der Flüchtlingshilfe wunderbare Erfahrungen gesammelt.   https://t.co/ORvN4clrOE",0
"Verrückte Welt. Für ihre unsägliche No Border - no Nation-Politik, die Überrumpelung &amp; Übervorteilung des deutschen Volkes mit 'Wir schaffen das' und die Spaltung Europas... kriegt #Merkel in #Harvard einen #Ehrendoktor!   😳😳😳 https://t.co/3ShjSjjivU",0
"#LESENSWERT! zum Wahlerfolg der #Grünen 'mit den Mitteln der psychologischen Politkampagnenführung' ZITAT 'Das Konzept der Panik-Rhetorik lässt sich nicht mehr steigern. Und auch nicht ewig durchhalten, ohne ihre Wirkung zu verschleißen.'  https://t.co/4d29fqSmEE #AfD Vernunft",0
Richtig geniale Erwiderung eines Youtubers auf den plumpen grünen Wahlwerbefilm von #Rezo. Da bleibt kein Auge trocken. Unbedingt ansehen! #RezoVideo #FridaysForFuture https://t.co/44o3udwbVt,0
Bitte unterstützen Sie die #Petition des Luftsportvereins zum Erhalt des Lüneburger Flugplatzes. Zeichnen Sie bitte hier: #AfD https://t.co/0ifwoE5j2v,0
»Innovationen bei Kernbrennstoffen«: neuer Beitrag auf der @Nuklearia-Website https://t.co/wP1l1DTvN7,0
Nahles geht weg. Die SPD kann auch weg. Und wie ist das mit der CDU? Wie Wählermißachtung zur politischen Krise führt. https://t.co/SRYrMuxDO2,0
"Wer überfordert ist, darf doch keine große Industrienation wie🇩🇪führen!  #GroKo-Bilanz ist einziges Desaster: Massenmigration,marode Infrastruktur,Bildungsnotstand,Mrd.-Umverteilung in andere #EU-Länder, Identitätskrise. Desh. #Neuwahlen! #AfD steht bereit.  https://t.co/FkanrhrfpZ",0
Antworten von Stürzenberger  Themen rund um Islam-Aufklärung und patriotischen Widerstand  Antworten von Stürzenberger auf Fragen von Youtube-Nutzern https://t.co/KiOs6jtLFr,0
"Wir befinden uns im Jahre 17 n. Merkel. Ganz Deutschland ist von den Sozis besetzt.... Ganz Deutschland?  Nein! Ein von unbeugsamen Sachsen bevölkertes Dorf hört nicht auf, Widerstand zu leisten...  #Goerlitz   https://t.co/HJ99rkF6I2",0
AfD verschiebt offenbar Sonderparteitag zur Rente https://t.co/6aU7CPMGsZ #AfD #Rente,0
Ifo: Einwohnerzahl in Ostdeutschland auf Stand von 1905 https://t.co/HnU7DEtLtI #Ostdeutschland #Einwohner,0
Überbevölkerung gilt als Problem von Entwicklungsländern.  Was sagt nun eine Stagnation der Bevölkerung über #Ostdeutschland aus? 🤓https://t.co/Sl3OEMawlA,0
Wahlkampfendspurt in Lüneburg! #AfD #EUROPAstattEU https://t.co/uuVrZrqG5F,0
"Heiß oder kalt? Keine klare Aussage über den Sommer, wenn man unterschiedlichen Quellen traut. Oder ist es einfach nur das launische Wetter? https://t.co/1mQVaKSzxd",0
#Wahlfälschung in #Weiden (#Bayern)? +++ Offensichtlich ist das Siegel geöffnet und das Vorhängeschloß entfernt worden. Warum wird eine Wahlurne in der laufenden Wahl geöffnet? https://t.co/f4WpfIsMke #AfD #Wahlbeobachter,0
Für die #AfD ein durchschnittliches Ergebnis. Immerhin verbessert gegenüber der Landtagswahl. Es bleibt aber festzuhalten: Der Landkreis ist komplett grün versifft. https://t.co/6jFRZXdSqs,0
"AfD stärkste Partei in Sachsen in:  Sächsische Schweiz  33,1 %  Görlitz                    32,4 %  Bautzen                 31,9 %  Meißen                  30,8 %  Mittelsachsen       28,4 %  Ergebirgskreis       28,1 %  Chemnitz              28,0 %  Nordsachsen        26,5 %",0
Nach der #Bundespressekonferenz am Montag in Berlin äußerte sich @Joerg_Meuthen zum Ergebnis seiner Partei bei der #Europawahl2019 und blickte bereits nach vorn. Der #AfD-Bundessprecher und Spitzenkandidat zieht mit einem starken Team nach #Brüssel:  🎬 https://t.co/c4V6nvShLt https://t.co/9SO56A9HVl,0
Einseitige Medien? Hat die CDU jetzt etwa was gemerkt? Respekt! https://t.co/bf3vZ1inFr via @welt,0
#EUROPAstattEU https://t.co/CC0OhoVyct,0
Denkzettel im Osten - die nächste Katastrophe für CDU und SPD (und die Grünen) bahnt sich an. https://t.co/qwqWL6dQQW,0
#CDU Vorsitzende #KrampKarrenbauer kritisiert 'Meinungsmache'? 😂  Na dann mal '#Haltung' zeigen. 😉  #AKKRuecktritt jetzt!,0
"Ich wollte heute wissen: Warum ist die CDU-Vorsitzende AKK bei teils geheimen Sitzungen (zB 'Morgenlage') im Kanzleramt dabei? Was berechtigt sie dazu, wenn nur 'berechtigte' Personen daran teilnehmen dürfen? Herr Seibert tat sein Bestes nicht für Transparenz zu sorgen... https://t.co/cjbrBmbRRo",0
#Umweltschutz geht vor! #Dieselverbot rettet das #Klima!    Wirklich? 🤔 Mario Barth deckt auf:  Eine Kerze produziert mehr #Stickoxide als im Straßenverkehr erlaubt.  Elektroautos produzieren den gleichen #Feinstaub wie Benziner... 😅  #Klimahysterie  https://t.co/sxGlzb86JB,0
"Kaum tritt A. #Nahles zurück heißt es: 'So brutal darf Politik nicht sein.' 😂  Aber Rentner in Armut, Wohnungsmangel etc... sind schon ok, oder wie?  #NieMehrSPD  #NahlesRuecktritt   https://t.co/9X7MD3Eb8t",0
Der #Regierungspräsident Dr. Walter Lübcke aus #Hessen wird mit einem #Kopfschuss getötet und es gibt keinen Aufschrei und keine Sondersendungen? Was ist da wieder faul? 🤔 https://t.co/54dbaBzuOK,0
Sachen die keine Sau interessiert... 🤷‍♂️  #Weltfahrradtag,1
"@FHuhnhaeuser @ZDFheute 'Wer die Wahrheit nicht kennt, ist nur ein Dummkopf.  Wer sie aber kennt, und sie #Hetze nennt, ist ein Verbrecher.'    Frei nach Galileo",0
"Neuer #Bundeswehr Werbeslogan: 'Gas, Wasser, Schießen'  sorgt für den obligatorische #Aufschrei der Empörten.    Nein nicht wegen dem 'Schießen', sondern wegen dem Wort 'Gas'.  Haben wir echt keine anderen Probleme?  https://t.co/Zol0eKD0kE https://t.co/0SSyvJCQJ9",0
'Die CO2-Theorie ist nur geniale Propaganda'    War man im Jahr 2011 noch schlauer als heute? 🤔  #CO2Steuer  #NoMorePillepalle  https://t.co/Pp170PZ2jh,0
"'In #Berlin ist einem Mann die Weiterreise erlaubt worden, obwohl in seinem Gepäck #Kriegswaffen gefunden wurden. […] zwei #Sturmgewehre vom Typ Kalaschnikow und eine Pumpgun […] Staatsanwalt verweigerte Haftbefehl' 😳 https://t.co/bWxe7158U7",0
In #Görlitz könnte @SebastianWippel zum ersten #AfD Oberbürgermeister Deutschlands gewählt werden. Die Wahl ist am 16. Juni 2019.  https://t.co/SW37P34Eus,0
Im Osten geht die Sonne auf. 🌞😎  'Weniger als drei Monate vor der #Landtagswahl in #Brandenburg ist die #AfD in einer Umfrage erstmals stärkste Kraft.'  https://t.co/qvq8h9MYYp,0
In #Bremen werden Märchenbücher zerrissen und ins Klo gestopft. #ZDF ist empört.   In #Dessau wird eine 9jährige vergewaltigt. #ZDF schweigt. https://t.co/YlASTVnChP,0
"Ich habe diesen #Rezo zwar noch nie gesehen, aber ich finde es gut, dass er die #CDU bloß stellt. 😆  #RezoVideo",0
Energie! 😎  #StarTrekPicard https://t.co/CgfUEKZfsm,0
"Der #WahlOMat darf wieder online gehen. In unveränderter Form, weil die Bundeszenztale für politische Beeinflussung versprochen hat, sich in Zukunft zu bessern... 🙄 https://t.co/xlM2GW57Gv",0
"#CDULiefertNicht?  Naja, sie liefert schon. Aber das was geliefert wird, gefällt mir nicht...  https://t.co/8nm1RAXKXn",0
"#Europawahl2019 🙋‍♂️👪🙋‍♀️👨‍👩‍👧🙋‍♂️  Sei schlau, wähl blau!  #AfDwirkt 💙🇩🇪  https://t.co/9ubQEL0ioa",0
Weil #Wohnungsknappheit immer größer wird.  Weil #Kriminalität immer schlimmer wird.  Weil #Rente immer weniger wird.  Weil sie uns #NetzDB und #Uploadfilter aufgezwungen haben.    Weil sie ihre Wahlversprechen immer wieder gebrochen haben:  #NieMehrCDU  #NieMehrSPD  #Europawahl2019,0
#WirSindNichtMehr 😐  Darum. #gehtwählen https://t.co/Ccb42BUpOv,0
In welchen Ländern dürfen Frauen NICHT arbeiten und selbstbestimmt leben?  Und was haben diese Länder alle gemeinsam?  Wollen wir auch so werden?  Nein? Dann #gehtwählen. https://t.co/uk1PI9dNqi,0
Es gibt Tage ... da wäre ich gern Sachse. 😇  #AfD mit über 25% stärkste Partei in #Sachsen.  Ihr habt es wirklich geschafft. Super gemacht. 👍  #EUWahl19,0
#Brandenburg - Du bist der Fels in der Brandung!  #AfD mit über 21% stärkste Kraft. Vielen danke liebe Nachbarn.   Auf euch kann man sich verlassen. 👍,0
Wir werden sie ... äh ... vermissen. 😂🥳🍾🥂  #Chebli https://t.co/ITDOfwHQRP,0
"'#CDU-Chefin erwägt Regeln für Meinungsäußerungen' 😳  #KrampKarrenbauer fordert 'Meinungsäußerungen im Internet vor Wahlen zu regulieren'     Wer in der #Demokratie schläft, wacht in der #Diktatur auf...    https://t.co/MuFjTwDQoY",0
#Grüne stärkste Kraft in #Berlin. 🤢🤮  Links-Grün ist out. Grün-links ist in.  Noch mehr Verbote. Noch weniger Wirtschaft.  Vielen dank ihr Vollpfosten...  #EUWahl19,1
Deutsche Politiker exportieren seit Jahren Waffen an Türkei und Saudi Arabien. Und wegen dem #StracheVideo soll man jetzt #Östereich 'misstrauen'? 🙄  https://t.co/lf6WU54aa1,0
Drittletzter Platz für #Deutschland...  Wer jedermanns Freund sein will ist am ende jedermanns Depp.  Gilt nicht nur beim #Eurovision Song Contest. 😉,0
Einen #Trump brauchen wir in #Deutschland auch. Und zwar dringend!   🇩🇪💙🇺🇸 https://t.co/pfsocA1twM,0
https://t.co/2dVSCEQoSc,0
"Der #Wahlomat zur #Europawahl2019 wurde abgeschaltet. Das Verwaltungsgericht 'sieht die Chancengleichheit kleiner Parteien verletzt', weil nur maximal acht Parteien zum Vergleichen ausgewählt werden können.  https://t.co/vqHnjvMcfw",0
"Es ist richtig den #Wahlomat abzuschalten, bis seine Beschränkung auf acht Parteien aufgehoben ist. Wozu #Parteien vom Vergleich ausschließen? Man soll doch heraus finden, welche Partei die eigenen Interessen vertritt. Oder etwa nicht? 😉  https://t.co/c9Atsoz3Y5",0
#Demographie Problem? Was könnte man da nur machen?  In #Ungarn werden doch tatsächlich Familien gefördert.  Problem gelöst. Ganz ohne #Masseneinwanderung. Verrückt oder? 😉 https://t.co/anvxvIgMua,0
"Thilo #Sarrazin meint: 'Muslime, die sich gegen die politische Brutalisierung des Islam stemmen und ihren gesetzeskonformen Weg in säkularen Gesellschaften gehen wollen, sind […] eine statistische Anomalie.'   Hat er Unrecht?   https://t.co/RF55j1Alvf",0
'57% der Bundesbürger für ein #Kopftuchverbot an Grundschulen' 👍    Kramp-Karrenbauer (#CDU) stimmt zu: 'Kopftücher im Kindergarten oder in der Grundschule haben mit Religion oder #Religionsfreiheit nichts zu tun'  https://t.co/PAs3shJIm7,0
70 Jahre #Grundgesetz. 🥳  Darum eine kleine Erinnerung an unsere (#EU) Politker:    'Die Bundesrepublik Deutschland ist ein demokratischer und sozialer BUNDESSTAAT.'    'Alle Staatsgewalt geht vom VOLKE aus. […]'  'Die Gesetzgebung ist an die verfassungsmäßige Ordnung […] gebunden.',0
#Australien: 'Suizid-Versuche in Flüchtlingslagern'  'Mehrere #Flüchtlinge verweigern demnach derzeit die Nahrungsaufnahme.'  'Auslöser soll der Sieg der liberal-konservativen Regierungspartei […] sein.'  Echt jetzt? 🙄🤦‍♂️  https://t.co/a3x2nnoPW1,0
#StracheVideo: 'Ex-Spion enthüllt Hintermänner des #Strache-Videos'  'Video bereits im Jahr 2017 entstanden'  'sehr gezielt und bewusst gemacht'  'sehr eindeutig in Richtung EU-Wahlen'  '600.000 Euro an Produktionskosten'  https://t.co/e1rLWHyIpS,0
"'Man kann sich nicht darauf verlassen, dass das, was vor den Wahlen gesagt wird, auch wirklich nach den Wahlen gilt' - Angela #Merkel, 2008     'CDU ist Vertrauen' ... 😂",0
"@DasSchafi Kein Bundespräsident hat sich jemals so zum Affen gemacht, wie der korrupte #Steinmeier. Dieses Amt wird von Tag zu Tag immer mehr in den Dreck gezogen.  --- https://t.co/YLZNOpDwDY",0
Schon wieder mal Waldsterben. Gähn. https://t.co/I1OvOuzeKY,0
"Habe mich gerade erst bei Twitter angemeldet. Wirklich interessant, was mir hier als erstes vorgeschlagen wird... 😲 https://t.co/Uadaw6Gh34",0
Jetzt den Wahl-O-Mat zur #Europawahl 2019 spielen #WahlOMat #europawahl #eu2019 https://t.co/DE1na4v0j9,0
Im Wahlkampf ist offenbar alles erlaubt.    Stadträtin der #Linkspartei tritt als halbnacktres Einhorn auf. 😄  https://t.co/dik1CFFShY,0
70. Jahre #Grundgesetz. Happy Birthday! 🥳  Aber warum diskutiert man jetzt über #Frauenquote und #Kinderrechte?  'Alle Menschen sind vor dem Gesetz gleich.' (Art. 3 GG) Punkt!  #Gleichberechtigung,0
"#Östereich zeigt wie es geht: #Kopftuchverbot 👍  Sehr gut. Kinder sollen frei aufwachsen können und brauchen keine religiösen Symbole, deren Bedeutung sie noch gar nicht verstehen können.  https://t.co/lndZPAf7a8",0
'Hast Du auch vom #StracheVideo gehört? Ganz übel sage ich Dir!'  'Worum geht es dabei denn?'  'Äh... also... keine Ahnung. Aber es ist schlimm! Haben die #Medien gesagt.'  😂 #Europawahl2019,0
"#Journalismus ist...  wenn ein zwei jahre altes, heimlich gefilmtes Video erst eine Woche vor den Wahlen raus gekramt wird.  #StracheVideo",0
Warum führen unsere lieben Politiker #Geheimverhandlungen zum #Migrationspakt? Was sollte da wieder verheimlicht werden? https://t.co/uWjst17zBp,0
"'Wer sich hier nicht benehmen kann, der hat auch kein Aufenthaltsrecht.'  Polizist zitiert sinngemäß deutsches Recht und steht dafür angeblich in Kritik. 🙄  #Asyl #Migration #Kriminalität https://t.co/sv5h6a22Ix",0
Wegen diesem #StracheVideo reden jetzt alle über #Neuwahlen.  Ich bin auch dafür. Wann tritt #Merkel endlich zurück? 😆,0
"@IaikaIaika @JVermessen @Ungebeten1 @Ralf__B Nun, es gibt Zahlen, die belegen, daß Pakistan der größte Konsument von Online-Gay-Porn ist.",0
"Schwul sein ist keine Krankheit. Es ist pervers. Aber für Linke, Rote und Grüne ist Sex mit Kindern und Tiere auch nicht so abwägig. Der Vatikan hat diese Woche klargestellt, dass es nur Mann und Frau gibt. https://t.co/GD06xUJerA",1
@DasSchafi Angst bis zur Halskrause ? Das gleiche Spiel fand mit den Linken statt bis hin zur Überwachung und dass sie keinerlei Erfahrung im'Regieren' hätten. Nun sollen SPD und Linke miteinander.Dieses Missgeschick hatten wir bereits mit Namen SED.,0
"Na wenn das jetzt mal nicht die Hollywood-Prominenz (und die, die sich dafür halten) auf den Plan ruft...  Apropos, wo steckt eigentlich #FeineSahneFickgesicht?  Da muss dringend ein Konzert gegen rrrrächts her! https://t.co/y8dwGaVMgW",1
Na da funktioniert der gute alte Journalismus ja doch noch!  Täter aus Deutschland.  Fans von Lok Leipzig.  Hooligans.  Vielleicht noch die Namen?    Wenn doch die übliche Täterklientel bei Gewaltverbrechen nicht immer nur als 'Männer' bezeichnet werden würde... https://t.co/uilK9GpJ9M,0
"Wie wär's denn zur Abwechslung mal mit echtem Journalismus?  Fakt ist, Europa wird weder Afrika aufnehmen können, noch Afrika zu einem besseren Kontinent machen.  Mehr 'Entwicklungshilfe' führt nur zu noch mehr Korruption.  Neokolonialismus könnte die Probleme Afrikas lindern. https://t.co/mLUeBYomYT",0
"Dann hört doch endlich auf mit euren verdammten Monokulturen, dann geht's dem Wald wieder gut! https://t.co/3RVaeBKMYW",0
"@worldwideto darf gerne geblockt werden, diese verdammte Meldedrecksau.  #HetzlichenDank",1
"@Ungebeten1 Der ökologische Waldumbau war mal ein Grünes Thema...lange her,  nichts ist passiert!  Heute sind die GRÜNEN damit beschäftigt, das Thema CO2 zu strapazieren und mit Verboten die Bürger zu gängeln.",0
@Ungebeten1 @pepper46477330 In Brandenburg haben die das jetzt endlich erkannt. Es soll mehr Mischwälder geben.,0
"@Ungebeten1 264 Herzchen     So viele kriegt Mica nicht im ganzen Jahr.    Ich glaube, du bist beliebt, du Ossi 😀    . https://t.co/ktP31u6QZK",0
"Berlins grüner Justizsenator Behrendt...  Mehr muss man nicht wissen.  Der soll lieber nachsehen, ob seine Häftlinge in Moabit vollzählig sind und seinen Sauladen auf Vordermann bringen, da hat er genug Arbeit! https://t.co/M6kCPrtjrW",1
"@MDR_SN 'Prominente', die dringend mal wieder etwas Publicity brauchen.",0
"@MDR_SN Oh, die 'Kulturschaffenden' melden sich wieder zu Wort? Hatten wir alles schon mal! https://t.co/PXuPQdNXIJ",0
@MDR_SN 33 Prominente? Ich kenne mal gerade vier davon. Der Rest braucht wohl wieder etwas PR.  Übrigens: Sollte laut unserer Kanzlerin die Einmischung aus dem Ausland in unsere Wahlen nicht finanzielle Sanktionen nach sich ziehen? Dann mal los.,0
"@MDR_SN Die Görlitzer brauchen sicherlich keine guten Ratschläge vom westdeutschen Juste-Milieu aus gentrifizierten Hochburgen, abgehalfterten Schauspielern aus Hollywood oder linksliberalen Künstlern. Sie wissen selbst, was für ihre Stadt gut ist! #Görlitz",0
@MDR_SN Die weitesgehend unbekannte C-Prominenz bläst zum Halali gegen die #AFD.  Na wenn das jetzt nicht die Görlitzer überzeugt. 😅,0
"@Flutschi010 @Ungebeten1 @BundesGockel @merdeux @merdeux_ Wenn er dich sieht, kommt er bald wieder.",0
"Hollywood will dem Ostdeutschen, der die DDR-Propaganda-Diktatur erlebt hat, erzählen wie er zu wählen hat.    👉 LOL  https://t.co/QwkRxWTVL1",0
"Das mögen wir Ossis nach 43 Jahren SED, dass uns irgendwelche Z-Promis wie im Betreuten Denken der DDR sagen, wen oder was wir zu wählen haben.  Ich weiß im Moment echt nicht, was ich widerlicher finde, euren Bericht oder eure Systemhuren? https://t.co/IqDz8nDx7L",1
"@Ungebeten1 Liebe 'Ossis'. Euch einfach mal ein DANKE! Ihr zeigt uns 'Wessis', dass  Zusammenhalt was bewirken kann. Wir werden folgen - versprochen. Dauert nur n bissl länger 🤣😎👍",0
"@Ungebeten1 @Shiwa_Waltraud Grund genug das Gegenteil zu tun, von dem was die wahlbeeinflussenden C-Promi Hetzer fordern...",0
"@Ungebeten1 @93cecc58ff2e400 „.. . Ein Gruß ohne Hass, Ausgrenzung und Stigmatisierung ...“, solche Armleuchter und Heuchler 🤮! Wer hat mit Hass, Hetze, Halbwahrheiten und verdrehen von Meinungen angefangen? Jede Kritik wurde in die rassistische Ecke gestellt bzw. derjenige als NAZI beschimpft 🤢",1
"Da muss ich mich anschließen, einfach unfassbar was ist dieses System Profiteure anmaßen ... nur um weiterhin im Rennen zu bleiben Fördergelder abzuzocken und Aufträge zu erhalten. Ideologisch gesteuerte Kampagne. https://t.co/pQeZonzZ0K",0
"Das sind alles Heuchler, Schleimer und.....den Rest schreibe ich lieber nicht! Jetzt erst recht AfD 💙👍💙👍💙 https://t.co/EiReCZaqxU",0
"Na, da hat aber einer einen dicken Hals! https://t.co/7JZFcdluO9",0
"@krippmarie gesperrt.  @KHinnek gesperrt.  @Lebensformation gesperrt.    Wann fängt @Twitter an, Twitter ohne User zu machen? 🤔  Wenn ich auch sonst gegen staatliche Regulierung bin, bei eurem Verein würde ich glatt 'ne Ausnahme machen.",0
@UbbelohdeBerlin Die Bonanza-Stiftung bestätigt und unterstützt diese Aussage 😁,0
@Ungebeten1 @heuteplus Danke Schnucki 😘    Tatü tata,0
"Für meinen lieben @__Vanisch__ , der auf Grund zuviel Wahrheit 7 Tage gesperrt wurde. Er erleidet das gleiche Schicksal wie ich , verraten und getötet von Linken Denuzianten.    Hier sein Gruß https://t.co/LNsPGGhVqj",0
"Die Politik der #Grünen ist genau das, was sie den 'Populisten' vorwerfen. Nämlich eine der einfachen Antworten.    Problem --&gt; Verbot  Problem --&gt; Verbot  Problem --&gt; Verbot    #Verbotspartei",0
"@BundesGockel Luden wie du.    Apropos, was macht dein Häuschen in Blankenese?    Wann ist das Sommerfest mit den Nu... äh Damen?    Hoffentlich hast du den Poolbereich schön geschrubbt, das letztes Jahr war ja eine Ferkelei 😁    @merdeux @Ungebeten1   Ihr seid doch auch wieder dabei oder?",0
@Ungebeten1 @BundesGockel @merdeux @merdeux_ Aber diesmal keine Tiere im Pool Bereich.  Auch keine Pferde.,0
"@merdeux_ @FAZ_NET Der Ceaucescu war auch Kommunist.    Und auch Politiker.    Und auch Millionär.    So wie viele von unseren Politikern.    Satt und gestopft wie eine Weihnachtsgans.    Auf dem Rücken des Volkes.    Wie er geendet hat, wissen wir alle.    Also abwarten und hoffen...",0
"Die Menschen in #Görlitz und überhaupt in der ehemailgen DDR stehen total darauf, wenn ihnen bekiffte Schauspieler und altlinke Schickeria-Sozis aus dem Westen, erklären, was sie gefälligst wählen sollen.",0
#Salvini wirkt.  Prozess gegen migrantenfreundlichen Bürgermeister in Italien begonnen https://t.co/T6rt82AuyI,0
@symptompanik @buntewelt1966 https://t.co/tJxabpk4g6,0
Mir wird nur noch übel.. https://t.co/fbM2HdccbI,0
@Eddie_1412 @PolizeiSachsen Hier das Video zum Vorfall... Besonders schön der Sprechchor am Ende...! https://t.co/lKtGF0DFgc,0
Guter Hund! 🍖 https://t.co/FiiSYtEF4Q,0
Beim verbieten macht den #GrüneKhmer keiner was vor.  Und es gibt einen Unterschied zwischen nicht erlauben wollen und verbieten. Aber die hellsten Mitarbeiter sind ja bei den @Die_Gruenen eh nicht beheimatet. 😘 https://t.co/JAaNc3z5CR,0
"Wir Männer..... Was wir uns so alles rausnehmen!    Wenn es euch stört, liebe Damen, dass Männer bei den von ihnen mitgezeugten Föten mitreden wollen, dann lasst die Männer nicht rein! So einfach ist das Leben! https://t.co/kGIC6sfsji",0
"@heuteplus 'immer noch'?    Nein Leute, auch weiterhin!    Manche andere können machen was sie wollen, aber deswegen lasse ich mich nicht zwingen, es gut zu finden.    Ich finde es nicht gut und das bleibt auch so!",0
Homosexuelle gegen #Islamophobia  Wo kommt nur die ganze Blödheit in #Europa her ?     Warum steigen solche Figuren nicht gleich in den Tigerkäfig und beweisen das der Tiger nur spielen will.     #Islamisierung #ReligionofPeace https://t.co/ykxL819g3I,1
@Heide_Anna Immer die Gesellschaft schön spalten und partikularisieren - damit die Menschen durch die Globalisten richtig fertig gemacht werden können. #ReaktionäreStrohdummeLinke,1
"Ich finde es nach wie vor wider die Natur und nehme mir die Freiheit heraus, dies zu sagen.  Man kann mich dafür hassen, aber das ist meine Meinung. https://t.co/CUC4F3pyg5",0
AfD zur Klimadebatte: Das Vorbild der Grünen 'ist China zur Zeit der Kulturrevolution mit Millionen von Toten' https://t.co/r7sMoWiOzN via @China_Welt_News  :  ALLE PARTEIEN UNTERWERFEN SICH DEN IRREN GRÜNEN - NUR DIE AFD HÄLT DAGEGEN!,0
"... - was ist ein 'missverständliches Signal in die Welt hinaus'? Hier ein unmissverständliches Signal, Wahlbeeinflussung, obwohl im sog. Wahl-Appell kein Name und Partei genannt werden, wird hier beides sofort nachgesch., MSM eben 👎💙👍🇩🇪  Quelle MoPo Dresden v.  11.06.19 https://t.co/SeYJqGbLJS",0
Yeaaaahhh...!!! 👍👍👍👍👍Genau meine Ansage ❗️Einfach super 👍 https://t.co/3pdA9d5az4,0
"Wer Trekkingsandalen mit Tennissocken trägt, hat die Kontrolle über sein Leben verloren.",0
"1. Das Spiel heißt vielleicht bei Besatzerkindern so, bei Deutschen nennt man es Name-Stadt-Land  und  2. wird da nicht nach Politikern gefragt.  3. Haben Sie sich wahrscheinlich verhört, es ging bestimmt um Absteiger des Jahres mit 'B', da wäre jedes Kind auf #Barley gekommen. https://t.co/4OlWRuMe4i",0
"Find ich irgendwie witzig, wenn ein schwuler Gesundheitsminister feststellt, dass Schwulsein keine behandel-/heilbare Krankheit ist.  Ja was soll er auch sonst sagen?  'Ich bin schwul, aber ansonsten bin ich soweit okay.'? https://t.co/XMRq1zbRLQ",0
"Die eine zu dumm, um ein Gesetz zu verstehen, der Deutschlandhasser zu dumm, die Regierungsverhältnisse in Thüringen zu kennen, da kannst du gleich den Hund die Leberwurst bewachen lassen, das verspräche mehr Erfolg. https://t.co/Nb0Y8iVDs5",0
"Liebe Görlitzer, immer mehr “Prominente“ halten Euch für total verblödet und glauben, dass Ihr ohne deren Ratschläge nicht mal in der Lage seid, einen Bürgermeister zu wählen. Vor der Wahl einfach nochmal an diese dreiste Bevormundung denken! #Görlitz",0
"@KatrinHLeipzig1 @MatthiasMeisner Ich denke der Schlesier wollte einfach seinen Verlust der Heimat zum Ausdruck bringen.  Es tut manchmal gut den Schmerz über einen Verlust anderen gegenüber zu äußern.    Warum sie das erschreckte, verstehe ich nicht..",0
"@MatthiasMeisner Schon mal darüber nachgedacht, warum der mitteldeutsche Rundfunk '#MDR' heißt, ihr Schlaumeier... Natürlich war der östliche Teil hinter der Oder/Neisse-Grenze früher deutsch. Das ist doch nichts mehr, als eine historisch korrekte Feststellung und nicht der Aufregung wert. 🤔",0
@Ungebeten1 @Pat22344 Auf den Punkt gebracht ✌👏✌,0
@Ungebeten1 #DieVereintenIrren oder  #DieVereinigtenVerwirrten,0
"Keine Männer, kein Nachwuchs.  Fensterplatz letzte Reihe in Bio gehabt, oder was?  Und im Übrigen rede ich mit, wo ich will.  Ende der Durchsage. https://t.co/PKWEVyCOF7",0
"Wenn Gretchen Doppelkarre dann doch nicht Kanzlerkandidatin werden sollte, dann wird wohl der Posten des Fraktionschefs bei der #CDU frei.  Frag nach bei Volker #Kauder! https://t.co/SpzIw2CWlN",0
"Was jetzt, Herr @rbrinkhaus?  Da eine Mehrheit selbst innerhalb der #CDU #AKK als Kanzlerkandidatin für ungeeignet hält (was sie ja auch ist), haben Sie sich mit Ihrer Festlegung auf Kramp-Karrenbauer sehr früh sehr weit aus dem Fenster gelehnt! https://t.co/035huztHnm",0
"An alle Türken, die meine Mutter ficken wollten: geht nicht, sie ist vor einigen Jahren verstorben.  Anschaffen war sie auch nicht, den Hurensohn könnt ihr euch also auch sparen.  Bastard?  Vergesst es, bin biodeutsch.  Schwul?  Ist höchstens eure Sprache!  #TurksAreComingForIceland",1
"So ein Framing Dreck am frühen Morgen. GroKo hat nur noch 36 % , lt. Umfrage, beide Parteien verlieren dramatisch in der Wählergunst und 1003 befragte Personen sind repräsentativ.🤦‍♂️🤪 https://t.co/k550Bsxshm",0
@Ungebeten1 @StoergroesseM @0Siegfried @Twitter Anani ist irgendwas mit mutter und sikerim irgendwas mit ficken. Aber so gut ist mein türkisch auch wieder nicht. 🤷‍♂️,1
"@Notabaris @GuidoHeidkamp @smuellermdb @akk Mir reicht schon der Profiltext, da habe ich genug Vorstellung wie Guido aussieht. https://t.co/McO69XDCP7",0
@TSG1909 @Notabaris @GuidoHeidkamp @smuellermdb @akk Mit Hardrock ist sicher Grönemeyer gemeint und 'sanfte Balladen' sind 'Best of Kuschelsongs' 😁,0
"@Ungebeten1 @chrisjuko 😊es geht doch nichts über gepflegte Konversation,auch wenn nur einseitig gepflegt",0
"@Ungebeten1 @DarkCat90 Das ist mal eine klare, deutliche und ehrliche Ansage!🤗😘",0
"Wie naiv kann ein erwachsener Mensch eigentlich sein?  Wenn ihr @smuellermdb gelesen habt, dann wisst ihr Bescheid!    'Klarname' oder auch die Einladung an den linken Abschaum, dir Haus und Auto abzufackeln. https://t.co/phdqsOwgYm",1
@Ungebeten1 @StoergroesseM @0Siegfried @Twitter Die stehen irgendwie auf diese Inzestsachen,0
"🇩🇪 💙 👍 👍 👍 👍 Sehr gut, diesen türken muss man die Grenzen zeigen. ‼️ 💞 https://t.co/rv2Y0bHhwe",1
"@Ungebeten1 So lange jemand #Grüne #Bürgerlich nennt, halte ich in #Deutschland alles für möglich!",0
@Ungebeten1 CDU-Senilioren ...,0
😂😂😂 https://t.co/LLW0jiK3bD,0
"@TBreitschneider @pepper46477330 @Ungebeten1 @KHinnek Ich war kein Einwohner, nur Besucher in den 70-80zigern. Der Unterschied war ziemlich krass. Mein Vater ist vorn Mauerbau geflüchtet und meine Mutter hatte immer Angst, sie lassen uns nicht mehr raus. Und jetzt sitze ich in NRW &amp; DDR 2.0 wird gerade installiert. Ich könnte heulen",0
Unser Deutschland lassen wir uns nicht von unserem Regime stehen  #Umvolkung https://t.co/lCwi7gYW7V,0
#soisset    Aus aktuellem Anlass :    Wollen Sie Neuwahlen?,0
"'Promis unterschreiben Appell an Wähler in Görlitz ... u.a. Daniel Brühl, Désirée Nosbusch, Marius Müller-Westernhagen'    Steckt eure Nasen gefälligst in etwas anderes rein. Meinetwegen in Kokain.  https://t.co/0v01YCiADi",0
Ein Mann aus Niger...    Nun sind sie halt da... https://t.co/N8yroc6Lu1,0
@czarymarybum777 cc @Ungebeten1,0
"@Ungebeten1 Einfache und grundsolide Mathematik:    Die sinnlose Ansammlung von Lebensjahren führt nicht zwangsläufig zu Altersweisheit. Gell, Herr @polenz_r",0
"@WELTnews Super,da können die Herrschaften selber lesen,was man über jeden einzelnen in der Regierung hält und denkt.😂😂",0
#CDU-#Werkstattgespraech-Versprecher von #AKK bringt nicht nur #Deutschland zum Lachen. ;-) https://t.co/G2URwd1uHn,0
@pepper46477330 @KHinnek Iiiiiiccchhh kenne die noch!!!! 😊 🍬 Süßigkeiten aus einer (für mich noch 'heilen') Zeit/Welt. Vor allem die 80er Jahre. Habe mal was darüber geschrieben in meinem Blog https://t.co/4UgTJze8UG,0
Flüchtlinge begrabschen Kinder in Essener Freibad https://t.co/8haUSkcwj6,0
Heute mal für euch eine Tour durch den Harz https://t.co/WH5jCdBobu,0
@Ungebeten1 wir müssen froh sein das er den dritten Weltkrieg nicht ausgelöst hat,0
@cCcKAMRANcCc @Hurensohn__Bot @femaleaga Nicht so homophob sein. 🤣    Integrier dich doch besser. Schlimm mit euch 58 Jahre im Land und integriert wie ein Eisbär im Regenwald.,0
"Kamran ist nicht wie andere Türken.  Kamran ist nämlich noch viel dümmer!  Ja, das geht!  Wahrscheinlich hat ihn die Zeichenbegrenzung davon abgehalten, auch noch die Mutter von @Platinmensch ficken zu wollen.  Ein ganz besonderer Zeitgenosse! https://t.co/9cR12TMKDd",1
"@Ungebeten1 Hatte ihm was ähnliches geschrieben, zu einem anderen Erguss seinerseits, jetzt hat er mich geblockt. 😂😂😂  Uffbasse Grossmeister Zopfgedöns nicht das du der nächste bist. 😁  https://t.co/47uxwBy7BC",1
@Ungebeten1 Polenz ist der Karl Lauterbach der CDU. 😁,0
"@Technik_u_Welt Wenn sexuell unterversorgte alte Schachtel mit Aufmerksamkeitsdefizit Sie jetzt treffend beschreibt, dann lassen Sie es mich wissen.  Oder auch nicht.",1
@Technik_u_Welt https://t.co/www7pGrAhy,0
"@Technik_u_Welt Da war er wieder, der Pflegenotstand.    🤣🤣🤣",0
"@Technik_u_Welt Offensichtlich nennen Sie nicht nur Nazis, sondern alle Menschen, die nicht Ihrer Meinung sind, #Nazi",0
Die praktische Lösung für 'zivilen Ungehorsam' in Frankfurt. #EndeGelaende #FridaysForFuture #HambiBleibt #hambacherforst https://t.co/rXa99ymZKH,0
Es kommt in eine Stadt ganz in euer Nähe! https://t.co/W6ovXwjkW4,0
"Ich hab doch gesagt, er soll OHNE Kippa dahin fliegen! https://t.co/hBzPGFUrpf",0
"Ein Nobelpreis ist auch nicht das, was er mal war. https://t.co/zvlF3123TD",0
Von einem Heer von manipulierten Idioten beliebt zu sein sehe ich als überschaubares Kompliment an.... https://t.co/bIHcJnUtbS,0
"Wenn im Stammbaum, welcher kreisförmig ist, auch noch ne Ziege vorkommt.    👇🏻 https://t.co/DZapsesEg5",0
"@Ungebeten1 @Platinmensch Fußball interessiert mich nicht,   bin aber trotzdem für die sympathischen Wikinger  #Iceland #Island https://t.co/rrBhktYBJa",0
@Ungebeten1 The best Religion is no Religion! Hat nur Ärger in der gesamten Menschheitsgeschichte eingebracht!,0
"@dtpmaker @Ungebeten1 Das Stammklientel der Ökoextremisten kann man sicher nicht umstimmen, aber viele, die den Hype jetzt aus Unwissenheit mitmachen.",0
"@Ungebeten1 Die Scheinheiligkeit mancher Christen, die ihr Ego über die christlichen Werte stellen, sagt alles. Habe einen von der @CDU gegenüber, Straße eng, Hauptsache unsere Ausfahrt zuparken damit kein anderer mehr fahren kann und sich noch aufregen. Nur ein Beispiel. Romane möglich.",0
Es wird immer homophober in Deutschland. Welche Bevölkerungsgruppen sind denn ihm dafür verantwortlich? 🤔    (Das Kerlchen da oben reagiert empfindlich auf Türkei-Kritik) https://t.co/AkzeEh49z5,0
"Hallo Karl, nichts läge mir ferner, als Mitleid o. Schadenfreude für eure Trümmertruppe zu zeigen.  Falls du glaubst, dass jemand noch die Sozen braucht, dann hältst du wahrscheinlich auch Fußpilz für etwas Essbares aus dem Wald.  Grüß mir Andrea und ein herzliches #bätschi! https://t.co/I1l6Vfi2gc",1
"@Ungebeten1 @TheoWiesengrund Wieder so ein erbärmlicher Wicht der jeden der nicht seiner Meinung ist als Nazi beschimpft, selbst aber nicht bemerkt das er der Nazi ist.",1
"@Ungebeten1 @Ofenschlampe Volker Pispers: 'Mein Herr, sind Sie wirklich der Meinung daß jemand, der zu dumm ist für den Hauptschulabschluß das gleiche Stimmrecht haben sollte, wie Sie??'",1
"@Ungebeten1 @MoebusAnne ....dieses verlogene, grünversiffte Pack von Lügner, Hetzern und Volksverdummern gehört der Prozeß gemacht. Natur vernichten ist ihr Handeln und Tun!",1
"@Contbau @BKsoll @Ungebeten1 Es geht gar nicht darum, was sie kosten. Es geht darum, dass es für sie AUSGEGEBEN wird! Denn wenn es für sie ausgegeben wird, dann nimmt es woanders auch wieder jemand ein! Z.B. der Vermieter oder der Sozialdienst oder die Kirche oder die Ärzte!!!",0
@BKsoll @Ungebeten1 Ach was! #FakeNews   https://t.co/A993zUYxQP,0
"@Kachelmann '... die Unseriösität der Leugner eines anthropogenen Klimwandels ...'?  Sie müssen auch nach der Seite ausschlagen, um Ihr Lager nicht zu vergrätzen?  Ich kenne kein nachvollziehbares Argument für den anthropogenen Klimawandel. Vielleicht können Sie bitte1, 2 Argumente dazu geben.",0
@Ungebeten1 @FritzvonSteiner Verfluchte Heuchler.,0
@Ungebeten1 @BKsoll 'Bildung'.  Ein Doktor der Soziologie oder ein Diplom Sozialpädagoge kann einem Müllman oder einer Kassiererin intellektuell wohl kaum das Wasser reichen.  Nachplappern staatlicher Propaganda ist eben keine intellektuelle Leistung.  Da hilft auch kein Doktor der Altphilologie.,1
@Ungebeten1 Und heute ist ein EU-Preis nach dem Irren benannt ...    https://t.co/0KemoyzTBV,1
"@BKsoll @Ungebeten1 Um so schlimmer, wenn man trotz der höheren Bildungsabschlüsse zu blöd ist sein Wissen in der Praxis anzuwenden und auszurechen was uns die Asylbetrüger kosten, und dass diese selbst die Kosten nie erwirtschaften werden.    https://t.co/gGlJlyZ9RQ",1
"Diejenigen, welche einen solchen Scheiss rauslassen könnte man noch verkraften. Aber dass man damit Millionen blinde Waehler findet ist das Schlimme und sollte zu denken geben. https://t.co/Jgo90aHbgN",0
"@merdeux_ @_FriedrichMerz Herr Merz, was wollen Sie tun, um das zukünftig verhindern?    Kocht Ihnen nicht auch das Blut, wenn Sie das lesen?    So was nennt man Mitgefühl.    @CDU     . https://t.co/Bo9WTiacUP",0
"Jetzt haben auch die letzten Linken erlangt, dass sich #Klimaschutz prima zur Durchsetzung der linken Agenda nutzen lässt. Wenn sie das miteinander verbinden, sind sie die eigentlichen #Klimasünder! Absturz #Klimareligion   https://t.co/7T26bPgP8S",0
"Übrigens, die Menschen, die heute hoheitsvoll darüber schwadronieren, wie wichtig 'Willkommenskultur' wäre und besonders zu Pfingsten ihre christliche Attitüde heraushängen lassen, sollten sich einmal vor Augen führen, wie wir Germanen vor über 1000 Jahren christianisiert wurden.",0
"Lenni, der vor fünf Jahren 'beigetreten' ist und wahrscheinlich in weiteren fünf Jahren volljährig sein wird, ist ein weiteres Beispiel dafür, was passiert, wenn man Kinder freitags demonstrieren lässt, anstatt ihnen Bildung einzubläuen. https://t.co/739ibVwqSv",0
Hinweis an Meldemuschis und Zensurschnepfen! Ich stelle mit diesem Tweet bloß ein Frage! Lasst mich also bitte weiter tweeten!  Auf welche Weise dienen die Russland-Sanktionen und die Milliarden Entwicklungshilfe an China dem Wohle des deutschen Volkes und wenden Schaden von ihm?,1
"Unter dem Hashtag #TurksAreComingForIceland kann man sehen, warum viele Menschen Türken nicht leiden können. Eine Volksgruppe, die sich überall auf der Welt wie eine offene Hose aufführt.",1
"Die wichtigste Frage dürfte sein: Hat sich der Sultan aus Ankara auch angesagt und vor allem, spielen die Türkenmuschis überhaupt in kurzen Hosen?  Nicht, dass sie mit Schnupfen wieder abreisen! ☝🏻  Ach so, dass ich für die Wikinger bin, ist klar?! #TurksAreComingForIceland",1
@Ungebeten1 Wie 'Biedermann und die Brandstifter' man jubelt denen zu die einen abschaffen wollen,0
"Bremen wird das bekommen, was es verdient. https://t.co/0PDUa3snYE",0
"@Linksfraktion @voglerk Die afd ist nicht Schuld am zunehmenden Judenhass, denn sie hat die grössten Judenhasser nicht ins Land importiert.",0
"Die Tante schreibt in ihrer Vita: 'Hasspropaganda wird geblockt.'  Und dann so ein Tweet...  Und im Übrigen bin ich nicht nur für ein Verbot der Hisbollah, die gesamte Moslem-Sekte sollte als verfassungsfeindlich verboten werden. https://t.co/qnBRdo43S8",1
"Guten Morgen,  für viele ist heute am Pfingstmontag arbeitsfrei, daher möchte ich all diejenigen besonders grüßen, die (wie ich) heute arbeiten (müssen), um das Narrenschiff am Laufen zu halten.  Und denkt dran, in fünfeinhalb Monaten öffnen die erste Weihnachtsmärkte...  Hohoho.",0
"@Ungebeten1 Das einzige Glück der Linksfraktion ist, dass Lügen nicht verfassungsfeindlich sind.",0
@Linksfraktion @voglerk Seid ihr so blöd oder tut ihr nur so?  Sie wissen genau wer die Judenhasser in Deutschland sind! Die Merkel Gäste! Aber so müsstet ihr ja zugeben das eure Flüchtlingspolitik für den Arsch ist!,1
"Sicher nicht, du Clown. https://t.co/gUrfwaaIAS",0
"@Ungebeten1 @alterdonauwels Es scheint, als ob ein kranker Zeitgeist den Heiligen Geist abgelöst hat.",0
"Muss ein Einzelfall sein, Timmermanns Sozen haben doch die Europawahl gewonnen 😀 https://t.co/AEdu2xEU7C",0
Was glaubt ihr ?   Könnte die #SPD mit Buschkowsky und Sarrazin als Doppelspitze zu neuen Höhen aufsteigen ?,0
"Früher feierte man zu #Pfingsten, dass der Heilige Geist über die Menschheit kam, heute feiert man eine 16jährige Autistin, die glaubt, sie könne CO2 sehen, mit einem Ehrendoktortitel.  Demnächst wird uns Greta mit dem Heiligen Klimageist beglücken.  Wir sind verloren...",1
Daumen drücken?  Wie soll das gehen?  #Merkel kann doch bloß Raute... https://t.co/08FMTDlCk5,0
Auch #Kamerun darf mal verlieren. ☝🏻 https://t.co/zS5Av1brzF,0
#LESENSWERT und zwar der gesamte Strang. 👍🙌👏🙏 https://t.co/Vf2zxk4Of8,0
"Beschreibe 'beliebt'!    Wenn mir pausenlos von Menschen auf die Schultern gehauen wird, die zu dumm sind, sich selbst die Schuhe zuzubinden, mich eine gigantische ideologisierte Klimaprofiteur-Industrie pausenlos pusht und unfähige Politiker mit Denkverboten mich hofieren... https://t.co/6gWO50VGu4",1
"Du bist  - queer / non-binary  - links-grün  - intolerant (alle rechts der SPD sind Nazis)  - pro-Islam, anti-Deutsch   - empört und getriggert  - hast Depressionen o.ä.    Du übernimmst Meinungen und Standpunkte, hast dadurch Feindbilder.    Du hast keine Probleme, du machst Dir welche.",1
"@ulfposh @drumheadberlin Der Film läuft jetzt auf jedem Sender und in jedem Kino, rund um die Uhr, bis kein Klima mehr ist!  #FridaysForFuture   #TheGreenRevolution https://t.co/YwJLx5qafy",0
@georgrestle @Lie_no_more Das ist sehr befürwortungswürdig 👍  Endlich setzt sich eine Partei für die Eigenen ein ✌️  Asylanten bekommen einen Neubauerstbezug und unsere Rentner dürfen derweil die Mülltonnen nach Pfandfkaschen und Essbarem durchsuchen...  Nur die AfD kann das noch stoppen ✌️👍 https://t.co/WFjrjTTtYd,0
"Menschen die Schweinefleisch verzehren, neigen statistisch gesehen weniger häufig dazu, sich und andere in die Luft zu sprengen.  Nur damit Sie Bescheid wissen...",0
"@BILD So ein Schwachsinn hoch 1000‼️.   Kennedy hat sein Land und sein Volk geliebt, während Habeck mit Deutschland nix anfangen kann und behauptet es gäbe kein Volk! Dieser Vergleich ist also absolut unzulässig!",0
"@jana_hensel @ReportagenFM Das ist Masche. Lenin trug auch immer Schuhe mit Löchern in den Sohlen, um zu demonstrieren, dass er Verbindung mit dem Proletariat hat.",0
"Erst die „frischen Augen“ einer Angela Merkel, jetzt die löchrigen Socken eines Robert #Habeck. Die Fetische deutscher Schreiberlinge werden immer verstörender. https://t.co/IKqQm8OkdD",0
"Wir wünschen Ihnen ein frohes #Pfingstfest im Kreis von Familie und Freunden. Nutzen Sie das sommerliche Wetter und unternehmen Sie einen Ausflug in die Natur.  Wir wünschen allen genug Zeit zum Durchatmen.  Herzlichst,  Ihr #AfD Social-Media-Team  ➡️ https://t.co/Jupska9kDl https://t.co/qivSQ9FyxI",0
"Die wichtigste Frage ist doch: Kam Heiko mit Kippa zu den Mullahs?  Und wenn ja, durfte er die aufbehalten? https://t.co/86GDRQv9Bg",0
so was von WAHR👍👍👍👍👏👏👏👏👏 https://t.co/iycEnAsHq7,0
"Darf man noch 'Vaterland' sagen, oder ist das jetzt Landteil 1 und Landteil 2?🤔🤔🤔🤔🤔🤔🤔🤔🤔🤔🤔🤔🤔🤔",0
"Wie zu DDR Zeiten. Was nicht ins Gesinnungs-TV passt, wird auch nicht berichtet.😡😡😡 https://t.co/g9QbdgQQ4X",0
da würden noch soviele Fressen mehr rein passen!👍👍😡😡😡  aber leider platz mangel🤪🤪 https://t.co/v2xH09Z84E,1
Wie viele werden es wohl bundesweit gewesen sein ?🤔🤔🤔  müssen mal richtig suchennnnnnnnnnnnnn👍👍👍👍 https://t.co/IwA0efJhGT,0
"#Aschiebehaft u. die #GrüneKhmer, mehr muss man eigentlich nicht wissen.  Falls es dem Herrn Lauinger entgangen sein sollte, hier noch mal zum Mitschreiben für Menschen mit Denkdefizit: Bevor ein Mensch in Abschiebehaft genommen wird, kann er immer noch freiwillig ausreisen. https://t.co/4Q7srVIica",1
Gemeinsam kann man doch was erreichen. Da jammern sie jahrelang über deutsche die Geld bringen und dafür feiern wollen.  Wollen sie weg haben. Jetzt ist das Geschrei groß.👍👍👍👍 https://t.co/g9oG4SF72B,0
die können gleich nach Afrika marschieren das passt ja!!👏👏  Dort auch das gelobte Land🤪  die werden dann bestimmt herzlichst Erwartet😂👍 https://t.co/vxVSon0m2T,0
"👍👍👍👍na geht doch👍👍👍👍  Italien erlässt Geldstrafe auf Rettung von Migranten im Mittelmeer     Private Schiffe, die unerlaubt in italienische Hoheitsgewässer fahren, müssen demnach zwischen 10.000 und 50.000 Euro Strafe zahlen.    Italien for EVER👏👏 https://t.co/VzkYpGB6q1",0
Die alte SED und die neue SED! 🤔🤔  mhh ja ficki ficki für Deutschland👍👍    https://t.co/4uYW8SRUZS.. https://t.co/xXYxdpNNjH,1
dann Fresse ich lieber garnix👍👍👍  Diät auch mal gut🤪 https://t.co/5cEfojxZys,1
ehmmm was wollte ich schreiben  blöde Hitze in Sachsen🤪😂😂 https://t.co/CsYrdqzSmS,0
leider wohl nur ein Traum😡😡😡 https://t.co/sMNDTQ6hga,0
"Und die #Propaganda hat nachgelegt.  Dass #Lübcke sich mit seinen  unverschämten Äußerungen zur Willkommenskultur selbst zum Hassobjekt gemacht hat und nach seinem Tod allenthalben Häme frei wird, damit MUSS die Gutmenschenfraktion jetzt klarkommen.  Unschön, aber verständlich. https://t.co/cV9FFJcnCH",1
na geht doch Blau Bergauf👍👍👍  Frage mich nur welche doofen grün wählen??🤔  bestimmt der Bleistift angesetzt um das zu bewerkstelligen😡 https://t.co/OqH7fxCopV,1
Wie jetzt wird dann auch der Paragraph 130 Gestrichen und die wahre Meinungafreiheit wieder Aufgenommen. Na ja klar sonst würde man ja nicht die Klarnamenpflicht brauchen. Das finde ich gut von der Krampen Knarrenbauer. Oder?👏👏🤣🤣 https://t.co/laLHp4eugP,0
Die zeiten gleichen sich grins bald ist wieder Mittelalter👌  Jahr 42: Caligula ernennt sein Pferd zum Konsul  Jahr 2013: Von der Leyen wird Verteidigungsministerin  Jahr 2019: Thunfisch erhält Doktortitel  alles ist eben heute möglich😡😡,1
einfach mal die Seele baumeln lassen👌👌 https://t.co/BoJEic8fhg,0
ab in die schöne grüne Zukunft🤣🤣🤮🤮 https://t.co/PWsuE4g48x,1
mal schauen wie schnell aufgeladen ist😂😂😂😂😂 https://t.co/Pmw876Q34D,0
passt .. Dienstkleidung für Grüne...... bei Friday for Future Demos😂😂  und die schönste der Grünen vorne weg🤪🤪 https://t.co/Nb6rcJuMmN,0
"Mit Blick auf diese vom üblichen Verdächtigen fremdfinanzierten Zombies finde ich 'Extinction',also das Aussterben solcher 'Aktivisten' gar nicht so verkehrt. Glücklicherweise ist ihr Fortpflanzungsdrang durch ihr genderfluides Dasein total gestört und außerdem sind Babies ja  1/2 https://t.co/aEKVdJzap4",1
"🤮🤮🤮🤮🤮🤮🤮🤮🤮🤮🤮  Nichts ist zu peinlich, als dass es die deutsche Presse nicht schreiben würde. Sie wollen ihn wirklich an der Spitze sehen und bereiten den Wähler schon mal auf das Wahlergebnis vor. https://t.co/l7aBKU5rdI",1
tja da sieht man was heute wichtig ist in MusselSchland😡😡 https://t.co/rqFZwRLWqi,1
#HauAbGesetz bzw. #GeordneteRueckkehrGesetz: Klingt gut. 😇👍  Hoffentlich nicht nur leere Worte.,0
"Weiterhin Frohes Schaffen, liebe deutsche Steuerzahler!👍👍    'Bremer BAMF überwies 8.5 Millionen Euro, aber niemand weiß, wohin.    besser scheint es man weiß nicht wo unsere sauer verdienten Steuerkröten hinflutschen 😡😡 https://t.co/qdDiU1Me1z",0
"Wenn Hohlnuss Merkel das bekommt dann hat die Thunfisch das aber 100mal mehr verdient👌👌  😂Geil! Weiter so...    ... jetzt merkt langsam auch der Letzte, dass es eine reine PR-Nummer ist mit KlimaKröta!    Ein schwerst geistesbehindertes und mangels Schulbesuchen wahrscheinlich  1/3 https://t.co/0kS4YCMIjC",1
#Einbildung is was wert👏👏  da wachsen wohl schon die Träume in den Himmel👌 https://t.co/s8Z2FEf5f7,0
"Görlitz: Migranten, Juden und Homosexuelle gegen 'Hollywood' und für OB-Kandidaten von der AfD  na da melden sich wie immer mal wieder die die sich ja immer bei sowas melden  Flüchtlinge die nichts zu sagen haben eigentlich in Deutschland  was reisen die das Maul auf??  1/3 https://t.co/TT7kd5mNsR",1
scheinheiliges Arschloch...  na im Bus fährt bestimmt sein doppelgänger😡😡  Verlogen bis zum geht nicht mehr https://t.co/wifzCrYakK,1
➡️➡️100-Jahres-Feier in Genf: Merkel will Sozialstandards anmahnen❗️❗️😂😂😂  https://t.co/8iaCQyPm4F.. https://t.co/wbO7ICHG31,0
Grüne fordern erkennungs Pflicht. Hier ein Vorschlag.😂😂😂 https://t.co/qzGXPnC4Iv,0
na dann Prost🤣🤣 https://t.co/JWiw1cPusj,0
Zweifelt Frau @SawsanChebli etwa die globale Erwärmung an?  Das ist widerliches #AfD-Niveau!  #fckNzs #GlobalWarming #FridaysForFuture https://t.co/5z9Wq2MqJn,0
der friedliche Islam 👌🤔  hat ja wie jeder es kennt Respekt und Ehre vor jeder anderen Kultur 🧐  es geht eben schon von kleinauf los und hier bei uns soll es anders sein??🤔🤔  Die lachen doch die SaudoofenDeutschen nur aus  UND  die haben es nicht anders verdient die Doofmichels https://t.co/ErRoDTGVue,1
"Ach ja, Schulligung Robbi, hatte ganz vergessen, dass Freiheit natürlich nur in dem Rahmen erlaubt ist, den du uns absteckst.👌👌👍 https://t.co/P2xSEqus8j",0
"Mein Mittagessen ist fertig, bis später.🤪🤪☺️☺️☺️ https://t.co/dDDag423vt",0
Passt Passt und Passt👏👏👏  was für eine Pflaume👍👍👍👍👌 https://t.co/ciaayeAFx2,0
"Schon wieder Stichtag.😡😡    Chemnitz: Syrer verletzt Deutschen mit Messer, Polizei schweigt! https://t.co/xlKG6LMQcU",0
aber blitz blank du Aische😂😂 https://t.co/iqOa7GWDjW,0
Pfingsten ändert sich über die Jahre👌👍👍  früher Pfingstochse  heute SPD-Schweine😂😂😂👌👌 https://t.co/TKaxBNU5rQ,1
"😂😂😂😂😂😂😂😂😂😂😂👍👍👍👍👍😂😂😂😂wie gewählt so geliefert , ich würde den CSD in Kreuzberg gleich noch mit verbieten 👌, zu viel CO2 Schleudern ohne Hirn unterwegs   Wegen Klimawandel: Bezirk verbietet Feste im Mauerpark   Pankow will Grünanlagen wie den Mauerpark   1/2 https://t.co/7Sg4iIgsFv",0
Senioren beleidigen junge Kopftuchträgerinnen – Festnahme  na geht doch!  endlich mal Eier in der Hose die Polizei  ach moment ich dachte andersrum🤔  aber so mag man es ja eher im versifften Berlin😡  da kam die mutige Polizei zu der Oma und ab ging die Grüne Mina mit der räächten😬 https://t.co/USTWpaXstF,0
die guten alten Zeiten👌👌  ein Mohr war eben noch ein Mohr👍👍  warum also was ändern was so lange eben schon normal ist🤔🤔 https://t.co/SBSMwDqXA7,1
😂😂😂😂😂😂😂 https://t.co/g56uveSwfM,0
Schöne Pfingsten wünsche ich allen!schöne Tage zum entspannen und sich wieder fit machen für die Schlacht um Deutschland  ach ja den Meldemuschis die mich wieder mal gemeldet haben och ein heißes Pfingsten-möge euer Spatzen Hirn noch mehr schrumpfen und schön klappern in der Birne https://t.co/zM5ym64R0Z,1
na da würde ich dann och mit fahren😂😂  frische Luft und man schön eine rauchen😇😇🤪 https://t.co/dLvQKw3isS,0
"Tank-Irrsinn: Preise steigen, obwohl Rohöl billiger wird😡    na ja das ja klar Geld wird knapp für unsere Neubürger da müssen wir eben bissel mehr fahren  umd das so nebenbei mit zu finanzieren🤢 https://t.co/Mx4YNwWKvg",1
"Da fällt mir ein, ich brauche frisches Waffenöl...😂😂😂 https://t.co/hTYUUoO4oF",0
na endlich geht es Bergauf mit den Deutschen   😡😡 https://t.co/uz5zzoWTyd,0
"Achtung —- Kind an Grundschule aufgehängt !! Lasst eure Kinder nicht aus den Augen,verdammt nochmal !   https://t.co/XhkSl01633..  was geht nur ab inOldGermany😡😡😡😡",0
Neues aus der Kategorie... echt KRANKER Scheiß im 'Wessi'-Land🤔😡     Die U17-Mannschaft des TuS Binzen feiert ihren Aufstieg in die Landesliga ohne Steak und Wurst. Aus #Klimaschutzgründen gibt es Crêpes. Das Team will damit ein Zeichen setzen.   https://t.co/AmGgkvW5MS.. https://t.co/fOW89odBp8,1
"VÖLLIG gehirngewasche 'Jünger' 😡    Na dann viel Spaß beim laufen zur Schule bei wind und Wetter👍👍  Fridays For Future: Schüler wollen Autos aus Nürnberg verbannen   'Lag's an den #Pfingstferien, am heißen Wetter oder gar am #erlahmenden #Elan der Klimaschutz-Demos?   1/2 https://t.co/zWwhHsqqE8",0
Rolex 'Mohammed' Cheblis Antwort auf Fat-Siggis Kritik an der Migrationspolitik des Merkels-Regimes. 👌  nun werden sich die Augen gegenseitig ausgehackt  WUNDERBAR  Nichtskönnerin mit hohlem Kopf aber toller Uhr  gegen Fatmann der gegen das Pack ist  auf geht es zum UNTERGANG der SPD https://t.co/41UEGgkHc6,1
DEUTSCHLAND BRAUCHT ZUWANDERUNG😂😂😂😂  was ja bis jetzt gekommen ist sind ja nur Freunde und Bekannte die wollen ja alle auch nur Studieren--also nix Hände schmutzig machen💩  dann her mit der nächsten Welle aus der Wüste die gut Teppiche ficken ehmm sorry flicken können👌👌 https://t.co/d4WoZI3TEo,1
sehr richtig und gut  gesagt!!👍👍👍  #und viele doofmichels begreifen das nicht mal!!💩💩 https://t.co/dozlF9cZe6,1
Flüchtlingskosten Verteilung.    Schaut was mit deutschen Steuergelder gemacht wird👌👌  na dann wird es wohl nix mit dem Wochenende-ab in die Arbeitsklamotten und auf geht es Steuren ranschaffen👍👍 https://t.co/YE3vBsS6RC,0
Mascha wartet schon ;). Allen ein schönes Wochenende 😀😀👍👍👍 https://t.co/4VXuO9qISa,0
Mascha wartet schon ;). Allen ein schönes Wochenende 😀😀👍👍👍 https://t.co/P7Wj0Wad0H,0
"Ist in Eberswalde noch die Nervenheilanstalt in Betrieb, oder sind die Insassen alle in der Stadtverwaltung angestellt? 😡😡😎😎 https://t.co/K5xn9Relr0",0
"Hahaha...es wird immer besser in der Freiluftklapse. Der Hamburger Lügen-Speichel puscht den narzisstischen Schülersprecher und Ex-Callcenter-Agenten noch zum Kanzler hoch. Dann hat Deutschland das, was es verdient: 'ne Luftpumpe, die sagt, wo' s langgeht.👍👍 https://t.co/Jo9V3rsBEe",1
"Huch, Kim Jong Merkel, der Zonenlurch. https://t.co/0UnKNhnXmf",1
"Huch, Kim Jong Merkel, der Zonenlurch. https://t.co/8dbOgiKfBU",1
"Was es nicht alles gibt, wurden Frauen denn nicht schon immer verprügelt????🤔🤔🤔 https://t.co/pFPyGsCigo",0
😂😂besser kann man die aktuelle Lage nicht beschreiben https://t.co/3t3A4fL8NO,0
"In einer Demokratie gibt es bei der Meinungsfreiheit kein Tabu,👍👍 https://t.co/Wc2LHCVoaQ",0
"WOW!!! Fahrradständer als Klimaschutzprojekt... was für eine völlig neue Idee, endlich gibt es Fahrradständer an Schulen... das ich das noch erleben darf... DANKE GRETA!!!!👏👏👏 https://t.co/jZ9phuVOKg",0
😂😂😂😂 https://t.co/49dkNgmEXi,0
"WährendZahlen islamistischer Gefährder und Terrorverfahren stark ansteigen, instrumentalisiert die Bundesregierung Sicherheitsbehörden zur Kriminalisierung von kritischen Bürgern. Das BKA veranstaltete dazu am heutigen Tage den »vierten bundesweiten Aktionstag gegen Hasspostings« https://t.co/Ih9iN0Zw42",0
keine Fußball WM--da macht man es eben auf die andere Art 💩💩🤮🤮 https://t.co/IB05N0XR2Y,1
da kann man gut lachen wenn man sich schön die Taschen füllen kann und  auf seine Themen Scheisst 💩💩  selber fressen macht dick!!+was interessieren mich andere+ https://t.co/VnuQyoOOOV,1
https://t.co/aiOESp3Xtk,0
habe gar nicht die tollen Bilder im Staats Tv gesehen über das herzliche treffen gesehen👏👏👏😂😂  Kommen die noch??🤔🤔  müssen wohl erst bissel nach gebessert werden👌👌💩💩 https://t.co/BzN2huW6d2,1
"Ihr geht für Politiker in den Tod, denen euer Volk, eure Familien und euer Land scheiß egal sind.  Für Deutschland gerne👌👌  für den Scheisshaufen aus Berlin--niemalsssssssssssssssss👍👍 https://t.co/qtf7qNaNNA",1
Helfe auch DU 👍👍👍👍👍👍👍👍👍👍 https://t.co/6mTD15e6pR,0
"Multikulti -Streicheleinheiten  „Er wollte nur die Tiere streicheln“– Nackter „Mann“trieb sich in Eselgehege herum   Die junge Besitzerin eines Eselgeheges im Wienerwald in Niederösterreich erwischte einen unbekleideten Mann,als er sich am helllichten Tag auf dem Gelände herumtrieb https://t.co/nU5tMo8Sxt",0
Interessant...🤔🤔😙😙  na sicher sagen wir mal die Räcchten waren es das viel besser für das Staats-Tv👍👍  mal schauen wie intensiv hier ermittelt wird https://t.co/8CuFTSrjY4,0
ab morgen bei den Friday for no Hirn Demos 🤔🤔     Scheissen für die Umwelt 👍👍👍 https://t.co/VzPNlj4zrj,1
"Sommerbäder: Hier tauchen immer mehr Ganoven auf.... zufällig diese Spezies 'junge Männer' , 'Gruppe junge Männer' , 'Mann' , 'brutalo Gang' und was es alles für Umschreibungen für immer gleichen Phänotypen  ja die Gruppen immer wie man es eben kennt😡😡  https://t.co/gnoaYIDpkt.. https://t.co/6WTflWmKbG",0
Fressen für Deutschland😡😡  „Bislang arbeitet niemand in der großen Familie. Die Familie bekommt vom Amt -nach Angaben von Vater Abboud- insgesamt 3785 Euro. Zusammengesetzt aus Hartz IV und Kindergeld. Die Miete für die Wohnungen zahlt der Staat.“ https://t.co/3ahKinrlkz.. https://t.co/pWeZCY6qwZ,1
"Schlaraffenland  2.500 Ausländer kommen trotz Ausreisegeld zurück/ Zwischen Anfang 2017 und Ende April 2019 wurden laut Bundesinnenministerium Fördermittel in Höhe von rund 83.000 Euro zurückgezahlt. Im Jahr 2018 wurden für das Förderprogramm knapp 9,5 Millionen Euro aufgewendet. https://t.co/qyJYCk8v5a",0
"That's Germany: Bei den Kartoffeln juristisch dicke Hose markieren, bei den Bärtigen kuschen und sich einscheissen. Und die stinkende Brühe nennt sich noch immer ohne rot zu werden 'Rechtsstaat'. Mir fehlen langsam die Worte, um meinen Ekel auszudrücken  Meinungsfreiheit was datt? https://t.co/6x3igJjvGn",1
Nachruf für CDU-Politiker Walter Lübcke (︎65)  Ein echter Vorreiter !!! für Demokratie gegen Deutsche 👍👍  die Menschen waren voll begeistert von so einen tollem CDU -Mann  na da  kann es ja nur bergab gehen👍👍 https://t.co/OCrYrvxMUA,0
Had to share this one🤣🤣👍👍    die Amis sind eben und waren es schon immer saublöd👍👍  wenn interessiert schon solche Hohlbirnen ala Kardashians🤔🤔 https://t.co/ECgcJBC9J2,1
🤣🤣🤣👍👍  der hat doch keinen Spargelstecher der arme Wolf 🤔🤔 https://t.co/oXvvzNxQ8M,0
mal was in eigener Sache  warum kommt dieser scheiss  https://t.co/A9k9CbZ4Ca  immer in meinen privat Nachrichten ??  heute bestimmt schon 10 mal als privater chat angezeigt😡😡,1
"Ich gebe es mal so weiter, ob man es glauben kann oder nicht, ich weiß es nicht. Macht euch eure eigenen Gedanken.🤔🤔  Aber meine Meinung dazu--mit oder ohne Haare sie ist und bleibt Müll den keiner haben will👍👍👏  na ja solange schön rassiert das ok🤣🤣👌 https://t.co/l8nsgZMrZ3",0
Glückwunsch SPD  das ist der richtige Schritt in die Zukunft👍👍👍  so stellt ihr mit Sicherheit 2021 einen Bundeskanzler/rin😂😂😂😂  oh mein Gott Satire aus ich kann nicht mehr vor lachen🤣🤣😇😇 https://t.co/OxCFzd64Ez,0
ja sehe ich morgens um 6 wie sie alle zur arbeit strömen 👍👍  ach sorry da war ich um 13Uhr in der Stadt da sah ich ich den Ansturm auf dem Amt wo es kostenlos Geld abzufassen gibt  morgens sehe ich nur den doofenSchlafmichel zur arbeit rammeln😡😡 https://t.co/6U0QacXs0L,1
ehm Wettervorhersage oder Escortservice 🤔🤔😂😂 https://t.co/Vhb1uwm6fA,0
Es geht um 900.000 Euro: Großer Carsharing-Betrug bei der Bundeswehr    Na haben wir ja lange nichts mehr von unserem Liebling von der Leichen gehört  die wird Gott danken für die Klimadebatte😡😡👍👍  die kann so ungestört am Stuhl kleben bleiben-Machterhalt um JEDENPreis🤮 https://t.co/FofetWjjJk,1
"Wenn du auf einer Party mal dringend musst, aber die Toilette nicht findest. 😂😂 https://t.co/3crBsDolFR",0
"Wie scheiße die wohl aussieht, wenn sie mit 60 rauskommt und ihre verschissenen Tattos verblasst sind ? 🤔🤔🤣🤣  das mal ein Kapitän wo man nur noch über Bord springen will😂😂 https://t.co/qSPs05MSvs",1
CDU Mitglieder sitzen in Zukunft nicht mehr ganz so entspannt auf ihrer Terrasse in Hessen. Keiner weiß bisher wer der Terrassenmörder ist ?🤔🤔,0
Hier noch was zum Tag versauen!🤢🤢  Wünsche euch einen schönen Wochenteiler  nun geht es berg ab!!👍👍 https://t.co/G5lww9wu6i,1
👏👏👏👏👏👏👏👏👏👏👍👍👍👍 https://t.co/mfX2SUhIOL,0
"Ein Fall für Greta🤣🤣🤣🤣  Demos ,Sondersendungen und am besten ''Thursday for Future''💪💪  warum sollten man nur Freitag frei nehmen-jetzt wo es eh so warm ist🤣🤣👍 https://t.co/Fbor6yhH89",0
Arbeiten können ja die doofen Deutschen😡😡  wir kommen auch ohne Arbeit an ihr Geld🤢🤢 https://t.co/d7LnpURWd9,1
da kann ich gar nicht soviel fressen wie ich kotzen könnte🤮🤮  NUR DAS BESTE KOMMT NACH SCHLAND 😡😡 https://t.co/Z5psOlXpll,1
Das ist der Brüller des Monats.. 05.06.19    Satire kann unser Finanzminister 👍👍👍🤣🤣🤣 https://t.co/AigxTOJShm,0
Fahr ich nach Berlin am Stadtrand steige ich um auf Straßenbahn voll mit Musels die nur darauf warten mich zu attackieren bei Gegenwehr steigt Staatsanwalt ein lässt mich festnehmen weil ich nicht durch das Messer eines Migranten sterben wollte ... deutsche Realität 🤔🤔 https://t.co/UQGADdddPc,1
und sehen auch noch Klasse aus 😂😂😂😂 https://t.co/TCRIi1VBLA,0
darum mache ich erst mal ein Jahr Pause !! 😂😂  blöd bleibt eben blöd da lernt man nix mehr dazu👍 https://t.co/uoLFFEPipD,0
"na sie wäre doch der Lichtblick am dunklen SPD  Himmel 🤔🤔  schlau😂😂 Weltoffen ,nur für die armen da (sagt ihnen gerne wie spät es ist wenn sie Shoppen geht)  was für eine tolle Persönlichkeit😂😂 https://t.co/nXt4O2S6Y0",0
😂😂😂😂😂😂😂😂😂 https://t.co/mNKWPrm1k4,0
Ich bin DABEI 👍👍👍  ARD &amp; ZDF sollten aus moralischen Gründen auf die Gebühren von AfD NAZIS verzichten.,0
Eine Koryphäe....😢😢  Harvard kann sooooooooooo Stolz sein 😂😂😂 https://t.co/VYWxQr7dLf,0
Das ist Ralf !   Ralf ist ein Egoist !  Er hat schon als Säugling die Brüste seiner Mami leer gesoffen.👍👍 https://t.co/4Xu98qLAaY,0
Die Fans von Gräte Thunfisch interpretieren es halt etwas anders!🤔🤔    Das nennt man dann wohl “visuelles Framing“ 👍👍 https://t.co/Be8dhrIOH3,1
"Beliebt? kann vor lachen nicht🤔🤔  Der hat schon vorher den Schuß nicht gehört, als er Deutsche Asylkritiker dazu aufrief, dieses Land zu verlassen 😡😡 https://t.co/gErQtaFXEa",0
"Wir haben nachgedacht und sind zu der Auffassung gekommen, dass Du gerne unser Land wieder verlassen kannst. Bitte vergiss nicht Mutter, Vater, Bruder, Schwester und wer sonst noch zur Sippe gehört, mitzunehmen.👍👍💪💪  das ja dann für beide Seiten gut!! 👌👌 https://t.co/W23MPqL1LQ",0
"Oberhausen: Unbekannte schlagen mit Hammer auf Mann (29) ein      Schon wieder so ein ein Mist,jetzt verstehe ich auch langsam warum wir auf Bus und Bahn umsteigen sollen, da ist die Wahrscheinlichkeit ein Messer in den Hals oder ein Hammer auf dem Schädel zu bekommen am größten😡 https://t.co/NvVsZ43YIx",0
Bin Deutsch zälht das och noch 🤔🤔  oder gibt ja nur noch Bin Fachkraft beim Hartz 4 😡nix arbeiten nichts machen   Bin eben da 😡😡  ach ja fast rvergessen   Bin ficki ficki wird immer öffters mit schmierigen Haaren gesehen😬😬 https://t.co/ZzsNcY1VLl,1
Fastenbrechen--Fressen und Leben wie Gott in Schland🤮🤮 https://t.co/wPb0DskRBQ,1
Jedem das seine 👍👍  Eine Runde Mitleid?  Also ich bin für: 'Nö!'👌👌 https://t.co/JAc7R38ylk,0
"würden wir uns aber heute vielleicht wieder sehr wünschen wenn man den ganzen tagtäglichen Politik-Horror und sonstigen Religions-Terror in Europa so hautnah miterleben dürfen bzw. sogar einige Menschen am eigenen Leib blutigst bis zum eigenen Ende mitverspüren müssen, nicht wahr https://t.co/H5JRdJAthU",0
aus dem Saarland kommt eben nur er letzteMüll-fehlt ja noch AKK  also sorry meine Politik mässig  sonst wunderbare Menschen da!!👌👌👍👍 https://t.co/PHJQNjxMwF,1
Ich arme Sau 😢😢😂😂 https://t.co/m6aZv77DLU,1
nur für die ganz Harten Kerle👍👍👍👍👍 https://t.co/BoUU1LQymY,0
da möchte Mann doch gerne noch mal Kind sein  mmmmhhhhhhhhhh👍 https://t.co/SkgovuLIXd,0
einfach schön wieder zu Hause zu sein👍👍👍😂😂 https://t.co/OavbQHa2Cs,0
NRW-Polizei verteilt Flugblätter gegen Hochzeits-Korsos  😂😂Deutschland .... genau so Geistes gestört wie vor den Schwimmbädern solche Comic Schilder das man in der Zivilisation keine Frauen am Stück sexuell belästigt oder vergewaltigt für Merkels Falschflüchtlings Islamisten  1/2 https://t.co/px9vxnS4R2,1
"Typisch Grünextremisten. Wenn es darum geht, andere zu schikanieren, zu behindern, zur Kasse zu bitten und den moralischen Zeigefinger in die Höhe zu strecken, sind sie wahre Meister. Mit einer eigenen vorbildhaften Lebensführung nehmen sie es hingegen nicht so genau. 😡😡😡 https://t.co/dkcjCvdFGp",0
ist das die Hoffnung der SPD 🤔🤔😂😂  Mein Favorit für den SPD Vorsitz!🤣😂🤣😂🤣😂    Na mit dem schaffen die sogar ein 3stelliges Ergebnis!!! Im Minusbereich.👍👍 https://t.co/sCk1aFyiLP,0
"Und der nächste Alptraum steht bereits schon in den Startlöchern👍👍Keine Bange, mit Dreyer wird alles gut...!😏😏 https://t.co/mNuYnQQrne",0
Wer die Grünen wählt?   Die Wahlhelfer.👍👍  Grüne werden nicht gewählt.  Grüne werden gefälscht.😡😡  so kommt man locker flockig auf so ein Hoch🧐  aber keine Angst nach dem Hoch kommt das nächste Tief👍 https://t.co/1WIoeNxL1m,0
erst dachte ich ja ich bin in einem Zoo den Tönen nach zu urteilen 😂  aber nein ist Paketdienst der voll auf die Zulieferung und Zufriedenheit seiner Kunden setzt mit allen Mitteln👍  Reschpekt👏  ach ja mit Unterhemd wäre das nicht passiert da wäre das Zoogestell stabiler gewesen https://t.co/QX9OTWdL0Z,0
Die einzige die man wirklich halbwegs anschauen kann bei den Grünen ist die Antonia Hofreiter.  Das Mädel macht was aus sich. 😂😜 Süß ! 😋,0
So geht Toleranz:  Sachsen  Künstler sympathisiert mit AfD: Jahresausstellung abgesagt    Meinungsfreiheit am Arsch🤮🤮,1
Na endlich mal 'n gescheiter Deutschkurs. Dieses Akademikerdeutsch versteht ja keine Sau 🤔🤔👍👍 https://t.co/KRE7aiguhv,1
++Endlich ein Gegenkandidat: Bekennender Masochist bewirbt sich um SPD-Vorsitz++  🤣🤣🤣🤣🤣🤣🤣🤣  die nächste Lederhaube wird in den Masochistischen  Ring geworfen   und man brauch nicht mal für schmerz und leid was zahlen👍👏👏 https://t.co/d0IVAzysuR,0
na das würde den Grünen aber gefallen😂😂😂😂 https://t.co/CqVqpsxYgr,0
SPD: Andrea Nahles kündigt Rücktritt als Partei- und Fraktionschefin an  Wird sie jetzt Rummelboxerin🤔🤔😂😂  da kann sie ja dann dort vielleicht  vielen paar uff die Fresse hauen was ja in Berlin nicht klappte  eine der schlechtesten aus der Politik geht‼️‼️  UND DAS IST GUT SO👍👏 https://t.co/J6rfh3EWTQ,1
kann es sein das etwa jemand nicht die neue Volkspartei der Grünen mag🤔🤔  na ja paar mit klaren Kopf muss es eben auch geben!!  Der Osten lässt mal schön grüßen an die Doofmichels👍👏👏💪💪 https://t.co/SX7qK6lhf7,0
😂😂😂😂😂😂 https://t.co/e3gOsomVeG,0
Da kann man doch mal mit dem Gedanken spielen in`s Kloster zu gehen 😂😂👍👍 https://t.co/ERfnYpUm32,0
👍👍👍👍👍👍👍✌️✌️✌️✌️ https://t.co/i7FRxKahON,0
na für schlechte Zeiten hat sie sich ja genug angefressen😡😡  mal schauen in welchem Vorstand sie bald auftaucht😬😬😬 https://t.co/Db5HyzHEPE,0
"Es ist egal, wer den 'SPD' LEICHENWAGEN fährt, es endet immer am Grab !!!👍👍👏👏👏 https://t.co/BjXAQCwYJv",0
"Sie bestreiten, daß es ihnen gehört. Nazis müssen es ihnen untergeschoben haben, ohne dass sie es gemerkt haben. Könnte so die Bewährungsstrafe oder das freigesprochen werden begründet sein.?🤔🤔  Natürlich bekommen sie ihr Hab und Gut dann auch zurück👍👍 https://t.co/lzU7XX9T96",0
"Absturz vorprogrammiert: Grüne Mallorca-Jetterin Charlotte Roche will sich nackt ans Flugzeug bindenCharlotte Roche,Ex-Viva-Moderatorin, Autorin und Grünen-Mitglied durfte in der letzten Lanz-Plapperrunde so richtig vom grünen Verbotsleder ziehen  gehe erst mal entspannt Kotzen🤮 https://t.co/vXTIzUVSHE",1
Sandwich mal anderes 🤮🤮    ....;;......man wird sich wohl dran gewöhnen müssen !!!!🤔🤔 https://t.co/VsvFuSUEhz,1
wenn Grüne zusammen wählen gehen 😂😂😂👌👌 https://t.co/gJ12Ge4aG3,0
so ändern sich die Zeiten 😂😂💪💪💪  und die besseren Autobahnen haben wir auch👌👌👌 https://t.co/2VKykmbNvT,0
Polizisten riskieren ihr Leben für eine völlig missratenen Asylpolitik😢😢 https://t.co/XfOQ1yywMU,0
ich bin och für Gleichberechtigung👌👌😂😂 https://t.co/v1qn6uvj5N,0
schön wenn die Enkel spielen!!! und noch wissen für was 👌👌  und nicht nur blöd vor dem Pc hocken https://t.co/35mCxC2kMM,0
jetzt kommen wir mal zu dem wichtigen Thema ‼️‼️‼️  was einen nicht mehr los lässt😂👌 https://t.co/vTkzrXsO0w,0
darum gehe ich ohne Schlüpper😂😂  oder  wenn wichtige Termine mit Ersatzschlüpper👍👍 https://t.co/U9BJ1CZFBY,0
"Wählt Grün, eure neue Heilsbringer Partei, folgt dem Führer Adolf Habeck und seinem Harem. Ihr wollt den Islam, die Grünen liefern den Islam. So ist Deutschland schon einmal einem Führer gefolgt.🧐🧐 https://t.co/uO5ojgmp1i",1
Grenzenlose Dummheit .....Intelligenz kannst halt nicht kaufen !  es muss für Hermine sehr schwer sein durch das leben zu gehen! mit so tollem Aussehen...😂 igitt  darum meldet man sich dann über das Internet wo man nur einen kleinen teil der Speckfresse sieht 👍✌️uhhh nicht melden https://t.co/ZuVOFX74sw,1
"❗️Schandal 9 Jahre alt, Maria 11 Jahre alt und Kevin wird 8 Jahre ❗️vorsichtig die drei sind traumatisiert ‼️    Am 24.April drang dieses Trio in ein Mehrfamilienhaus in der Bismarckstraße in Bochum-Wattenscheid ein In der Wohnung durchsuchten sie mehrereSchränke und klautenSchmuck https://t.co/4zaZW7ACbk",0
"na zum Glück haben sie Polizeisport 👌💪😡da kann man sich wenigstens mit voll geschissenen Unterhosen absetzen 😬  denke mal Schießen ist gestrichen für die Polizei(am besten Bananen für das Holster,hat man Energie beim Sprint)  das neue Weglaufen ist das neueZeichen der Polizei👌 https://t.co/PjvB4LsFM5",0
2204 Stimmen zu wenig für die AfD: Polizei ermittelt wegen Wahlfälschung in NRW  Leben scheinbar doch noch Patrioten im Kalifat  möge die Macht mit euch sein 👌👌💪💪 https://t.co/tYJEiVVDdk,0
"'Wenn schon, denn schon':👌👌 https://t.co/nHCJ7Fil1K",0
klasse Handy😂😂👍 https://t.co/Ay4v6XvODP,0
"Hab ne Kippa gekauft, reingeschissen und in die Al-Quds-Demo geworfen.  Ist das multi-kulti genug ?🤔🤔🤪🤪",1
Anti-Israel-Parolen bei Al-Kuds-Marsch in Berlin ❗️    bestimmt wieder schlimme Räächte die das rufen 🤔🤔👌    und wird bestimmt in der Jahresstatistik mit bei den rechts delikten reingerechnet👌👌 https://t.co/wR8RSFWRgu,0
die neue Karriere nach der Karriere👌👌  als Missionarin in Israel 😂😂 https://t.co/2nLEAcfdcP,0
Gretel nach einem Jahr Pause😂😂 https://t.co/38tFxZhJv8,0
Umwelt  NASA: Polkappe des antarktischen Eises nimmt massiv zu 🤔🤔    Friday for Schulschwänzen hat es geschafft😂😂  in paar Monaten ist  am Pol wieder alles in Ordnung  klasse Gretel Blödfisch😂😂 https://t.co/0VkQXnOdmr,1
🤔🤔🤔🤔ob die och in meinem Trabi mitfährt🤔🤔🤔😂😂 https://t.co/u55rISyUjh,0
Sächsisch??😂😂😂😂😂 https://t.co/E2Dxrm8dAb,0
alles gute und immer weiter so 👍👍👍👍👏👏👏👏 https://t.co/CQ9UBMPvzV,0
"Und wers net glaubt der is n 'Nazi' , so einfach geht das .👍👍😡 https://t.co/X6eBvDK2aP",0
mal schauen ob ich es noch heute zum Audi-Händler schaffe😂😂👍👍 https://t.co/PJ16sezuWc,0
"Im linksversifften Chemnitz scheint es inzwischen 'normal' zu sein, wenn 4 syrische Asylschmarotzer die Deutschen Michel halb tot schlagen.  Denn sowas ist unter der SPD-Totfahrer-Bürgermeisterin offensichtlich längst kein Grund mehr, dieses Dreckspack in Haft zu nehmen.  1/2 https://t.co/DRM6pJBFo9",1
"Wer soll sein Nachfolger werden ... das Weberlein ,CSU Bubi ?   den kennt doch eh keiner ... muss sich erst noch hoch saufen,   kann der überhaupt Ischias und zwei Schuhe richtig anziehen 🤔😂😂😂 https://t.co/OHhcIz0j6z",0
Moment der Besinnlichkeit 😇😇    ABER    och da würden die Wischlappen landen solange man nicht arbeiten muss und nur was abgreifen kann😡😡 https://t.co/LRK9mYzPh4,0
wünsche einen tollen Samstagabend mit lustigen spielchen😇😂  leider ja nicht für alle schön😇👌 https://t.co/vrJDgtKXUw,0
gute Versicherung wird immer wichtiger in Deutschland💪👌👌👌 https://t.co/hBtygdYMst,0
"Greta.... Wohl sitzen geblieben???😂😂😂 Na jetzt geht s los.... Mit riesen ozean pötten über den Teich und das Klima schützen.... 👍👍👍👍man, seid ihr Grünen und eure Wähler unterbelichtet.... Schlimmer als ich dachte..... https://t.co/UjXzmJdBOn",1
Wahre Zahlen sind höher    Statistikfehler bei Arbeitslosenzahlen entdeckt🤔  Na wer hätte das gedacht ?     Die Zahl der Arbeitslosen scheint seit geraumer Zeit kontinuierlich zu sinken. Liegt das an einem Rechenfehler? Eine Datenüberprüfung hat nun Näheres dazu herausgefunden.   1/2 https://t.co/36FtbnQviK,0
Grüße und viel Spaß mal für die ganz vollen Heute 😂😂😂👍 https://t.co/2ZW67sWoyE,0
könnte das ein neuer Slogan für mich sein  🤔🤔🤔🤔🤔🤔 https://t.co/Fh4QpzexXY,0
Der Preis ist ok ;)😂🤣😂 https://t.co/BCZVNq2zTS,0
😂😂😂👍👍👍👍 https://t.co/jZ15h9fEZR,0
einfach mal einen Ausflug machen 😂😂👍  die passenden Stecher werden bestimmt am Strassenrand stehen 🤣🤣 https://t.co/RaLHn2WUfc,0
Ah ja... Udo Lindenberg reist mit 17 Sattelschleppern durch Deutschland... 🤔🤔  also dem Saufkopp schö weiter zu jubeln--der ja auch für Klimaschutz😂😂,0
"gleich mit Gretel Thunfisch 🤔🤔😂😂  Um so größer das Verbrechen , um so größer ihr Wert ! Da weiß man doch gleich in welchem Irrenhaus man gelandet ist . . . !😡😡 https://t.co/Bs9bPfO1MN",1
"Es wird immer besser! 'Overcrowding' ist ganz schädlich für das Planetenklima meinen deutsche Behörden. Bin gespannt, wann Deutsche solche 'overcrowdete' Länder wie Pakistan oder Indien verbieten.   Da es in Berlin genau die Richtigen trifft, begrüße ich diese Maßnahme. 👍👍 https://t.co/MSyYAP4Mwe",0
Grüße an die Grünen 👍👍  nur Scheisse im Hirn💩💩💩💩 https://t.co/9wN58Y2IEx,1
@SchnablG @tagesanzeiger ... in einer rationalen Welt ist diese Haltung völlig daneben. Das hat in der Geschichte noch nie funktioniert. Aber mit Argumenten ist Utopikern sowieso nicht beizukommen.,0
@AlexAnd22627607 @NZZ Genau das wollte ich eben auch schreiben. Ach übrigens mit Stalin funktioniert übrigens bestens...,0
"Ist es nicht seltsam, wie viele Leute aus sogenannten armen 3.Welt-Staaten sich die Fussball-WM leisten können?",0
@LokisHaustier @NZZ Ja das geht mir auch so. Gesunder Menschenverstand wird uns hier in Europa systematisch ab-erzogen,0
"Krankenkassewebung!  Ist Euch schon mal aufgefallen, wie oft Werbung für Krankenkassen im Fernsehen läuft? Ich finde es schamlos, wie die unser Geld verschwenden und dabei noch behaupten, die Ärzte seien mit ihrem Verdienst daran schuld, dass die Prämien ständig steigen!",0
Solche Menschen sind gefährlich! Die töten für ihre Ideologie. https://t.co/MMbhfSgxJs,0
@AllargentumA @NZZaS @NZZ Dem ist nichts hinzuzufügen!,0
der Schrecken der Strasse 😂😂🤪🤪 ehmm eher Autobahn der brauch bissel mehr Platz  der Nahkämpfer der Herzen gegen Rääächts🤔🤔  aber bitte vorher noch mal zum Frisör gehen mit so einem Topfschnitt fallen wir ja alle um vor lachen😇 https://t.co/apiJDRC8cP,0
Immer wieder was neues. Über die Identität des Täters bestimmt nichts bekannt🤔🤔  alles was Beine hat wird wie es scheint gefickifickit werden 🤔  und man kann och noch ein HomeVideo von sich selber machen für Abends dann zum entspannen auf dem Ziegenfell 🤪🤪 https://t.co/zZuPDreTZq,1
Vorbereitung auf das Wochenende👍👍👍 https://t.co/PX3EEVaA68,0
also raus und viel Spaß haben 👍👍😂 https://t.co/sCpUx1ul2s,0
Unsere FFF Typis....ist doch erstaunlich....oder???? https://t.co/dTvtUu3tcR,0
Bitte lesen..und wenn..Unterschrift!!!!☝️    Finanzielle Unterstützung für Migranten und Flüchtlinge jetzt reduzieren! - https://t.co/YCfjPdUB2J,0
https://t.co/F4DbJHXxpk,0
So liebe FFF...so kochen wir alten..wir können das nämlich..nicht Mac doof usw...und das haben auch mal unsere Kinder so bekommen und nicht fertigfrass...und wegwerfwindeln...also nachmachen und nicht nur rumschwätzen https://t.co/Oj06joXIYc,0
TEMPOKONTROLLE - Schwyzer brettert mit 176 km/h durchs Zürcherland https://t.co/k8JqzOMfbt via @Neue_LZ,0
@Nein_zur_AFD Versucht nächstes mal die Bilder besser zu fälschen 😂,0
Heute keine SP-Propaganda für die AHV-Reform?,0
"@FabioKunz21 @ceo_plus_ch @NZZ Ja, allen! Oder willst Du wieder im 19. Jahrhundert leben?",0
@nurwesentliches @ErichAschi @NZZ Selten so gelacht. Dann gehen Sie doch nicht zum Arzt sondern zum Juristen und sparen erst noch Gesundheitskosten!,0
"@nurwesentliches @ErichAschi @NZZ So, so. Die kennen sie? Wer wird denn gezwungen zu einem Arzt gehen. Sie? Wie gesagt, gehen Sie doch einfach nicht und sparen Kosten!",0
"@nurwesentliches @ErichAschi @NZZ Das habe ich mir fast gedacht. Man sollte eben überlegen, bevor man schreibt",0
Das war mal noch eine respektable Richtung...wie heißt immer...alte Wahrheiten!!!!☝️ https://t.co/1U7d2k6PV8,0
Sehr genau lesen...!!!!!☝️.    https://t.co/T9VqOPu1el,0
Ich unterstütze die Meinung...eine oder ein Kanzler der lügt....hat zurückzutreten..!!!☝️    https://t.co/i8znSk1VCQ,0
Wir sollten uns schon mal was überlegen...noch zahlen zum Grossteil wir die FFF und die klimahysteriker....lest das genau!!!!☝️    https://t.co/Ebu40bAA5g,0
Sehr genau lesen..wie wir von den FFF..Grünen und belogen werden...erst die VM Autos abschaffen...dann die E Autos...funktioniert nicht..die auch weg...Arbeitsplätze...Sicherheit...Land weg....!!!!!☝️    https://t.co/9ukwT9EYde,0
Ja nochmal..wenn ich da wohnen würde...Getto bluster....acdc...Rammstein oder so    https://t.co/DK6sUFsSHb,0
Wiedermal...so eine tolle Aktion.. der ach so lieben...klimafreundlichen...usw..natürlichen pfaffen... zum kotzen...Pack...🤮🤮🤮🤮     https://t.co/N502rvZWjF,1
So sehen Großveranstaltungen 2019 in Deutschland aus...stadtfest abgesagt..die muselß wollen ja nicht..dafür grössen fest der musels.. ich könnt🤮🤮🤮    https://t.co/boLI1tMgTK,1
Leute..das ist alles eigentlich sehr traurig..wir schreiben hier über den ganzen polit..medialen scheisse...Regen uns auf und ändern tut sich nichts..aber traurig ist...es ist unser Leben..das unserer Kinder...und das ist zum heulen..heut ist Pfingsten..ändern..kämpfen..für uns! https://t.co/dZuQnl4i7J,1
Alle die Grünen und gretas..sollten sich das genau anschauen...für den ihren Wahnsinn....werden wieder mal ganze Volksgruppen und der ihr Lebensbereiche zerstört....aber ich glaub die juckt das nette...wie bei de goldgräber    https://t.co/69O6aZyknP,0
So blöd sind de halt...die dumpfbacken...Macht Anzeige...richtig so...    https://t.co/e08UldS58A,1
Was sagen den die FFF...HIERZU..ach ja..verbieten anderen..nur was ich mach..geht niemanden an..so sind es halt die Diktaturen...hoffentlich erkennen das genug!☝️☝️☝️    https://t.co/twn1bp3Wqi,0
Das ist unser krankes System.. und ach die Grün.. linken schwärzer tun hier nichts....gutes....    https://t.co/chVW7htcUV,0
Sehr interessant..Wer die Grünen so wählt...die ach so umweltbewusste jupigesellschaft der Städte...keine Ahnung von wirklichem Umweltbewusstsein ..aber ....wie schon immer gesagt...Differenz zwischen..Bewusstsein und Sein...    https://t.co/MNwyIXdOG8,0
Ich glaub die werden immer bekloppter!..Gott schieße Hirn runter..bitte!!!..  Die Jungschen verblöden!!!!☝️    https://t.co/KOiOwGaDZQ,1
Das soll es sein???☝️💙💙💙 https://t.co/aWY0yaGnEQ,0
Das sind die sogenannten Gotteskrieger...Allahu Akbar...rufend töten...vergewaltigen...plündern...und jetzt nix gewesen zurück in die vollversorgung in Deutschland.. aburteilen.. Höhststrafe und fertig..!!☝️    https://t.co/T7M8VEcIDx,0
So ein schönes Bild..   .und wir nennen sie wilde Tiere...sehr sehr fraglich....????😍😍😍 https://t.co/xAagNdHFlo,0
Wie auch hier...und die linksgrünengutmenschenpolitiker ersaufen im Gutmenschen Geschwafel.. und jeder Normalo weiß wo es herkommt...einer der die Wahrheit spricht...👊👊👊    https://t.co/odKwNMI8Rm,0
Siehe auch das...und merke!!!☝️    https://t.co/VMJ63HJtOo,0
Ich frag mich wo die grau 2002 bei der mithilfe in Ostdeutschland...Dresden...Chemnitz...oder!!!..war...ich war dort hab se .net gesehen...aber ich glaub deutsche sind der nix wert...!!!!☝️ https://t.co/v1rimhf5lB,0
Sollte man ansehen:  Unser Twitter-Freund @KrahMax (AfD) klatscht im ARD-Tribunal die grüne Bevormunderin @SkaKeller samt EUzi-Moderator gegen die Wand!  :)  Ganzes Video: https://t.co/owYZSP0WKs https://t.co/ZwUCSgzSRK,0
"Gut, dass die EUzis den #Brexit bislang eisern verhinderten.  Bei der #EUWahl2019 kommt der Bumerang: Mit der #BrexitParty werden haufenweise EU-Gegner ins Parlament gespült.  👍 https://t.co/awK6qhz8Ap",0
"Am Stimmzettel zur #EUWahl steht @HCStracheFP auf Listenplatz 42.  Was würden die EUzis sagen, wenn wir ihn per #Vorzugsstimme ins EU-Parlament wählen?  😂  Dafür wären nur etwa 25.000 Vorzugsstimmen nötig. ;)  https://t.co/9czVb2mvAz https://t.co/PhPL7tSxiO",0
"Verpasst den Linksmedien, EUzis und Böhmermanns einen Denkzettel und bringt sie zur Weißglut!  Wählen wir #Strache mit Vorzugsstimme ins EU-Parlament.  Ich mach mit!  So einfach geht's.  #voteStrache https://t.co/XQHULOz36s",0
"Das wahre Gesicht des Sebastian #Kurz: Jetzt, wo er als Kanzler gestürzt wird, biedert er sich bei den Hardcore-EUzis an und hält @ManfredWeber für den 'richtigen Kommissionspräsidenten'.  https://t.co/IQbQFHFvq8 #EUWahl https://t.co/u5IEwKERwu",0
Spannend: Unter #NichtOhneMeinKopftuch laufen Moslems jetzt auch gegen #Gender-Wahnsinn und Frühsexualisierungs-Phantasien der #Grünen Sturm.  Das könnte noch lustig werden! :) https://t.co/TOhNTW7ZUz,0
"'im Kern sind die Grünen eben kein bürgerlicher Öko-Verein, sondern eine linke Umverteilungs- und Verbotspartei, garniert mit Gender-Gaga.'  https://t.co/JxaIpGyuPA via @tichyseinblick",0
"@ostmann1977 @LVZ @daniel_bruhl @ElleVisionnaire @brigittebrochet @boxingondvd @danielkehlmann Und 'Fremdenhass', der #AfD u. Anhängern unterstellt wird, ist kein Hass, sondern Angst vor 'Flüchtlingen', die angeblich Schutz in Deutschland suchen und kaum hier, uns Schutz und Sicherheit nehmen. Kein Hass, sondern Selbsterhaltungs- und Überlebenswille.   @Einzelfallinfos",1
Finanzielle Unterstützung für Migranten und Flüchtlinge jetzt reduzieren! - https://t.co/Wz5BVc14JA,0
Für dieses Kind (!!!) wird #Pfingsten 2019 für immer in traumatischer Erinnerung bleiben.   Solche '#Asylbewerber' haben in 🇩🇪 nichts zu suchen! Es wird endlich Zeit für hartes Durchgreifen. #AfD  #Arzberg  https://t.co/Iw1XMq11AN,1
"Gute Beobachtungsgabe: In ganz #Deutschland wimmelt es vor uniformierten Neonazis.  Seit 2015 sieht man auch kaum mehr Ausländer, die bis dahin fröhlich in Parks und Innenstädten herumlungerten. https://t.co/Oz7eFifRXo",1
"Verfahren gegen #Böhmermann: Amtsgericht Köln soll seinen Geisteszustand überprüfen und die Frage, ob er überhaupt prozessfähig ist.  :)  https://t.co/C9RDRcnjFZ @janboehm",1
"Politiker #Magnitz spricht im TV von Morddrohungen gegen die #AfD und ihr Umfeld.  Im Publikum bricht tosender Applaus aus. Die Moderatorin lacht laut.  Langsam kapiert, wer die wahren Faschos sind?  #fcknzs https://t.co/tpGJKtGNwG",0
"#FrohePfingsten, Herr @StBrandner!   Möge der (alkoholische) Melissengeist Ihre Blutbahn erreichen: Sie haben es dringend nötig - lange sind ihre juristisch miesen Kenntnisse im Bundestag nicht mehr zu ertragen: Es geht nie bergauf, wenn Sie nicht Nachhilfe nehmen    #Afd #noAfd https://t.co/0YZGjAEcoP",1
"Hallo @erasmusstiftung!   Frau Steinbach wirkt wirr! Die Täter zu dieser in dem Tweet beschriebenen Tat waren 4 Deutsche. Sie sollten erwägen, sie zum Arzt zu schicken. Nicht, dass sie noch die illegale Spendenkasse der Stiftung mit ihrer eigenen Haushaltskasse verwechselt?     #Afd https://t.co/05vxOw4p04",1
"Wie groß muss der Neid bei #Pegida #Bachmann sein?  #Thunberg ist intelligent, sympathisch und sehr erfolgreich. Bachmann ist ein Nichts, läuft einmal die Woche im Kreis und wird nie erfolgreich sein.  #Dresden #FridaysForFuture #Klimawandel #NazisRaus https://t.co/tjTaUZ1QJC",1
"Wenn ihr jetzt so viele Irre seid, kriegt ihr dann alle auf einmal Ausgang oder wie regeln eure Pfleger das? 🤔  Ist schon eine organisatorische Meisterleistung, wenn die Psychiatrie geschlossen zum Wandertag ausrückt.  Respekt. https://t.co/y3Zx7HBBun",1
"'Bürgerlich'! 🤣🤣🤣  #Polenz nennt die #GrüneKhmer tatsächlich 'bürgerlich'!  Es sind Kulturmarxisten, die aus Deutschland schneller eine Diktatur machen würden, als wir #Klimalüge sagen können.  Nehmen Sie Ihre Medikamente endlich wieder regelmäßig, Herr Polenz! https://t.co/DgXVF0oTb0",1
Bitte.. wenn gleich denken mit unterschreiben...!!!!☝️    https://t.co/QrQFjrQilK,0
Bitte lesen und bei auch Denken unterschreiben...Danke    https://t.co/QrQFjrQilK,0
Sehr interessant Hr. SOROS...unbedingt mal reinhören...    https://t.co/9JWe4RD3GI,0
Bitte lesen...das ist eine unaussprechliche Sauerei....hier sollten die Grünen mal ein Betätigungsfeld sehen!!! Finden der Täter und hart bestrafen...Gott sei dank kann..niemand..dazu...meine Gedanken lesen👹👹👹👹    https://t.co/e3qWW2VeuQ,0
Das ist meiner Meinung nach ..Umwelt.. Natur schädlich....da hört man nichts von Greta...aber naja...ist ja Reichensport😡😡😡    Tödlicher Stau am Mount Everest    https://t.co/h443YO7f92    Über @updayDE gesendet,0
Sehr lesenswert....!!!☝️  Zeigt das ganze Drama und den unaufhaltsamen Untergang...leider!!!😱😱😱    https://t.co/XyYxG77vva,0
@MiaSemper @elke_roll 🤮🤮🤮🤮,1
Sehr wahr!!!☝️ https://t.co/7pprekeoAt,0
"Liebe Wählerinnen und Wähler der Partei „Die Grünen“.  Sie werden höflichst gebeten, Ihre Fahrzeuge bis zum 1.6.2019 stillzulegen und zu veräußern. Bitte melden Sie sich auch bei Ihrem Energieversorger ab.  ....Rest ...kommt noch",0
Postenschacher in der EU...alle die Wahlverlierer sind dabei..aber das ist doch auch das Ziel...ist bekannt...nur eigene Pöstchen...jaja die Menschenfreunde👹👹👹👹,0
"Hallo Frau Merkel.     Bitte keine „Facharbeiter“ mehr, die angeblich meine Rente sichern.     Das wird auch in der dritten Generation nichts.     Ich verhungere lieber als dass ich erstochen werde.",1
Die Welt verkommt zu einem Kasperle-Theater! Hochsaison für idioten.... https://t.co/DGkGne08Yg,0
Muslime sorgen in #Bremen für Ordnung: Schwule werden aus Bürgerpark vertrieben!  https://t.co/AqDaGkCoZZ,1
"'Ich habe doch nur ein Mädchen totgemacht', erklärt Ali B.  Ansonsten mag Ali Deutschland, weil er ohne Arbeit Geld bekommt und unbeschwert saufen und Drogen dealen kann.  #Susanna https://t.co/6HVw24kbCo",1
Gerd Ittner – Meinungsfreiheit für das Deutsche Volk https://t.co/sfnFdFv9yo https://t.co/2eFXEha2zt,0
Die Russlanddeutschen Konservativen – Der Volkslehrer erzählt vom 60 km Marsch – Lesertreffen 2019 – https://t.co/FyiUeEErml https://t.co/bcCQNHe32O,0
Die Russlanddeutschen Konservativen – Axel Schlimper – Lesertreffen 2019 https://t.co/MCQ16QMW14 https://t.co/ui20Gw0EDX,0
YouTube linksradikaleZensur: Die Löschungswelle hat begonnen! https://t.co/qklMcuCfAe,0
Hinweise und Informationen zur Sicherheit im Netz…https://t.co/LQtVF9EQSN – 3 https://t.co/UfHG0rOxH4 https://t.co/EGJyArNLAb,0
PROVOKATION! Bento-Redakteurin: Weg mit den christlichen Feiertagen! https://t.co/wSPUVJ8Bsq,0
5G Vorbereitung läuft https://t.co/DTHQhRDiVr https://t.co/uvOtKeyPWH,0
Muslimische Brüllaffen marschieren durch Dublin und schreien “ALLAH AKBAR” https://t.co/AFvhe7vZbY,1
9-JÄHRIGE von Negroiden aus Nigeria brutal vergewaltigt https://t.co/HLxc6eDYa5 https://t.co/tRVhGp0X4G,1
Der Pendelschlag vom Bösen zum Guten ist nicht mehr zu stoppen https://t.co/GtYdm6hBqI https://t.co/zw7BTKU9Sw,0
Was wird aus dem EU-Projekt der Reichsdeutschen? 344 Neu Schwabenland Treffen1 7. Juni 2019 https://t.co/Adx4Mmxd2Z,0
Dr. Joachim Mutter – 5G – Wir werden alle verstrahlt – Die Gefahren aus Sicht eines Mediziners https://t.co/T7SpLqvJIa https://t.co/3mSoj9zn1v,0
https://t.co/BCDKDMTawx    Wenn es so eintritt...dann gute Nacht Deutschland....'denk ich an Deutschland in der Nacht.. dann bin ich um den Schlaf gebracht',0
Unfassbar...mitten in Halle...in unserem Deutschland👹👹👹 https://t.co/qfNdYuS9qD,0
https://t.co/7n0lzEVPqr    Zum durchlesen und nachdenken ...wie wahrhaftig so manch transparente Info ..immer wieder beteuert...ausfällt,0
Spahn und Günther wollen europäischen Islam  'Das muss man sich genau anhören'...Die tollen👹Ideen werden immer mehr....den Anfängen....!    https://t.co/zxwiPCE5XB    Über @updayDE gesendet,1
So sieht's doch gut aus...immer mehr rein..und wir zahlen...'Nur die dümmsten Kälber...Wählen ihre Metzger selber'    https://t.co/XL6Cwmhmet,0
Was alles so im 'Suff' passieren kann...schon komisch🤣🤣🤣👹...eigentlich bittere Ernst    https://t.co/ZTaqC5Ji11,0
Sollte man sich ansehen!!!    https://t.co/N9rJKHsi80,0
So sieht die 'Sicherheit' aus...ich denke einfach blamabel🤕    https://t.co/EbAFPQfERq,0
Das find ich eine rissige Sauerei...hier haben sich Verhalten eingebürgert...die es schon mal gab...Andersdenkende bekämpfen..verletzen..bedrohen...bis zu Mord...wo beleibt der Aufschrei..der so Rechtschaffenen???☝️    https://t.co/D1CvwuQDaz,0
So soll es in Zukunft aussehen...und wer bezahlt die ganzen...so friedlichen..Lieben...traumatisierten Asylis...Wer ernährt diese und Wohnungen...natürlich wir...mir graust....auf in die Sklavenhaltergesellschaft...für die Asylis...☝️👹👹    https://t.co/bpiSH0NH24,1
Das sind doch man so tolle goldstückchen....immer nur rein mit denen...das Land wird sich ändern und das ist gut so...toll oder??☝️    https://t.co/jZ0ZtaTJ3L,0
Ist schon interessant...ein Mitglied...der so hoch gelobten...'Friedensreligion'..naja sollte man sich ein Beispiel nehmen...oder???☝️    https://t.co/kdj7xzUycA,0
Das ist doch mal ne Leistung unsere 'So geliebten' Grünen...Gefährtung...Tod...Umweltzerstörung..Monokultur....aber die FFF...nur Stroh im Kopf...aber immer dumm rumsülzen....eine Schande!!!☝️    https://t.co/i4aOZshb4k,0
Das zu den russischen versuchen...Wählen Sie zu beeinflussen!! mal genau lesen..wo hier der Wind verweht!!!☝️    https://t.co/dPrHjsz9fj,0
Ja aber auch so was...die bösen Rechten...was ist mit den Musels...wieder so eine Wahrheitsverdrehung! ...Pfui Teufel...aber so sind se die tollen Sozis...Menschenfreunde!!..haha ich könnt🤮🤮🤮    https://t.co/FpcUiKglOc,1
Ein sehr guter ..lesenswerter..Artikel..zu unserem heutigen Politzirkus..und den vermeintlichen Profiteuren..des Ibiza Videos...eine Bankrotterklärung allemal...    https://t.co/2Zske6CAKW,0
Genau anschauen...was unsere Mutti Merkel so raushaut!!!☝️deshalb...blau ist die Devise und Zukunft💙💙💙💙💙    https://t.co/q3mLLVgm4H,0
Das wäre nur konsequent...bei den Politik...Versagern....aber wie schon mal! Wer zu spät kommt den bestraft das Leben!!!☝️    https://t.co/kUTh0HEbRV,0
"Das ist mal ne Info...nicht mit dumm schwätzen.. sondern echte, wahre, überlegte, fundierte und verifizierte Meinung....nicht dieses dumme..links/Grün versi...Gelaber..!☝️☝️    https://t.co/JNfBhGE6BL",0
Frei nach Georg Orwell     https://t.co/2DiNa1YLQs,0
Das ist die Realität in Deutschland...leider..was nun 'das Land wird sich ändern und das ist gut so'...Es ist unfassbar..und...Raute ' wir schaffen das'...Aber ich will das nicht schaffen..ich will keinen Islam..deshalb💙💙💙💙🙏    https://t.co/Y7sej42zjS,0
Den Kanzler hat man gestürzt!  Ist eine komische Welt... https://t.co/Ya98Vun9a9,0
Hauptsache mehr GEZ...und dann Lügenpropaganda   ...  frei Haus...kotzkotz🤮🤮🤮    https://t.co/s2r87knh1m,1
Das sollten mal alle die FFF Kids lesen..aber da sind de zu blöd...schwebten halt lieber...so sieht das Teil aus!!!☝️    https://t.co/nEh2oyQbLQ,0
NordlandTV u Nikolai: https://t.co/BlI9aBYCCE,0
Nikolai: Überlebenskampf hautnah – Survival-Kurs 🔥 bei Wolfszeit – Teil 1 https://t.co/t7rmtR9SoH https://t.co/i0XBTK0Tjz,0
Klimawandel hat nichts mit co2 zu tun…Wissenschaftsbetrüger rausschmeißen – Mauna Loa CO2 Fälschung https://t.co/YgEVfrcKyd https://t.co/wDtb4fhsHL,0
Tim: Die Zerstörung der Angela Merkel! Wird Amthor antworten? https://t.co/qLZAtYpM7G https://t.co/oFeEPDlBsw,0
Die linke Gefahr – Das Leichengift der gescheiterten Linken https://t.co/KHJwJc2f4c https://t.co/oS0DbeIcRU,0
Die linke Gefahr – Das Leichengift der gescheiterten Linken https://t.co/DQtR00Ay0f https://t.co/9zD7TLxArB,0
Nikolai: Hausdurchsuchung beim Volkslehrer – die Zweite https://t.co/ma2R327l2Y https://t.co/vpngNI0Rog,0
Trump Merkel und die Raute – Geheime Nachrichten ? https://t.co/ej2aCJgo1K https://t.co/lzKSMrm8Gl,0
5G – Apokalypse – Das Ende der Zivilisation – Die kompl. Dokumentation auf Deutsch https://t.co/bJE3qY8hWm https://t.co/whPDL8uFGK,0
WSK 78 – Thema Verschwörungspraktiken https://t.co/28xejQjbcn https://t.co/lVYCgGWUnf,0
GRÜNE stärkste Partei? Meine Antwort: Die Zerstörung der Grünen! https://t.co/FnFfoxUR7L https://t.co/MAou8RMa4J,0
Wir haben eine Wahl! – Ausgabe 051 https://t.co/gXMIgURM24 https://t.co/3neTpughmP,0
Migrationist Walter Lübcke: “Jubel über seinen Tod ?” https://t.co/nQH31p0X4g https://t.co/U0nA6neCTG,0
"'Große Unruhe': Niedergehobelte Radfahrer, Schüsse und lahmgelegte Autobahnen gehören bei türkischen Hochzeiten in #Deutschland einfach dazu!  https://t.co/Gfi36UkQy5",1
"Die besten Geschichten kommen aus #Deutschland: Libanesischer Nazi hetzt gegen #Zigeuner, die angeblich alles verdrecken!  Ein türkischer Schlägertrupp eilt zu Hilfe.  :) https://t.co/1QrqWZGDth",1
"Ich verstehe die Aufregung um #Brunei nicht: Der Sultan versichert doch, dass die #Scharia strikt eingehalten wird.  Außerdem urteilen nur Männer von „hohem moralischem Rang und Frömmigkeit“ über die Steinigung von Schwulen.  https://t.co/xIFoNSojiN",1
@SaschaUlbrich @Mundaufmachen @AfD ❗️❗️ in the 20th century ❗️❗️    The World - no more democracy     https://t.co/glMdNOWaBh    PLEASE WRITE THE TRUTH 🗞     @SZ_Bayern @CankaoXiaoxiCP @BILD @welt @SZ @faznet @nytimes @washingtonpost @timesofindia @DailyMailUK @Yomiuri_Online                      💙@AfDwirkt💙,0
Wir müssen zur Realität finden und der Grünenmafia die Stirn bieten.     https://t.co/s2Ptao8ROm https://t.co/GExcVmCGJ4,1
https://t.co/ezX8lyTOSE    Italiener lieben ihre Heimat und wollen keine Zwangseinwanderung.,0
"@ThomasHitz Präsident Dietrich,redet wie ein Blinder von der Farbe, nicht einen Funken Fußballverstand. Freue mich schon darauf, wohin Schneider und Reschke Ückendorf wohl hinführen mögen, sie schaffen auch dort den Durchbruch herunter in die 2. Liga, das sind Abstiegsgaranten.",0
"Urheberrecht verletzt: CDU muss Videos von ihrem YouTube-Kanal löschen https://t.co/IZwb3tyEjn via @SPIEGELONLINERegierungstreuer ÖRR, Gesetze? Sind für die dummen Zwangsfinanzierer einzuhalten. Für mich sind diese Sender irrelevant und unkonsumierbar.",0
"@ThomasOppermann @Steinhoefel, Stasifrau Kahane funktioniert nicht mehr? https://t.co/EEsEQsNFfL",0
"@Ralf_Stegner @Steinhoefel, Stasifrau Kahane funktioniert nicht mehr? https://t.co/6wobTL0Vcw",0
Wie man ein “rechtes Netzwerk” erfindet https://t.co/zWJIoL5ikj,0
"Bitte. Bitte!!!! Sag mir einer, dass das nicht wahr ist. Serviler Populismus der übelsten Sorte. Sind ja bald (Europa-) Wahlen. Das Parlament macht sich komplett lächerlich. https://t.co/m5lieB4LPv",0
"Mecklenburg-Vorpommern: Finanzminister tritt überraschend zurück https://t.co/4nJ4xGXWLH via @DWN_de   Frau Schweswig fehlt jedes Maß für solide Politik. Nur Geld zu verteilen, was nicht vorhanden ist, das konnte selbst ihr Soziparteikollege nicht auf Dauer goutieren.",0
14 Jahre lang 'Morbus Merkel'; da hilft nur Prof. Meuthen mit der alternativen Medizin für Deutschland. https://t.co/2tixyUeC3T,0
"Man darf nur eine Meinung in #Deutschland haben. Andere Meinungen werden mit Körperlichen Gewalt unterdrückt! Zum Thema Meinungsfreiheit in #Deutschland!     ++ #AfD ++ 'Es stehen Leute da, die unser Totschlagen besingen!'  #SPD #CDU #Europa #Sicherheit #MerkelLand #Asly #Merkel https://t.co/5w4inyuHOy",1
"@TichysEinblick @Steinhoefel, Stasifrau Kahane funktioniert nicht mehr? https://t.co/Ouf8TwwGrH",0
"@Joerg_Meuthen @Steinhoefel, Stasifrau Kahane funktioniert nicht mehr? https://t.co/ebauI2evvF",0
"@SteinbachErika @Steinhoefel, Stasifrau Kahane funktioniert nicht mehr? https://t.co/Tuc4WZLSpl",0
"@Steinhoefel, Stasifrau Kahane funktioniert nicht mehr? https://t.co/mUTvdFVvsm",0
Für EU- Brandenburg und Sachsenwahl die Sozilette. https://t.co/I95ODlwSD7,0
https://t.co/60hwHMPWgk,0
"Ich wünsche mir sehnlichst, dass der Meineidverein Ückendorf aus dem bezahlten Fußball verschwindet; einfach ekelerregend.     https://t.co/yVThPGZNbs",0
"@TichysEinblick Da Vater Staat sich immer mehr an seinen Kindern vergeht, nenne ich ihn nur noch 'Kinderficker'.  Ein ganz übles Wort, ich weiss.  Aber es passt.",1
Statt christlicher Kirchen immer mehr radikale Hinterhofmoscheen? Der Integrationspolitische Sprecher der CDU/HE fürchtet eine schrittweise Verdrängung von Christentum und Judentum https://t.co/s57oAEI3GP,0
https://t.co/HpyBAuDtpg,0
"Merkel(ich bin froh, wenn sie verschwindet) war viel zu weich gespült in ihrer Bewertung. Böhmermann müsste für das 'Gedicht' verurteilt werden.  Wegen „Schmähgedicht“: Unterlassungsklage von Jan Böhmermann gegen Angela Merkel abgewiesen https://t.co/SWi7pfM20O # via @faznet",0
https://t.co/DuFDipdzhQ,0
https://t.co/jscIeiiCkG,0
Das ist Blasphemie in Reinkultur. https://t.co/55WexSfCCn,0
"Trump will illegale Einwanderer in jene Städte schicken, die für offene Grenzen plädieren (Sanctuary Cities). Das ist so, als ob man „Flüchtlinge“ in Kirchen und bei rotgrüne unterbringen würde. Finden die natürlich empörend...    https://t.co/TEsMmVKR7H",0
"Irland 🇮🇪     Dieses verstörende Video wurde in den Dubliner Bergen während der Eid al-Adha gefilmt.    Darin sehen wir eine Gruppe Muslime, die ein Lamm auf den Boden stecken und ihm die Kehle durchschneiden.    Die Barbarei des Halal-Gemetzels kennt keine Grenzen. https://t.co/LCfA0atWpv",1
FU** the #Islam !! https://t.co/jsbcOWLO8T,1
Die Ausbildung beginnt in frühester Kindheit.  https://t.co/Gl37vodLDY,0
"oh je, zurück in die Steinzeit https://t.co/AjuJLbikUy",0
leben tausend Jahre zurück kennen es nicht anders . Die würden sich nie Integrieren  Unter mir wohnt so eine wenn die Kocht kommt das alles durch meine Lüftung das stingt widerlich ..Frag mich manchmal was die wohl im Kochtopf hat ..Flüchtling kein Wort deutsch fragen geht nicht https://t.co/MCrCEQr6HK,1
Warum nicht? Die Polizei muss doch auch eine Abteilung für Qualitätskontrolle haben. https://t.co/Gvp1QAgGku,0
Shopkeeper in Turkey Finds a Husky Pup with no Heartbeat &amp; Manages to Revive Him https://t.co/76uotWClDf,0
"Denkt nicht, dass zumindest ihre Kinder in der Gesellschaft unter der westlichen Bildung integriert werden.    Diese Denkweise ist falsch, denn in der Erziehung des Kindes kommt die Familie zuerst. https://t.co/9f7DZP9i8K",0
Hier ist die Ursache von den Selbstmordattentaten kurz erklärt.     72 Jungfrauen im Paradies sind von Allah verheißen. https://t.co/4wnYYXqjS3,1
"Stechender Angriff in #Jerusalem auf Video    Dank der Regierung, dass jetzt viele von ihnen unter uns sind und sie offiziell an Al_Kuds Demonstration teilnehmen dürfen, die darauf abzielt, Israel zu zerstören. https://t.co/QiOWZSdKi5",0
"Ich bin gegen Halal-Produkte und glaube, dass Halal in ganz Europa verboten werden sollte, da die Tierrechte höher als dieser Wilde stehen. https://t.co/rZt24EeGEK",1
Das ist das Ergebnis der globalistischen Politik.    Illegale Migranten schwenken die amerikanische Flagge und verbrennen sie mitten auf der Straße. https://t.co/ZPYXiuxJty,0
"Naivität ist überladen.     Ein deutsches Mädchen begrüßt Flüchtlinge, indem es ihnen einen französischen Kuss gibt. https://t.co/CPtj4gg4S0",0
"Der Westen wird fallen, nicht wegen der Klugheit seiner Feinde, sondern wegen der Torheit seiner Liberalen. https://t.co/b1zJE5HBIO",0
Wer wohl ursprünglich das Kind beim Teddybär-Köpfen ins Netz gestellt hat ... wie groß muß der Haß auf 'Ungläubige' sein ... doch hier zu Millionen einfallen ... https://t.co/nRZxjq23XB,0
Ich gehe in die Teddy-Produktion. Great future business!! https://t.co/wOW8B0x8me,0
"@Der__Patriot Ganz ehrlich, ich denke heute schon an einen europaweiten Bürgerkrieg, der gegen Ende meiner Generation (Y) noch stattfinden wird. Das Szenario könnte sich dann meiner Meinung nach folgendermaßen abspielen: https://t.co/yiaYCSsNjT",0
metropolis von oben https://t.co/2KqXWFllro,0
Wie schön friedlich! https://t.co/sLlSbkFd91,0
Es waren furchtbare Zeiten früher! Ganz schlimm! https://t.co/ohNUUGLlLb,0
#Migrationspakt von #Merkel wirkt. Immer mehr Sozialhilfetouristen aus #Afrika werden nach #EU eingeflogen. https://t.co/3cyUgLbOOD,1
Der #Islam wurde bereits schon einmal erfolgreich aus #Europa zurückgedrängt. Kein Mensch hat verdient unter der Knute der #Scharia zu leben. Nicht einmal die Muslime selber. Leider bedeutet Glaubensabfall Tod für sie. 'Friedenreligion'!? https://t.co/uJ58D9t82R,0
"Menschen, die #Schweinefleisch verzehren sind deutlich weniger #sprenggläubig! #SchweinefleischBeruhigt https://t.co/BzpYudTN6Z",1
Das fällt heute alles unter MultiKulti und 'Kulturbereicherung'. Der Witz ist dass die Deutschen das alles über Hartz &amp; co. sogar noch finanzieren dürfen. https://t.co/Dn7rodtek6,0
Das macht sehr nachdenklich 😳😢  (Netzfund) https://t.co/HS8I6P70AD,0
"Bei den Frauen übersteigen die Prämien die Einnahmen, bei den Männern sind sie 1/7 der Einnahmen. Würde man die gleichen Prämien zahlen würden die Prämien das 100 fache der Einnahmen sein  #Frauenfussball #FrauenfussballWM https://t.co/iuwT34ARR6",0
@Atomic_Ranch @Kuddelmuddel9 @welt Der sog. Fachkräftemangel ist eine vorgeschobener Begründung um den Bevölkerungsaustausch möglich rational mit wirtschaftlichen Gründen zu rechtfertigen. https://t.co/co7yXWxG5K,0
@welt Wir haben bereits genug Fachkräfteeinwanderung in die Sozialsysteme https://t.co/1wA6Ur78vn,0
Das neue #Neukölln in #Berlin heisst #Spandau. Spandau hat das Zeig durch seine Größe das neue Molenbeek zu werden. https://t.co/0xb2T4kp6x,0
#SPD #Migrationspakt #Dänemark https://t.co/7FfbrvLAZ5,0
"Fürs skalpieren zweieinhalb Jahre Haft .     Ursprünglich angeklagt wegen Mord , die Kammer legte es nun als Notwehr aus .     Skalpieren als Notwehr ? Was ist das denn wieder für eine kranke Scheisse ? https://t.co/6rI73YMZ5q",0
#Berlin #Islam #Zuwanderung #Gruenen #Merkel https://t.co/RcE0jDPMNr,0
"Heute ist vereinzelt wieder #NonsenseOnFridays angesagt. Daher ein kleines #Quiz zu #Fridays4Future:    Frage: Was haben #Greta und Schlagzeilen der #Bild gemeinsam?    - - - - - - - - - - - - - - - - - - - - - -     Antwort: 'Wir wollen, dass ihr in Panik geratet!' 😱 https://t.co/74ndx3UCOC",0
Muslime steinigen Frau. Das ist nicht 'rechts' sonder richtig wenn man solche  'Kulturen' nicht im Land haben will. #Islam #Merkel #Gruenen #ISIS https://t.co/YG1r88tQME,1
"Was ich heute in der ‚Thüringer Allgemeinen‘ lesen musste, ist erschreckend und widerwärtig zugleich. Der Artikel lässt tief in die finsteren Verhältnisse der feinen ‚linken Erfurter Gesellschaft‘ blicken. (1/…)    https://t.co/miVpHOksm5",0
Islamischer Religionsgelehrter propagiert zu lügen um die Islamsierung voranzutreiben. https://t.co/JKmM5a9G7y,0
"Die Durchschnittstemperatur auf dem #Mars sei seit den 70er Jahren um etwa 0,65 Grad angestiegen, also genauso wie auf der Erde⚠️    Nach der Logik der #grünen #Klimasekte müsste wir auf dem Mars also einen menschgemachten #KlimaWandel Haben 😁    #NoGrüne  https://t.co/4StCqlEW98",1
"Gut dass jetzt auch einmal „heute“ zeigt, wie ehrenwert, überparteilich und unverzichtbar der tägliche Einsatz der Amadeo Antonio Stiftung für die Meinungsfreiheit in unserem Lande ist. Vielen Dank dafür. https://t.co/XiPum0xoKD",0
Geile Aktion! 👍💪 #Zuckerfest #Dänemark #IB  https://t.co/sQEkZNruxk  https://t.co/zrwNW88ssB https://t.co/9xwuDcmmO6,0
Illegale Migranten aus #Afrika ziehen im Mob durch Städte in #Italien und demolieren die Autos der Bürger. Diese #Migration ist schädlich und wird immer gefährlicher. #Migartionspakt aufheben. #RefugeesWelcome ist gescheitert. #Gruenen https://t.co/XxFiNMTiyc,0
"Hauptsache sich empören! Auch wenn das, was den Männern passiert mir leid tut, bin ich absolut solidarisch mit der #Polizei! In Zeiten von Anschlägen &amp; #Radikalisierung brauchen wir eine starke &amp;wache Polizei, die fair handelt, aber vor allem überhaupt handelt-zu unserer Schutz! https://t.co/2oDpnQy35H",0
"Oh je, #Islam Muslime tragen toten Dschihadisten durch die Strasse, mit intakten Bombengürtel, damm 'Boomm!' https://t.co/JYE20DvAW1",0
#Italien Sprachunterricht für #Migranten. Ist raus geworfenes Geld. https://t.co/rcRJPvHjM0,0
So geht das.... https://t.co/7lWiktcviY,0
#Trump will Terror #Merkel nicht anfassen.  #nohandshake #goodboy https://t.co/hwIZVtbs4t,0
#Gruener Neokolonialismus. #GretaThunberg Träume werden durch Kinderarbeit generiert. #E-Mobilität auf Kosten Tausender zerstörter Kinderseelen. https://t.co/UcbsmsuW5a,0
"#Berlin 2019, mitten auf dem Tauentzien am #KaDeWe,am helllichten Tag, wird ein BVG Bus von einen #Migrant attackiert. 'Schwör auf Allah'..? Die Zuwanderung ist schädlich wie sie aktuell läuft. https://t.co/JQH84ljXrm",0
"Islamkritik ist die Feststellung,dass hier in Europa einiges falsch läuft.  Warum reagiert bei solchen Fakten niemand empört?   Das ist doch alles nicht mehr normal..... wenn man Jugendliche fragt kommt nur: Ja ne keine Ahnung,weiss auch nicht. Sie informieren sich auch nicht! https://t.co/xpHDyolbDH",0
"#Migranten aus #Syrien 'flüchten' nach #Deutschland da hier kostenlose Gesundheitsumsorge ist. Wer bezahlt mal wieder? Richtig, der dumme Michel. https://t.co/zJ7h5NSDRE",0
♨️ #Hijab 🧕 ♨️    Der Vater hat Angst das in den Schulen ein Kopftuch verbot kommt.    Zitat: das Kind bekommt den Hijab                     um es zu schützen.    Wo gegen soll das Kopftuch schützen?    Gegen die bösen Blicke der Christen.    #Ramadan #Islam  #NichtOhneMeineKopftuch https://t.co/tnloFJfcRK,0
Bau einer E-Auto-Batterie erzeugt 17 Tonnen CO2 #FridayForFuture #Die_Gruenen   https://t.co/mgcCf9HMTi,0
#Europa 2019 #UK Migranten aus #Afrika stechen Briten auf offener Strasse ab um sie auszurauben. Uns wird das als MultiKulti verkauft? https://t.co/eV7pAIyPog,0
#Gutmenschen Ideologie. Rechts = Diversität und links = Nazis. :P https://t.co/HdSwUG9afh,0
Nicht mehr nachvollziehbar. In #Kamerun ist weder Krieg noch gibt es eine strukturelle Verfolgung bestimmter Gruppen. #Asyl nur für echte Schutzbedürftige. #Deutschland weitet Asylschutz auf alle Menschen mit Teint auf aus? Zum Schaden der Bürger. #Merkel Wahn stoppen. #CDU #AFD https://t.co/UE10FMxZXd,0
"https://t.co/p2jMjxTtzg  NACH BESTIALISCHEM VERBRECHEN IN ITALIEN  Vergewaltigt, erstochen, zerstückelt: Nigerianer lebenslänglich in Haft",0
#Europa verkommt zum Klo der Welt. https://t.co/X2LjDu8cxk,0
"Wenn ahnungslose Professoren und ihre Assistenten nicht verstehen, dass warme Episoden in Kalifornien mit besonders grossen Häufigkeiten von Santa Ana-Episoden mit hohen Windgeschwindigkeiten&amp;damit verbunden schneller Feuerausbreitung einhergehen und irgendeinen Stuss schreiben. https://t.co/LKJ9uipdtT",0
"Fake news werden durch Sprachrohre der Macht solange aufrecht erhalten bis sie kleinlaut als falsch zugegeben werden. Der entstandene Schaden spielt dabei keine Rolle. Der Mohr hat seine Schuldigkeit getan, der Mohr kann gehen! 👎🤔👎 https://t.co/MibhOIXTzv",0
#Deutschland #FakeNewsMedia #Lügenpresse https://t.co/9CGARnzNtj,0
#Deutschland 2019 #SPD #CDU #Merkel Migranten ##RefugeesWelcome https://t.co/BVZQkVuhzD,0
"Ramazan Akbas, Gründer der deutschen Erdogan-Partei ADD, präsentiert bei FB seinen Fake-Presseausweis, mit dem er sich nun als Journalist ausgibt. (thx @P_Kirsche) Gegen Akbas ermittelte die Staatsanwaltschaft wiederholt wg. Volksverhetzung. Wer dieses Video sieht, versteht warum https://t.co/b3YCN6MV9Z",0
https://t.co/uwsNRwH3MQ,0
"'Während in Berlin Chaos herrscht, der große Posten-Reigen weiter getanzt wird, konstruktive Politik weiterhin blockiert wird, häufen sich in Deutschland weiter die Einzelfälle, wie man dieser Karte entnehmen kann.'  https://t.co/CehvXWyuQz",0
#steinmeier https://t.co/iHZ9P5PZFB,0
"Wer macht mit? AUFSTEHEN GEGEN DEN MAINSTREAM AUFSTEHEN GEGEN DIE ZWANGSFINANZIERUNG  VON #GEZ 🤔 Ich bin nicht Sklave von ARD u ZDF - Mit unserem Geld, werden wir täglich verspottet, belogen u diffamiert. Ein kollektives NEIN 👎🏻 zum Ende dieses Unrechts 🤔😎✌️Peace https://t.co/9CGalzXhC2",0
#Klimalüge #GretaThunberg https://t.co/2BjbIAB73e,0
Überall der selbe Mist. #Messer https://t.co/5rFkwC2Bk5,0
#Sex Alarm im Eselstall. Eselbesitzerin erwischt nackten Ausländer im Stall. Der Esel war bereits fixiert. Laut Angaben des nackten Ausländer wollte er den Esel nur füttern? Wer soll sowas glauben? https://t.co/B1iG1B8pYx,0
Das Kabinett beschließt 'strengere' Abschieberegeln. Ausreisepflichtige dürfen u.a. nun auch in Gefängnissen untergebracht werden. Bessermenschen finden das falsch. Und ich muss ihnen diesmal Recht geben. Denn eigentlich müsste Merkel dazugesperrt werden. https://t.co/Q30fPP05Mx,1
"Tja, liebe Bessermenschen, was nun? In #Brunei tritt ab heute die Todesstrafe durch Steinigung für Homosexuelle in Kraft. Legitimiert durch Shariah-Recht, was ja nach euch auch irgendwie zu D gehört. https://t.co/35LwXqf2qA",0
"Inklusion ist ja toll, aber warum bekommt eine psychisch Gestörte die #GoldeneKamera?   Von was wird dieser @zdf Bessermensch-Mist eigentlich bezahlt? Etwa auch von unseren GEZ-Gebühren?",1
"Vor der Uni-Bibliothek (Jura!). 'Isch, misch, Digger' Gelabere von schmieriger Klientel, die eher in Döner-Laden+unseriöse Sisha Bar statt an die Uni gehört. Danke an die wahnsinnigen Bessermenschen, die  Gesamtschul-Abi+massives Runterfahren unserer Schuldbildung  ermöglichten!",1
"Sorry, die #Werteunion kommt ein paar Jahre zu spät!  Wo waren die denn als Merkel auf unsere Kosten Griechenland 'rettete'? Und nicht ein einzigen Cent haben wir davon wiedergesehen! Vom anderen Merkel-Müll mal abgesehen.  💮Wehrpflicht abgeschafft  💮Energiewende  💮Grenzöffnung",0
"Tja liebe Bessermenschen, was nun? Moslems rufen nicht zur Bunt-Republik, sondern zur Islamisierung unseres Landes auf! Aber keine Angst, wir lassen euch (bzw. unser Land) nicht allein. https://t.co/VkOSWyuroz",0
Chebli geht zum Kiosk.  'Ich hätte gerne den Schokoriegel mit dem Löwen vorne drauf!'  Kioskbesitzer: 'Lion?'  Chebli: 'Nein! Ich möchte ihn kaufen!     #chebliwitze,1
Cheblis Vater beim Clantreffen:   'Wo geht's hier nach Aldi?'  Cheblis superschlaue Nichte verbessert: 'Zu Aldi!'  Chebli: 'Was? Schon zu Aldi?'  #chebliwitze,1
"Chebli wird im Auto von arabischem Polizisten angehalten.  'Alde, Führerschein'?  'Was ist das?'  'Das ist was mit Bild von dir drin!'  Chebli reicht ihm ihren Chanel-Taschenspiegel.  Er guckt rein. Sagt dann:  'Oh, isch wusst nicht dass du auch vom Polizei bischt Brudi!'  #chebliwitze",1
Was macht Chebli auf einmal in Indien?    Man hat ihr gesagt die Toilette ist am Ende des Ganges ...     #Chebliwitze,1
"Liebe Bessermenschen! Gerade ist mir wieder aufgefallen, wie sehr sich der Begriff 'Nazi' in Bereiche verschiebt, bei denen es nur um eine andere Meinung als eure geht. Ihr solltet aufpassen, dass ihr nicht selbst mal als Nazis bezeichnet werdet, wenn die Verschiebung weitergeht!",0
@EmilOlsen22 @its_b1nd @Karl_Lauterbach 'Sozialdemokrat'. 'Tierschützer'. In der TL: Fleisch+fettes Auto. 😂 Bist du der 2. Account von Lauterbach?  Und dein abartiges Video kannst du dir sonstwohin stecken.,0
"Gespräch mit Bessermenschen  Heute: Winter.  'Das Wetter spielt verrückt! Wie sollen wir jetzt Radfahren? Das ist menschengemachter Klimawandel'.  'Nein, das ist Winter - im Winter!' ❄ https://t.co/OZa4cNiWgK",0
Ach du Schande! Für den #Grimmepreis ist der größte Bessermensch-Schrott nominiert.  'Das deutsche Kind' = moslemische Familie adoptiert deutsches kleines Mädchen. Und dumme Bessermenschen applaudieren noch für Propaganda gegen eigene Kultur. Natürlich von uns via #GEZ finanziert!,0
"Von uns allen durch GEZ alimentierter Kasper + Hetzer Jan Böhmermann, den @DieZeit gerade als Twitter 'Schreiberling' einsetzt, verlangt 'Trolle' zu blocken! Ich gehe sogar noch weiter: blockt Trolle + Trottel - also @janboehm + @dieZeit!   #BlockDieZeit",1
Sehr oft trifft das von naiven Bessermenschen auserkorene #UnwortdesJahres die Realität.,0
Nach Bessermenschen sind einfache Redewendungen schon 'Nazi'. https://t.co/Fy5kg7vv1W,0
"Silvesterbilanz für Bessermenschen:  #Karlsruhe: 1000 Migraten werfen gezielt Böller in Menschenmenge! 3jährige erlitt schwere Augenverletzung!  #Pforzheim: 500 Leute, zum großen Teil Migranten, stören Feier+beschießen Gäste+Polizei mit Feuerwerk.  #Bottrop  https://t.co/WfXGrUWWwj",0
Der Michael ist erstmals in einem April Twitter beigetreten. April war Hitlers Geburtstag! Auch 2019 wird der Account sehr von einem Nazikeulenschwinger geleitet! Bereits an sich bedenklich der Beitritt im April: der wird bis heute in einer regnerischen Version gespielt. https://t.co/1hxmPhxQTL,0
"2015: Bessermenschen bejubeln Illegale am Bahnhof.  2018: 'Schutzsuchende' verprügeln Bürger am Bahnhof,  #Amberg",1
Das jüdische Groß-Schißma https://t.co/QbB4xk66yX https://t.co/1hVLvhjGsa,0
Horst Mahler – Nachwort 2018 https://t.co/g7NnUVsoXD https://t.co/o8oLJdC6rO,0
Horst Mahler – Nachwort 2018 —- 2018 erschien die Neuauflage zu dem Buch “Das Ende der Wanderschaft – Gedanken über Gilad Atzmon und die Judenheit” https://t.co/IO1rYR0JPY,0
SHITHOLE GERMANY!…BRiD ist mittlerweile ganz unten angelangt. https://t.co/M8rFrW8z01 https://t.co/lomrW7cYCf,1
SYSTEMENDE Teil 1: Hintergründe und Pläne zur Vernichtung Deutschlands seit über 2000 Jahren…Zion… https://t.co/D2Od6gIRRI,0
"“Faktenverbot”, “Deutschen zu Tode quälen”, “Flüchtlinge als “Massenvernichtungswaffe”??? https://t.co/7hv32fmoUv https://t.co/qagg0R51Oc",0
Die Inquisition ist eingeleitet https://t.co/pKqyRgNyya https://t.co/y6sl9VPtRq,0
WsK – Folge 75 – Thema Ein Leben nach der BRD https://t.co/3MBiblFXUt https://t.co/YlXzWsmoKC,0
Deutsches Mädchen – Freiheit für Ursula Haverbeck https://t.co/abuW2FarIc https://t.co/mBJAnroW5F,0
Militärische + Wirtschaftsnachrichten Mai 2019 https://t.co/5rXGJt3Du1,0
Der Zug fährt immer schneller bergab https://t.co/4rJX2QTb3b https://t.co/15L3skrBsI,0
Nikolai: Singuläre Relativierung! Offener Brief an Joseph Schuster | AKTUELL https://t.co/oqQ4c2W4Tj https://t.co/9wc4cfUkCt,0
"Albert Schweitzer über die afrikanische Herrenrasse…”Nie Sie als sozial Gleichgestellte akzeptieren, oder sie werden Dich fressen. Sie werden Dich zerstören.“ https://t.co/RXZQKxV3bw https://t.co/wkjqxrZyvo",0
"Albert Schweitzer über die afrikanische Herrenrasse…”Nie Sie als sozial Gleichgestellte akzeptieren, oder sie werden Dich fressen. Sie werden Dich zerstören.“ https://t.co/fWeqDFqENf https://t.co/mN3TwS7GeV",0
“Illegale Migration ist der Tarnname für den Bevölkerungsaustausch in Europa” – Roter Teppich für Orbán von Trump https://t.co/ixl4VvNZmL https://t.co/VbymmGufl6,0
RuW – Parteien zur Wahl – Ausgabe 050 https://t.co/ccoCDYGQZH https://t.co/0U1GEl2L5V,0
Deutsches Maedchen: Freiheit für Ursula Haverbeck – Eine Stimme für eine Stimme! https://t.co/chxuOxYncH,0
Deutsches Maedchen: Freiheit für Ursula Haverbeck – Eine Stimme für eine Stimme! https://t.co/UY9iRlNwzR,0
CHRIS ARES ►DU MEIN DEUTSCHLAND◄ https://t.co/qI1dLLMOVC,0
Nikolai: ZDF bewirbt den Volkslehrer https://t.co/PwX70c3Hx4,0
Kind vergewaltigt! Abschiebung? MITNICHTEN! https://t.co/T4qgyOVXPU https://t.co/BE89XS5w8o,0
"wenn ehrliche Menschen, RECHTE, Geburtstag feiern: Protokoll eines Gastes… https://t.co/I2txHnRk1v https://t.co/s5En9dZ6oE",0
Nikolai: Die Mitteldeutsche Zeitung sagt nichts und doch alles https://t.co/kyIuBB8cj3,0
Die alte jüdische Weltordnung versenkt sich gerade selbst https://t.co/a1hVjm9ppD https://t.co/dGQ4ueawd8,0
"Rechts, Links, Politiker, Europawahl und weiteres https://t.co/vFeEF7BFOC",0
Gedanken über die geschützte Rasse https://t.co/TtBoATNIpE,0
AfD -Politikerin rastet nach Morddrohungen aus!! https://t.co/4Z43iRyncF,0
Nikolai: Post über den Krieg – der tobt! https://t.co/jCHa8LSj8P https://t.co/g27RQ2h0Sv,0
Nikolai: Über Parteien https://t.co/aRjLIvYm4P,0
"Atlantis, Edda und Bibel – 200 000 Jahre Germanische Kultur https://t.co/cFjXNcHmVD https://t.co/QC9Hg6qG02",0
CHRIS ARES ►WIE EIN LÖWE◄ https://t.co/Sil8fb70Bp,0
ENDLICH ORDNUNG! Verkaufsflächen für negroide Schwerst-Drogendealer! https://t.co/Ztnzkr1pIp,0
wer nicht denkt und deshalb nichts weiss… https://t.co/YTrq671iXr https://t.co/cEJPW694te,0
Facebook im Schatten seiner Schuld https://t.co/jFQSNREwWz,0
"Grünen-Politikerin: Wer gegen den Bau von Moscheen ist, soll Deutschland verlassen! https://t.co/wJsHaOUgGG",0
Neues Programm von BAMF und Innenministerium: Deutsche sollen Illegalen (lt. GG) die Miete zahlen https://t.co/YlSazTghCJ https://t.co/sBmz8BJY4o,0
"“Populismus ist der Schrei der Völker, die nicht sterben wollen”….negroide Dealer im Görlitz-Park, jetzt dürfen sie legal unsere Kinder töten https://t.co/CSn9jBq9NO https://t.co/EHebZs6ola",0
TRAUMHAFT! – Ein Märchen wie aus 1001 Nacht! https://t.co/DeSvZrWAmf https://t.co/FxfV0h8HSK,0
WsK – Folge 74 – Thema: 8. Mai – Tag der Schande! https://t.co/JgE8R7idC9 https://t.co/gduOCjfepH,0
zu 100% wird es eine Euro-Währungs-Reform geben!…darum ist es kein Problem 100e von Milliarden für lt. GG Invasoren zu verschwenden…Bürger verliert 90% des Vermögens…das ist Fakt! https://t.co/FAP0eh05Bk https://t.co/fq6173F9dx,0
Am 08. Mai 1945 siegten die von den Auserwählten des Leibhaftigen aufgehetzten Völkerscharen… https://t.co/Glq9c400Ha https://t.co/j2PB5hQtpa,0
Das Neue Deutschland in der Inneren Erde… https://t.co/uO36e9D9if https://t.co/staka3r5Wi,0
Warum der 8. Mai für immer in Erinnerung bleiben sollte https://t.co/ISMotH7hbI,0
Warum der 8. Mai für immer in Erinnerung bleiben sollte https://t.co/X9rRYtOcyy,0
DIE RECHTE – Fernsehspot – Ursula Haverbeck [Europawahl 2019] https://t.co/QDbEAyTBsS https://t.co/JonP8zDISw,0
SCHARIA-EHE und deutscher Pass? KEIN PROBLEM! https://t.co/toVvPS6YUj https://t.co/ZZ5lypQKR2,0
Theater in Thale – mit LIVE SKANDAL!!! https://t.co/dvn6oNRKah,0
GEDENKVERANSTALTUNG: Bretzenheim 2019 – Einladung und Aufruf https://t.co/bsOQahb3wQ,0
Udo Voigt – getroffen! | IM GESPRÄCH https://t.co/XSp1qmaz04,0
WsK – Extra https://t.co/EJ3NwFGJO3 https://t.co/i3pA7gQMqA,0
"Oy vey, AfDey! https://t.co/kGt0GLyi23",0
KEIN FAKE! CDU bekennt sich zu neuer DDR! https://t.co/ek8peTROlP https://t.co/VoNbzV0LBz,0
Rechtlicher Hinweis: https://t.co/jXvgccO0uG,0
Rechtlicher Hinweis: https://t.co/gN9OCrMW8p,0
Popp und Herman: Wir stehen vor den fatalen Folgen der Kolonialisierung https://t.co/80EQhqgIli,0
"Natsiepiefke…nach einer Meldung wird vermutet, dass es eine SEK-Untersuchung bei einem Admin gegeben hat… https://t.co/6YTso301Rp",0
HC Strache erklärt: Bevölkerungsaustausch ist Faktum! https://t.co/BVu6bE36bk https://t.co/tmLK8MQttH,0
FREMDSCHÄMEN! Brutale JAGD auf Frauen aber “der Gegner steht rechts”? https://t.co/RK1IXmf6dt,0
Razzia in Parteizentrale – das ist das ist wahrer Faschismus! https://t.co/nPV1Lauolv,0
"“Angela Schaller”, das Lied – von Ernst Cran https://t.co/9zxhP9gEM6 https://t.co/0x9M0clGCq",0
"“Angela Schaller”, das Lied – von Ernst Cran https://t.co/9zxhP9gEM6 https://t.co/5BDZx4vQxF",0
HORROR! – Das rechteste Land der Welt! https://t.co/hI9AaFzj1i,0
DIE RECHTE – Radiospot “Ursula Haverbeck Europawahl 2019” https://t.co/y2LGZKO6pk https://t.co/YLzJJalSRw,0
Angela Schaller zum Geburtstag https://t.co/D1uaNV6cwf https://t.co/dqp0Bg8wED,0
Brief an “N.” – Horst Mahler am 6. März 2019 https://t.co/IoQMKhYTVp https://t.co/mmI6GA7hwn,0
Horst Mahler – Was ist Deutsch https://t.co/0WBo25Ch6R https://t.co/A7lJb7mgKH,0
5G: Unsere Zukunft im Mikrowellenherd https://t.co/A2iKi79C73 https://t.co/NbBulJx5GF,0
Beeinflussung in Schulen https://t.co/IoJrI0VobC https://t.co/Ck7ncb7VD7,0
Michael Friedrich Vogt: Hintergründe zu Rufmord und Verleumdung https://t.co/XoRsRUr9T4 https://t.co/Zjp916Jkzh,0
https://t.co/ehvN63zFMP https://t.co/wrLQuGu2VE,0
Hess Kola Challenger Tschernobyl Reagan Gorbatschow USSU-Summit Mauerfall 342. Treffen 26.04.2019 https://t.co/QEDUiLyVSa https://t.co/GrVJvZnPG7,0
Anwohner stoppen Holocaustmahnmal https://t.co/GCApZyxeTl https://t.co/WRLEgyqyqa,0
wer das Tier nicht ehrt…. https://t.co/Nsm0Oe68N1 https://t.co/shgAEuedgT,0
Ostern auf Germanisch – Ostara-Fest https://t.co/32YItD9Q4H https://t.co/9skyhOh8qd,0
"Notre Dame, die Erzikone des kulturchristlichen Europas ist zerstört…”ALLAH IST GROSS”: Moslems lachen, während die Kathedrale von Notre Dame lichterloh brennt. https://t.co/sP9qhHly0T https://t.co/6xJPku2qZc",0
WsK – Folge 72 – Thema: Leben im Nationalsozialismus https://t.co/HwvbTtfUql https://t.co/b9sMCTZAPL,0
Militärische + Wirtschaftsnachrichten April 2019 https://t.co/PPt1qEpwpX https://t.co/g9U51MwrPS,0
“Am Sterbebett sitzend…”…die letzten Hunderttausend https://t.co/iBWgxxqtih https://t.co/INY02hR3xd,0
Angela Schallers Thingkreis Themar…Drehtag am 17. April 2019 https://t.co/DXFp0LFPKr https://t.co/QpHzDs8ZUH,0
"5G-Strahlung…tödlich?…keine braucht sie…USA lehnt sie ab…welche Geschichte führt zu 5G…gehen wir viele, viele Jahre zurück… https://t.co/FOXH2rIWpe https://t.co/TeQjVelLi1",0
5G-Strahlung…jeder sollte detailliert sich über die Gefahren informieren https://t.co/XOO2cFzALg https://t.co/JiCGa6A43B,0
Schon wieder da – Volkskraft sei Dank! https://t.co/ehsDowNhgf https://t.co/QA68CgP5IG,0
5G…neben dem UN-Migrations-Pakt das wichtigste Thema…zumindest sollte sich jeder detailliert über die Gefahren informieren https://t.co/NCxPLjzjaD https://t.co/qXoSFsU0V9,0
Satirischer Essay bzw. eine Polemik zu Herbert Grönemeyer https://t.co/RZkN8vKFyS,0
NOTRE DAME BRENNT! :::MOSLEMS JUBELN VOR FREUDE:::: https://t.co/n2HqVUuJau https://t.co/PoI7ucxenJ,0
Was ist die Dritte Macht und das “letzte Bataillon”? https://t.co/GL5mF2O645 https://t.co/QKANJqFHTW,0
Mit dem Brexit begann die nationale Konterrevolution – bis in den Vatikan https://t.co/a5hxmjGaTO https://t.co/GVPhpDgNPo,0
Das kann doch unseren Lehrer nicht erschüttern! https://t.co/G0gVYqz8HP https://t.co/tgewG1pqFf,0
"RuW-Lesertreffen: Gott und Geist – Christ oder Heide Dr. Kümel (Heide), Pastor Bode (ev), Pfarrer M. Schmidt (ev) https://t.co/RfnuHiVArV https://t.co/oKdM0rXUGa",0
Nachlese 14. RuW Lesertreffen – Ausgabe 049 https://t.co/iKW9zAzWWR https://t.co/lzknytU7S5,0
VL: Ich hab noch lange nicht genug! | AKTUELL https://t.co/tWCxrWkSOV https://t.co/n2XdgocHTa,0
Mutter und Sohn entschuldigen sich…dieser Beitrag geht direkt unter die Haut https://t.co/43uVY7Gi8G https://t.co/0mBtavHEu1,0
"W. s. Klartext 71 – Thema: Dies und das… Nikolai Nerling, Dessau (Judensau) und Europawahl 2019 https://t.co/IeBRvggSDB https://t.co/RqgXGDfrCU",0
BLAMAGE! Merkel sturzbesoffen bei Pressekonferenz https://t.co/XuEZOzK0pc https://t.co/O0sfjY0UmR,0
Eine starke Geschichte zu der 5. Volkskraftwoche https://t.co/9lVQilh9fk https://t.co/ZkNAGo67cG,0
Deutsche Hiebe per Post https://t.co/BD5clmXI7f https://t.co/eATfg4EbIG,0
"In Deutschland lebende Migranten haben im vergangenen Jahr 5,1 Milliarden Euro in ihre Heimatländer geschickt https://t.co/tAu2cEFYQD https://t.co/Rok2rxwPeo",0
Umfangreiche Übersicht auf die Alliierten Kriegsverbrechen https://t.co/QJ2fOdELDZ,0
Umfangreiche Übersicht auf die Alliierten Kriegsverbrechen https://t.co/SSZ8mGtPcs,0
"Albert Schweitzer über die afrikanische Herrenrasse…”Nie Sie als sozial Gleichgestellte akzeptieren, oder sie werden Dich fressen. Sie werden Dich zerstören.“ https://t.co/xeVak6GBPz https://t.co/nCyGjjMn6A",0
"Albert Schweitzer über die afrikanische Herrenrasse…”Nie Sie als sozial Gleichgestellte akzeptieren, oder sie werden Dich fressen. Sie werden Dich zerstören.“ https://t.co/copVaMHPqK https://t.co/Gclie04IRA",0
BRÄUTIGAM festgenommen! UNFASSBARES DRAMA… https://t.co/NWLumv09vH https://t.co/Uc5DUz0dlo,0
"In Deutschland ist der Wurm drin – und die Made!…Berlin: GG-feindlich, verlogen, antideutsch…. https://t.co/fVO8hic9g4 https://t.co/e7Ewaxmgr0",0
"Altparteien:'Wir-Sind-So-Ein-Reiches-Land“. Wenn die Leute realisieren, dass das Geld für Invasoren verpulvert wurde/wird, dann werden die Verteilungskämpfe beginnen. Ich habe kein Mitleid mehr mit diesem Land. https://t.co/DvmOxfdMIv",0
IM Erika war doch willfährige Genossin der SED-Nomenklatura mit Parteistipendium in Moskau; falsche Schlange.    Warum sind die Nordseewellen so martialisch? https://t.co/kauElEl1V1,0
"Es werden falsche Propheten auftreten, oder falsche Köche? Die Kirchen waren/sind schon immer 'mainstreamig', Konkordat/Kirchensteuerinkasso. Kriminelle Vereinigungen sollten verboten werden. https://t.co/7UNJ5YX7e8",0
https://t.co/UL98s0QssM,0
"Angriff der Öko-Wesen stoppen! Grüne Weltherrschaft verhindern!  Es wäre wünschenswert, dass die bürgerlichen Parteien im Deutschen #Bundestag wieder zum antitotalitären Konsens zurückfinden und die Grünen  geschlossen als dass benennen, was sie sind:  🎬 https://t.co/k2WxCNg9S1 https://t.co/82ahJFnAL9",0
Besen geparkt und eben Jean-Claude beim Dämmerschoppen belästigt.Statt Ende (von) Mai(y) jetzt Haloween; passt zu ihrem Bewegungsmittel. https://t.co/Sv679eNioc,0
"@mariomayl Zur 'Spende' von Marx..Das reicht nicht aus, es ist eine kriminelle Missbrauchssekte, die Menschen die noch da gelistet sind machen sich mitschuldig. Immer mit den Mächtigen, das Konkordat existiert immer noch. https://t.co/40egtTM5iP",0
Vom Flügelspieler zum Rechtsverteidiger | Marius Wolf im Feiertagsmagazi... https://t.co/2jCV3dHscI,0
"Merkel dealt doch mit ihm, sage mir mit wem du 'gehst' und ich sage dir wer du bist; Verbrecher unter sich.     https://t.co/rQP68KhcAX",1
"Wir werden nie erfahren, dass Notre Dame von muslimischen Terroristen angezündet wurde. https://t.co/zItY55uIQp",1
"Das steckt in den Jungs drin (DNA) Gefühl für Dreck, Matsche und Patsche; das hält lebenslänglich bei den Ückendorfer, sie nennt man nicht von ungefähr, Scheißer. https://t.co/u5dGEd1Dyd",1
Neben geistigem auch physischer Kotau; soll das Wiedergutmachung sein für Missbrauch der kriminellen Sekte? Bestimmt ein Marketinggag bzw.Beitrag für ein Masochistenmagazin. Zuzutrauen ist ihnen inzwischen ALLES! https://t.co/3WwCkEbwrw,0
"Von Stasine generierte Wohnungsnot, die Kausalität mit offenen Grenzen wird nicht angesprochen.     &lt;p&gt;Erika Steinbach: &lt;/p&gt;Es ist die Wohnungsnot der Kanzlerin https://t.co/96LtecLJnc via @Deutschland-KURIER",0
Aus illegal wird nachträglich legal: Ausgerechnet ein CDU Innenminister führt per Erlass in #BadenWürttemberg als erstem Bundesland ein Bleiberecht für abgelehnte Asylbewerber (also für falsche Flüchtlinge) ein. #Spurwechsel #Strobl https://t.co/esTTeyz3pE,0
"Retweet, wenn Dir der Hype um Greta auch auf die Nerven geht.",0
"Habe die Geldbörse von einem Syrer gefunden. Hab sie behalten, ist ja schließlich mein Geld. https://t.co/2dxoRXcTQu",1
"Pack schlägt sich....Bei dem Polen würde es mir auch in den Fingern jucken, aber ich bin ja kein Prolet, ich habe Argumente, die sind schärfer als alle Waffen.    Schläge ins Gesicht: Lewandowski und Coman prügeln sich im Training https://t.co/Ky0nXxb85S",1
"#Juncker, anscheinend wieder angetrunken, wird zur Gefahr für sich und seine Umgebung. https://t.co/0ufD4q79G3",0
Beim Staatsbesuch in #Ruanda verwechselt #Juncker die dunkle Fackel mit der Frau des Präsidenten und fackelt sie fast ab!  Ischias-Kranke kennen dieses Problem.  https://t.co/NY3ap0muoc,0
"'Coole'? Wenn sie schon erkaltet sind, dann sind sie tot, sammeln sie Todesanzeigen? Kulturmuslime? Das ist ein Widerspruch in sich. https://t.co/QIQDwjHcBo",0
"Alle 'Dieschonlängerhierlebenden', früher Deutsche genannt, werden unter Generalverdacht gestellt, müssen sich legitimieren und für 'Flüchtlinge'/Eindringlinge aufkommen. https://t.co/c7dSqeT0XC",0
Und der Bräutigam aus Schwarzafrika trägt die weißen Brauthandschuhe 😂    #blackfacing reverse https://t.co/vrhbrJXolL,0
"55.000 demonstrierten gegen hohe Mietpreise. Ursachen wie Zuwanderung und Euro-Politik wurden dabei stramm ausgeblendet –  dafür gab es zuhauf sozialistische Parolen und Enteignungsphantasien, bis hin zum Grünen-Chef. Die Sozialismus-Falle lebt.   https://t.co/MqSUpXKGte",0
"Unfassbar, wer bezahlt das? Der Länderfinanzausgleich wird es richten, dafür ist Berlin ja arm und sexy, so weiland Wowereit. Es wird klar warum die Wohnungsnot so groß ist, offene Grenzen von der Wirschaffendasidiotin. https://t.co/rkzkCLApKP",0
Wer sich auf Eber(l) verlässt ist eine Sau.    Borussia Mönchengladbach: Max Eberl und seine Frau Simone haben sich getrennt https://t.co/hWtTF1RF6y via @rponline,0
"Heldt ist die größte Luftpumpe, ein charakterloser Zwerg, ehemals Ückendorf.    Eurosport : Aus für Heldt: Hannover feuert Manager https://t.co/BMHDvEx8wD",0
11 - Alexander Isak became the first player with 11 goals in his first 11 Eredivisie appearances since Kazimierz Frankiewicz in 1969. Bomber. https://t.co/nTTKLQRLln,0
@LisaFromm4 Wie fühlen sich diese Nazis denn so an?  https://t.co/E4PSLOrFRJ,0
Frau @akk  möchte eine #Klarnamenpflicht im Internet - dass jeden Monat ungebeten ~ eine Kleinstadt Unklarer zureist interessiert sie allerdings nicht. Wie wäre es mal mit echter Klarnamenpflicht in echten Ausweisen für Merkelgäste?,0
"Ausweg verrät die Intention 'ausweichen', alle sind schuld, nur die 'heilige katholische Kirche' nicht. Was ist er/sind sie/ für Pharisäer. Wer noch in der Sekte ist, sollte sich schnell aus dieser kriminellen Vereinigung verabschieden.    https://t.co/9iNVZydtZK",0
"wer die grünen für eine liberale partei hält, hat mit der freiheit nicht mal geflirtet https://t.co/9d3GxxpFv5",0
"Nun adoptiert auch die @fdp das linke Mantra Gleichstellung statt Gleichberechtigung für #Frauen. Mit diesem Rückschritt zu den Freiburger Thesen wird sie grüner und feministischer, aber nicht bürgerlicher. https://t.co/DnjHdwQfGI",0
"Die grüne Szene-Schickeria in Berlin gibt sich gern multikulturell. Aber wenn es um den Schulbesuch der eigenen Kinder geht, dann ist man lieber unter sich.  https://t.co/MpaO5DKcic",0
"Restaurant weist @Alice_Weidel u #Gauland ab, weil sie „keine Menschen bedienen, die andere aufgrund ihrer *politischen Einstellung* diskriminieren.“ Die politische Korrektheit ist doof wie Dosenbrot. Wahrscheinlich- noch viel viel doofer. https://t.co/Bq0xjPFa0j",0
"Wo sind die mündigen Journalisten und Politiker, die diesen Unsinn vernünftig einordnen?  Dort spricht schon lange nicht mehr Greta, sondern die auf Profit hoffenden Lobbyisten hinter ihr. Wie peinlich für angeblich kritische Medien!   https://t.co/A7aYtOf0Zk",0
"Nennen Sie mir doch eine - *eine einzige* - Aussage von Frau #HarderKühnel, die hasserfüllt oder fanatisch wäre! Können Sie nicht. Von „Ihrer“ Vizepräsidentin Frau Roth gibt es hingegen zahlreiche solche Beispiele. Wer trägt also Hass &amp; Fanatismus ins #Bundestag|spräsidium? https://t.co/LSuolXyldY",0
Hier gibt es Alternativen für Deutschland und kein grünversifftes Wolkenkuckucksheim. https://t.co/2jFW1dCZ7r,0
"Da sich der muslimische Antisemitismus nicht mehr wegdiskutieren lässt, heißt jetzt die neue Lesart: Schuld am muslimischen Antisemitismus sind nicht die Muslime, sondern die Nicht-Muslime. Das ist kein Aprilscherz.  https://t.co/laT9N4QHHg",0
"44% Messerangriffe, 10% Bevölkerungsanteil. Die Linken wollen es einfach nicht wahrhaben. #Michael",1
Der angebliche Idiot #Trump hat mal wieder die Demokraten und ihre Migrationsfreunde ausgespielt.,0
"Folge der Spur des Geldes - und schwups siehst du, dass FridayforFuture nicht spontan oder von Schülern organisiert wird und Greta nur das Aushängeschild einer spendengierigen Organisation ist.  https://t.co/0fCaXFQZ9K",0
"Es ist schon dreist, wie sich die Anwältin aufführt. Richter mit #AfD-Parteibuch würden angeblich nicht unbefangen über solche Fälle urteilen können. Aber bei Richtern mit grünem Parteibuch kann man sicher sein, dass niemand einen Gesinnungsbonus bekommt?    https://t.co/v4yH0pdOtt",0
"Ein Wunder? der völlig unverbindliche Migrationspakt ist also doch verbindlich - für alle europäischen Staaten? Möglicherweise kein Wunder, sondern einfach Wählertäuschung durch Regierung, Parlament und Verfassungsgerichtspräsident. https://t.co/kEs2ow97v9",0
Der kleine Programmdirigent der Mainstreammedien; der ADS ler wittert wieder Ungemach von 'rächts'. Vorsicht vor kleinen Männern sagte mir ein älterer Kollege; wie recht er doch hat. https://t.co/hVQh67DBfu,0
Freitags ist Schultag und nicht Outdoorgammeltag. Wer sich Aktivist nennt sollte in der Schule aktiv sein und nicht grünen Ideologien nachlaufen. https://t.co/534fhXDYlt,0
"Die Stasitrine ist ja voll wie eine kleine Kirche, die lallt ja fast; hat wohl von Junckers Ischias-Medizin überdosiert.    Angela Merkel zu den Ergebnissen des EU-Gipfels am 11.04.19 https://t.co/bfRyAlDGED via @YouTube",1
Schwarzer Tag für die #Meinungsfreiheit.   #EU-Parlament stimmt für #Urheberrechtsreform.   Ohne jegliche Änderungen.  Incl. #Artikel13 #Article13   #CopyrightDirective 🤐🤐🤐  #AfD war strikt dagegen!,0
"Wenn die Frauen nicht arbeiten, läuft der Betrieb wie gewohnt weiter - starkes Statement, liebe ⁦@DIEZEIT⁩! https://t.co/rUKUx9Ysso",0
"@TamaraWernli Warum können Frauen so schlecht einparken?  Ganz einfach, weil ihnen immer falsch erklärt wird, was 20cm sind.",1
"Sprecherin Nancy #Pelosi: Kein, #Impeachment von Donald #Trump. Er sei es nicht wert. Klartext: Also nach 2 Jahren Diffamierung, massivem Druck auf Mitarbeiter und Schnüffelei nichts Ausreichendes gefunden? Aber die Schüffelwei war er wert! https://t.co/C2weO4DLAC",0
"Huch! Melanie Amann hat zwei Fehler in einer Artikelbeschreibung (!) zu meinem Buch #Widerworte entdeckt. Also nicht im Buch selbst, sondern bei einem Onlinehändler, der es verkauft. Aber da sie so darauf steht: Merkel muss weck! #endlichmalmitprofis #rechtsschreibung https://t.co/kUNYO2TzYz",0
Zuerst: Polnischer Historiker rechnet mit den westlichen Werten ab: „Tatsächlich ist der Westen größtenteils verfault“: Warschau. Der polnische Historiker Prof. Wojciech Roszkowski hat anläßlich der Vorstellung seines jüngsten Buches… https://t.co/OM5DvITF3q #KulturGesellschaft,0
"Wenn Hochqualifizierte gehen und wenig Gebildete kommen – das  doppelte Migrationsproblem: Deutschland ist, wie einst im 19. Jahrhundert, wieder ein Auswanderungsland, ohne dass dieses Phänomen in der deutschen Öffentlichkeit diskutiert werden würde.  https://t.co/6xOBAJ7YGj https://t.co/yuNdNn2L88",0
"Was im Oberstübchen von @Karl_Lauterbach (SPD) vorgeht, lässt sich sehr schön an diesem Tweet (den er klammheimlich gelöscht hat) ablesen. Diese Entgleisung hat klinische Dimensionen. Ob er sich öffentlich dafür entschuldigt? https://t.co/cxVX48nwjR",1
"Das ist der respektloseste Feldreporter von Sky, er wiederholt permanent Fragen, wohl wissend, dass der Interviewte nicht darauf antworten will. Völler, Labbadia u.a., jetzt Hecking.    Gladbach-Trainer Hecking bricht Interview mit Sky ab https://t.co/v7I8RomFby via @welt",0
Wer hat in der Merkelregierung Format und ist fachkompetent? Der Fisch stinkt vom Kopf her und Fettklos Altmaier hat nach 'Peter-Prinzip' die höchste Stufe der Unfähigkeit erreicht.    Aufstand gegen Altmaier: So viel Frust war selten https://t.co/lka5dCVUwb #fplus via @faznet,0
"Das sind übrigens die Herrschaften, die der #AfD aus „Gewissensgründen“ keine Erste-Hilfe-Kurse anbieten konnten.     https://t.co/LE8KvtQJmF",0
#AfD verurteilt #Antifa-Pranger an der Universität Frankfurt!  Verkehrte Welt! Die #Gewaltbereiten warnen vor den #Andersdenkende! https://t.co/nqptnEN5lv via @junge_freiheit,0
"Herzliche Grüße aus Münster:  Pressekonferenz kurz vor dem heutigen #Neujahrsempfang der @AfD_Muenster mit @Joerg_Meuthen, @1MartinSchiller, @GuidoReil, @EspendillerM und @Helmut_Seifen.  #AfD https://t.co/mCeOanKIIl",0
"Trotz der Einschüchterungsversuche von Medien und Krawallmachern gehe ich am Freitag zum #Neujahrsempfang der AfD in Münster. Als freier Bürger lasse ich mir nicht das Recht nehmen, mich jederzeit und überall auf politischen Veranstaltungen zu informieren.  https://t.co/V2ubQHWbWQ",0
"Aus Schaden wird man klug - außer in Deutschland, da muss es offenbar erst der Totalschaden sein. Dänemark 🇩🇰 gibt Integration als Ziel auf, illegale Einwanderer sollen nur noch abgeschoben werden. #dd2502 https://t.co/fPoX63OeqB",0
"In einem Satz bzw. einer Überschrift der ganze Unfug der lebensfremden, satten und bornierten linksliberalen Schickeria zusammengefasst. Meine Oma hätte gesagt: „Was nicht sein darf, das nicht sein kann!“ #afd https://t.co/JJu8EpAuve",0
"'Wer eine Jogginghose trägt, hat die Kontrolle über sein Leben verloren.' Karl Lagerfeld im April 2012",0
+++  Jetzt wird es abenteuerlich! 🇬🇷 Griechenland ab sofort kein sicheres #Herkunftsland mehr +++  Eine syrische Familie klagt. Die Richter liefern wunschgemäß. Und das mit weitreichenden Folgen für die aktuelle Asylpolitik.  #AfD  ➡️ https://t.co/rTxp0x5ld6 https://t.co/idnqn6omxD,0
"'Schüttelfrost', wenn er an die Sicherheitslage denkt wegen eingewanderten Terroristen: Ex-Verfassungsschutzpräsident Hans-Georg Maaßen über die Fehler seit 2015. https://t.co/jdnZEdsQA4",0
"Der Ethos eines #Staatsbeamten, wie Hans-Georg Maaßen ihn vertritt, scheint heute nicht mehr Zeitgemäß. Deshalb mußte er gehen.  https://t.co/mKLEZKtfM5 https://t.co/tamXqfMl7w",0
"#Maaßen schlägt zurück: In seiner Rede vor der #WerteUnion der #CDU teilt er gegen #Merkel und Establishment, gegen Propagandamedien, und linke Diskurshoheit aus. Seine Befürchtung: Wir gehen auf ein neues #Biedermeier zu.  https://t.co/THHjNB0bd8",0
Bundestag: Abgeordnete planen Frauenrunde für Paritätsgesetz!  Unsere AfD-Frauen beteiligen sich an diesem Unsinn nicht! Gut so!   https://t.co/KSOHm0tURU via @SPIEGELONLINE,0
"Ich verrate jetzt alle mal ein Geheimnis: Das konnte man alles schon 2015 bei der #AfD nachlesen, war aber ganz böse Nazi!  #Werkstattgespraech https://t.co/TKRN3ax6P0",0
"Die #AmadeuAntonioStiftung, deren Hauptfunktion im Braunfärben jeder Form von Nonkonformismus besteht, hat sich eine neue Opfergruppe erschlossen: Die Aufarbeiter von #SED-Verbrechen.    https://t.co/t7ByIVSct5",1
"Abtreibung muss unter bestimmten Bedingungen erlaubt sein, aber das Kind ist ab einem gewissen Punkt eine eigenständige Person und nicht Teil des Körpers der Mutter. Es betrifft daher nicht nur Frauen und ihre Körper.",0
Der Körper eines ungeborenen Kindes ist nicht der Körper der Frau #AnneWill,0
"Warum müssen bei solchen Projekten 'Flüchtlinge' immer junge Männer und Frauen immer Einheimische sein?    Ein Projekt mit jungen, deutschen Männern und Flüchtlingsmädchen hab ich noch nie gesehen.    https://t.co/Sg7yGSnyek",0
Henryk M. Broder wider die Political Correctness und Meinungsunterdrücku... https://t.co/cAcV3DWBgp via @YouTube,0
Haldenwang und die #Antifa. Da haben sich zwei gesucht und gefunden. Der VS zitiert im Anti-#AfD-Gutachten die Verfassungsfeinde von  https://t.co/aDvP2miq58 als objektive Quelle.,0
"Nachdem der erste Wohlfühl-Rausch der vermeintlichen moralischen Überlegenheit verflogen ist, soll nun die Allgemeinheit für die freiwillig geleisteten (!) »Flüchtlings«-Bürgschaften aufkommen…    https://t.co/PulXxJlOGb https://t.co/38mYRb9QCJ",0
„Flüchtlingshelfer: Bürgen müssen nicht zahlen.“  Heißt übersetzt: Wir alle müssen jetzt für den Wohlfühlmoment dieser Gutbürger jahrelang zahlen!  https://t.co/9BeXLXvcDJ,0
Das macht #Knobloch doch die ganze Zeit. Missbrauch der #NS-#Opfer. Und nicht nur Knobloch. Auch viele andere. https://t.co/BlqF8Dlhvq,0
Der Bund und die Länder wollen die finanziellen Forderungen der Arbeitsagentur für Arbeit an Flüchtlingsbürgen übernehmen. https://t.co/HtCbDFgLQm,0
"Alexander #Gauland, Vorsitzender der #AfD-Fraktion im #Bundestag, zum #Migrationsbericht: 'Über eine Million Zuwanderer pro Jahr sind kein Grund zum Jubeln. Seehofers Eigenlob ist völlig unangebracht!'  https://t.co/aFc9Tm5awk https://t.co/7jnncKRCfc",0
Unfassbar: Der Verfassungsschutz versucht mit Hilfe von Verfassungsfeinden die größte Oppositionspartei zu diskreditieren. #AfD @AfDimBundestag https://t.co/WB1Ewb3SgF,0
"Das stickige Meinungsklima liegt in Summe auch an der Feigheit vieler einzelner, für ihre Meinung einzustehen. Ein Kommentar von JF-Chefredakteur Dieter Stein.  https://t.co/GMAkNdZJmn",0
#Zensur – Gericht verbietet weitere Auslieferung der Januar-Ausgabe von COMPACT! https://t.co/fj6gD0UKyL,0
Der Deutsche Werberat hat den Thüringer Landkreis Schmalkalden-Meiningen wegen sexistischer Werbung gerügt. Die verantwortliche Landrätin nannte die Werbung witzig. Die Rüge sei eine „gravierende Fehleinschätzung“.   https://t.co/luBVVZRHzj,0
Österreichs Innenminister Herbert Kickl (FPÖ) hat eine Verschärfung der Asylgesetze angekündigt. Hintergrund sind die Morde an vier Frauen seit Anfang des Jahres.  https://t.co/seIaSGuWvO,0
"In #Österreich 🇦🇹 ist die Zahl der Morde von 2015 bis 2018 von 40 auf 70 gestiegen. Der Anteil der Frauen an den Opfern stieg dabei kontinuierlich von 42,5 auf 58,5 Prozent an.    https://t.co/qCXqJXFdol",0
"#Stegner - ein Name, ein Geständnis. Der Mann ist so dumm, die Instrumentalisierung des #BfV durch die Feinde der Demokratie auch noch einzugestehen. #SPD #AfD https://t.co/xLpvxexXX7",1
"@cem_oezdemir Wider das dumme Gequatsche vom #Hass!  Weder hasst die #AfD Irgendjemanden, noch üben weder ihre Funktionäre, Mitglieder oder Wähler #Gewalt aus. Das ist der brandstiftende links-grüne Mythos des #Kampfgegenrechts.  Stoppen Sie diesen Irrsinn oder Sie machen sich mit schuldig!",0
Die Hetze gegen konservative Parteien ist mitschuldig an den schlimmen Anschlägen auf Gebäude und Personen der AfD #NazisRaus,0
"https://t.co/SnuHoXmVej #Hetze der Regierung wirkt: Nachdem sich #Linksterroristen bislang auf Zerstörung von #AfD-Büros beschränkten, fühlen sie sich jetzt dank der #Hasskampagnen aufgerufen, bis zum Äußersten zu gehen: mit einem #Mordanschlag auf den Bremer BTA Frank #Magnitz.",1
"Das ist Frank #Magnitz, MdB der #AfD. Er wurde vorhin von mehreren Angreifern in Bremen halbtot geschlagen.    Im Moment bin ich so erschüttert, dass ich mich außerstande sehe, dies weiter zu kommentieren. Ich werde mich morgen zu diesem  feigen und widerwärtigen Anschlag äußern. https://t.co/fBjRbgthHU",0
"Heute brüllen alle Mitläufer #NazisRaus in einer Zeit, in der das keines Muts mehr bedarf. So poliert man das eigene Image auf und diffamiert völlig harmlose, aber unbequeme politische Gegner. Damals wären viele dieser Menschen brav mitmarschiert.",0
"Ich habe weder: #Abstiegsangst, noch #Wut, noch bin oder fühle ich mich angehängt. Ich bin #vermögend und gehöre zur globalen 'Elite'.  Ja, ich habe das Vertrauen in Sie und Ihresgleichen verloren, @SawsanChebli. Ich bin in Sorge um #Deutschland. Deswegen habe ich #AfD gewählt. https://t.co/pPU8lJeM9U",0
Ich kann da kein einziges falsches Wort entdecken: Alles goldrichtig und auf den Punkt! #Chapeau! https://t.co/OzXCFib77o,0
Herrschaft des Unrechts. Zu nichts anderem ist diese Republik verkommen. Seehofer gehört nun auch dazu. Man fasst es nicht. #CSU deckt Linksradikale. Nur noch #AfD https://t.co/GdwD7hYMVE,0
"Guten Morgen 🇩🇪!  Der vermutliche Plan der Kanzlerdarstellerin, den unsäglichen #Migrationspakt  sowohl unter dem Radar der Öffentlichkeit als auch ihrer eigenen Partei  durchsegeln zu lassen, ist dank der Aufklärungsarbeit der #AfD krachend gescheitert.  ➡️ https://t.co/0v8J2a7M14 https://t.co/w0QfyVvLvV",0
"Allein durch ihre Ankunft in Deutschland werden Migranten mit dem #Migrationspakt alle Rechte (z. B. im Sozialsystem) haben, ganz wie deutsche Bürger. Es gäbe eine Art Grundrecht auf #Migration. Dieser Pakt darf nicht in Kraft treten!  #AfD   https://t.co/yNT4WDQIw3",0
+++ Eklat auf #CDUbpt18: ❝Eine Unterschrift ist für mich Landesverrat!❞ +++  Der Delegierte Eugen #Abler greift #Merkel wegen Ihrer geplanten Unterschrift unter den #Migrationspakt scharf an:  #KrampKarrenbauer #AKK #CDUVorsitz #AFD #Merz  ➡️ https://t.co/ORMVlhzVej https://t.co/WgUPJXu6K2,0
"#AfD-MdB Ulrich #Oehme:  »Erschreckend, dass Scharia-Recht weitaus mehr in nicht-islamischen Ländern des #Europarates wie 🇬🇧, 🇬🇷 und neuerdings auch in 🇩🇪 – wie zum Beispiel die #Kinderehe – als Paralleljustiz praktiziert beziehungsweise geduldet wird.«  https://t.co/aP94ZEGdeB",1
"Kann ich mir gar nicht vorstellen. Merkel hat uns doch versprochen, dass er total unverbindlich sein wird. Und dass sie lügt, halte ich für völlig ausgeschlossen https://t.co/HWvT7eR8g3 #Migrationspakt #Merkel #Migration #Lüge #Merkeldiktatur",1
"Jetzt wird am Allerheiligsten der Demokratie herumgefummelt: dem Wahlrecht. In Zukunft sollen wir nur noch nach Quoten wählen dürfen, ähnlich der DDR. Rettet das Bundesverfassungsgericht die Demokratie? https://t.co/3TVl5RF5C3",0
"Das #BAMF meldet einen starken Anstieg der #Asyl-Zahlen im Januar, und jeder dritte abgeschobene Migrant kehrt nach Deutschland zurück. Keine Entwarnung an der Zuwanderungs-Front!    https://t.co/MWO6PShAHz",0
"Beim Durchlesen des »Gutachtens« zur Diffamierung der #AfD wird klar, warum der #Verfassungsschutz dieses Machwerk nicht selbst veröffentlicht hat, sondern es ausgesuchten Journalisten überließ, daraus etwas zu machen… #Gefaelligkeitsgutachten https://t.co/KtBME9fIRL https://t.co/5qvz9d7f6k",0
++ Stigmatisierende Wirkung als #Prüffall: Ex-Verfassungsrichter aus NRW kritisiert #Verfassungsschutz wegen Umgang mit der #AfD! ++  Amt solle seine Arbeit machen - und keine Politik!  ➡️ https://t.co/AG0XrnB89q https://t.co/u4xbusEM9M,0
"Die #AfD hat der Präsidentin der Israelitischen Kultusgemeinde München und Oberbayern, Charlotte Knobloch, vorgeworfen, das Gedenken an die Opfer der Nationalsozialisten politisch zu mißbrauchen.  https://t.co/wAnu3op6qK",0
"Erneut ist ein Begriff zum „#UnwortdesJahres gekürt worden, der sich vor allem dadurch auszeichnet, nicht in das Weltbild einer linksliberalen Jury aus selbsternannten Experten zu passen. Ein Kommentar von Boris T. Kaiser.  https://t.co/ZNZVsEnXXb",0
"Brutale Ehrlichkeit in Wien: Mordserie an Frauen als Folge der Migrationskrise festgestellt. Extreme Frauenfeindlichkeit, Antisemitismus und radikaler Islamismus wurden mit 'Flüchtlingen' importiert.  https://t.co/9DZ8apeAAS",1
"+++Benachteiligung der #AfD-Fraktion eines demokratischen Diskurses unwürdig!+++  Ob #Maischberger, #AnneWill, #Hartaberfair oder #Illner – ganz offen schneidet man die größte Oppositionspartei, die im Auftrag von rund 6 Mio. Wählern im #Bundestag sitzt.  ➡️ https://t.co/J7d2Y4JLyU https://t.co/h85t9WkIMv",0
"++Asylgesetze: Dänemark geht mit gutem Beispiel voran++  Ausländer, die wegen Straftaten oder abgelehnter Anträge 🇩🇰 verlassen müssen, werden künftig auf einer Insel untergebracht. Auch eine Obergrenze für Familienzusammenführungen wurde festgesetzt!  #AfD  ➡️https://t.co/gO5FSdAH0L https://t.co/1JyAeu27fu",0
"Man wundert sich, wie viel Aufruhr es verursacht, wenn souveräne Staaten die Unterzeichnung einer 'rechtlich unverbindlichen' Absichtserklärung verweigern. Wenn der Pakt doch so harmlos ist und keinen Staat zu irgendetwas zwingt, warum dann das Geschrei? #Migrationspaktstoppen",0
"Als in Indien eine Studentin nach einer brutalen Gruppenvergewaltigung starb, berichteten Medien rund um den Globus und die Inder forderten erbost eine Verschärfung des Strafrechts.  Hier führt das regionale Ereignis nur zur reflexhaften Verteidigung der Tätergruppe. #Freiburg",0
Die Verrohung in unserem Land durch diesen Abschaum ist nicht mehr auszuhalten!   #Hessen #AfD #LtwHessen #LtwHe #LtwHe18 #Hessenwahl #Freiburg  https://t.co/K7JCfTsKLU,0
"@VenomStrike3 @ITUADE @Dieter_Stein @AfD Meinen Sie wirklich, die stolzen jungen Männer die jetzt zu uns kommen haben Interesse an diesen harten Jobs? Es gibt doch längst negative Erfahrungen mit Versuchen, Lehrstellen selbst im Handwerk zu vermitteln.",0
@Mr_Bellvedaehr @AfD_HD Sie meinten wahrscheinlich '45? Sonst macht Ihre Beleidigung keinen Sinn und Sie machen die AfD unfreiwillig zu Widerstandskämpfern.,0
"PI: Jetzt flüchten sogar die Venezolaner nach Europa Deutschland 2019: Mehr Zuwanderung – mehr Nebenwirkungen: Von EUGEN PRINZ | Die Human-Golfstrompumpe namens Zuwanderung, die Menschenmassen aus aller Herren Länder nach Süd- und Mitteleuropa schaufelt,… https://t.co/UdbbBdKtgK",1
"Contra-Mag.:Salvini kündigt Budgetkürzungen für Migrationsverbände an: Die Finanzierung der linken NGOs in Italien geht zu Ende, nachdem der italienische Innenminister Matteo Salvini angekündigt hat, dass eine Reihe von Haushaltskürzungen für… https://t.co/GcLZ9wF6c4",0
"MMNews: Weidel bekräftigt Kritik an Klimawandel-Theorie: AfD-Fraktionschefin Alice Weidel hat ihre Zweifel am menschengemachten Klimawandel bekräftigt. 'Ich streite nicht ab, dass sich die Erde erwärmt, aber ich glaube nicht, dass der menschliche… https://t.co/S3MtyBLBXt",0
"Contra-Mag.:Österreich schließt Saudi-Kulturzentrum: Die österreichische Regierung will ein saudi-arabisches Kulturzentrum schließen. Grund sind Menschenrechtsverletzungen. Von Redaktion Die österreichische Regierung hat Pläne angekündigt, ein von… https://t.co/noJvMrUoq3",0
ef:'Korruption der Herrscher in Afrika: Der Griff in die Staatskasse: Korruption der Herrscher in Afrika: Der Griff in die Staatskasse https://t.co/tMmNbxFaia ',0
"MMNews: Neues Fake News Feuer: Italien will Migranten-Rettung bestrafen: Die deutschen Medien verdrehen ein Dekret aus Italien, welches privaten 'Rettungsschiffen' das Anlaufen italienischer Gewässer verbietet. Read more... https://t.co/I4MaUpT1pv",0
"Unzensuriert:Demonstration für die Familie aus Vater, Mutter, Kindern am 15. Juni in Wien: Marsch für die Familie Foto: z.V.g. Bereits zum achten Mal findet am kommenden Samstag, 15. Juni, der Wiener Marsch für die Familie statt. Er wird vom christlichen… https://t.co/XDAuwYb7Ay",0
DWN: „Peking wird sich dem Druck des Weißen Hauses nicht beugen“: Im Gespräch mit den Deutschen Wirtschaftsnachrichten analysiert der Energie-Experte Demostenes Floros die wirtschaftlichen und geopolitischen Hintergründe der Iran- und der Libyenkrise. https://t.co/Ah4FcNHE1w,0
"DWN: Banken: Neue EU-Richtlinie wird Zahl der Online-Zahlungen spürbar verringern: Europas Banken sind nach eigenen Angaben nicht in der Lage, die neue EU-Richtlinie zu Online-Zahlungen bis September umzusetzen. Es drohen erhebliche Unterbrechungen. https://t.co/efrkshtksD",0
"JF: Die SPD hat ihre Chance verspielt: 2010 hatte die SPD die Chance, den Ratschlägen Thilo Sarrazins zu folgen und einen einwanderungskritischeren Kurs einzuschlagen. Die jetzigen Wortmeldungen von Sigmar Gabriel und Thomas Oppermann wirken… https://t.co/OquUA1txJB",0
DWN: Europas Banken kommen mit Abbau fauler Kredite langsam voran: Der Anteil ausfallgefährdeter Kredite in den Bilanzen europäischer Banken sank zwischen 2017 und 2018 spürbar. In einigen Ländern existieren aber noch immer hohe Risiken. https://t.co/BX8BzwpUtW,0
Unzensuriert:Kunstprojekt mit Bäumen verhindert Europacupspiel im Wörthersee Stadion: Wörthersee Stadion Foto: Steindy / Wikimedia (CC BY-SA 2.0) Man stelle sich Folgendes einmal vor: Der Wiener Traditionsverein Rapid schafft die Teilnahme am Europacup… https://t.co/qetAH5Nzn0,0
"Tichy:Ende einer Kanzlerschaft: Merkel ist nur noch ein Symbol ihrer selbst: Die Abdankung eines japanischen Kaisers scheint kinderleicht gegen die Beendigung der Kanzlerschaft Merkels. Symbolisiert der Tenno die Einheit Japans, so symbolisiert die… https://t.co/CmgIrjgnhR",0
ef:'Öko-Totalitarismus: Auf dem Weg zum grünen Ermächtigungsgesetz?: Öko-Totalitarismus: Auf dem Weg zum grünen Ermächtigungsgesetz? https://t.co/VitVfAiUtk ',1
ef:'Perle des Tages Folge 116: Es ist eine globale Propaganda-Anstrengung: Perle des Tages Folge 116: Es ist eine globale Propaganda-Anstrengung https://t.co/90iqhewFPt ',0
DWN: Schock für deutsche Hersteller: Autoabsatz in China bricht stark ein: Der Autoabsatz im weltweit wichtigsten Wachstumsmarkt ist im Mai deutlich eingebrochen. Die deutschen Autobauer stehen vor ernsten Problemen. https://t.co/RgqxNmM0P5,0
"MMNews: Lafontaine für SED: Der ehemalige Vorsitzende der SPD und spätere Mitbegründer der Linkspartei, Oskar Lafontaine, hält laut eines Medienberichtes eine Fusion beider Parteien für notwendig und vertritt diese Position in internen Gesprächen bereits… https://t.co/pBb4pAIguJ",0
"Unzensuriert:Rote Abzocke: Poker-Millionär zapft in SPÖ-Gemeinde Wiener Wasser ab: Brunnsee in den Wildalpen Foto: Uoaei1 / Wikimedia CC BY-SA 4.0 Heute Mittwoch, 12. Juni, wird die FPÖ im Parlament einen Wasserschutz-Antrag einbringen. Dadurch soll die… https://t.co/Omsrv50Puk",0
"Compact: Klöckner von Notre Dame schlägt 13 bei Nestlés Glyphosat-Lisel – Elmis moinbrifn vom 12. Juni: Unser Kolumnist Elmar Hörig macht sich gut als Klöckner von Notre Dame und liest der Julia die Leviten, hilft beim Molotow-Löschen nach… https://t.co/HBJFC8RERf",0
"JF: Sarrazin rät SPD: Mehr Dänemark wagen: Der frühere Berliner Finanzsenator Thilo Sarrazin (SPD) hat seiner Partei geraten, sich in der Asyl- und Einwanderungspolitik an den dänischen Sozialdemokraten zu orientieren. Die SPD in Deutschland sehe auch… https://t.co/IlTwQTeVCk",0
Tichy:Armin Laschet: „Er kann wirklich nichts dafür …“: Er kann wirklich nichts dafür … ist die Überschrift eines fast ganzseitigen „PR-Artikels“ in der Frankfurter Allgemeinen Sonntagszeitung „zu Gunsten“ des nordrhein-westfälischen… https://t.co/i7uO941405,0
"DWN: Ifo-Institut: Einwohnerzahl Ostdeutschlands sinkt auf Stand von 1905: Die Einwohnerzahl Ostdeutschlands ist auf den tiefsten Stand seit vielen Jahrzehnten gesunken, berichtet das Ifo-Institut. https://t.co/jvNzyhds8C",0
"Tichy:In Brandenburg führt demoskopisch die AfD: Wie seit längerem angenommen zeichnet sich für die Landtagswahl in Brandenburg die AfD mit demoskopisch 21 Prozent als stärkste Partei ab. Käme die SPD auf die gemessenen 18 Prozent, würde sie gegenüber… https://t.co/Pw1kOIOWTF",0
ef:'Alternative Nachrichten Folge 264: Grillfest. Volksherrschaft. Abspaltung. Internetzensur. Mieterhöhung. Gold.: Alternative Nachrichten Folge 264: Grillfest. Volksherrschaft. Abspaltung. Internetzensur. Mieterhöhung. Gold. https://t.co/x8vnLN9kkk ',0
ef:'Ein Märchen: Der bewegte Himmel: Ein Märchen: Der bewegte Himmel https://t.co/mCmKjZJI5N ',0
"Contra-Mag.:Brandenburg: AfD stärkste Kraft – Grüne im Plus: In Brandenburg wird der Landtag bald gewählt. Gewinner werden die AfD und die Grünen sein. Von Redaktion In nur drei Monaten, nach der Sommerpause, wird in Brandenburg ein neuer Landtag… https://t.co/5WOfiTTLIy",0
Contra-Mag.:Schuldenstreit: Italien im Konflikt mit der EU: Verursacht Italien die nächste Eurokrise? Der Streit zwischen Rom und Brüssel wegen der Staatsverschuldung verschärft sich. Von Redaktion Die Europäische Union ist der förmlichen Einleitung… https://t.co/nusAuo1FVn,0
"Tichy:Politpegel: Grüne 26, Union 24: Werfen Sie bitte einen Blick auf die Ergebnisse der berühmten Sonntagsfrage zur Bundestagswahl nach einer aktuellen Umfrage von INSA für BILD: Ich bin damit einverstanden, dass mir Inhalte von Twitter angezeigt… https://t.co/l3sgeGPmBJ",0
"Contra-Mag.:Washingtons Sucht nach Krieg durchbrechen: Washington ist in einem ständigen Zustand des Kriegsrausches. Die Frage, wie man mit den globalen Herausforderungen umgehen soll, scheint immer mit der gleichen Antwort beantwortet zu werden:… https://t.co/fDdGRlBYIa",0
ef:'Grausiger demographischer Schock laut „Zeit Online“: Deutschland hat nur noch zwei Einwohner: Grausiger demographischer Schock laut „Zeit Online“: Deutschland hat nur noch zwei Einwohner https://t.co/ndJCIRdjxK ',0
"MMNews: Brandenburg: AfD stärkste Kraft, rot-rot am Ende: Mainstream-Propaganda für Blockparteien nutzlos? In Brandenburg liegt die AfD erstmals vorn. Das geht aus dem aktuellen BrandenburgTrend von infratest dimap im Auftrag des rbb hervor. Aber auch… https://t.co/btmYpJOmWj",0
"Contra-Mag.:Lawrow: USA und Russland müssen Atomkrieg vermeiden: Moskau hat Vorschläge zu sämtlichen strategischen Stabilitätsfragen eingereicht, aber bisher noch keine Antwort erhalten, sagt der russische Top-Diplomat. Lawrow fordert die USA zur Antwort… https://t.co/cAv4hpkj1t",0
ef:'Äußerung von Horst Seehofer zum Umgang mit Gesetzesvorlagen: Ein nicht komplizierter Absatz des Einkommensteuergesetzes: Äußerung von Horst Seehofer zum Umgang mit Gesetzesvorlagen: Ein nicht komplizierter Absatz des Einkommensteuergesetzes https://t.co/F2uietkdsl ',0
"PAZ:Ein starkes Stück: Überheblichkeit und Doppelmoral: »Deutsche Politiker reden über Österreich, als wäre Wien Magdeburg oder Hannover« https://t.co/tRaAH0SuJV",0
PAZ:Neuwahlen voraus: Es geht nicht mehr: Insider geben der Groko nur noch Monate https://t.co/AmG1fs6VPX,0
Unzensuriert:Dank Antrag der FPÖ: Sicherheitsschule in Wiener Neustadt gerettet!: Bundesheer Foto: https://t.co/r3yojKRBAK Am heutigen Tage fasste der Nationalrat im Rahmen der Plenarsitzung den Beschluss über die Instandhaltung der Bundeshandelsakademie… https://t.co/QImPCJhoaG,0
"Tichy:Schäfer aus Eifel klagt an: Schafe nachts auf Wiese grausam geschächtet: „Sie sind bestialisch getötet worden“ und „Wer schächtet nachts meine Tiere?“, fragt ein verzweifelter 62-Jähriger Schäfer aus der Eifel, dem in der Nacht auf der Wiese mehr… https://t.co/0ESg0nZ6YL",0
"MMNews: Ramelow, Günther: AfD Bedrohung für Deutschland: Die Ministerpräsidenten von Schleswig-Holstein und Thüringen warnen in einem gemeinsamen Interview vor einem weiteren Erstarken der Rechtspopulisten. Read more... https://t.co/dUQ0jK2YSM",0
MMNews: Italien: 50.000 Euro Strafe für Schlepper-Schiffe: Die Regierung in Rom will privaten 'Rettungsschiffen' das Anlaufen italienischer Gewässer verbieten. Bei Zuwiderhandlung drohen Kapitänen oder Betreibern bis zu 50.000 Euro Geldstrafe. Read more... https://t.co/xrRSryQx3s,0
JF: ifo-Institut: Der Osten Deutschlands blutet aus: Auch fast 30 Jahre nach der Wiedervereinigung driften die Einwohnerzahlen in den alten und den neuen Bundesländern weiter auseinander. Der Osten Deutschlands ist auf die Bevölkerungszahl des Jahres… https://t.co/lvB1C5JR43,0
.@Joerg_Meuthen: ❝#Artikel13 &amp; #Uploadfilter - eine riesige #Zensurmaschine!❞  Unser #AfD-Bundessprecher und Spitzenkandidat zur #Europawahl wird im #Europaparlament gegen diese Zensurversuche stimmen!  #Artikel13Demo  Thematik anschaulich erklärt:  ➡ https://t.co/bTdLrSPM9x https://t.co/3jOB1Vy52Q,0
Die anderen Fraktionen nennen sich in anmaßender Unterscheidung von der AfD „Die Demokratischen“. Sie offenbaren aber durch nichts klarer als  durch diese Beleidigung Millionen deutscher Wahlbürger ihre eigene Unwilligkeit zur Demokratie.  https://t.co/YgeApmfGts,0
"Afrikas Bevölkerung wird sich bis 2050 verdoppeln. Reicht das, um an eine Invasion aus dem Süden zu glauben?! Was helfen könnte, ist endlich Geburtenkontrolle zu fördern! Dafür bräuchten wir Experten, die können sich dann nennen, wie sie wollen! #afd https://t.co/szilUy4dmJ",1
"Alle reinlassen wollen, aber selbst die Haustür abschließen. Das 'Klima retten' wollen, aber das als Vielfliegerin. Von Demokratie reden, aber EU und Zensur abfeiern. Andere sollen Sprache gendern, aber selbst ganz normal twittern. So tickt diese Doppelmoral.",0
"@VenomStrike3 @ITUADE @Dieter_Stein @AfD Abgesehen vom schleichenden Verlust der nationalen Identität und Kultur haben wir mit vielen Einwanderergruppen auch kaum Probleme. Es gibt aber ein spezifisches Problem mit Einwanderung aus islamischen Ländern, siehe Sarrazins Buch. Viele Muslime wollen sich gar nicht ändern.",1
"Die Aktion '#UnwortdesJahres' wird zunehmend zu einem politischen Steuerungsinstrument zur Unterdrückung unliebsamer Meinungen.👎 Wehren wir uns! Schlagen wir '#Hetze(-r/in)', '#Hetzjagd' und #Zusammenrottung' als Unwörter vor!   ℹ️ https://t.co/U3F0UKVIPU   https://t.co/aWj3C7lovO",0
Der Launch-Trailer zu Red Dead Redemption 2 feiert morgen um 16 Uhr seine Premiere.    Bestelle jetzt eine digitale Version vor und lade sie ab Freitag um 0:00 Uhr vorab herunter: https://t.co/8nKSFKFF1x https://t.co/qWqdPe8rM3,0
"Zwangsheirat und Vergewaltigung - diese Unkultur fördern Linksverblendete und Multi-Kulti-Klatscher in Deutschland, inszenieren andererseits aber die übertriebene #metoo-Kampagne. Was für linke Heuchelei! #AfD #Poggenburg    https://t.co/HxLyWTPCRR",1
Machetenähnliche Waffe schwingender Vergewaltiger: Elfeinhalb Jahre Haft seien laut Gericht ungerecht. Hat da mal wieder jemand mehr Empathie für den Täter als Mitgefühl für das Opfer? Bin fassungslos. #AfD #Camperin #Bonn https://t.co/2MhBdAsTBX,0
"Unzensuriert:Gesundheitswesen: Südtiroler Volkspartei sägt am ethnischen Proporz: Krankenhauszimmer Foto: Fotos GOVBA / flickr (CC BY 2.0) Auf Vorschlag der SVP wurde in Bozen beschlossen, ein weiteres Mal den mühsam errungenen Volksgruppenausgleich… https://t.co/uyouStTXUY",0
Compact: Volksbegehren: Gegen die Zwangsfinanzierung öffentlich-rechtlicher Medien durch freie Bürger: Am 06. Juni 2019 fand im Bürger- und Medienzentrum des Landtags von Baden-Württemberg eine Pressekonferenz zum vom Landtagsabgeordneten Stefan Räpple… https://t.co/fq20vFYC0v,0
Contra-Mag.:Putins Italienbesuch: Beziehungen verbessern: Russlands Präsident Wladimir Putin will im Juli Italien besuchen. Die bilaterale Kooperation soll verstärkt werden. Von Redaktion Der russische Präsident Wladimir Putin wird im Juli Italien… https://t.co/P5xsYQY6Sn,0
Contra-Mag.:Trump verschiebt Soldaten von Deutschland nach Polen: Insgesamt 1.000 US-Soldaten sollen von Deutschland aus nach Polen verlegt werden. Dies kündigte US-Präsident Donald Trump an. Warschau bezahlt das. Auch eine F-35 wurde ausgeliefert. Von… https://t.co/3vYbZHMHbq,0
"ef:'Daniel Cohn-Bendit fordert die Rückkehr der SED: Kein schwarzer Humor, sondern grüne Realpolitik: Daniel Cohn-Bendit fordert die Rückkehr der SED: Kein schwarzer Humor, sondern grüne Realpolitik https://t.co/bYoGuiT4vi '",0
Contra-Mag.:Unions-Minderheitsregierung im Anmarsch?: Bei den Landtagswahlen im Herbst werden CDU und SPD massiv verlieren. Die Sozialdemokraten könnten die GroKo verlassen und die Union alleine zu Ende regieren. Von Michael Steiner In drei östlichen… https://t.co/hOq9rPYXHd,0
PAZ:Dem Euro droht eine Parallelwährung: Warum ein EU-Defizitverfahren gegen Italien trotz Empfehlung der EU-Kommission unwahrscheinlich ist https://t.co/9yrmRmW9x4,0
"Unzensuriert:Nationalrat stimmt für Schließung von König-Abdullah-Zentrum: ÖVP dagegen: SAudiA Foto: Anashir / Wikimedia (CC BY-SA 3.0) Nur wenige Tage nachdem das Regime Saudi-Arabiens bekanntgab, einen ihrer Kritiker, den sie mit gerade einmal 13… https://t.co/zntlhZF0e7",0
"Sezession:Lauren Southerns Fall und #VoxAdpocalpyse: Lauren Southerns neuer Film „Borderless“ wird vermutlich auch ihr letzter sein. Kaum war der lang erwartete Film, der ihr Opus magnum werden sollte, auf Youtube und anderen Kanälen veröffentlicht… https://t.co/ZBhy4p7o7K",0
"Tichy:Ferienvermietung treibt nicht die Immobilienpreise hoch: Kike Sarasola gilt in der Branche als „bizarr“. Der ehemalige spanische Olympia-Reiter ist nicht nur ein Pferde-Narr, weswegen der Tierkopf auch im Logo seiner Hotelkette Room Mate verewigt… https://t.co/Wxbgs1J3ox",0
"PI: Im Westen nichts Neues? Patrioten sind das Salz der Erde im Westen: Von ACHILL PATRAS | Die Stimmen mehren sich, „den Westen“ aufzugeben. Das schockierende Abschneiden der Grünen bei der EU-Wahl hat nicht nur Europa gespalten und in unseren… https://t.co/7AjFvTsfd4",0
Tichy:Strache-Video: Damit wurde eine Wahl massiv beeinflusst: Mit der Produktion und Veröffentlichung des Strache-Videos haben die Drahtzieher bewusst das Ergebnis einer Wahl beeinflusst und damit massiv in die österreichische Demokratie eingegriffen.… https://t.co/tgFoiqwuBC,0
ef:'Webseite der ARD-Nachrichtensendung über Touristen und Heuschrecken: Die Plagen der „Tagesschau“: Webseite der ARD-Nachrichtensendung über Touristen und Heuschrecken: Die Plagen der „Tagesschau“ https://t.co/9EBxkyQfLh ',0
"Compact: Alles Gute zum 50. Geburtstag, lieber HC Strache!: Die FPÖ hat die Geburtstagsfeier abgesagt – COMPACT gratuliert trotzdem! Und gibt dem guten Mann einen guten Ratschlag aus COMPACT 6/2019 mit auf den Weg. HC Strache wird heute 50! Was hätte das… https://t.co/zUsEJQsdoL",0
Contra-Mag.:Italien: Migrantenrettung wird teuer: Mittels eines Dekrets hat die italienische Regierung die Rettung von Migranten aus dem Mittelmeer unter Strafe gestellt. Hilfsorganisationen müssen dann zahlen. Von Redaktion Private Schiffe im… https://t.co/fFVoFu24Ee,0
"MMNews: Wehe, wenn die Notenbanken die Kontrolle über die Zinsen verlieren: Weltweit tendieren die Zinsen gegen Null. Was können also die Notenbanken noch tun, wenn es zu einer Rezession kommt? Die Lage dürfte beunruhigend werden. Einzige Rettung: Gold.… https://t.co/njZ2S6Ze2e",0
"Unzensuriert:Umfrage: AfD schon deutlich stärkste Kraft in Brandenburg vor SPD, Grünen und CDU: afd Foto: vfutscher/ flickr (CC BY-NC 2.0) Besonders gute Nachrichten für die Alternative für Deutschland (AfD) gibt es vor allem aus dem Osten der Republik.… https://t.co/BQoYhjjheh",0
ef:'OECD und G20 auf der Suche nach globalen Einnahmequellen: Steuer-Erotik: OECD und G20 auf der Suche nach globalen Einnahmequellen: Steuer-Erotik https://t.co/rKSW1fkonH ',0
"MMNews: Finanzminister Scholz verteidigt Mietendeckel: Bundesfinanzminister Olaf Scholz (SPD) hat Verständnis für die Pläne der rot-rot-grünen Berliner Landesregierung gezeigt, die Mieten für fünf Jahre einzufrieren. 'Man muss über solche Maßnahmen… https://t.co/L7523HRTmA",0
Compact: Der Osten leuchtet: Kretschmer lädt Putin nach Sachsen ein https://t.co/rEM06f56kl,0
"PI: Kasatschok, Kalinka und … BILD Was man über Ossis und Putin schreiben darf – und was nicht: Von PETER BARTELS | BILD stirbt? Alter Hut! Wer die Auflage von mehr als fünf auf weniger als eine Millionen versaubeutelt, stirbt eben. Warum aber… https://t.co/z6aXh3YMSW",0
JF: Demonstranten fordern Ausrufung von deutschlandweitem Klimanotstand: Mehrere Demonstranten haben sich am Dienstag aus Protest gegen die Klimapolitik der Bundesregierung ans Kanzleramt in Berlin gekettet. Die Gruppe „Extinction Rebellion Deutschland“… https://t.co/t3aYFFbLIu,0
"Unzensuriert:Nordkorea: Ermordeter Kim Jong-nam soll CIA-Informant gewesen sein: Airport Kuala Lumpur International Foto: Craig / Wikimedia (PD) Kim Jong-nam, älterer Halbbruder des nordkoreanischen Diktators Kim Jong-un soll ein CIA-Informant gewesen… https://t.co/bWbz8pK0Gp",0
Unzensuriert:'Den Mann in sich töten': Plakat vor Frauenstreik in der Schweiz regt auf: Frauenstreik Foto: Comet Photo AG / wikimedia (CC BY-SA 4.0) Am 14. Juni sollte es in der Schweiz wieder zum jährlichen „Fraustreik“ kommen. Um auch dort auf die… https://t.co/N3Jnw9hrRK,0
"Tichy:Der hochgebildete Herr Laschet: Immer, wenn sie auf einen besonders von sich überzeugten Zeitgenossen traf, pflegte meine Großmutter – Gott hab‘ sie selig – festzustellen: „Einbildung ist auch ‘ne Bildung!“ Hatte sie recht – und wer bin ich, die… https://t.co/P5k2e8yIKx",0
ef:'Angeblich geplante Abschaffung des Solidaritätszuschlags: 30 Jahre hinter der Möhre her: Angeblich geplante Abschaffung des Solidaritätszuschlags: 30 Jahre hinter der Möhre her https://t.co/NaTYf36jVE ',0
DWN: China fährt Exporte seltener Erden deutlich zurück: China fährt seine Exporte Seltener Erden deutlich zurück. Die strategisch wichtigen Rohstoffe dienen offenbar als Hebel in den Handelsverhandlungen mit den USA. https://t.co/W9s2CelTii,0
DWN: Werden Kryptowährungen bald gängiges Zahlungsmittel bei Online Casinos?: Überall werden derzeit Optionen zur Zahlung mit Kryptowährungen eingeführt. Spielt auch die Token-Industrie um Online Casinos mit? https://t.co/auH4hSdk9n,0
"JF: Vorerst kein Leitfaden zur Gender-Sprache an Hamburger Uni: Die Gleichstellungsbeauftragte der Universität Hamburg, Angelika Paschke-Kratzin, ist mit ihrem Vorstoß nach einem Leitfaden zu gendergerechter Sprache zunächst gescheitert. Es sei… https://t.co/c7gEsad9TX",0
"DWN: Trump attackiert die Federal Reserve: „Zinsen sind viel zu hoch“: US-Präsident Donald Trump drängt die US-Zentralbank Federal Reserve, die Leitzinsen zu senken. https://t.co/vIhNgnmbEI",0
MMNews: Kommt eine neue SED?: Daniel Cohn-Bendit fordert eine Fusion von SPD und Linkspartei – und glaubt an einen grünen Kanzler. Kann das die Genossen retten? Read more... https://t.co/K4usk6stpF,0
ef:'Perle des Tages Folge 115: Editorial: Perle des Tages Folge 115: Editorial https://t.co/OcAtQfR0X8 ',0
"MMNews: IS droht Bayern: Im Internet ist ein Drohschreiben des Islamischen Staates aufgetaucht, in dem Bayern aber auch Deutschland Vergeltung angedroht wird. Grund: Unwürdige Asylbedingungen für Muslime. 'Mit Allahs Hilfe überschüttet der IS Bayern mit… https://t.co/5VnsxkApGp",1
Zuerst: Eurorechte „Super-Fraktion“ ist erst einmal vom Tisch: Polen und Briten wollen nicht mitmachen: Brüssel. Auch die bei der jüngsten Europawahl teils recht erfolgreichen Rechtspopulisten kochen nur mit Wasser – ihre geplante… https://t.co/U3grqgc26x #International,0
ef:'Migrationspaket der Bundesregierung: Der große Bluff: Migrationspaket der Bundesregierung: Der große Bluff https://t.co/tVerM9IqYV ',0
"JF: Afrikaner mißbraucht neunjähriges Mädchen in Roßlau: Ein 27jähriger Afrikaner, der in Dessau-Roßlau ein neunjähriges Mädchen mißbraucht haben soll, sitzt in Untersuchungshaft. Am Montag nachmittag wurde gegen den nigrischen Staatsbürger Haftbefehl… https://t.co/eBg7JHwgtg",0
DWN: Arbeitsagentur erwartet Anstieg der Kurzarbeit: Die gute Lage auf dem deutschen Arbeitsmarkt trübt sich seit einigen Monaten ein. https://t.co/QV1LP6K8mP,0
"Tichy:„Klimadiktatur“ aus Umweltbundesamt: Journalismus für die große Transformation Teil II : Im ersten Teil zu diesem Artikel hatte TE Vorgänge im Umweltbundesamt recherchiert, die Anlass zur großer Besorgnis geben. In Teil I aufgezeigt werden konnte,… https://t.co/hpjfD1u97I",0
Contra-Mag.:EU: Der Wunsch nach Macht und Einfluss: Die Europäische Union soll weltweit einen größeren Einfluss ausüben. So heißt es in der „Strategischen Agenda“ der Brüsseler Eurokraten. Doch dazu müssen diese über ihren eigenen Schatten springen. Von… https://t.co/KolWKfqhMT,0
Contra-Mag.:Jahrestag des israelischen Angriffs auf die USS Liberty und Netanjahu der Diktator: Die Medien ignorieren sowohl die Machtübernahme des israelischen Premierministers als auch den Jahrestag eines israelischen Kriegsverbrechens gegen… https://t.co/SJsOR6wRM3,0
"Contra-Mag.:US-Konzernmedien: Die USA bedrohen den Iran nicht, sie reagieren nur auf iranische Bedrohungen: US-Führer bedrohen den Iran seit Jahren, aber die US-Konzernmedien bezeichnen die Eskalationen der USA gegen den Iran hartnäckig und zu Unrecht… https://t.co/mOcgnSKnYJ",0
"JF: Vatikan kritisiert „Bildungsnotstand“durch Gender-Ideologie: Der Vatikan hat eine kritische Stellungnahme zur Gender-Ideologie veröffentlicht. Unter dem Titel „Als Mann und Frau schuf er sie“ soll laut des Herausgebers, der katholischen… https://t.co/GsQXHrInDX",0
"Tichy:Die Löcher in den Socken sind Robert Habecks Stigmata: In Deutschlands Parteiengefüge vollzieht sich ein Umbruch, den die meisten in Berlin Mitte noch gar nicht richtig begriffen haben. Beziehungsweise: gerade die Leute im Zentrum der Hauptstadt… https://t.co/fDcNuHtm8T",0
"LePenseur:'Nix neues unter der Sonne: von Fragolin Das neue Militärgymnasium, das in Niederösterreich entstehen sollte, wurde von dem Übergangs-Verteidigungsexperten geschasst. Nicht etwa aufgeschoben bis zur Meinungskundegebung des Wahlpöbels im… https://t.co/6NZlggDmcM '",0
"Contra-Mag.:Weltpolitik: Putin ruft zur Abkehr von der Konfrontation auf: Russlands Präsident Wladimir Putin fordert die Welt dazu auf, regionale und globale Probleme auf konstruktive Weise zu lösen. Er kritisiert die egoistischen Alleingänge der USA.… https://t.co/1f0J6V4v6z",0
PAZ:Elefantenhochzeit bei Autobauern?: Fiat Chrysler und Renault streben eine Fusion an – Widerstand aus Frankreich droht https://t.co/3NBWZbR3fu,0
"Zuerst: Mühsamer Weg zur „Festung Europa“: EU-Innenminister legen sich auf schnellere Asylanten-Abschiebung fest: Luxemburg. Solche Ankündigungen, denen dann leider keine Taten folgten, hat man von der EU leider schon oft gehört: jetzt… https://t.co/3yWx38rH59 #International",0
"Fasching 2070: Ein Buntling, wohnhaft in ehemals 'Deutschland', verkleidet sich als indigener Deutscher!    Werden Bessermenschen das wegen Rassismus gegenüber einer fast ausgestorbenen Minderheit verurteilen oder es verbieten, weil es immer noch 'Nazi' ist?  #Indianer",1
"Das gibt für Berliner Bischof Koch Loyalitätsprobleme, 'Jesus-Greta' oder 'Stellvertreter Gottes auf Erden-Papst'. Für mich sind es 3 Scharlatane.    Greta Thunberg trifft Papst Franziskus in Rom https://t.co/2t77RWXfrg",1
"Wie soll ich mal meinen Enkeln erklären, dass Deutschland mal als gebildet, hoch entwickelt, fortschrittlich und sauber in der ganzen Welt bewundert wurde wenn alles voller Sisha-Bars, Ghettos, Dealer, Müll + Hochreligiöser und verschleierten Frauen ist? #Heimat",0
"'Regierung soll sich an Recht + Gesetz halten' - bei Grenzwerten.  Warum nicht beim Grenzschutz, du Nervensäge Robert Habeck?   #illner",1
🙌 WAUW    🇪🇷 Eritrea meets KingSide 🇳🇱    #WILpec @alex_isak https://t.co/B75pzqOEX4,0
#AbouChaker wurde in einem Gericht verhaftet. Vermutlich traut sich die Polizei gar nicht mehr arabische Clanmitglieder aus deren Häusern oder Autos zu verhaften.,0
"Weil #Habeck  zu minderbemittelt für Twitter ist, ist es für ihn ein 'Instrument der Spaltung'.   Btw: Am meisten spalten übrigens die Deutschland-Vernichtungstweets der irren Grünen Jugend.",1
"#Mülheim, Sa, 29.12. 20:30: ~ 40 Jähriger, 1,85 m, schlank, rote Jacke, warf ca. 10 Jahre alte Hündin (max. 40 cm hoch, hellbraunes+wenig Fell, orangene Leine+Halsband) von einer Brücke nahe Schlossbrücke in die Ruhr. Das arme Tier ertrank! Wer kennt ihn?   https://t.co/cKX0p33YRv",0
"Normaler Mensch: '100 Milliarden Euro zum Fenster rausgeschmissen, für Fremde, oft gar nicht Legale?'  EU: 'Stimmt, das geht nicht! Machen wir mal was anderes! Wie wäre es wenn ihr auch noch eine EU-Arbeitslosenversicherung bezahlt?'     https://t.co/jvF1UlSFlx",0
Laut #Scholz sind 'Deutschlands fette Jahre vorbei'.  Ach ja? Deutsche sollen also wieder auf 'den Gürtel enger schnallen' eingeschworen werden wie schon beim Wirtschaftsabschwung ~2007? Warum? Dass Milliarden Euros da sind wissen wir ja jetzt.,0
'Schutzsuchende' kommen per #Seenotrettung nach Italien  Beantragen dort Asyl  Fahren mit #Flixbus nach D  Beantragen auch Asyl  Beziehen so 2x Sozialleistungen  Maßnahme aus D: Alle rein+  'Wir appellieren an Flüchtlinge nicht auch in D Asyl zu beantragen'   https://t.co/Wh0Fa0DUcN,0
"Toll, am #Hamburg Hauptbahnhof wieder mal die Jackpot-Frage:  Bin ich in Afrika oder in einer Salafisten-Hochburg gelandet?",0
"Liebe Linksfaschos:  Ich werde euch weder auf meine von euch gescreenshotteten Tweets mit eurem Unsinn drunter, auf 2. Accounts oder Beleidigungen per DM antworten. Was nicht heißt, dass ihr Recht habt, sondern dass ich euch keine Reichweite durch Erwähnung schenken will.",1
"Merkel weg, Flutung läuft genauso.  #2018In5Words",0
"Auch halb totgelacht. Das Mai-Lab 😉 erzählt was von schwingen Molekülen und sagt, hätte Ahnung von Chemie. Und erzählt nicht, dass #4G bzw. #5G #Microwellenstrahlung das #Klima mehr #erwärmen als #CO2 (Energieumwandlungsgesetz).     https://t.co/qo0hWMcomZ",0
Miss Baltimore für alle wieder. Vater 3x Bürgermeister und damit Präger von Platz 2 der Shitholetowns von Amerika. Also das Berlin o. Frankfurt von Amerika – je nachdem wo man lebt. Schaut sie euch genau an. Die sind es die Städte &amp; Länder zerstören. 😀👍  https://t.co/vcEC2H3Kjj,0
"Ich gehöre zu keiner Partei &amp; manchmal wünsche ich mir, dass alle Diktatorenunterstützer in den Meeresboden befördert werden.",0
"Nicht nur er. Merkel für alle. Nicht nur die Deutschen sollten was von ihr haben.  Merkel vor Präsidentin. Nach der besten Kanzlerin die Deutschland je hatte, lass sie die beste Präsidentin die Europa, ach die ganze Welt je hatte, werden. MERKEL, MERKEL...  https://t.co/eh6fqgSmVH",0
"Völlig verständliches Präventivverhalten. Politiker genehmigen sich 3% p.a. mehr Netto, entspricht für Andere fast 5% Brutto. Und wenn die Lebenskosten auch annähernd so steigen, zahlen welche drauf die gut kalkuliert haben oder gehen sogar pleite.   https://t.co/w8EqxxuLS0",0
"Privat: Einiges erreicht, großes Ziel gesetzt.  #2018In5Words",0
#AachenerVertrag erinnert an:' Aus D soll möglichst viel Vermögen verschwinden' - sinngemäße Ausage von D-Hasser Joschka Fischer.,0
https://t.co/UbgmDQNG9Y via @madmimi,0
"Der Angriff auf #Magnitz neutral betrachtet: Es sieht so aus, als ob der Typ in der dunklen Hose hinter Magnitz stehend ihm mit einem Gegenstand vorn an den Kopf schlägt! Dann übergibt er im Laufen dem 2. Typen den Gegenstand. Es könnte tatsächlich ein #Kantholz   gewesen sein. https://t.co/kWDKlkzUD6",0
"Leute die dramamäßig ihren virtuellen Selbstmord ankündigen:  ✔Reden nur, machen nichts  ✔Baden in Selbstmitleid  ✔Nerven ihre Umwelt sehr  ✔Geben anderen die Schuld  ✔Moralisieren  ... kann ja nur ein #Grüner sein https://t.co/8vONKDN9Pu",0
@Sandy82609625 https://t.co/3r7Xig58jI,0
@suzydymna https://t.co/3r7XifNxsa,0
"Imad #Karim heute abend vor der @AfDimBundestag: „Zwischen dem #Islam und der Mafia gibt es vor allem drei Gemeinsamkeiten: Man wird hineingeboren, man kann auch beitreten, aber keiner kann austreten.“ Austritt bedeutet das Todesurteil. #Apostasie https://t.co/UzDrbvBcHZ",1
"Das Zerreißen des Korans in Bremen war dem @ZDF einen 6-Minuten-Beitrag im Heute-Journal wert. Die 9-Jährige, die in #Dessau von einem 'Flüchtling' aus dem Niger vergewaltigt wurde, kam nirgendwo vor.",1
#NASA https://t.co/6lGz9QvAKO,0
https://t.co/5IwuKha2PS #Strache,0
Microsoft Flight Simulator - E3 2019 - Announce Trailer https://t.co/NEjWF1mreQ via @YouTube,0
"Muslim rast mit Auto in Menschenmenge von „Ungläubigen“ = möglicherweise Unfall, psychische Störung.    Weißer rast mit Auto in Gruppe von Muslimen = Hassverbrechen.    Schon an der Schlagzeile erkennt man, wer da wen umgefahren hat. https://t.co/J1180knFBF",0
Rothschild braucht zur Weltregierung Gesinnungswissenschaft und Gesinnungspolitik https://t.co/mbCBJ0NaCI,0
Alternative Nachrichten (Radio) https://t.co/hVlKEIs9k6,0
Polit-Talk – Tim K. – Der tiefe Staat in Deutschland https://t.co/rrGCDVQj8e https://t.co/hvCsuny71p,0
U.S. Navy bestätigt – offiziell – zahlreiche ernstzunehmende UFO-Sichtungen und UFO-Untersuchungen durch Militärs https://t.co/lPo4j8HXux https://t.co/B1CPtDHXkN,0
WsK 73: Thema: Deutsche Polizei – “Deutsche” Justiz https://t.co/5xxSGaMWxO https://t.co/cRgoUtxlPP,0
Die versteckten Gefahren von 5G https://t.co/KievLZ14YC https://t.co/qCDRSS8nUN,0
Projekt Zukunft 6 Projekt Luzifer und Alien Jesus…warum 5G unser neuer Gott wird… https://t.co/AIRuzjxBUS https://t.co/3ol6yyaIJO,0
Neu-Gestaltung der “Deutschen” Bahn…eine klare Offenbarung des Bevölkerungsaustausches https://t.co/TNRgwH1MmI https://t.co/AHhBWNM72X,0
wer das Tier nicht ehrt…. https://t.co/Fk2QPHbd8o https://t.co/OIaBo0VGoX,0
Die wichtigsten Meldungen der vergangenen Tage im Überblick: u.a. Afrikaner wird Bürgermeister…. https://t.co/FKM6UMqNW3 https://t.co/kTj6WQk1vp,0
Polit-Talk mit Tim K. – Mahnwachen für Deutschland https://t.co/Ux7WCuGsNK https://t.co/A6HHeFPRvO,0
Unsterblich – Unvergessen… https://t.co/MxdmeCTj5q https://t.co/inBbSH3ApW,0
GEHEIMAKTION und weitere KNALLER! https://t.co/aCLC4WzwWZ https://t.co/EqEC7jVZqc,0
Weg mit der Judensau !?! | AKTUELL https://t.co/fz2wqfXAzc https://t.co/cQiDv2fGRK,1
Megacrash: Die große Enteignung kommt https://t.co/BI52IvC70i,0
Thanks for helping ! https://t.co/8HDwLxp51b,0
Baby Bison! https://t.co/SZNdLQJUh7,0
Was Kommunismus mit einem Land macht.    'Einwohnerzahl Ostdeutschlands auf dem Stand von 1905'    'Dresden und Leipzig hätten heute doppelt so viele Einwohner und wären Millionenstädte'   https://t.co/hqnF1g0x48,0
"#AbdullahZentrum Ich bin stolz auf unseren Nationalrat und bedanke mich bei SPÖ, FPÖ und Neos für die Unterstützung. Das ist ein Zeichen für die Menschenrechte in #SaudiArabia, das hoffentlich nicht nur in Europa viele Nachahmer findet: https://t.co/4oUSBDKfz8",0
"Stell dir vor, im Parlament entstünde eine Rot-Blau-Grüne Koalition, und die täte auch noch das Richtige. https://t.co/5pQ4h17jgU",0
Fun fact: Auf Latein heißt Pizza 'placenta compressa'.    Guten Appetit! 🍕,0
Welchen Klarnamen habt Ihr Euch überlegt?,0
"@Fischblog @ForscherRobert @DennisEckmeier Pfannkuchen als lokale Bezeichnung für Berliner leitet sich etymologisch von placenta ab und bezeichnet das, was traditionell statt der in Restdeutschland üblichen Marmelade als rote Füllung genutzt wird. Die Berliner huldigen damit der vielgerühmten Fruchtbarkeit ihrer Frauen.",0
"Währenddessen, in der Notaufnahme:    (Ohrfeigen-Thread) https://t.co/Pg7dSabSnk",0
.@HeikoMaas in der Wahrnehmung des iranischen Regimes: „Jawan“ – eine Zeitung der Revolutionsgarden – veröffentlicht anlässlich seiner Iranreise eine antisemitische Karikatur des deutschen Außenministers. https://t.co/cqJFPOnaLH,0
Exklusiv: #Lafontaine und Kühnert bei den Fusionsverhandlungen.  #ineinsnundiehände https://t.co/wsxeTFiCyl,0
Twitter-Deutschland ganz bei sich. https://t.co/LLq5Vcq8jj,0
"Hier. Jemand macht einen Fehler. Und gibt ihn zu. Fast 10K Leute finden das gut, viele kommentieren wohlwollend. Es ist also möglich. Dazu gehören aber 2 Seiten: eine, die den Fehler einräumt, und die andere, die dann auch gutsein lässt. #Kommunikation2019 https://t.co/6o5twJGWCZ",0
"Wer in die #Türkei reist, muss aufpassen, sagt das @AuswaertigesAmt. Man sollte etwa nichts im Netz geteilt o. geliked haben, was im weitesten Sinne als Beleidigung von Präsident Erdogan gelten könnte. Die Türkei könnte trotzdem Gewinner der Saison bei deutschen  Urlaubern werden https://t.co/5PTa6Ztca2",0
"Organspende, Impfpflicht, Konversion'therapien': die Aluhüte und Flacherdler des Landes haben einen neuen Lieblingsfeind. https://t.co/TmyItW9rtP",0
Heiko Maas sagte dass er wegen Auschwitz in die Politik gegangen ist. Hier schüttelt er die Hand eines Mannes der Auschwitz gerne wiederholen würde. So was nennt kognitive Dissonanz https://t.co/OncWCeeMa3,0
Auf diesem Bild hat n-tv die nächste Kanzlerkandidatin (m/w/d) der CDU versteckt. https://t.co/CeSL86wWv6,0
"Aktueller Vorschlag zur Erneuerung der #SPD: hin zu einer ökologisch orientierten sozialen Demokratie. Egal welche #Kanzlerkandidatin die #SPD einmal aufstellt, dieser Vorschlag muss die Grundlage sein 😍✊ https://t.co/phWgmANdGn",0
Bei #Klarnamenpflicht wäre ich hier weg.   Viele andere vermutlich auch.,0
"Dieser Warnhinweis des Auswärtigen Amtes kommt praktisch zeitgleich mit Kramp-Karrenbauers Forderung nach einer #Klarnamenpflicht im Netz.   Ein weiteres Beispiel, weshalb man das Recht haben muss, im Netz anonym zu bleiben. #Meinungsfreiheit #Neuland @fdp #Erdogan https://t.co/QFsKnwpykh",0
"Ich fahre durch Dresden, sehe überall die 'SGD'-Schriftzüge der Dynamo-Fans, die stets mit 'ACAB' verziert sind, und frage mich: welchen Nachnamen tragen Bastarde, die in Sachsen geboren werden?",0
"Seit Tagen wird verbal auf die @polizei_nrw_k eingeprügelt. Ganz vorne mit dabei: Der Rassismusvorwurf.   Ja, gerade dieses Bild ist sehr verstörend. Dachte auch erst: „Geht gar nicht!“   Aber direkt die Rassismuskeule zu schwingen, fand ich zu einfach.  Folgendes ist passiert: https://t.co/UcQF4fN719",0
"Schön und gut, dass ihr ein paar glückliche Momente eingetuppert habt, denkt ihr auch daran, sie an schlimmen Tagen frei zu lassen?",0
"Alle reden davon, dass die SPD sich der 5%-Hürde nähert, aber kaum jemand über die Partei, die dort bereits angekommen ist.     Nahles ist zurückgetreten, aber Kipping ist noch im Amt. Warum eigentlich? https://t.co/2nTPHzHuuw",0
Doppelspitze Kevin/Thilo! 🍿 https://t.co/l4abXCH0s2,0
So. Jetzt Fußball-WM! ⚽️,0
"@HollsteinM Es ist der Kern der Sozialdemokratie, Menschen, die von ganz unten kommen, den Aufstieg zu ermöglichen. Die SPD macht Arbeiterkinder zu Akademikern und Kevins zu Bundeskanzlern. Danke, SPD!",0
Die SPÖ ist in ihrer Führungsdiskussion schon einen Schritt weiter als die SPD. https://t.co/Lr4O4rA7wN,0
Erster! 🎅❄️🌲 https://t.co/fs6w7bLoPD,0
"Nein, denn dann fällt dir der Penis ab und du kannst urplötzlich nicht mehr einparken. https://t.co/vNaye87WP2",0
"Ich liebe die Nüchternheit von @MariamLau1. Konsequent analytisch, zur Sache. Ohne Tamtam. Starke Frau. Gute Journalistin! https://t.co/oFfVRYSSE7",0
"Zu den finstersten Orten im akademischen Betrieb dieses Landes zählen die Orient-Institute, diese Horte der Gegenaufklärung und Ressentiments. Dass sich einige Nahostwissenschaftler öffentlich für BDS starkmachen, nimmt deshalb nicht wunder. https://t.co/GDPUs8VIPV",0
Ganz Wien hasst die Polizei ist wohl der deppertste slogan für eine berechtigte Demo den man verwenden kann. https://t.co/0A8LOM2h2C,0
"Der Bundestag beschließt etwas, das nicht zu 100% dem grünen Parteiprogramm entspricht, und Empörtwitter hat schon wieder Schaum vorm Mund.",0
Das ist Rosie. Rosi ist eine Fesche. Die ist sehr schnell maximal überfordert. Plötzlich wollen alle etwas. Das findet Rosi nicht so schön. Dann verfällt sie automatisch in eine Schockstarre. Man beruhigt sie in dem man Wanderlieder singt. #kritzelmonster https://t.co/SYSCJanXjB,0
Gabriel fordert von SPD „robuste Asylpolitik“ nach dänischem Vorbild    https://t.co/ADtQPXD2mk,0
"Mal angenommen, ihr wärt mit eurer Zeitmaschine im 17. oder 18. Jahrhundert gestrandet.    Welche moderne Errungenschaft würdet ihr am meisten vermissen?",0
"Held des Tages: Leo Varadkar, Ministerpräsident von Irland, der sich heute Trumps absurden Müll über die irische Landgrenze aus nächster Nähe anhörte, ohne zur Axt zu greifen.  Ich hätte das nicht geschafft. https://t.co/d5YVDY0kkO",0
Prognose: Sozialdemokraten bei Wahl in Dänemark vorn https://t.co/lYZ52RjgLI #Dänemark #Parlamentswahl,0
Bei den Wahlen in #Dänemark stehend die #Sozialdemokraten vor einem großen Sieg - beflügelt von einer strengen Flüchtlings- und Asylpolitik.  Angesichts dessen haben sich die Werte der Rechtspopulisten mehr als halbiert https://t.co/bQQSvUre0n,0
"Frauen/Mädchen dürfen im Gegensatz zu Männern keine Hosen bei Gymnastikwettkämpfen anziehen. Kommentar eines Trainers dazu: Frauen haben schöne Körper, das darf man auch sehen.   Gaht’s no?  https://t.co/Qy8dOBXJoa",0
"Als ökologisch bewusste Menschen schmeißen wir nicht einfach Essen weg. Wir stellen es in den Kühlschrank, schauen es so lang bei jedem Öffnen schuldig an, bis es vergammelt ist, und werfen es dann weg.",0
"Richtig ernst wird es doch erst, wenn die Smarthome-Pflicht kommt. Und das sehe ich eigentlich nicht vor der nächsten Bundestagswahl.",0
"In der Hölle sitzt Erich Mielke und weint bitterlich. Die Kapitalisten haben alles, wovon er immer träumte, und die Leute holen es sich sogar freiwillig in die Wohnung. #Alexa",0
😶 https://t.co/JpJZTCmC3N,0
Erkanbald ist ein schöner Name. #mainz,0
Aus der Reihe 'Das Leben in Graphen' - das Alter von männlichen Schauspielern und ihren weiblichen Co-Stars. https://t.co/g8HAT80l2W,0
"Währenddessen, in einem Gesundheitssystem in der Ersten Welt: https://t.co/VcKKXrwnsn",0
"Ich kann nicht an meiner Haltestelle aussteigen, weil mein Rock in der U-Bahn-Tür auf der gegenüberliegenden Seite eingeklemmt ist und jetzt muss ich so lange weiterfahren bis eine Haltestelle kommt, die auf der Seite liegt, keine Ahnung, wann das ist und wie gehts euch so?",0
"Meine Rede zur Taschengelderhöhung auf 150€ für ausreisepflichtige Asylbewerber. Wer will noch leben wie Gott in Frankreich, wenn er als Asylbewerber in Deutschland leben kann?    https://t.co/L4gGQDmjbR",1
Bitte nie wieder über Amerikaner lästern.    (Karte: @welt) https://t.co/jGmTNBmGxN,0
"Das Massaker des chinesischen kommunistischen Regimes an den Freiheitsaktivisten auf dem Platz des Himmlischen Friedens, heute vor 30 Jahren, war eines der prägendsten Ereignisse meines Lebens. Ich war 18, und Freiheit war ein ganz zentraler Begriff für mich. https://t.co/EeORtE75uz",0
Na gut. https://t.co/u8djzrgFgH,0
"Man könnte natürlich auch einfach die @Bild Zeitung fragen, mit welchem Bot die originalen Wagnertexte erzeugt werden. https://t.co/oZNgs7DajS",0
"Wisst ihr, was der letzte Satz meiner Freundin war? 'Ich hab euch lieb!' Die Liebe ist das, was am Ende  bleibt. Sie ging in dem Wissen, geliebt zu werden und ihre Liebe in anderen zurückzulassen. Wir alle haben ein Stück von ihr erhalten und dafür eins in ihr belassen.",0
"In dieser völlig bekloppten Stadt #Berlin zeigt eine Senatorin (Linke) Landesbeamte (Polizisten) an, weil die weisungsgemäß Abschiebungen durchführen = 5 Strafanzeigen wegen Hausfriedensbruchs.  Unfassbar.  Gut, dass der Innensenator dagegen hält  #r2g #Polizei https://t.co/QC6OUgFl4t",0
Landtag hebt die Immunität von Linus Förster auf: https://t.co/Ic4ROh8QTD,0
Der einzige Unterschied zwischen Merkel und Gabriel ist das Geschlecht -   in Inhalten und (In)Kompetenz unterscheiden sich beide nicht. * https://t.co/dJDou16yHF,0
Lesenswer! Roma in Ungarn: Die stummen Aufsteiger https://t.co/8bv9pG8j40 via @faznet,0
Hallo Prag! 💕 https://t.co/UxPdwUt6Ol,0
Gut wenn die Erfinder dieser Lügen Geschichte bestraft werden!  #FAKENEWS     https://t.co/YThxqUUaDA https://t.co/x14CauHZd5,0
"Für ein Land, in dem man für jeden Kleinscheiß 531 Genehmigungen beantragen, 47 Umweltgutachten vorlegen und 18 wütende Bürgerinitiativen besänftigen muss, sind Flugtaxis die Lösung aller Verkehrsprobleme, lassen Sie sich da nichts einreden!",0
"Eigentlich sind #Flugtaxis eine total großartige Idee für den Klimaschutz. Man müsste sie nur so groß machen, dass 30 oder 40 Leute reinpassen. Obwohl, wenn sie gar nicht fliegen, sind sie sogar billiger. Dann könnte man auch besonders große  Super-Flugtaxis auf Schienen....",0
"DWN: Autobauer: Riskante Wetten auf einen Durchbruch der Elektromobilität: Einer Analyse zufolge setzen viele Autobauer alles auf die Karte Elektromobilität. Selbst wenn diese riskante Wette aufgehen und der Durchbruch zur E-Mobilität gelingen sollte,… https://t.co/TZwOusCTS4",0
"Tichy:Ex-BND Präsident Hanning: Dublin wieder Geltung verschaffen: Der frühere BND-Präsident und Staatssekretär im Bundesinnenministerium, August Hanning, hält auf die Dauer die deutsche Asylpraxis nicht für durchhaltbar. Mit Blick auf die Verdoppelung… https://t.co/bRVaGTCsar",0
"DWN: Ökonom Basu: Warum die Handelsarithmetik China begünstigt: Der indische Ökonom Kaushik Basu glaubt, dass die US-Regierung ihre Strategie der Verhängung von Importzöllen nicht lange wird aufrechterhalten können. https://t.co/8PC0WMvQY1",0
"Tichy:Unternehmerverband fordert Steuerentlastungen gegen die Krise: Mit Blick auf die nachlassende Konjunktur in Deutschland hat der Verband der Familienunternehmer von der Bundesregierung Steuerentlastungen für Unternehmen gefordert, um die… https://t.co/STr7W2SJgs",0
"ef:'Leinwandheld Kay Nielsen (1886-1957): Minimalistisch, seltsam, nordisch: Leinwandheld Kay Nielsen (1886-1957): Minimalistisch, seltsam, nordisch https://t.co/8apfiqTVSO '",0
Compact: Kalte Krieger in Pullach https://t.co/WiFpMlECXI,0
DWN: Otto-Gruppe attackiert Amazon scharf: Die Otto Group ärgert sich über die Steuertricks des US-Konkurrenten Amazon. https://t.co/EG2sojDoyX,0
Contra-Mag.:DARPA will von Gedanken kontrollierte Waffen: Die Kybernetisierung des Krieges schreitet voran. Die DARPA treibt die Forschung an von Gedanken kontrollierten Waffen voran. Das ist gefährlich. Von Redaktion DARPA (Defense Advanced Research… https://t.co/6qqgHt1rke,0
"Contra-Mag.:Elektroautos: Neue Batterien lösen großes Problem: Deutsche Wissenschaftler haben neue Batterien entwickelt, die Elektroautos billiger machen könnten. Zudem steigt die Reichweite durch eine höhere Energiedichte an. Von Irina Slav /… https://t.co/20FApwV0Yf",0
MMNews: Gold: Aufwärtswelle ist in vollem Gang: Gold: Erstes Kursziel 1.450 Dollar pro Unze - dann geht die Party richtig los. Kommt jetzt die Beschleunigungsphase? Größter Gewinner sind Minenaktien.  Wie geht es jetzt weiter? Read more... https://t.co/Pp3ZKllUrO,0
Zuerst: Kastration per Gesetz: Alabama künftig mit chemischer Keule gegen Kinderschänder: Montgomery. Amerika ist anders: im US-Bundesstaat Alabama ist jetzt ein Gesetz zur chemischen Kastration verurteilter Kinderschänder verabschiedet… https://t.co/pTS7xzZcfI #International,0
"Eine @SPDde, die Politik für ganz normale lohnabhängige Schonlängerhierlebende macht, statt sich beim Wählermilieu anderer Parteien anbiedern zu wollen -- das wär's.",0
"Wenn man Überschriften wie „Merkels letzte Schlacht” liest und dann sein Smartphone ganz nah ans Ohr hält, kann man leise hören, wie Guido Knopp die Buchreihe Merkels Helfer schreibt.",0
Am #Weltfahrradtag von Wien nach Prag. Ich Pussy habe aber trotzdem den Zug genommen.   #VIEPRG 🚅 https://t.co/lJwjOK3Adk,0
"Ihr habt auch schon mitbekommen, dass nächste Woche Fußball WM ist, oder?",0
Im Fernsehen reden alle von @personaldebatte. Zurecht!,0
"Jetzt beginnt wieder diese Jahreszeit, in der man dauernd fremder Leute Tätowierungen ansehen muss.",0
Wer soll jetzt die SPD führen?,0
"Manchmal frage ich mich, ob Angela Merkel an Tagen wie heute auf die SPD blickt und sehr zufrieden mit ihrem Werk ist.",0
Dieses Video ist ein Hilferuf an die Welt: #Kreuzfahrtschiffe raus  aus #Venedig! https://t.co/dJE4MWBZTd,0
Und wenn sechs Parteien einfach eine zuviel sind?,0
AMS-Chef Kopf: 'Das 'falsche' Studium ist besser als gar keines': https://t.co/9hcuLc3Gl8,0
Nur ein Parteivorsitzender @Ralf_Stegner kann die SPD jetzt noch retten! ☝️,0
Die Älteren werden sich erinnern: vor der Bundestagswahl 2009 wurde die FDP genau absurd überbewertet wie heute die Grünen. Vier Jahre später flog sie aus dem Bundestag. #Forsa,0
Die Denunziations-Initiative „Reconquista Internet“ inklusive der Hetze gegen die Familie der ermordeten Susanna wird belohnt.  #grimmepreis     https://t.co/8yrHVXc7DO,1
"Identitätspolitik ist, wenn sich immer neu Opfergruppen konstituieren. https://t.co/4WC8QIxtac",0
"Ernsthaft Leute, seid dankbar für eine durchschnittliche Biografie.",0
@streetcoverage @PolizeiSachsen @DJVde Nicht nur zu #dd1502 wird klar daß @streetcoverage mit Presse und Journalismus nicht viel zu tun hat. Das sind einfach Symphatisanten des Linksmobs die mit Kamera in der Hand versuchen Förderknete vom großen Kuchen des Kampfes gegen rääächtz abzubekommen.,1
Vatikanstädtischer Humor. https://t.co/mZpDQT2lGx,0
"Typische österreichische Tätigkeit:     Jeden Morgen nach dem Aufstehen als Erstes nachsehen, wer heute Bundeskanzler ist.",0
Wir haben gestern Game of Thrones zuende geschaut. Jetzt kann ich endlich diese Liste wieder löschen. So viele Arschlöcher schicken Spoiler in die Welt. Es gibt nicht genug Drachenfeuer für alle. https://t.co/iLT5iHet6E,1
"Überraschung!Die #AfD hatte also mit der Einschätzung Recht,die Kampagne gegen #Maaßen habe zum Ziel gehabt,den #Verfassungsschutz als Machtinstrument missbrauchen zu können.Sollen sie mal„prüfen“–sie können höchstens dabei was lernen,wie jüngst in Bayern.  https://t.co/d1butHv5hq",0
"@suse1603 @EmmanuelMacron Weil wir uns überall klar GEGEN Gewalt und für friedlichen Protest aussprechen? Vergessen Sie es einfach, Ihre linke Dauerhetze glaubt Ihnen niemand. Gewalt und brennende Autos sind in Deutschland eher Sache Ihresgleichen!",1
PI: Markus Lanz auf Lunge Tiroler um Mitternacht: Von PETER BARTELS | Der Politiker mit der Fielmann-Brille war 41… Der Blogger mit der roten Bürste 44… Der Tiroler mit den Scharr-Schühchen 50… Die restlichen 117 Jährchen waren Hintergrundrauschen:… https://t.co/PiRGP3141y,0
"Pravda-tv: Durch Trump-Besuch zementierte Allianz wird zur Umkehrung der Bewegung nach dem 9/11 Putsch führen: Der Besuch von US-Präsident Donald Trump im Vereinten Königreich letzte Woche hat Risse in der Anglo-Allianz geheilt und wird sicherstellen,… https://t.co/W2mXskF6V3",0
"JF: Technische Probleme bei JF-Online: Liebe Leser, wie einige von Ihnen sicherlich schon festgestellt haben, kommt es seit vergangenem Freitag vereinzelt technische Probleme auf unserer Internetseite. Betroffen ist davon leider noch die digitale Version… https://t.co/hTA9pUzoWM",0
"ef:'Natur des Menschen, Teil vier: Nichts als verqueere Theorien?: Natur des Menschen, Teil vier: Nichts als verqueere Theorien? https://t.co/morCoGQx0s '",0
"JF: Flughafenchef: Kurzstreckenflüge nicht schädlicher als Autofahren: Der Geschäftsführer des Nürnberger Flughafens, Michael Hupe, hält Kurzstreckenflüge für nicht klimaschädlicher als Autofahren. „Ich halte ein Verbot für absolut abwegig“, sagte er mit… https://t.co/Wh2qoVrq02",0
"Unzensuriert:SPÖ-Bürgermeister Michael Ludwig will Life Ball retten - koste es, was es wolle!: Gery Keszler mit Austrian-Airlines-Crew Foto: Austrian Airlines from Austria / Wikimedia CC BY-SA 2.0 Das war's also noch nicht! Der laut Veranstalter Gery… https://t.co/En9Q1KFo3y",0
DWN: Achtung Kostenfalle: Fast alle Robo-Advisor fallen durch den Eignungstest: Eine Analyse automatisierter Geldanlagen für Privatanleger kommt zu einem erschütternden Ergebnis: Nur wenige Robo-Advisor sind tatsächlich für Anleger geeignet. Wie sollen… https://t.co/l0jwDWaX0o,0
"Der sicherste Maßstab dafür, dass etwas totaler Bullshit ist, ist immer noch eine aufgeregte Socialmedia-Diskussion mit Hashtag und pi pa po.",0
"Beim Billa meinen sie, Schokoladenkäufe seien erst ab 6 Tafeln sinnvoll, und ich denke, sie haben damit recht. https://t.co/jG0cWojRrD",0
"Eine Partei, in der Mutti seit 2005 jedem den Kopf abgebissen hat, der mehr Charisma als ein Einbahnstraßenschild hat, verfügt naturgemäß über ein riesiges Potential talentierter Nachwuchspolitiker, die jetzt den Laden in Schwung bringen werden. Lassen Sie sich da nix einreden.",0
Einfach ein sehr kluger Kopf. Lesen. https://t.co/O4XLAzQi3T,0
"Frankfurts älteste Buchhandlung #Carolus muss schließen. Ihr ist offenbar nicht nur der Branchenumbruch zum Verhängnis geworden, sondern auch der Umzug vor vier Jahren. https://t.co/chj6uB1bQe",0
"Ob die Grünen den Trittin wohl aus dem schalldichten Keller lassen, jetzt, wo die Wahl gelaufen ist?",0
Rot-Blau hat gewonnen. Glückwunsch! #Misstrauensantrag,0
"Die österreichischen Sozialdemokraten werden heute eine rot-blaue Koalition mit der FPÖ eingehen, um die schwarze Übergangsregierung zu stürzen. (Im September ist eh Neuwahl) https://t.co/KBd8uoerPQ",0
"Äh, hab ich grad richtig gehört? @tagesthemen Komentator @BeckerRainald: „Vielleicht wäre ein Grüner Kanzler gar nicht so schlecht für unsere Zukunft.“   Kann ich melnen Rundfunkbeitrag wenigstens als Parteispende an die Grünen steuerlich absetzen? #GEZ #EP2019 #Europawahl2019 https://t.co/mEZfRBuua3",0
Jetzt.   #FRAVIE 🚅 https://t.co/snUGfF5xg4,0
Hm... @DiePARTEI #Europawahlen #Europawahl2019 #eu https://t.co/GpQ0Ubepr8,0
Politiker von SPD und CDU haben offensichtlich eure #TwitternWie18Uhr Tweets auswendig gelernt und geben sie 1:1 wieder. #EP2019,0
Straßenbahnkorso! https://t.co/kr7sqGAszd,0
"MMNews: Hartz IV und Spaß dabei: Im Internet kursiert ein Video eines mutmaßlichen Clan-Mitglieds, das sich über das Jobcenter lustig macht. Voller Stolz zeigt er Auto samt Inhalt - gearbeitet hat er offenbar nicht dafür... Read more... https://t.co/WCYOKYSZAV",1
Wahlschlappen (Symbolbild).   #Europawahl2019 #EP2019 https://t.co/G0sxKYAh0C,0
Das Floskelbingo zur #Europawahl2019. [Spielkarte 1/7] 🗳️ #Wahlen #Wahlsonntag #Europawahlen2019 #bingo #bullshitbingo #GehtWaehlen #TwitternWie18Uhr https://t.co/d87Dsna5Os,0
"Ich wüsste nicht, was wir hätten anders machen sollen. #TwitternWie18Uhr",0
Das ist natürlich eine herbe Enttäuschung für die SPD. Wir werden jetzt das Ergebnis erstmal in aller Ruhe analysieren.    #TwitternWie18Uhr,0
"'Bei Linkshändern zwischen 1,69 und 1,72 konnten wir in absoluten Zahlen sogar nochmal zulegen im Vergleich zur letzten Gesamtelternversammlung. Das ist ein klares Mandat.' #TwitternWie18Uhr",0
+++ 🎅 E I L M E L D U N G 🎅 +++   😱🌲🎄🎁 🌲🎄🎁🌲🎄🎁 😱   Heute in 7 Monaten ist Weihnachten   😱 🌲🎄🎁🌲🎄🎁🌲🎄🎁 😱   +++ 🎅 E I L M E L D U N G 🎅 +++,0
Gefühlte Wahrheit: Deutsche schätzen Anteil der Muslime viel zu hoch https://t.co/0mfT3AMNVs via @SPIEGELONLINE,0
Nach der Attacke in Berlin hat die Polizei Haftbefehl gegen den identifizierten U-Bahn-Treter erlassen https://t.co/C9J6oladze,0
CDU beginnt mit Abschiebungen. Erste CSU-Mitglieder aus dem Bundestag werden mit der Polizei zurück nach Bayern gebracht.,0
"Könnte wetten, es war ein #Einzelfall https://t.co/xrozjq6wKN",0
"Wenn Politiker 'wir' sagen, meinen sie immer die anderen, die schon immer hier waren und tief in die Tasche greifen müssen. #politikermeinen https://t.co/vXWZfMI92D",0
Und - wie sieht es bei Euch mit den unweiblichen Eigenschaften aus? https://t.co/OeYzQyT1e7,0
Eigentor: Der #keingeldfürrechts-Aktivist verlässt Scholz &amp; Friends https://t.co/vlyG3N9k1W Ich spende jetzt für https://t.co/WJgBs2JYi7,0
"Weil ich meinen Planeten so liebhabe, habe ich gerade Fahrkarten für über 2000 km Landroute (MFG + Bahn) in 3 Tagen gebucht. Das wird so schön! https://t.co/8VtYlcsZ6n",0
Briefwahl-Rückläufe in mehreren Ländern lassen auf höhere Wahlbeteiligung ggü. 2014 schließen. #EP2019 https://t.co/EnoAIEYvAr,0
80 Afghanen dürfen in Bremen bleiben.  https://t.co/hr2O1kkGgx,0
Sozialdemokratischer(!) Wahlsieg in den Niederlanden erwartet. #EP2019 https://t.co/JZgDvbsJ1t,0
"#Schauthin  ...schaut genau hin! ..So! begann auch der sogenannte arabische Frühling vor ein paar Jahren, genau So! https://t.co/B21dTo9QTH",0
Bayern: Richter klagen über massive Zunahme von Asylverfahren - Bald könnten sie jeden zweiten Fall ausmachen... https://t.co/9uAe6NLC6f,0
"Die CDU möchte damit angeben, das Wahlprogramm der Grünen umgesetzt zu haben.     (Ich bin noch nicht sicher, welche Wählergruppe das genau erreichen soll.)    (Hoffentlich ist bald Sonntag und das ganze Elend endlich vorbei.) https://t.co/wZ2oGS5Ha3",0
"Ich werde ja nur deshalb kein Spitzenpolitiker, weil es vermutlich noch irgendwo Videoaufnahmen meiner Jugend aus dem Bronzekurs „Standardtänze“ gibt. Spätestens beim Foxtrott wäre eh alles aus.",0
"Gestern gelernt: Haltungstwitter findet populistischen Mist plötzlich total super, wenn er von einem Youtuber stammt und gegen die CDU geht.",0
Nein zu Rassismus und Diskriminierung im Fußball! Die UEFA sollte ihren Wertekanon auch außerhalb von Werbekampagnen leben. Ausgrenzung des Armeniers Mkhitaryan in Baku ist inakzeptabel und widerspricht dem Geist des Fußballs. https://t.co/9NMI5QgCOA,0
🤣🤣 https://t.co/FxGxBTBjT3,0
Labour bei 13%  Tories bei 7%  Beides hochverdient. #EP2019 https://t.co/TSe7g0goLB,0
Ich will hier unten eine Kassette mit Kinderlachen verstecken. https://t.co/zPvc1Vqy32,0
Österreich beherrscht auch heute die Titelseiten der deutschen Zeitungen. https://t.co/7IpBhyyxcM,0
"Popcorncontent des Tages. 🍿    (Leute, die die AfD hassen, weil sie ihnen ...Achtung! 🥁... zu links ist!) https://t.co/4cxUtOnQAG",0
"In meinem nächsten Leben werde ich alles anders machen.  Es kann natürlich sein, dass es gar kein nächstes Leben gibt.  Dann werde ich in meinem nächsten Leben dumm aus der Wäsche gucken.",0
Am Tag von #NikiLauda s Unfall auf dem Nürburgring (1.8.1976) stürzte in Wien die Reichsbrücke über die Donau ein.    Am Tag von Niki Laudas Tod (20.5.2019) stürzte in Wien die Regierung ein.    Sowas gibt es nur bei ganz Großen.,0
Uns fehlen die Worte. 😔 Der dreifache Formel-1-Weltmeister #NikiLauda ist im Alter von 70 Jahren gestorben.      Danke für die vielen gemeinsamen Momente. Wir ziehen unsere Kappe vor dir! https://t.co/4ppYmxzRD0,0
"Währenddessen, in der Dritten Welt:    https://t.co/PtAVjy55qV",0
"Sieben Politiker, die weder Österreicher sind noch für die Europawahl kandidieren, diskutieren über Österreich und die Europawahl. #Gipfeltreffen",0
Hat aber nix mit Nix zu tun! https://t.co/1JqKgNduLS,0
Symbolbild des Tages. #kickl https://t.co/kZaDPOJd5a,0
"Reaktion auf meinen Kommentar, dass Kopftücher für sechs bis zehn Jahre alte Mädchen keine gute Idee sind, ihnen ein Stück Freiheit und Kindheit nehmen. Die Wortwahl spricht für sich. Durch so einen Dreck lasse ich mich sicher nicht einschüchtern ✌️ https://t.co/VcJzWTj49q",0
Im nächsten Leben werde ich falsche Oligarchennichte.,0
Wir schalten kurz ins Innenministerium  #Kickl https://t.co/3KlSkAveM8,0
Ich hab am Abend noch ein paar Zeilen über Heinz-Christian Strache geschrieben:  https://t.co/RYK3XfYVeC,0
"Der #tatort erinnert mich daran, dass ich mich spätestens in 10 Jahren kompostieren lassen sollte, um bloß nie von Pflege abhängig zu werden.",0
NEOS fordern Entlassung der FPÖ-Minister: 'Es herrscht Gefahr in Verzug' | https://t.co/EKfqgmRfBr https://t.co/2vktNLUdKd,0
"Hier einmal die Übersicht, wie Deutschland bewertet wurde. Insgesamt 8 mal den letzten Platz bekommen, davon 7 mal im Televoting. Durchschnittlich haben die Jurys Platz 16,875 und die Televoters Platz 22,59 an D vergeben. #Eurovision #ESC2019 #DareToDream https://t.co/LkXe4OcK4a",0
Team Zero #Eurovision,0
"Was lernt uns der heutige Tag:  Wenn eine Blondine vor deiner Nase mit ihren Möpsen und einer Viertelmilliarde Euro rumwedelt solltest du unbedingt den Bauch einziehen, weil sonst bald eine Menge Menschen auf youtube sehen werden, dass du auch nimmer der allerjüngste bist.",0
"Wenn Kurz es jetzt genauso macht wie Schüssel 2002, ruft er Neuwahlen aus, lässt die Wähler die FPÖ abschlachten, und macht dann miit deren gedemütigtem (und entsprechend handzahmen) Rest weiter. https://t.co/uwH6bqZopK",0
"1. Wer stellt so eine Falle?  2. Wozu?  3. Warum geben sie das Video 2 Jahre später an Medien?  4. Was lief 2017-19?  5. Gab es Druck auf Strache?  6. Warum gehen 2 Spitzenpolitiker in ein Treffen, recherchieren scheinbar kaum - Name war erfunden! - und reden dann frei von der Leber?",0
"ZDF 'heute', Katrin Müller-Hohenstein, auf der Straße stehend:     'Die Stimmung in München ist eher überschaubar' 😂",0
Post nach Straßburg geschickt. #EP2019 https://t.co/5q2tg0A5QZ,0
Ich gratuliere dem FCB Dynamo zur 117. Deutschen Meisterschaft in Folge! ⚽️🏆,0
Eine ganze Saison lang alles gegeben. Schwere Verletzungen in Kauf genommen. Immer an sich geglaubt. Was für Gegner in der Europa-League rausgekickt. Und am Ende sportlich doch alles verloren. Es ist wirklich sehr sehr bitter für die @Eintracht. #FCBSGE,0
Toooooooooor! JAAAAAAAAAA!!!,0
😭😭😭😭 #FCBSGE https://t.co/fBiAb7AXKo,0
"@mainwasser Irgendwer hat Strache zwei Jahre in der Hand gehabt. Niemand weiß, was das alles für Konsequenzen gehabt hat und warum derjenige gerade jetzt damit um die Ecke kommt. Wird noch spannend werden das ganze.",0
"Grund für ständige Verschiebung der @sebastiankurz Stellungnahme angeblich die Forderung der @volkspartei, auch Ex FPÖ Generalsekretär Innenminister Kickl müsse zurücktreten. Dieser wehre sich vehement.",0
"Dass es so lange dauert, bis der Bundeskanzler @sebastiankurz seine Stellungnahme zu #IbizaGate #StracheVideo und Rücktritt des Vizekanzlers Strache abgibt, deute ich, dass im Hintergrund bereits zahlreich neue Minister gesucht werden. Dann Bundespräsident @vanderBellen am Zug",0
"Was ich an meiner Heimat Österreich so liebe: Die Kommentierung politischer Ereignisse wie grad Regierungskrise ist eine Mischung aus Theaterkritik und Sportreportage, Burgtheater und Stadion. Wir sind ein musisches, poetisches Volk mit Liebe zu Drama und Unernst #IbizaGate",0
"Der letzte Fußball, das Areal der RWE-Abbrucharbeiter und die Zerstörung. Ein Dorf mitten in Deutschland, dass aufgegeben wird. #Manheim https://t.co/AQUrgqjQH8",0
"Wenn man die FPÖ an der Regierung beteiligt, bricht nicht der Faschismus aus, sondern die Korruption. Das war schon bei Schüssel/Grasser ab 2000 so. #Strache",0
"Freue mich, dass es inzwischen Balken für FW und Partei gibt, aber ÖDP und Tierschutzpartei sind auch im Europaparlament vertreten und hätten auch Balken verdient. https://t.co/kR8qd6qczT",0
Grumpy Cat ist tot. An wem soll ich mein Leben künftig orientieren? 😾😿,0
"Möge der FCB Niko Kovac noch heute Abend rausschmeißenund ihm eine hohe Abfindung zahlen! Denn die @Eintracht kann leider morgen auf ihn keine Rücksicht nehmen. Dass morgen Menschen eines Vereins anreisen, die NK mehr schätzen als sein eigener, ist irrwitzig! 🦅❤️#FCBSGE #kovac",0
Merkt euch das! Für mehr Menschlich und gegen den Hass. #Kovac https://t.co/rjzDCvnz4O,0
Was Sozialismus und Kapitalismus gleichermaßen irgendwie doch so menschlich macht:  Beide müssen sich mit dummschwätzenden 25jährigen rumschlagen. https://t.co/7sU4KoLfIX,0
Die trollen uns doch. #BER    https://t.co/jjKJkDM5Kr,0
Und wer vertritt eigentlich den Vatikan? #ESC2019,0
"Beeindruckende Bühnenshow beim ESC, geschickter Einsatz von Trockennebel. #Eurovision https://t.co/fCQ60gwrI7",0
Das 'Duell' Weber vs. Timmermans ist ja noch kuschliger als Merkel gegen Schulz. 👨‍❤️‍💋‍👨 #TVDuell #EP2019 https://t.co/9qZZpy0Jjv,0
Dass man über sowas überhaupt diskutieren muss. 🙄 https://t.co/UBSw39vXnu,0
"Parallel zur Wahlbenachrichtigung hier in Bayern hatte ich jetzt auch meine Wahlkarte für die gleiche Wahl, nur in Österreich, in der Post.    DE: Alle sind in heller Aufregung, kann nicht sein, was tun?! 😱    AT so: “Ja schicken Sie sie halt zurück. Nur nicht 2mal wählen, gell?” 😂",0
#VIETXL ✈️,0
"Wie immer steht @SPIEGELONLINE  treu zu seinen Freunden beim Rassistenverein BDS, es ist fast schon rührend.    https://t.co/lTf5Cg8ZZN",1
"Erstmal ne Runde Mitleid für all die Straßenlaternen da draußen, denen man ungefragt lebensgroße Passbilder von Politikern mit Versprechen, die 24 Stunden nach der Wahl schon wieder vergessen sind umgehangen hat.",0
Alex Kondakov https://t.co/YBuWKU5cE5 https://t.co/i93vcimKnJ,0
Der Europawahlkampf von CDU und SPD läuft auf Hochtouren. 🇪🇺#EP2019 https://t.co/xqp2GU3RWY,0
"Rollenspielfreaks haben längst D&amp;D aufgegeben und spielen nächtelang den Wahlomat durch, mal als böswilliger Neoliberaler, mal als geifernder Stalinist, mal als panischer Ökojesus. 🧙‍♂️",1
https://t.co/qQagLe5mzB,0
https://t.co/Wmbuvt4cQG,0
Bayern München wird in dieser Saison die deutsche Meisterschaft und den Pokal gewinnen. In München nennen sie sowas eine „Scheißsaison“ und wollen dafür den Trainer rausekeln.    https://t.co/RfdwetrUV6,0
"Das extrem gute Gehör von Walen ist eine Notwendigkeit. Wer etwa bei einem Geigenkonzert 30 Blauwale vor sich hat, ist dann immerhin schon einen Kilometer von der Bühne entfernt.",0
"Ganz zum Schluss noch alles verkacken, was wir uns das ganze Jahr lang aufgebaut haben. Das können wir gut. #SGEM05",0
"Wenn ich mir vorstelle, was Mitglieder der Familien Schleyer, Buback, Rohwedder, Herrhausen etc. denken müssen, wenn sie so einen Tweet sehen, stockt mir der Atem. Unerträglich. https://t.co/AcjFU8gXkJ",0
Ich habe keine Meinung zum #RoyalBaby außer einem -personenunabhängigen- zur nachhaltigen und geographisch gerechten Monarchenverteilung:,0
schlimmster Bandname https://t.co/NKtT47AmVS,0
"Naja und wer in Frankfurt (gerne bisschen dezentraler Richtung Stadtrand mit S-Bahnanbindung) eine hundefreundliche Wohnung (ab 60m2) mit Balkon oder ggf. Garten rumliegen hat, naja ihr wisst schon. 😌🤝 Bonuspunkte wenn sie nicht 4000€ kalt für 60m2 kostet hehehe. ❤️ https://t.co/6pb8NVkQ99",0
"Verbot von Plastiktüten, um Müllexporte in Entwicklungsländer zu verhindern.  Äh.  Übersehe ich irgendetwas? Oder sollte man nicht stattdessen die Müllexporte verbieten?",0
"Warum existiert Staub, bitte 1 (eine) nützliche Anwendung nennen.",0
"Falls sich jemand wundert: Wir machen das übrigens wie mit dem @DFB_Pokal. Erstmal dran schnuppern, dann ein Jahr später wiederkommen und vollenden.  #CHESGE #SGEuropa",0
Kann die @Eintracht jetzt bitte mit Ajax Amsterdam das Finale um den Irgendwas-Pokal ausspielen? Zwischen dem EuroLeague- und CL-Finale? Und am Ende bekommen beide einen Pott für ihre unglaublichen Euro-Auftritte? Einfach so im Namen der Fans? Ich bin dafür! #CHESGE,0
Trotzdem so stolz ❤️  #SGEuropa #CHESGE https://t.co/joR6xJ8ImS,0
"Danke, @Eintracht, für diese geile Europatournee. Danke! &lt;3   #SGE #CHESGE",0
😤😤😤 https://t.co/n88BzArATN,0
"Der einzige Vorteil dieser kassiererlosen Supermarktkassen: man kann ganz in Ruhe passend bezahlen und dem Roboter drei Pfund Pfennigmünzen in den Rachen werfen, ohne dass mich jemand bös anschaut.",0
"Stellenausschreibung für einen Job, in dem man fast nur mit digitaler Technik zu tun hat.   Bewerbungsunterlagen werden nur per Papierpost angenommen. 🤨",0
"Gefühlt 57% aller Artikel zum Thema „Mieten“ werden mit einem Stockphoto dieser Häuserzeile bebildert.    Weiß jemand, wo das ist?     Und sind die Bewohner dieser Häuser überhaupt Mieter? Oder sind das längst luxussanierte Eigentumswohnungen? https://t.co/dAJ8aKUbLF",0
Neues von RRG aus Berlin. 😣 https://t.co/jNtf5R2nDA,0
"Argument gegen Parkgebühren für Fahrräder: Radfahrer zahlen ebenso Einkommenssteuer* wie PKW-Fahrer, belegen aber ungleich weniger öffentlichen Raum und verursachen viel weniger Straßenabnutzung als PKW-Nutzer.     *+ Steuern auf Fahrräder, Ersatzteile, Verbrauchsmaterial etc. https://t.co/bNNj4fnuyC",0
Auf der A5 bei Frankfurt gibt es jetzt Oberleitungslastwagen. https://t.co/j8UtG6i85W,0
"So sieht's aus, liebe Leute draußen in den Werkhallen, Büros, Schulen, Kasernen, in RTW, Lok und LKW!  #rp19 https://t.co/clGYFJQtr9",0
"Frau @akk, wer #Klarnamenpflicht fordert, sollte erstmal selbst transparent sein. Die @CDU blockiert seit Jahren ein #Lobbyregister. Bürger*innen wollen wissen, welche Lobbyisten in welchem Umfang Einfluss auf Politiker*innen und deren Gesetzgebung ausüben https://t.co/o6mDU4iv8z",0
"Wo sind angesichts solcher Aktionen eigentlich die Menschen, die ständig „Haltung zeigen“? Die nach eigenem Bekunden „gegen Hass und Hetze“ sind? Das Schweigen in Berlin dröhnt laut.    https://t.co/WPXobGbA3n",0
"Bei dem 'Partykönig' von #Koeln der Polizisten anschrie, beschimpfte und mit seinem Presseausweis drohte 'Ich bin Journalist ihr habt mir gar nichts zu sagen' handelt es sich um @ZDF  Reporter Andreas #Halbach (59) Mitarbeiter von @Frontal21 https://t.co/WlStYFrNqS",0
"@valerielesrayna Konkret heißt es in § 32 StGB:    (1)Wer eine Tat begeht, die durch Notwehr geboten ist, handelt nicht rechtswidrig    (2)Notwehr ist die Verteidigung, die erforderlich ist, um einen gegenwärtigen rechtswidrigen Angriff von sich oder einem anderen abzuwenden  https://t.co/GQ3QHVqp9l",0
"Ich finde es bemerkenswert, dass sich Journalisten nur für meine 5 Gespräche mit AfD-Politikern interessieren und nicht für meine Gespräche mit Linken, Grünen, SPD und CDU/CSU-Politikern (über 200). War das von mir auch Beratung? #zweierleimass (hgm) https://t.co/oiGo0Qhe6Z",0
"UPDATE !!!!!!!!  einige täter wurden ermittelt ... es gibt leute die die täter kennen und eine meldung bei der polizei machen ! DANKE das ihr alle dieses video geteilt habt !  wieder einmal hat facebook sich strafbar gemacht,also beweismaterial gelöscht haben !!!!    @unzensiert https://t.co/rHSAH6prOi",0
"Maria Ladenburger, Mia aus #Kandel Susanna F. könntn heute immer noch leben, könnten Kinder, Enkel &amp; Urenkel haben. Doch sie wurde durch die Bundesregierung um Jugend, Leben und Alter, um Freunde und Leid betrogen. Ihr bleibendes Vermächtnis: Nie wieder! und: Wehret den Anfängen! https://t.co/D9oWhho1pd",0
„Der #Islam gehört zu  Deutschland🇩🇪❗️“    „Unser Land wird sich verändern❗️“    „Es wird auch religiöser werden❗️“    Sehen SIE selbst😕:    @Die_Gruenen @CDU @spdde https://t.co/6gavoYGevC,0
"Ungerechtigkeit zu 100%!    Leute die Jahrelang Gearbeitet haben, und eine Armuts Rente Bekommen! Jetzt hört mal was die Linken fordern! Sie Fordern mehr Geld für #Asylbewerber die kein Cent in die Steuerkasse Gezahlt haben! Und was ist mit den Rentner?  #AfD #Deutschland #Asyl https://t.co/vHoCPxX8Kw",0
https://t.co/OcqSMjShEm,0
"#Bexbach: Drei syrische Jugendliche bedrohen am Pfingstwochenende an drei Tagen hintereinander Bahnreisende, auch mit Messer und belästigen Frauen und Mädchen - Polizei lässt sie immer wieder laufen  https://t.co/plbzEOHNHC",1
"@Kaeri91622010 @Lempathia Was die Stadt hier veranstaltet ist einerseits Wahlkampf für #ProChemnitz und die #AfD und spaltet andererseits natürlich die Gesellschaft    Wie kann man das #Stadtfest in #Chemnitz absagen und das #Zuckerfest feiern    Die Wahl im Herbst wird lustig, denn     #WAHLTAGISTZAHLTAG",0
"Wo sind eigentlich die Linken und Grünen, wenn gegen Vergewaltigung von 9 jähr. Mädchen demonstriert wird? https://t.co/I6PTPZi8lv",0
"#Prenzlau: 3 Tschetschenen greifen nach Streit einen 11-Jährigen an, würgen ihn am Hals, so dass Würgemale entstehen, treten und schlagen ihn bis Zeuge einschreitet - Mutter und Onkel des Kindes machen 2 Angreifer vor Asylheim ausfindig #Zivilcourage  https://t.co/WP1Q2Ocpka",0
"Jetzt habe ich es von Facebook schriftlich bestätigt bekommen. Die Vergewaltigung und der sexuelle Missbrauch von Kindern durch die Angehörigen der allahu-akhbar-Sekte ist in Ordnung.    Kritik daran ist 'Hassrede', für die man 30 Tage gesperrt wird.    Wie krank ist das denn???",1
"Bild-Zensur von #instagram erfolgreich bekämpft: Mein zensiertes Bild von unserem Wahlplakat ist wieder online! Danke an @Steinhoefel Was ein Skandal, dass man heutzutage einen Anwalt einschalten muss, um nicht mundtot gemacht zu werden. https://t.co/6Ma7bt1Iwk",0
"...das ist der Staat, mit dem sich #Merkel, #Maas &amp; Co. anscheinend lieber verbünden, als mit Russland, Ungarn, Italien oder USA! 🤦‍♂️🤦‍♂️🤦‍♂️#Iran https://t.co/m60fpDsJlz",0
Neues Video aus dem 'bereichteren' Wien.  Inklusive 'Scheiß Österreicher' bei 0:26. https://t.co/AFIB6XuUok,0
"#Bielefeld Syrischer Flüchtling ohne Zugticket widersetzt sich renitent der Fahrkartenkontrolle. Einen zufällig anwesenden Bundespolizist prügelt er ins Krankenhaus, ein Bahnmitarbeiter wird auch verletzt. https://t.co/7wiChq26Bh",0
Eine Schlägerei von 80 'Menschen' bzw. 'Personen' inkl. Nutzung von Molotowcocktails. Die staatlichen Erziehungsorgane des ÖRR erfüllen wieder brav ihren Verschleierungsauftrag. https://t.co/uBqoHMS7uD,0
#Dessau: Mann aus dem Niger vergeht sich am #Pfingstsonntag auf dem Gelände einer ehemaligen Russen-Kaserne sexuell schwer an einem 9-jährigen Mädchen - nur Stunden später wird der Afrikaner nach einer Fahndung auch per Hubschrauber gefasst  https://t.co/0GI09IQtZz,0
zum Vergleich:  https://t.co/jquUMO9Yhr,0
Dafür werden die Moslems vom Steuerzahler alimentiert.    Junge Männer verletzen Polizeibeamtin in Stendal | Stendal https://t.co/OsgG3zwAJb,0
Brutalen Raubüberfall mitgefilmt und ins Netz gestellt – Täter sind erst 13 und polizeibekannt https://t.co/FKDK9nCJcI via @wordpressdotcom,0
"Der mutmaßliche Kinderschänder ist schon wieder auf freiem Fuß!  ⏬⏬⏬  Einer Freundin hatte Lena vergangene Woche in der Schule erzählt, was Dimitri D. ihr regelmäßig antut. Voller Angst fragte Lena: „Ist das normal? Macht dein Vater das auch?“  ⏬⏬⏬ https://t.co/2i63ZfiVoh",0
Bei München: Schwerer Raubüberfall: Täter fesseln Edeka-Angestellte und flüchten mit 10.000 Euro https://t.co/PxrvRXrtPd via @wordpressdotcom,0
"Der harte Kern der Grünen ist bereit, eine Öko-Diktatur zu errichten, wenn es anders nicht geht.  Forderung von Katrin Göring-Eckardt: Grüne wollen Amazon verbieten, Retouren zu vernichten #Verbotspartei https://t.co/enDqrSqO3v via @SPIEGELONLINE",0
"Der Sohn von Dr. #Lübcke findet seinen Vater schwerstverletzt auf der Terrasse. Statt sofort den Notruf zu wählen, ruft er einen Freund an, der ehrenamtlich beim Arbeiter-Samariter-Bund tätig ist. Und dieser bringt Felgenreiniger zum Saubermachen mit. Da stimmt doch was nicht. https://t.co/H3LUyfyiGl",0
🇺🇸🇺🇸Unglaubliche Bilder🇺🇸🇺🇸https://t.co/EkIcv3s2Hx,0
Video: Vogelmörder Windrad – so tötet Windenergie https://t.co/21VsGn8VCz via @wordpressdotcom,0
Abartig: „n-tv“ verharmlost Sex-Attacke auf 9-Jährige und regt sich über „rechte“ Demonstranten auf https://t.co/cbTtSMesq6 via @jouwatch,0
"Wahlberechtigt mit 16, voll strafmündig aber nicht.  Angesichts dieser Szenen, sollten wir uns mit einem neuen Jugendstrafrecht befassen. Diese Straftat begangen durch eine Migranten-Bande darf nicht ohne Konsequenzen bleiben!     https://t.co/QoCT6CPluo",0
Gefährlich ----Bewaffnet aber frei wie Anis Amri! https://t.co/J9cOJZX0Ya,0
"Tagesschau berichtet über Vergewaltigung und Mord an 8jähriger in Indien, aber nicht über den 'schweren sexuellen Missbrauch' einer 9jährigen heute in Dessau. Vielleicht liegts am mutmaßlichen Täter, einem Mann aus dem Niger? https://t.co/vUaHnbg66l",0
Genau mein Humor..... 👍🍷    Was sich ein  Investigativjournalist so alles im Alkoholrausch leistet❗  https://t.co/h5vLhdJgUy,0
Umweltzerstörung für '#grüne' Energie.    Erneuerbare Energien benötigen NICHT erneuerbare Metalle und vergiften die Umwelt bei der Gewinnung.     Eine #Windkraft-Anlagen benötigt 1 Tonne seltene Erden!    #Energiewende  #Grünen https://t.co/IOcVYmhP5u,0
"Rot-rot-„grüne“ Politik: Teuer, umweltschädlich, menschenfeindlich und nicht praktikabel. Angeblich „grüne“ Politik bedeutet Rückschritt, und nicht Fortschritt. Progressive Politik sagt Ja zum #Verbrennungsmotor. #AfD #BVG #Elektromobilität     https://t.co/2fN3izGScz",0
"Dass es so schnell ging und der Täter nicht weiteres Unheil anrichten konnte, ist der als 'rassistisch' verunglimpften Bevölkerung von #Roßlau zu verdanken! https://t.co/Oz8KGxXzuz via @DrDavidBerger #Dessau",0
"Mit 34 Boliden legte eine Türkische Hochzeitsgesellschaft die Münchner Innenstadt lahm. Reifen durchdrehen gabs für die @PolizeiMuenchen als 'Showeinlage' obendrauf. Die Reaktion ? Man schrieb ein paar Ordnungswidrigkeiten auf, keine Anzeigen. https://t.co/fdBOXH4rMD",0
"@MarkusCan_ @Luisamneubauer #FridaysForFuture    #LangstreckenLuisa befürchtet, dass sie schon fast zu beliebt sind.   Keine Sorge, wenn man 125 000 Flugkilometer für permanente Urlaube hinter sich hat und dann so geil lügt: https://t.co/acpSxOvquj",0
"Das ist ja alles sehr mysteriös.   Erst Spuren da, dann doch nicht. Sanitäter, der Felgenreiniger Blut auf Terasse entfernt.  Nachtigall, ick hör Dir trappsen.  https://t.co/iZIpdZmpPb",0
"Dr. Greta! Die Tragödie ist definitiv zur Farce mutiert. Warum auch studieren für die Doktorwürde, wenn man mit Schule schwänzen das gleiche erreicht. https://t.co/t0IdagmhCH",0
#CDU es wäre besser wenn ihr Lieber schweigt. Es wird nur noch Peinlicher und die letzten Wähler die ihr noch habt wollt ihr doch nicht Verlieren!?   #Europa #AfD #Deutschland #Bundestag #Merkel #Asyl #Asylpolitik https://t.co/SECsnP9omi,0
"Im Jahre 2018 wurden 100 Deutsche  von Flüchtlingen ermordet und ein Flüchtling von Deutschen. Wieso werden diese Tatsachen systematisch vertuscht und in der Öffentlichkeit so dargestellt, als wenn wir Deutschen die Bösen sind und die Flüchtlinge die Guten? https://t.co/jPSSE0nCmd",0
"#Oberhaching: 'Money, money!' Arabisch wirkende Kriminelle rauben in einem #EDEKA unter Vorhalt eines #Messer /s mehrere 10.000 € und lassen die Mitarbeiterinnen gefesselt zurück - die geschockten Frauen werden durch das Kriseninterventionsteam betreut  https://t.co/ED4ijUTc0y",1
⚡️&gt;&gt; Skandal &lt;&lt; ⚡️  Die #Antifa ist nun offiziell mit dem sogenannten #Verfassungsschutz verbunden. Damit werden vertrauliche Daten zu oppositionellen Bürgern direkt den Terroristen und Schlägern der kriminellen #Staatsantifa zugänglich gemacht.   Nur noch #AfD💙!!!  Netzfund: https://t.co/jA6UH22I4L,0
Bei einem Grillfest von Pro Chemnitz verbot die Polizei den Teilnehmern aus Rücksicht gegenüber Islamisten  ein ganzes Spanferkel zu grillen .  Nach dem Protestgrillen gegen das 'Zuckerfest' wurden zwei Teilnehmer von 2 Syriern mit einem Messer attackiert.   https://t.co/2GcRm4YVwA,0
"#Dessau-#Roßlau: Es geschah am hellichten Tag.    'Die Kleine guckte mich an und weinte und weinte sie zeigte mir immer wieder wie blutverschmiert ihre Beine und Finger waren, sie fragte mich immer wieder mit Angst muss ich ins Krankenhaus?“    #DISGUSTING    https://t.co/2t1zu3YeMc",0
"Interessant: Nicht alle Gletscher verschwinden, manche wachsen sogar, und frühere falsche  Berechnung über ihr Verschwinden werden still und heimlich gelöscht. #Klimawandel https://t.co/QSjufUSxJj",0
"Liebe Sachsen,    wer zur Landtagswahl CDU, SPD, FDP, Grüne wählen möchte:     Es ist egal wen ihr wählt! Ihr könnt es auch auswürfeln.    Der amtierende Ministerpräsident Kretschmer (ohne Mandat) hat   verkündet:     Es wird eine 4-Parteien-Koalition geben.  #AfD     https://t.co/kblXj5RV3z",0
"'Migration ist unvermeidlich, notwendig und wünschenswert', sagt die @UN. Der  #GlobalCompactMigration soll diese Idiotie in Stein meißeln. Jede Regierung, die den #Pakt unterzeichnet, erklärt damit: „Ja, wir sind Lakaien der Globalisten – und wir hassen euch!” #AfD https://t.co/LKrjUDc34b",1
"Contra-Mag.:Seyran Ates: „Der politische Islam übernimmt Deutschland“: Deutschland braucht eine radikale Kurswende in seiner Politik gegenüber dem Islam. Das sagt Seyran Ateş, prominente Frauenrechtlerin und Anwältin. Sonst drohe das Land vom politischen… https://t.co/GygOQKj5CW",1
"MMNews: Schwacher Euro - wie geht es weiter?: Der Euro schwächelt gegen Dollar. Das liegt hauptsächlich daran, dass es in den USA noch nennenswerte Zinsen gibt und in der Eurozone nicht. Nun deuten Konjunktursignale auch auf niedrigere Zinsen im… https://t.co/rw11y9GYEy",0
"Hätte er mal nur #AllahuAkbar gerufen, dann wär's vielleicht weniger geworden? https://t.co/FGJ7UdfVO7",1
"Diesen #Frauen muss geholfen werden, nicht den Testosteron gesteuerten #Taharrush Lümmeln... https://t.co/nFh0ah08Kh",1
Funktionäre des isl. Zentrums in HH organisieren bis heute Quds Tag mit-  egal Olaf Scholz chillt da mit Ayatollahs. https://t.co/KPdYbddVIB,1
"Da würde ich gar nicht lange fackeln. Ab nach Hause in die Heimat und da könnt ihr euren Glauben ausleben, so... https://t.co/I7EH2M88PZ",1
"Eine Richterin mit Kopftuch erweckt in mir das gleiche Vertrauen zur Rechtsprechung,wie ein Richter mit Wehrmachtshelm. #Unbefangenheit",1
SPD Hamburg präsentiert sich #nohatespeech #AfD  'Abschaum'  'Schmierlappen'  'Rassisten'  https://t.co/XRZwjy3PGY https://t.co/x7c4WS6mmP,1
"Wer gedenkt der vielen Toten, die durch Migrantengewalt ums Leben gekommen sind? https://t.co/EmvZPbFP9L",1
"Mal sind die Wähler zu blöd, dann sind sie zu alt, dann sind Referenden Mist und nun ne Wahlpflicht. Nur noch bizarr https://t.co/Fs2p5XEy8O",0
@realJohr Ein Hoch auf die Demokratie!,0
@realJohr Tschööh Ger... ääh Dingensdah 💩,0
@realJohr und DAS ist gut so!    frei nach Klaus Wowereit,0
"@realJohr @MPKretschmer Sehr interessanter Beitrag. Wenn das alles so stimmt - Twitter sei Dank zweifele ich daran -, dann ist der Osten ja doch noch nicht verloren...",0
@realJohr Wie in der Werbung: „Nimm 5 zahle 1“ 🤣,0
@realJohr Ui,0
@realJohr Milch.,0
@realJohr Der sieht irgendwie ewie seine Frau aus. Dieser Blick😂,0
@realJohr Bitte den Oberkellner nicht beleidigen!  Die Gäste sind durstig!,0
Alle feiern und die Linken legen Brände. Die linke Szene bekommt mit ihren Taten keine Anerkennung der Bevölkerung!  https://t.co/d5eDZpFKX2,1
"Das sind keine Beine, das sind Kack-Stelzen https://t.co/NAbxAgJfRS",1
#Trapattoni wirft Deutschland Allmachtsphantasien vor und spricht von italienischen 'Genies'. Langsam senil? https://t.co/hxHyD3lvNy,0
"Den Satz muss ich mir merken, wenn sich wieder einer in die Luft sprengt!  Er wollte nur seine Relugion ausüben.. 😂 https://t.co/rVhnXx04S3",1
#taharrushgamea im Zug. Wieder wird Mädchen von Migranten sexuell genötigt. Sie stritten sich regelrecht um 'Beute' https://t.co/rye9v8n05J,1
"Ich wusste nicht, dass #Mohammed ein Volk ist? #Volksverhetzung https://t.co/yKcGQ6dFsn",1
Linke Idioten unterwegs! https://t.co/vCWsXLD9co,0
Contra-Mag.:Macron will dem strategischen Dialog mit Russland neue Impulse geben: Der französische Präsident Emmanuel Macron erklärte: „Europa braucht einen neuen Dialog über Fragen des Vertrauens und der Sicherheit in den Beziehungen zu Russland.“ Von… https://t.co/22twAeKI8N,0
"Contra-Mag.:Nahost-Vernichtungskrieg: Ein Plan zur Schwächung der islamischen Welt?: Geopolitisch macht der Versuch, die Golfstaaten in einen gegenseitigen Vernichtungskrieg zu zwingen, durchaus Sinn. Ein Gedankengang. Von Marco Maier Henry Kissinger… https://t.co/VaAOMxburp",0
"MMNews: Merz will Aktien für alle: Der CDU-Politiker und frühere Unionsfraktionschef, Friedrich Merz, fordert Aktien für alle in Deutschland. Es gelte, 'die Arbeitnehmer mehr am wirtschaftlichen Erfolg der Unternehmen zu beteiligen', schreibt Merz in… https://t.co/4noZnu9eqk",0
Contra-Mag.:China deckt sich weiter mit Gold ein: Die chinesischen Goldreserven sind erneut stark gewachsen. Peking setzt stark auf das beliebte Edelmetall. Man will sich vom Dollar unabhängiger machen. Von Redaktion Beinahe zwei Jahre lang sind die… https://t.co/Op9Xy5WE0p,0
"LePenseur:'Quasi als Pendant: ... zur gestrigen »Messe des Lebens« von Frederick Delius nach Worten aus Friedrich Nietzsches »Also sprach Zarathustra«, hier nun zur 155. Wiederkehr des Geburtstages von Richard Strauss seine gleichnamige Tondichtung op.… https://t.co/5XcSLj54zJ '",0
"Sehr gut! Wirrköpfe wie Steinke haben in der #AFD nichts, aber auch gar nichts verloren! https://t.co/7TWTSzY3L5",0
#Rodgau: #Behinderte in #Obdachlosenheim abgeschoben - Und #Flüchtlinge bekommen Reihenhäuser #verrückt  https://t.co/3UTkePJvKE,1
"MMNews: Neue Propaganda für Tempolimit auf Autobahnen: Die Deutschen sind offenbar bereit, der Umwelt zuliebe beim Autofahren Abstriche zu machen. Laut einer Forsa-Umfrage im Auftrag der Targobank, über die die 'Bild' berichtet, sprechen sich 57 Prozent… https://t.co/9xEO94R98E",0
"JF: WerteUnion fordert Urwahl des Kanzlerkandidaten: Die WerteUnion hat sich dafür ausgesprochen, den kommenden Kanzlerkandidaten von CDU und CSU per Urwahl zu bestimmen. Angesichts der „dramatisch schlechten Umfragewerte der Union“ sei ein solcher… https://t.co/pmUSAfvdyf",0
"Contra-Mag.:Warum investiert China Geld in der Arktis?: China investiert viel Geld in der Arktis. Was steckt dahinter? Die USA warnen vor einer Militarisierung der Region. Von Global Risk Insights In Rovaniemi versammelten sich Diplomaten, um den Zustand… https://t.co/4sadfNiLGL",0
Wir hatten schon mal so ein #nohatespeech Netzwerk in Deutschland. Hieß damals noch #Stasi. https://t.co/vEZJQUMNRY,1
Niemals wurde das verlogene Spiel von Politik und #Lügenpresse so offensichtlich wie in den letzten Tagen    #afd https://t.co/xGLb1v2Rdp,1
Das ist Achmed. Achmed ist #Istanbul-Terrorist und Mehrfachmörder. Früher war Ahmed Flüchtling in Österreich.  #NurSo https://t.co/Mb2vs4Yjsj,1
Unzensuriert:Antrag im Nationalrat: FPÖ will das Bargeld in der Verfassung schützen: Euro Noten 500er Foto: Bin im Garten / Wikimedia (CC BY-SA 3.0) Die FPÖ will das Bargeld in Österreich schützen: Nachdem hier die Bürger immer weitergehende… https://t.co/1zLpHyvhhB,0
@gutmenschkind @spdde Diese verkommene Haltung scheint aber normal in der #SPD s Pöbelralle @Ralf_Stegner + er hier https://t.co/evG1lPq6Vc,1
"'Flüchtling' fällt in Parkhaus über Frau her,beißt und verletzt sie u Polizist. Bewährung.Pervertiertes Justizsystem https://t.co/TyCwdmfnSP",1
Da ist doch etwas faul! Ohne Vorbereitung und maximal untrainiert schlägt dieser Schwabbel den voll austrainierten Weltmeister! Sehr seltsam! https://t.co/dlzvuL7kek,0
Pädophilie: Der alltägliche Missbrauch in einer grünen Kommune! Da wird einem nur noch schlecht! https://t.co/iOiWa7vc4C via @welt,1
#Europaparlament wirbt mit schwarzer Familie für die „Zukunft“  Soll das wirklich unsere Zukunft und die Perspektive für unsere Kinder sein? Wirklich? #AfDwählen https://t.co/68J9SQF0WP,0
"😁 Wenn schon Sch***e, dann aber auch mit Schwung! 😂 Sind für Wahlkampfhilfe 2021 immer dankbar! https://t.co/YPaMnNmCl0",0
"„Persönlich wird die Zehnjährige nach jetzigem Stand nicht mit #Rebecca's Eltern sprechen, weil die Mutter dagegen sei.“    Was es doch für herzlose Mütter gibt – Mein persönlicher Eindruck  Passt zu: Verrecke Du mieses Stück-Slogan von #GRÜNEN.😢  #findbecci  https://t.co/fIiPAznmrK",1
"Bonnie lass Dir niemals den Mund verbieten, niemals. Du siehst was daraus geworden ist, schau dich nur um, schau dir nur Deutschland an.    Das A…loch #Wiltewka, alias der #EkelWilfred, Papa #Wilberg von der Capitol und O. #Wilke    #BonnieStrange    https://t.co/mWm6L97RqH",1
"Wie ich schon dauernd schreibe: Dass es mehr eine #Inbesitznahme des Mädchens ist und kein Mord vom #Schwager – Es gab den Versuch schon vorher. 😢    #findbecci endlich, sucht endlich nach einer lebenden #rebecca #freeflorian #schwagerwars #medien #presse    https://t.co/bgFPeGx18e",0
"Besonders Deutschland wird kritisiert. Denn jeder Artikel muss erst von der Merkel, danach von den Grünen &amp; Linken abgesegnet werden, bevor er überhaupt Online oder Druck gehen darf.  https://t.co/bCXSkq9pnv    Das A…loch #Wiltewka, alias #EkelWilfred, Papa #Wilberg O. #Wilke",0
"Erst nehmen sie ihm seinen Job &amp; jetzt rauben sie ihm noch seinen Schlaf – mir auch. Er soll sie jetzt ins 6 Stunden entfernte Krakau gebracht haben, 2x.    Ich frag mich jetzt wirklich langsam, wer hier der Idiot ist.😢    #findbecci endlich, sucht #rebecca   https://t.co/WFerocSlDs",0
"'Wir haben keine Veranlassung gegeben, uns zu kritisieren.'  Da ist Gibbs &amp; McGee anderer Meinung – ich auch.  Morgens halb 11 in Deutschland, der Waldboden war gefroren, &amp; sie suchen unter der Erdoberfläche.😢   #findbecci,sucht nach einer lebenden #Rebecca  https://t.co/t4Adm5I9Ge",0
"Elon Musk twitterte offensichtlich wieder während er kiffte – Spaß Elon. 😉  Und genau deshalb, liebe Kinderchen, lasst das Twittern während des Kiffens sein.    Der Papa #Wilberg von der Capitol, alias #EkelWilfred, #Wiltewka, oder O. #Wilke  https://t.co/2yhcggt2g9",0
"Bild macht wieder + mit der auf Richtigkeit ungeprüften Schwager- und Familienhetze, die sie selbst mit in die Hirne der Nachbarn und Leser gestreut haben.😢    Der #EkelWilfred    Nicht mithetzen, #findbecci helfen und nach einer lebenden #Rebecca zu suchen. https://t.co/TlEYFY1sL1",0
"Alert! Security    Windows-Kacheln entführt  Anwender, die noch Live-Kacheln auf ihrem Desktop haben, sollten diese entfernen. Es sieht ohnehin nicht so aus, als wäre diesen noch eine große Zukunft beschieden.    #Kachelnmüssenweg 😊 – böse Zungen sagen Merkel.  https://t.co/2IdOy4DVYi",0
"Die 52-jährige Mutter hat mehr Ahnung als die ganze Berliner Polizei zusammen.😢    Quelle Teiltext: #Bild.de &amp; #Bunte.de    Sorry, dass der überhebliche Idiot euch wieder auf den Sack geht – nicht allen.  #findbecci, sucht endlich nach einer lebenden #rebecca an den richtigen Orten. https://t.co/tqY3f2mmfK",0
"Es ist so traurig und ich wünsche der Mutter, den Familien, #Rebecca alles gute &amp; dass die Berliner Polizei endlich mal anfängt nach einer lebenden Rebecca zu suchen. Eine tote Rebecca werden sie nie finden, das habe ich 3-fach ausgeschlossen.  #findbecci    https://t.co/qwAutwE8js",0
"Sonst blockieren die Berliner Politiker immer den reibungslosen Ablauf. Jetzt geht es sogar schon ganz ohne sie. Böse Zungen nennen es einen Fortschritt.    O. #Wilke, alias der #EkelWilfred, #Wiltewka oder der Papa #Wilberg von der Capitol  https://t.co/gMwq5mKJ0u    #Berlin wie es..",0
"Endlich mal einer mit Ahnung, der sich etwas vorsichtiger als ich äußert.   Er schlägt vor, den Fall neu zu bewerten und fordert einen externen Spezialisten, der #Rebecca‘s Vorgeschichte durchleuchten soll. Also das was ich schon gemacht habe.  #findbecci    https://t.co/Z930iUFNpd",0
"109 Kinder zu opfern um eventuell einen vor dem Tod zu bewahren, ist für 78% eine Frage der Solidarität. Ich kann nicht mehr. 😢    Papa #Wilberg von der Capitol &amp; Aufklärer, alias der #EkelWilfred, #Wiltewka oder O. #Wilke    #Masern #impfung #nichtmehrmeinDeutschland 😢 https://t.co/B8pfaDzVN0",0
"Fast nur noch bekloppte im Land.   Um einen vor dem Tod eventuell zu bewahren, will man 109 Kinder opfern. Und 79% stehen da auch noch voll hinter. 😢    Papa #Wilberg von der Capitol, alias der #EkelWilfred, #Wiltewka oder O. #Wilke    https://t.co/MvneZDX63O",0
"Ist #Berlin die peinlichste Hauptstadt? Was läuft schief in der deutschen Hauptstadt?  Man muss sich doch nur das Gequake &amp; Gejammer von diesen Berliner Twitten ansehen dann weiss man es, sogar frau auch.😉  https://t.co/rAOH6T7039  Papa #Wilberg von der Capitol, alias #EkelWilfred",0
"Die Impfpflicht ist ein sprudelndes Geschäftsmodel mit bester Patientenbindung was viel Steuern einbringt und vermeidbare Jobs schafft.    Ein Toter durch Masern, 110 Tote durch Impfungen &amp; fast 10% haben Folgeschäden durch diese Impfung.     Der #EkelWilfred &amp; Aufklärer",0
"Was haben die Hertha, Linken, Grünen, auch die originalen Sozis (SPD) sowie Berlin gemeinsam? Sie kriegen nichts auf die Reihe &amp; verlieren am Ende mehr als sie gewinnen!    Der #EkelWilfred    Ein Herzchen &amp; Berliner – Neue Reihe, damit man auch mal was über #Berlin zum Lachen hat.",0
"Die Hertha stocherte heute wieder sinnloser auf dem Rasen rum als die Berliner Polizei im harten Waldboden.    #findbecci, sucht endlich nach einer lebenden #rebecca 😢    Der #EkelWilfred    Ein Herzchen und Berliner – Neue Reihe, damit man auch mal was über #Berlin zum Lachen hat.",0
"„Sie besuchte eine Grundschule im Dorf, der Freund ihrer älteren Schwester finanzierte ihren Alltag. Doch als der nach Europa ging, kam kein Geld mehr. Da konnte Melphia noch nicht einmal richtig lesen. Und so ging sie statt zur Schule nach Kumasi.“ 😢  https://t.co/CQyDaSG33l",0
"Wir entschuldigen uns bei Florian, seinen Familien und #Rebecca, dass wir eine regelrechte Hetzjagd in Gang gebracht haben, sein/ihre Leben zerstört haben und NUR an Orten gesucht haben, wo sie niemals sein könnte, müsste es besser heißen.😢     #findbecci  https://t.co/Fh2LzF8TEs",0
"Wenn ich was zu sagen hätte, würde ich die Merkel, Linken und Grünen aus ihren Wohnungen schmeißen und die Illegalen dort einquartieren. Das Ges... hat sowieso zu lang genug zu gut auf meine Kosten gelebt.    Der #EkelWilfred, der nichts gegen LEGALE hat.    https://t.co/64IteySc7m",0
"#Wilfuzius sagt:    Wer sich mit Freunden von #Pädophilen abgibt ist ein Pädophilenfreund.    Grüße auch an #Merkel, aber leider nicht nur.😢    Nur weil man das schon immer gemacht hat und vorschiebt: Dass das Tradition ist, ist übrigens kein Duldungs-/Grund. Danke.    Der #EkelWilfred",0
"Dieses Bild ist eine klare Botschaft an Donald Trump    https://t.co/urYewnqXvl    #donald #trump #ice #bashing #hater #pädophile #pädophilie #kriminalität #vergewaltigung #schändung #welt #medien #presse #linke #grüne    Der #EkelWilfred, alias #Wiltewka, #Wilberg oder O. #Wilke",0
"13-jährige entkommt Entführer, weil:    Tipp einer Polizistin in so einem Fall: Hinlegen.  Aussage einer Linken zu sowas: Nur die ersten Minuten sind schlimm, danach kann es ein Genuss werden.  Der linke #EkelWilfred: Alles richtig gemacht, Kleines. 👍    #NichtmehrmeinDeutschland 😢",0
"Günter Wallraff bei Radsturz schwer verletzt – Das wäre übrigens im Diesel nie passiert.  Gute Besserung von der Capitol Versicherung, und ich hoffe Sie verstehen Spaß. Auch den Grünen, gute Besserung.    Ihr #Wilberg, alias #EkelWilfred, #Wiltewka, oder O. #Wilke    #berlin #grüne",0
"Im Wettbüro von Frau Suhrbier kann man bereits darauf wetten was schneller fertig wird.   Der Berliner Flughafen oder ganz Berlin?     Der #EkelWilfred, alias #Wiltewka, #Wilberg, O. #Wilke    Ein Herzchen &amp; Berliner – Neue Reihe, damit man auch mal was über #Berlin zum Lachen hat.😀",0
"Sogar Hamburger Abendblatt macht endlich mit – Zwar nur sehr vorsichtig, aber wenigstens ein Anfang. 😋    'Rebecca: Einsatzkräfte mit Spaten in Wald unterwegs'    #findbecci endlich, sucht endlich nach einer lebenden #rebecca #freeflorian #medien #presse 😢  https://t.co/otaMevYkDv",0
Wenn das gesamte Bild nicht so traurig wäre. Am Tag von #Rebecca's Verschwindens war Bodenfrost in den Wäldern. Wurden Spaten-Spuren an den Solen vom Schwager gefunden oder ist irgend ein paar Schuhe von ihm verschwunden? Nein?! Also warum?!😢  #findbecci    https://t.co/xTN2VGHPaU,0
@georggukla @berlinsevent @BerLindow @mirja80 @James0099077522 @Professorin_K @Evele24527026 @bahnhofshosting @danny_1703 Dann setze es doch mal im Kopf ein. 😉,0
"'Es ist nicht abzusehen, ob wir sie finden.“  1. Weil er sich NOCH 1:18 Stunde nach dem letzten „#Rebecca ist nicht da“-Anruf im Haus aufhielt.   2. Weil der Twingo für etwas anderes VORHER bereitgestellt wurde.   Nur darf er das nicht sagen. 😢  #findbecci  https://t.co/sIDUKzNqOQ",0
"@georggukla @bahnhofshosting @Professorin_K @berlinsevent @BerLindow @SchoppeCzesch @croydon_de Da wo die Miesen sind, werden auch die meisten Miesen gemacht.  Berlin kostet nicht nur, sondern zieht uns auch runter. 😞    Was bin ich froh, dass ich davon weit weg bin.    'Ohne die Hauptstadt läge das Bruttoinlandsprodukt pro Person um 0,2 Prozent höher.'  https://t.co/wQ2NPew75x",0
"@georggukla @bahnhofshosting @Professorin_K @berlinsevent @BerLindow @SchoppeCzesch @croydon_de Und bei der Berliner Polizei würde ich auch so schnell wie möglichst das Weite suchen.     Denn ist eine Person weg mit der du zusammen warst, bist du auch weg und dein Leben ist danach zerstört. 😢",0
"@georggukla @bahnhofshosting @Professorin_K @berlinsevent @BerLindow @SchoppeCzesch @croydon_de Warum? Nur weil es der Realität entspricht. Ich nehme nun mal kein Blatt vor den Mund.  „Wenn mir ein Arzt nicht sagen darf, dass ich krank bin, bin ich dann nicht krank“  Bester Satz von Ken Jebsen ab 38:12    RUBIKON: Im Interview: „Schluss mit lustig!“  https://t.co/35KBS3svjw",0
"@georggukla @bahnhofshosting @Professorin_K @berlinsevent @BerLindow @SchoppeCzesch @croydon_de Ja, auch dann noch, und er ist ja leider schon Verurteilt, wenn es Geschworenengerichte in Deutschland gäbe. Und darum…    Google – Unschuldig im Knast  https://t.co/rYx3Rpim6j",0
"Gott bewahre es ist noch nicht für Rebecca vorbei, denn dann ist's aus mit der Berliner Polizei. Die Berliner Polizei muss und sollte Freund &amp; Helfer von Rebecca sein, und kein solches Schwager-Schw… 😢    #findbecci, sucht nach einer lebenden #rebecca   https://t.co/ZtHA7lueqG",0
"Diese unfassbare Entwicklung ist ja unfassbar. Hätte das nur jemand vorausschauend vorausgesehen, dann wäre Rebecca schon lange wieder in den armen ihrer Liebsten, auch dem Schwager. 😢  https://t.co/hMiqNtYxJh    #findbecci, sucht endlich nach einer lebenden #rebecca #freeflorian",0
"@georggukla @dhue20121 @berlinsevent @Professorin_K @BerLindow @bahnhofshosting @croydon_de Tut mir leid. Ich habe 'Deutsch' mittlerweile verlernt, und das ist auch gut so. 😀",0
"Nur drei sinnvolle Aussagen/Sätze habe ich bis jetzt zum Fall #Rebecca gelesen.  Wir haben es hier mit einem besonderen Fall zu tun.  Wenn doch alles ganz anders war.  Wer mit Drogen macht, tut das auch Mädchen an.   Und jeweils danach nur BULLshit.😢    #findbecci sucht eine Lebende.",1
"@georggukla @berlinsevent @Professorin_K @BerLindow @bahnhofshosting Ihr wisst schon, dass das totaler Schwachsinn ist. Da die Twingofahrt nicht diesen Zweck hatte und sie wegen Bodenfrost nicht unter der Erdoberfläche sein kann. Deshalb geht die Berliner Polizei dieser Ressourcen und Zeitverschwendung HOFFENTLICH auch nicht nach. Punkt.",0
"@georggukla @berlinsevent @Professorin_K @BerLindow Ja natürlich. Man muss doch nur das Bild ausmalen / rekonstruieren, wie sich die Berliner Polizei den Tattag anscheinend vorstellt.    https://t.co/K50mCUVr1j    https://t.co/rNLzzP5RNx    Die sollen endlich #findbecci machen und anfangen eine lebende #rebecca zu suchen &amp; finden. 😢",0
"'Blick' entlastet ihn auch.    'Bekannt ist nur, dass Rebecca das Haus ihrer ältesten Schwester Jessica (27), in dem sie übernachtet hatte, vor sieben Uhr verließ.'   Ja, das neue Westfernsehen. 😢    Sucht und #findbecci endlich und holt #Rebecca heim. Danke.  https://t.co/gNWnQObFtk",0
"Genau einer Meinung, leider.  Denn es stinkt so dermaßen, der Geruch und die mehr als offensichtliche Hetze und Ermittlungsweigerung ist gar nicht zu ertragen, auch gegen mich.😢    Fangt endlich an zu suchen, #findbecci endlich &amp; holt #Rebecca heim. Danke.    https://t.co/StkshXj85H",0
Die meisten Berliner/Brandenburger Polizisten sind aufgewacht. Aber noch nicht alle. Zwei bis drei sind gerade wieder am Himbeeren pflücken. 😢    Sucht in der richtigen Richtung und #findbecci endlich &amp; holt #Rebecca heim. Danke.  #freeflorian #schwagerwars    https://t.co/nM7a7w9DjO,0
"Wilfuzius sagt: Die Berliner Polizei hält ihn für ein Genie,weil er keine Spuren hinterlassen hat. Ich halte die Berliner Polizei für Genies, weil sie nicht mal auf die Idee kommen, dass er es vielleicht gar nicht war.😢  Sucht und #findbecci endlich und holt #Rebecca heim. Danke.",0
"Wil macht jetzt auch mal einen Witz.  Was ist der Unterschied zwischen Benedict Cumberbatch, Jonny Lee Miller und der Berliner Polizei?  Die einen spielen Sherlock und die anderen sind Darsteller! 😢  Traurige Realsatire    Sucht und #findbecci endlich und holt #Rebecca heim. Danke.",0
"Man stelle sich bei sowas nur mal vor, der Schwager wäre Schutzbedürftig. Was dann in der Bevölkerung &amp; Presse los wäre – Rebecca auch. Schwager können froh sein, dass es solche wie mich gibt – Rebeccas auch. 😢  https://t.co/qikoR2g042    Sucht &amp; #findbecci &amp; holt #Rebecca heim.😢",0
"Heute ist die Presse, die besonders investigative Presse Ausnahmsweise mal dran. 😢    Wen ich noch nicht gegen mich aufgebracht habe –  bitte melden – da finde ich bestimmt auch noch was. 😀    #findbecci endlich, sucht nach eine lebenden #rebecca #freeflorian #medien #presse #bild https://t.co/ZRfJ5QypdK",0
"Sie sind mit dem Angel- und Tauchausflug fertig.   Ich gestehe jeden Fehler ein. Aber wenn man darauf hingewiesen wird und wieder tut, kann ich das nur Dämlich nennen. Mein Beileid der Rebecca. 😢    #findbecci endlich, sucht #rebecca #freeflorian #schwager  https://t.co/qOCcYP523S",0
"Polizei sucht mit Stangen und Schaufeln nach Rebecca !!! 😢    #findbecci endlich, sucht #rebecca #freeflorian #schwager    https://t.co/DZeVnho0WE https://t.co/F3j0p0GZe8",0
"„Da derzeit keine weiteren Erfolgsaussichten durch die Öffentlichkeitsfahndung bestehen, werden die Bilder des Tatverdächtigen und dessen Fahrzeugs gelöscht.“    Und trotzdem wurde heute noch mal Angeln gegangen.😢  #findbecci #rebecca #freeflorian #schwager  https://t.co/Jch4yt7HNO",0
Wie wieder mit dem größten Unsinn Geld verdient werden will – Das Mädel hatte drei Euro dabei.    Typischer Fall von Bereicherung an Rebecca von der investigativen Presse. 😢    #findbecci #rebecca #freeflorian #schwager #schwagerwars #gebtdenschwagerfrei    https://t.co/Pq4QgAoCJf,0
"Gestern in die Runde geworfen, ob der Schwager unschuldig ist.  Die Reaktion war Einstimmig!!! Übrigens überwiegend Experten die bereits im Ruhestand sind. 😢    #findbecci endlich #rebecca #freeflorian #schwager #schwagerwars #gebtdenschwagerfrei @BerlinerPolizei",0
"Keine Hinweise auf Hennigsdorf     Mir tut das arme Geschöpf so leid, was sich bestimmt in den Schlaf weint und noch bitterlicher in den Schlaf weint,weil sie ihren liebsten Familienfreund verdächtigen – Nicht ganz alle. 😢    https://t.co/UeioBzqry6  #findbecci #rebecca #freeflorian",0
@npistcool @BerLindow Hier bildlich.    12 Jahre Merkel https://t.co/c7D5Bmdw3U,0
"Sucht und findet endlich Rebecca, und zwar an den richtigen Orten.  Instagram, Snapchat, Drogenszene Hennigsdorf/Oranienburg. 😢    Danke    #findbecci #rebecca #freeflorian #schwager #schwagerwars #gebtdenschwagerfrei @BerlinerPolizei https://t.co/Hc3eZqEyGi",0
"Sucht und findet endlich Rebecca, und zwar an den richtigen Orten.  Instagram, Snapchat, Drogenszene Hennigsdorf/Oranienburg. 😢    Danke    #findbecci #rebecca #freeflorian #schwager #schwagerwars #gebtdenschwagerfrei @BerlinerPolizei https://t.co/NUh9Q3EuPy",0
"Sucht und findet endlich Rebecca, und zwar an den richtigen Orten.  Instagram, Snapchat, Drogenszene Hennigsdorf/Oranienburg. 😢  Danke    #findbecci #rebecca #freeflorian #schwager #schwagerwars #gebtdenschwagerfrei https://t.co/0BnbTSMZTa",0
"@npistcool @BerLindow Und hier lies dir das mal durch.    Das Untergangsspecial, Soylent-Green-Special  https://t.co/0vUMZ5EOXu    Alles Fakten. Fundierte und belegte Fakten dürfen nicht als Hetze abgestempelt werden.    Und ja ich bin der Klügste – Denn wenn etwas stimmt ist es kein Angeben. 😀",0
"@npistcool @BerLindow Und ja, das ist ein richtig Brauner – Mit dunkler Hautfarbe. 😀    Merkels Fachkräfte vertreiben echte Fachkräfte  https://t.co/JJYblBoqSm",0
"@npistcool @BerLindow Falsch – Eingeredeter Schwachsinn.    Gesundschrumpfen oder Ausbluten? | APuZ  https://t.co/jgHFRUTbZO    Und nein, ist keine Nazi-Seite, oder doch?    Die Wachstumsmaschine  https://t.co/Eagenhijh0    Die demografische Zerstörung Europas!  https://t.co/oh8rr2HyK2",0
„Aufgrund des gegenwärtigen Ermittlungsstands Zweifel am dringenden Tatverdacht“  Da müssen sich aber viele richtig entschuldigen und Köpfe rollen. 😢    #findbecci #rebecca #freeflorian #schwagerwars    https://t.co/fcTc5uwOgb,0
"@georggukla @usererrorx @so_wie_sonja @BerLindow Recherche. Ich schaue mir die Personen an, auch ihr Umfeld an, mit denen ich es zu tun habe und suche u.a. nach dem gemeinsamen Nenner. 😢",0
Die sind weiter und näher dran als diese Berliner Polizei.  Rebecca hat selber vor ihrem Verschwinden ihre Snapchat-Ortung deaktiviert und am Sonntag soll in der Drogenscene Hennigsdorf/Oranienburg gesucht werden. 😢    #findbecci #rebecca #schwagerwars    https://t.co/zVGxo2bRQV,0
"Idiotentest.  Haben die objektiven vorurteilsfreien investigativen und sorgfältig, sowie gewissenhaft auf Wahrheitsgehalt überprüften Presse- und Polizeimeldungen gewirkt?     Ist Florian schuldig?    #findbecci #rebecca #freeflorian #schwager #schwagerwars #gebtdenschwagerfrei",0
"Dort habe ich mal eine Zusammenfassung erstellt was ich/wir wissen, aber viele nicht.    'Es stinkt und stank von Anfang an' und den E-Brief an die Anwältin davor. 😢  https://t.co/Tbqbb26ZF7    #findbecci #rebecca #freeflorian #schwager #schwagerwars #gebtdenschwagerfrei",0
"@npistcool @usererrorx @BerLindow @mkdus @Katja30299307 @polizeiberlin Das dies wohl auch eine Täuschung war, ergab sich schon aus dem 'vor Wochen gefunden'. Eine DNS-Analyse dauert 90 Min. bis 8 Stunden. Da hätte sich dann die Frage gestellt, warum sie dann vorher die Wälder abgesucht haben.  #findbecci #rebecca #freeflorian    https://t.co/DcSA8wzh4d",0
"War vorherzusehen denn alles basiert auf Lügen!  Router in Standardeinstellung speichert NUR das Anmelden, Telefonanbieter dürfen überhaupt KEINE Daten mehr speichern. Die Fahrt mit dem Twingo war VOR Rebeccas verschwinden ausgemacht.😢  https://t.co/6hwp4FlFE1  #findbecci #rebecca",0
"War vorherzusehen denn alles basiert auf Lügen!  Router in Standardeinstellung speichert NUR das Anmelden, Telefonanbieter dürfen überhaupt KEINE Daten mehr speichern. Die Fahrt mit dem Twingo war VOR Rebeccas verschwinden ausgemacht.😢  https://t.co/kxONk1vh6L  #findbecci #rebecca",0
"+++ Warum erfährt die Öffentlichkeit erst jetzt davon, also zwei Wochen nach der bayerischen Landtagswahl? +++  Zeit für Sicherheit. Zeit für die Grenzschließung. Zeit für großangelegte Abschiebungen. Zeit für die #AfD.  ➡️ https://t.co/EfMuMROkL4 https://t.co/Yu163UajrD",0
Dt. Medien präsentieren diesen Typen Stephan Urbach regelmäßig als harmlosen 'Netzaktivisten'. Der @KnaurVerlag verlegt sogar sein Buch.    Tatsächlich legitimiert er in seinen Tweets seit Jahren Gewalt und Straftaten gegen die #AfD und andere Andersdenkende.   #linksextremismus https://t.co/hPXesesjvi,0
Die #GrueneJugend war bestimmt 'not amused'  😂  So viele rassistische Fahnen...igitt! https://t.co/VoRv7zXlHv,0
Linke sind verblendet bis zur Selbstopferung: Frau vertuscht ihre eigene Vergewaltigung. https://t.co/kEsSOdTzgD,0
"'Ärzte und Ingenieure' kommen, sagten sie. 'Viele von ihnen hochbegabt', schrieben sie.    Now they eat their words.     https://t.co/0fi8UDrtSR",0
Interne Dokumente der #Polizei #Düsseldorf: Sexuelle Übergriffe in Badeanstalten nehmen zu #Multikulti #Vielfalt  https://t.co/JQTPSUj9UG,1
"https://t.co/MW9EN7ghik    arbeitslos,24 Jahre,8 Kinder,2 Frauen u Bundespräsident ist Pate😠  #Gauck legitimiert Polygamie?   Vorzeige Familie?",0
"Hannelore Kraft räumt kommunikative Fehler ein,betreff der Silvester Nacht in #Köln😀 ah ja,so wie #psychisch krank statt #Terrorist! Is klar",0
War wohl doch nix mit #Flüchtlinge und #Fachkräfte! 😂😂  Hilfsarbeiter und Sozialhilfeempfänger trifft es eher!  https://t.co/1nmpiLpuxq,0
Dank #Merkel|s #Willkommenskultur   #Taḥarrush #Multikulti #Vielfalt #Terror https://t.co/10243XlsUa,0
Er hätte #AllahuAkbar rufen müssen... https://t.co/HxTlp1WM10,0
#facepalm https://t.co/4uy8CQdXuI,0
"Wenn's in #Deutschland gewesen wäre, hätte es bestimmt ein #Flüchtling gefunden!? 😂😂😂  #Geldfund https://t.co/uTAh0rLumV",0
"Irgendwie scheint der Islam nicht so richtig zu Deutschland zu gehören, wenn ein ICE wegen Koranversen gestoppt wird https://t.co/MIteoSZW70",1
In Zeiten von #Multikulti und #Vielfalt müssen sowas schon mal aushalten...  #Toleranz   Ich geh mal kotzen... https://t.co/WS5496UcYN,1
#Flüchtlinge: Kommunen verweigern Einblick in #Kosten #Magdeburg https://t.co/IE1wUMr9RD via @volksstimme,0
Anklage? Wozu? Ab in den nächsten Flieger!  #Lampertheim https://t.co/TLj2e8k1gE,0
"Wenn die #AfD sich einen Spaß erlaubt, dann ist es #Rassismus?!  Man, seid ihr alle bekloppt! 😂  @ohhellokathrina https://t.co/OLhNVgMCrA",0
Diese Menschen mit ihrer vielfältigen Kultür...  #Einzelfall #Berlin #Gesundbrunnen https://t.co/Ns559XBPOO,0
Manchmal sagen Bilder mehr als 1000 Worte...   #EU #Brexit #Merkel #Europa #Europe https://t.co/VzRltVX4bT,0
Sie werden mit ihren grausamen Stimmen ‚Allahu Akbar' schreien und Menschen töten. DAS SIND UNSERE FEINDE!!!“,1
@HovelsHorst @krippmarie Bitte unten links auf das Bild achten....Satire,0
Und auf wessen Seite stehen wir nächste Woche?  Diese Scheiße kotzt mich sowas von an!  #IS #Terrorismus https://t.co/2kwPkTS0ZJ,1
#Flüchtlinge finden nicht nur Geld!⬇️⬇️ https://t.co/G503OxZNJ1,0
https://t.co/Eu9blGWFJM,0
"Zwei Nachrichten aus #Hamburg, von Montag und Dienstag.    #Flüchtlinge #Obdachlose https://t.co/a8tahGbsKA",0
Toll...und bald schwingen wir uns wieder von Ast zu Ast... https://t.co/SMeRGM2mtH,0
Via @Sashtyani https://t.co/d5oKDYzmsW,0
#Brandanschlag von #Vorra aufgeklärt - Zwei Täter aus dem #Kosovo verhaftet - Nix #Nazi! Wo bleibt der #aufschrei? https://t.co/TImTl6aQw8,0
"Heißt übersetzt: Der, der mit der deutschen Flagge wedelt, zündet auch Asylheime an? Wie bekloppt ist der Mann? https://t.co/czRPZA6x6k",1
"Klar, widmet sich #tagesthemen beim Verfassungsschutzbericht fast nur rechtsextrem. Gewalt. Das steht auch drin: https://t.co/StvQEymtXu",0
Nürnberg !!!  Nach der Veranstaltung   “Rock im Park”  Da fällt mir nur eins zu ein....⤵️  #FridaysForFurture   (Vielen Dank für die zugesendeten Fotos) https://t.co/yfOKq0PPoe,0
"#Sachsen | 💙 @AfD_SLT möchte Rehkitze mit parlamentarischer Initiative vor Mähmaschinen bewahren!  Dazu der Tierschutzpol. Sprecher und OB-Kandidat für #Görlitz, @SebastianWippel:  'Die #AfD fühlt sich dem Tierschutz in besonderem Maßen verpflichtet!' https://t.co/DJ69hC716s",0
"Unfassbar, Unfassbar, Deutschland hat fertig. https://t.co/suYUpgBbbV",0
Zum Führer geeignet? Der GröFaZ hatte auch nur Talent! 😂 https://t.co/f2gXbp1wSn,0
Die 10 Gebote der Grünen Religionsgemeinschaft! Trotzdem: Frohe Pfingsten!   https://t.co/JnjzEpSswL,0
"Genau dafür wird die #AFD seit Jahren als menschenverachtend, rassistisch und ausländerfeindlich verächtlich gemacht! #SPD: Erbärmlichee Pharisäer und Heuchler!     https://t.co/1yRwlRbHQq    --  Empfohlen von WELT News für Android  https://t.co/MCpS9qa1lS",0
So sieht Italienisch-Unterricht für Migranten in Italien aus. Die werden niemals unsere Rente bezahlen. Niemand braucht das in Europa! https://t.co/Yoa3fypHh6,1
"Grüne mit ihrer Klimahysterie sind wie Frösche im Nachbarteich. Sie sind laut, sie nerven jeden, mit ihnen kann man nicht diskutieren, sie haben keine Lösungsansätze und sie sind grün.",1
"++#Kuehnert als Vorsitzender. Ein glänzender Vorschlag. Ein mit wirren Utopien angefüllter, etwas aufgeschwemmter Berufsjugendlicher mit 'Berufsabschluss' als Schülersprecher! #SPDerneuern als Projektwoche! #spd kann noch tiefer als #nahles Darum:#afdwirkt https://t.co/QZTLAZGl0Z",0
"Säure, ein Tatwerkzeug der Wahl? Leider kein klarer Hinweis auf die Tätergruppe und deren Herkunft! Wetten werden angenommen!  https://t.co/YHc7k48Sxh",0
"Ein friedliches Miteinander wird nur solange praktiziert, wie #Muslime in der Minderheit sind! Die Mehrheitsverhältnisse ändern sich aber täglich! #Christen werden weltweit verfolgt! Der politische #Islam widerspricht allen christlichen Werten und gehört nicht zu #Deutschland! https://t.co/M7MKwJOW6D",1
#JesuisBroder    (c) @ergroovt     Claudia Roth und Uli Jörges https://t.co/B04noAdot9,0
Wer ist Sarah Connor? https://t.co/G2xWnEtuNW,0
@realJohr #nazis und #afd sind 💩💩💩,1
😂😂😂😂👍 https://t.co/fwVCS45H48,0
"++ Linker Mainstream-Terror: Bürger sehen die Meinungsfreiheit sterben ++  Armutszeugnis für Gesellschaft &amp;Demokratie: 4 von 5 Deutschen fühlen sich in der Öffentlichkeit nicht länger frei, ihre Meinung zu äußern.  Am 26. Mai #AfD wählen!  #Europawahl2019   ➡️ https://t.co/QRJFGB3dj2 https://t.co/zFF9IZdlXW",0
Die wirklichen Nazis sind links und grün! #Antifaschisten sind #Faschisten! https://t.co/NlvHhrIKnZ,0
Die #Islamisierung Deutschlands schreitet voran! Falsch verstandene #Toleranz! Sie werden es Euch nicht danken sondern es als #Unterwerfung verstehen! #AfDwählen https://t.co/AzyKIeSCFO,1
"Österreich: #Kopftuchverbot an Grundschulen!  Die Regierung in 🇦🇹 zeigt dank der #FPOE, wie es geht. Stoppt die #Islamisierung auch in Deutschland!  #AfD #Bundestag   https://t.co/1lECrF34rF https://t.co/GhgTQn7uwp",0
"Wir reden von „den #Christen“ wie von Fremden. Ist uns nicht klar, dass der Angriff auf Christen ein kulturellen #Angriff auf unsere freiheitliche Gesellschaft ist. Und der #Feind steht bereits im eigenen Land! Aufwachen! #AfDwählen https://t.co/i64NYtd6Tc",1
"Rot so Rot sind alle Verlierer👍👍  Der Schulleiter Johannes Grod von der Aschaffenburger Fröbelschule, welche extra für den Ramadan das Schlufest verschiebt, ist übrigens, oh Wunder, oh Wunder, ein Mitglieder der ANTI-deutschen Scharia Partei (SPD)  👌👌    Zufälle gibt's... 🤔 https://t.co/4MYHJAApTJ",1
"@peteraltmaier Richtig, Herr Altmaier, wehret den Anfängen!     Keine Diffamierung und Ausgrenzung der Opposition, keine Zensur, keine Gesinnungsdiktaur durch Politische Korrektheit.     Keinen Amtisemitsmus, keine Christenverfolgung, keine Frauenunterdrückung durch eingewanderte Muslime.",0
@Uwe_Junge_MdL CDU u.SPD werden nur überleben wenn sie sich reformieren und nach Rechts rutschen und das Asyl und Aufenthaltsrecht drastisch verschärfen und die Massenmigration stoppen!,0
"@Uwe_Junge_MdL Einfach nur lächerlich, kaum sinken die Wählerstimmen wird einfach der Kurs gewechselt. So dumm sind die Menschen nun wirklich nicht, hoffe ich zumindest",0
@Uwe_Junge_MdL #herr junge und darum ist die #SPD auf untergegang programmiert......,0
@Uwe_Junge_MdL @ChristianMars84 Der Wind dreht sich ...,0
"@Uwe_Junge_MdL Seit 2015 keine Kontrolle,Araber Clans seit 1980 wann wacht der Mann ua auf ?",0
"@Uwe_Junge_MdL Das ist doch armselig. Oppermann sieht, daß die dänische SPD damit Erfolg bei den Wählern hat. Und schon setzt er aufs gleiche Pferd. Im Grunde wollen sie es aber alle  nicht. Sie wollen nur  politisch überleben und ihre Pfründe sichern. Die SPD  hat fertig.",0
"@Uwe_Junge_MdL Die SPD kann noch retten, muss jetzt aber klare Kante gegen GRÜNE/LINKE zeigen. Mit Biss und klaren Ansagen.",0
"@Uwe_Junge_MdL Die SPD hat unseren Rechtsstaat azsgehebelt. Die LINKE ist das allerletzte was wir in Deutschland gebrauchen können. Der Linksruck ist sehr schädlich für die SPD, man sieht die Ergebnisse. Nazi Beschimpfungen lässt sich keiner mehr sagen.Ihr zerstört die Mitte, die Steuerzahler.",0
@Uwe_Junge_MdL @ThomasOppermann  Der Typ ist noch schlimmer als ein erbärmlicher Pharisäer und Heuchler. Hat sich nur mit der Absteiger @spd zum Vizepräsident wählen lassen und steckt sich dort beidhändig bis oben die Taschen voll. Aber wer täglich mit Claudia reden muß bekommt Schmerzensgeld.,1
"@Uwe_Junge_MdL Die SPD kann jetzt machen was sie will, sie hängt im Strudel...die abenteuerlichen Kehrtwenden wirken da auch nur noch beschleunigend.",0
"@Uwe_Junge_MdL Gebe ich Ihnen zu 100% recht. Aber es zeigt doch, das ist afd was bewegt hat. Wie in Dänemark auch, müssen die altparteien endlich aufs Volk eingehen oder selbst untergehen. Klar, ärgerlich für die, die dies schon seit jahren fordern und deshalb als Nazis betitelt wurden.",0
"@Uwe_Junge_MdL @Michael00350135 Da ist Herr Oppermann wohl in der falschen Partei. Klare Regeln, dann schafft endlich den Familiennachzug ab. Aber das verhindert die SPD.",0
"@Uwe_Junge_MdL Nicht ganz richtig, aber falsch. Die AfD ist gegen Integration und somit rassistisch",0
@Uwe_Junge_MdL Die SPD hat sich in den vergangenen Jahren immer gegen die Bürger in eigenen Land entschieden. Deshalb wenden sich immer mehr ab. Langsam wachen einzelne in der SPD auf. Wahrscheinlich käme eine allfällige Wahrnehmung der eigenen Bürger zu spät.,0
"@Uwe_Junge_MdL Vielleicht plant er ja den Übertritt zur #AfD, denn ob er auf das Ticket der SPD noch mal in den Bundestag gewählt wird, ist ja alles andere als sicher? 😉",0
"@Uwe_Junge_MdL Das Original ist und bleibt die Afd, auch wenn mittlerweile fast alle sogenannten ehemaligen etablierten Parteien auf den Afd Zug aufspringen wollen. Den anderen Parteien glaube ich kein Wort mehr.",0
"@Uwe_Junge_MdL jahaaa, geht natürlich gar nicht, daß die angeblich Falschen das Richtige sagen....",0
"@Uwe_Junge_MdL 4 Jahre gebraucht, um zu der Erkenntnis zu kommen, welche die AfD schon immer gepredigt hat.  Bei der SPD setzt der Verstand leider, immer erst ein, wenn der Schaden schon entstanden ist und das Kind im Brunnen liegt.",0
@Uwe_Junge_MdL 😂😂😂,0
@Uwe_Junge_MdL @roman51110 Irgendwie kenne ich als Ossi diese Gattung Vögel....  Wir nannten die damals WENDEHÄLSE,0
@Uwe_Junge_MdL AfD wirkt!,0
"@Uwe_Junge_MdL Ja, für die Genossen kommen allmählich die 10% in Sicht. Da beginnt selbst die @spdde mit dem Nachdenken. Aber leider zu spät. Das Vertrauen ist im Arsch...",0
"@Uwe_Junge_MdL Offenbar findet nach den verheerenden Wahlergebnissen der Spezialdemokraten ein Umdenken statt: erst @sigmargabriel, dann @helgelindh und jetzt @ThomasOppermann. Ist die SPD doch noch zu retten? #SPDebakel #Schulzzug #EP2019 #AfDwirkt #AfD",0
@Uwe_Junge_MdL Der will es den Dänen nachmachen. Wirklich ein erbärmlicher Heuchler.,0
@Uwe_Junge_MdL Dieser Oppermann ist nur ein jämmerlicher Opportunist. Demnächst ganz weg vom Fenster!,1
@Uwe_Junge_MdL ist das das Framing von ARD und ZDF solange hochjubeln bis das  (fast) jeder glaubt so eine Art betreutes denken?,0
@Uwe_Junge_MdL Klassisches Eigentor.,0
"@Uwe_Junge_MdL @JStaltenberg Wozu Sacharbeit , wenn es darum geht Deutschland den Rest zu geben",0
"@Uwe_Junge_MdL Herr Junge, sie haben sich also auch an Tod von Walter Lübcke ergötzt mit ihrem rassistischen, antisemitischen, antidemokratischen, homophopen Verein AfD. Ihr werdet NIE was zu melden haben. https://t.co/p9plKCEI0p",1
@Uwe_Junge_MdL Sacharbeit und AfD...  Das ist eine Steilvorlage für die @heuteshow   😁,0
@Uwe_Junge_MdL Ihr Verein ist ja nichtmal ansatzweise zur Sacharbeit fähig. Man schau sich nur die mangelnde Sacharbeit im Bundestag an.,0
@Uwe_Junge_MdL https://t.co/bibirtnHtz,0
@Uwe_Junge_MdL Sagt einer aus der Partei die es bislang nicht geschafft hat auch nur ein einziges stichhaltiges Konzept vorzulegen,0
@Uwe_Junge_MdL Klingt irgendwie komisch von 'nem befehlsgebundenen Soldaten. 😂,0
@Uwe_Junge_MdL So wie die AfD die genau 0 Sacharbeit auf Bund und Landesebene hinbekommt.,0
"@Uwe_Junge_MdL Die Sacharbeit, die Ihre Partei überhaupt nicht tut? Schließlich kamen ja bisher keine konstruktiven Vorschläge aus der #AfD. Nur Hetze und Hass. Und Lügen.     Mal an die eigene Nase fassen. #FCKAFD #FCKNZS",0
"@Uwe_Junge_MdL Ach noch was, ihr Blechkamerad hegt  auch so kämpferische Allmachtsfantasien, ist wohl ihrem Verein so eigen. 🤷‍♂️ https://t.co/lZPzrc1WY6",0
"@Uwe_Junge_MdL „Tschingterrassa bumterassa, Menschen sind so dumm terassa, denn die schweren Eisentöpfe drücken Birnen weich....“  Empfehle mal:  https://t.co/8rs5OMUQzP",0
"@Uwe_Junge_MdL Ich frage mich warum die @AfD die Bundeswehr aufrüsten will, wenn sie aich gleichzeitig aus allen Einsätzen zurückziehen soll. Soll die BW wirklich einw reine Territorialarmee werden? Und wenn ja, vor welchem Feind müssen wir uns auf deutschem Boden verteidigen?",0
"@Uwe_Junge_MdL Aus allen Auslandseinsätzen zurückziehen und gleichzeitig 'kämpfen wollen' - was genau planen Sie mit der Bundeswehr, @Uwe_Junge_MdL? Wenn die Soldaten kämpfen sollen, aber nicht im Ausland, dann bleiben nur noch sehr unschöne Alternativen übrig.",0
@Uwe_Junge_MdL das dauert nicht lange an...bald werden die ersten merken das sie einem kranken panst aus Schweden auf den Leim gegangen sind.der wahrscheinlich gerade zur psychiatrischen Behandlung im Tollhaus sitzt.,1
"@Uwe_Junge_MdL der deutsche erkrankt schon wen er den wetterbericht hört, vor 500 Jahren haben sie in Helmstedt Wein angebaut, warum soll das nicht wieder kommen",0
@Uwe_Junge_MdL https://t.co/LNKYgFfSCm,0
"@Uwe_Junge_MdL Sehr schönes Browserspiel.  Wenn dir langweilig wird, lass uns spielen.  https://t.co/xbvWrv7hYF",0
@Hartes_Geld Natürlich! Diese rot-grüne Bagage ist für diese Zustände ALLEIN verantwortlich!,0
@Hartes_Geld @SnarkyInfidel Was für Ratten...,0
"@Hartes_Geld Russen die nach Österreich auswandern? Kommt selten vor. Hätte ich nicht gedacht. In Deutschland sieht es, was die Russen angeht etwas anders aus. Weniger Gewalt aber kaum arbeitslose.",0
@Hartes_Geld Warum schließen sich die deutschen Jugendlichen nicht auch Gangs zusammen und gehen nie allein wie wir damals in den 68/70ern durch die Gegend?,0
@Hartes_Geld Diese Dreckvögel!,0
@Hartes_Geld Warum wehrt der sich nicht? Opfer.,0
@Hartes_Geld Mich widert dieses Verhalten einfach nur an. Dieses dumme auf dicke Hose machen. Letztlich geht es aber nur weil diese Leute Narrenfreiheit haben und dies auch wissen. Ihnen passiert nichts.,0
@Hartes_Geld @ruhr_area51 Na Servas... 🙄,0
@Hartes_Geld @roland_thorwald Was für ein respektloses Dreckspack haben die in unserem Land einreisen lassen.Das ist das Ergebnis einer misslungenen Politik.👎👎,0
@Hartes_Geld Nach Hause bitte......was ist das für eine Kultur.......🤮,0
@Hartes_Geld Iss ja ekelhaft....find man keine Worte.,0
@Hartes_Geld Drecks Pack 🤮,1
@Hartes_Geld Drecks Hurenkinder Pack.,1
@Hartes_Geld https://t.co/5FAnGDssYx,0
"@Hartes_Geld Die Seestadt war als städtebauliches Vorzeigeprojekt gedacht, wirkt aber mittlerweile ziemlich heruntergekommen. Die Uferpromenade am See ist demoliert, die Sitten verwildern.",0
@Hartes_Geld @frickma1 Aber das ist doch jetzt Volksverhetzung😁,0
@Hartes_Geld 😔 wo soll das alles noch Enden?,0
"@Hartes_Geld Oh mein Gott, wenn ich da wäre... und wenn ich so etwas life erleben sollte, können sich solche Straftäter warm anziehen  !",0
"@Uwe_Junge_MdL Dann kommen sicher noch mehr Messerfachkräfte, die alte wehrlose Menschen abstechen, wenn sie mal schlecht drauf sind. Ist doch schon so passiert. Die verachten und hassen uns Christen, Junge wie Alte und machen daraus selten einen Heel.",1
@Hartes_Geld Das war ein Mordversuch‼️😡,0
"@Hartes_Geld Was soll man als Elternteil dieses armen Jungen in so einer Situation machen? Wegziehen (wenn es geht) oder Geld sparen und Leute anheuern die dieses Problem fixen, denn dieses Pack versteht nur die Sprache der Strasse. Erst wegziehen und dann das Problem fixen lassen ist der Weg",0
"@Hartes_Geld 'Migration ist eine Quelle des Wohlstandes, der Innovation, und nachhaltiger Entwicklung' (GCM)",0
@Hartes_Geld @DFakeNews1 Ist das aufs Ende zu ein Mädchen oder ne Heldenstimme ?!?😂😂,0
@Hartes_Geld @Daffyfuq Raus mit die Viechers!,1
"@Hartes_Geld So etwas beeinflusst wohl am stärksten das spätere Wahlverhalten dieses jungen Mannes. Aber das ist ja nicht von Bedeutung, sind schließlich alles Rassisten.",0
@Hartes_Geld Hier versagt der 'Staat' total  in seiner Aufgabe seine 'Bürger' zu schützen,0
"@Hartes_Geld Wenn ich das seh, werd ich echt sauer 😡",0
"@Hartes_Geld ...Respekt Michels‼️‼️👉 Die Leidensfähigkeit, Toleranz sich im eigenen Vaterland alles bieten und nehmen zu lassen und noch die eigenen Wurzeln zu kappen, ist weltweit einmalig‼️👉Sollten Kulturbereicherer bei meinen bloß nicht versuchen......‼️‼️ https://t.co/hP8OjuJS3l",0
@Hartes_Geld einzelfall,0
@Hartes_Geld Der junge Österreicher hat scheinbar Sprachkenntnisse in Russisch - von wem kommt das 'na chuj' (Нахуй)? Ändert aber rein 'goar nix' an der Situation... 😡,0
@Hartes_Geld schon traurig wenn man nicht mal mehr im eigenen land sicher ist.,0
@Hartes_Geld UND WIR SOLLEN DIE NAZIS SEIN!!,0
@Hartes_Geld Der Staat schützt uns nicht! Wann merkt die Mehrheit das endlich?,0
@Hartes_Geld Hauptsache bunt 🎉🎉,0
@Hartes_Geld An ihren Früchten sollst du sie erkennen.,0
"@Hartes_Geld I like in allen Videos das Treten, wenn das fckg Opfer sich hinlegt. Not bad ist auch, all vs one, max. Gewinnchancen.  Clevere Boyz, Musterbeispiele für pos. Gruppendynamik!  (Nicht ernst gemeint)  Wir sind Schuld. Klarer Mangel an....(bitte ergänzen).  Und wer hilft den Opfern?",1
"@Hartes_Geld Regionaler #Einzelfall... wird es heißen.   Dumm nur, dass man inzwischen die einzelnen Fälle vor lauter Einzelfällen nicht mehr sieht.",0
"@Hartes_Geld @frankundfreya Die wollen doch auch nur n bisschen spielen, unsere Gäste..😡Aber deren Problem is, sie wissen nicht wann es Zeit aufzuhören ist, auf ihr Opfer brutalst einzuschlagen. Das haben Menschen in den Westlichen Kulturen schon in die Wiege gelegt bekommen, die aber nicht !",1
"@Hartes_Geld in dem keine grünen wohnen schätzungsweise,Grün ist nämlich Synonym für mind. obere Mittelschicht,hab dem Böhmermann auch geschrieben er soll doch mal ein Jahr in einem Mehrfamilienhaus in Duisburg Marxloh wohnen,der Heuchler.",0
"@Hartes_Geld Nur in der Gruppe, sind diese Schmarotzer stark. Diese müssen aus dem Land geprügelt werden.",1
"@Hartes_Geld ABSCHIEBEN DIESES GESINDEL!!.. UND DANM SAGEN WIR,, GUT GENACHT,,!!!",1
@Hartes_Geld Und dann wählen Leute die Linke LMAO,0
@Hartes_Geld Das ist alles so gewollt...,0
"@Hartes_Geld Ist zwar ein „Nazi-Spruch“ (weil es wohl über irgendeinem KZ hing), aber ich schreibe es trotzdem: „Jedem das Seine!“.",0
"@Hartes_Geld Sollte einer meiner Söhne mal so nach Hause kommen, dann gnade euch Gott ihr Parasiten!",0
"@Hartes_Geld Ist halt die BRD, also die Bananenrepublik Deutschland. Kurz kann man auch DummDeutschland sagen/schreiben. Oder auch: das gemurkselte Land.",0
"@Hartes_Geld Man kann doch etwas Toleranz walten lassen,wenn er dann einen Anschlag verübt müssen wir halt mit Leben,das ist so in einer freien Gesellschaft.Ob man das wirklich will interessiert hier niemanden",0
@Hartes_Geld @Gold_ist_Geld Wir brauchen eben eine starke Hand und kein ewiges women - gedönse……..,0
"@Hartes_Geld Wie ist das bitte möglich? Hat sich die Justiz gegen die eigenen Bürger verschworen?   Gleichzeitig werden Leute weggesperrt, die die Hundesteuer oder GEZ nicht bezahlt haben  oder weil sie Pfandflaschen 'gestohlen' haben",0
@Hartes_Geld @Infos_Googeln Mach ich da was falsch? Ich spar für meine imaginäre Rente. Ich sollt wohl doch besser auf Waffen umschwenken. In ein paar Jahren haben die sicherlich Hochkonjunktur....,0
@Hartes_Geld https://t.co/cohoOKhoES,0
"@Hartes_Geld Selbstverteidigung, gegen all die Kartoffelnazis.",0
@Hartes_Geld Beim nächsten Amri hat wieder keiner was gewußt.,0
"@Hartes_Geld Der wird von der Berliner SPD gebraucht, um Gefährder zu deradikalisieren.",0
@Hartes_Geld Wozu den abschieben? Widersinnig bei grenzenloser Toleranz und fehlender Identitätsprüfung.   #wirsindnichtoffensondernnichtmehrganzdicht,0
@Hartes_Geld Vor 14 Jahren wurde Merkel Kanzlerin u. begann mit der 1. SPD-Koalition im FALSCHEN ZEITGEIST.......,0
@Hartes_Geld Spinner oder nicht. Es ist ihre Zukunft. In 20 Jahren haben wir die Löffel abgegeben und deren Leben wird nicht so toll sein.    #Klimawandel,0
@Hartes_Geld @PauleHasi13 Mein Gott...mein Gott😱,0
@Hartes_Geld @RodriguezSusane Lel,0
"@Hartes_Geld Wahnsinn, Dummheit ist wohl doch ansteckend",0
@Hartes_Geld Schau mal hier: Greta hat jetzt ihren eigenen Youtube-Kanal und ihr erstes Video rausgehauen ;-) #WTFILIKEGRETANOW https://t.co/nqX5jekmyd …,0
@Hartes_Geld https://t.co/jrxmnoa4p3,0
"@Hartes_Geld @profraika Die sind wie Milky Way ,die Schwimmen sogar in Milch.",0
"@Hartes_Geld Gehirngewaschen geht nicht, ist keins da!",0
@Hartes_Geld Indoktrination in den Schulen und 'versagende Elternhäuser'!,0
@Hartes_Geld Schulpflicht an Samstagen!,0
@Hartes_Geld @chopperina2 Seriöse Quellen habt ihr nicht? Wie erbärmlich,0
@Hartes_Geld Das Leben ist eine große Party.     Der Aufschlag in der Realität könnte heftig sein.,0
"@Hartes_Geld @tewes_susanne Die werden auf RTL Darstellerplantagen gezüchtet, da bin ich mir sicher...",0
"@Hartes_Geld @ibikus31 DANKE AN SCHEISS SPÖ, SCHWARZE ÖVP, FAYMANN, SPINDELEGGER BIS ES IHM SELBST ZU VIEL WURDE U GING, AN DIE GRÜNEN,, TRÄUMER,, UND BESONDERS DANKE AN MERKEL🐄(WEGN DER WIR ALLE MITMACHN MUSSTN!!!)..SEIDS STOLZ DRUF?!?!? HBE GENAU DESWEGN LEIDER MITTEL ZUM WEHREN AN/BEI MIR.. TRAURIG",1
@realJohr Böser     Ganz böser Pinguin     (Muss mit tiefer Stimme gesprochen werden),0
@realJohr Irgendwas muss man für die eigenen Spezies doch tun. Typisch 'Nicht-Altpartei'?!??,0
"@realJohr Mal sehen, wer sich seinen Ruf als Mediator ruinieren will...",0
@realJohr Die ganze FPÖ ist moralisch fragwürdig.,0
@realJohr @07cavio Sag ich doch schon länger... Sachsen an Putin verkaufen!,0
@Ungebeten1 @worldwideto Noch mehr. https://t.co/tkhiSMQnBD,0
@Ungebeten1 @worldwideto 👍,0
@Ungebeten1 @worldwideto Und klick!,0
"@Ungebeten1 das ist ja wirklich der Hammer, wenn da ne Frau dabei gewesen wäre hätten sie noch die Körbchengrösse genannt. Aber sonst sind das immer nur junge Menschen, wenn Goldstücke die Täter waren. Es wird der Tag kommen,wo die solche Angriffe gegen das eigene Volk bereuen werden",0
"@Ungebeten1 Es hilft, wenn man sich damit ab und zu beschäftigt. Ja, es kommen nicht alle, aber bei einem Wachstum von 40 Mio im Jahr, muss Europa nur das Wachstum eines Jahres aufnehmen und schon bricht hier Chaos aus. Afrika wird seine Probleme selbst lösen müssen, so wie Asien auch.",0
@Ungebeten1 Mischwald. Und dann wachsen lassen wie es die Natur will. Dann gäbe es dieses Theater nicht.,0
@Ungebeten1 Warum nimmt das Klima die nicht einfach mit ... Bitte 🤗,0
"@Ungebeten1 @wolfssanguis Fichte ist ein Baum für das Gebirge. Er wurzelt in die Breite um sich in den Fels zu klammern. Deutschland ist ein Buchen und Eichen Land. Pflanzt diese in Mischkulturen, dann lebt der Wald auch wieder auf.",0
@Ungebeten1 @wolfssanguis Genial 😍❣️😍Sepp Holzer 😍😍Nur mal so zum denken- hier bei mir ist die Welt ok😋😍👍,0
@Ungebeten1 Dann könnte man den Wald aber nicht kapitalisch nutzen,0
@Ungebeten1 🤢🤢🤢🤢,0
@Ungebeten1 @_Foseti_ Alles gute der AfD 💙💙💙🤘👍,0
@Ungebeten1 Ohne Gagen machen die nix.,0
@Ungebeten1 @FcmMicha1 Ich sehe da keinen Prommi nicht mal einen Z Prommi,0
@Ungebeten1 @93cecc58ff2e400 Dem betreutenDenken mussten wir lang genug widerstehen  und jetzt kommen verwöhnte  promis um die Ecke  und wollen uns etwas erzählen.  Manchmal  glaubt man es nicht. https://t.co/g3hSDTJvH2,0
@Ungebeten1 @Rocky0668 Sch Sch Sch doch drauf,0
@Ungebeten1 Was haben diese Leute aus Hollywood sich in die Bürgermeisterwahl in Görlitz einzumischen? Da kann doch nur  Hillary Clinton mit ihren Beziehungen nachgeholfen haben.,0
"@Ungebeten1 Den Bericht, im Übrigen ist davon auszugehen , dass Huren mehr Ehre im Leib haben. Sie verkaufen sich, nicht die Anderen, diese Künstler schon.",0
@Ungebeten1 ... schnelle Antwort:  https://t.co/UM87hWStJ6,0
"@Ungebeten1 @krippmarie @KHinnek @Lebensformation @Twitter Dann sind wir mal alle sehr froh, dass Sie nicht in der Verantwortung stehen, dies zu tun. 😀",0
@Ungebeten1 @krippmarie @KHinnek @Lebensformation @Twitter Nur noch Katzenbilder und Porno.,0
"@Ungebeten1 Hauptsache glücklich,es bleibt immer das Kind ☺️",0
"@Ungebeten1 Natürlich ist es etwas anderes, wenn es um das eigene Kind geht:   Welche Mutter und welcher Vater möchte nicht Oma oder Opa werden!?",0
"@Hartes_Geld @ibikus31 solche SATANSBRATEN!! haut doch ab und kämpft in EUREN Ländern im KRiEG für eire frauen, eure land usw und NICHT unschuldige die NIX getan haben!!! od genießt den Frieden weshalb ihr ja angeblich her kommen seids und BENEHMT euch wie MENSCHEN und NICHT wie TIERE!! 😡😠😡😠😡😠",1
"@Hartes_Geld Der Gefährder, die Gefährderin oder divers Gefährder? Wenigstens befasst sich die Politik mit sowas",0
"@Hartes_Geld Wieso erinnert mich das an Biedermann und die Brandstifter? 😈  Sobald der radikal religiöse Spinner dann Menschen getötet hat, war das natürlich nicht absehbar und niemand übernimmt Verantwortung dafür... Konnte niemand ahnen...",1
"@Hartes_Geld Das ist schon wirklich erschütternd, wie wenig inhaltliche Substanz bei den Demonstranten vorhanden ist. Und wie viele Sonderbare sich dort tummeln. Fundierte Allgemeinbildung ist scheinbar nicht mehr das Maß der Dinge, sondern eine Bizarrheit irgendwie in Szene zu setzen.",0
"@Hartes_Geld @KenzoVandagg Dummheit fängt schon dort an, wo man glaubt vom Einzelnen auf das Gesamte schließen zu können.",0
"@Hartes_Geld Und weiter, was beweist das Video, dass niemand perfekt ist und jeder im eigenen Bereich nach eigener Leistungsfähigkeit gutes tun kann und kein Demoteilnehmer ein Engel ist?",0
"@Hartes_Geld Krass, die dümmste Generation ever. Für mehr (sinnlose) Steuern! #krankehirne",1
@Hartes_Geld Schwätzer... Tut doch selber mal was! nehmt den Bus statt Euch von den Eltern fahren zu lassen. Räumt den Park auf! Schaltet die Handies ab! Kriegt keine Kinder! Übernehmt auch Verantwortung!,0
@Hartes_Geld Erinnert mich an die Hippie Bewegung,0
"@Hartes_Geld Oh diese Gestalten. Die nie eigenes Geld verdient haben, und Arbeit scheuen, wie der Teufel das Weihwasser hüpfen mal wieder, erbärmliche, degenerierte Generation von Memmen! Man müsste sie alle zwingen ein Jahr in Pflegeheimen zu arbeiten und alte Menschen pflegen, faule Typen! https://t.co/EBvpbtqFaL",1
@Hartes_Geld @TobiV14 Könntet ihr bitte etwas mehr fürs klima hüpfen??? Bitte!!! Bei mir in der gegend regnet es!!!! Möchte gerne sonne!!,0
"@Hartes_Geld 'Dann sollen die in 3. Weltländer reisen...'  Weil, wenn es in Afrika wärmer ist als hier, dann ist das die Klimaerwärmung 😂🤦‍♂️🤮",0
"@Hartes_Geld @DigitalerC Wer nicht hüpft, hat ein Hirn.... alle Hüpfen.",0
"@Hartes_Geld Was solche verstandsbefreite, bildungsferne Vollpfosten hervorbringt, ist die Tatsache das wir schwerst Geistesgestörte nicht mehr in die geschlossene Psychiatrie einweisen, wie es sich gehört, sondern diese ein 24/7 Freilauf haben.",1
"@Hartes_Geld Aus eigener, mehrfacher Erfahrung: Kommt so ein Mob auf Euch zu, gibt es nur zwei Möglichkeiten. Entweder Pfeffer rein und so hart und überraschend zuschlagen wie möglich, oder gleich rennen so schnell es geht. NICHT Diskutieren oder beschwichtigen!!",0
@Hartes_Geld Bei solchen Hohlbirnen wird mir schlecht !!,0
"@Hartes_Geld Opa hätte gesagt: „Strunzdoof“, die hätten schon Probleme, nen Lichtschalter zu verstehen...    #Gründeppen",0
@Hartes_Geld 🙈,0
"@Hartes_Geld Ich weiß grade nicht, ob ich lachen oder weinen soll...",0
"@Hartes_Geld Also informiert Euch, stimmt Euch ab, steckt Euch Ziele - erst dann macht Krach! Trotzdem: Klimaschutz ist wichtig. Aber ohne Instrumentalisierung von Personen. Eine Gretel brauchen wir schon gar nicht. Vorallem: Eloquentes Handeln der FFF-Teilnehmer",0
"@Hartes_Geld Was sind das für Volldeppen... 😂👌🤡😂    'Stimmung machen für die Europawahl' dann musste er aber  schnell noch mal überlegen, was der offizielle Grund für diese Stimmung war.  ..bevor er noch den wahren Grund ausplaudert.  #AfD",0
@Hartes_Geld WIE WÄRE ES MIT MÜLL SAMMELN AlS IMMER NUR DEMO,0
@Hartes_Geld Deutschland 🇩🇪 schafft sich ab,0
@Hartes_Geld Siehe..rock am ring...danach!!!☝️,0
"@Hartes_Geld Wohlstand tut es , 14 Tage strom ausschalten weil kein Wind und keine Sonne da ist - und viele sind geheilt - nennt man Gott der Vernunft",0
"@Hartes_Geld Überall auf der Welt sind diese peinlichen UN Aktivisten dieselben Vollidioten, egal in welcher Sprache.",0
"@Hartes_Geld Es ist furchtbar, doch es ist unsere Jugend, unsere Zukunft.Wenn man jetzt nichts tut dagegen, werden diese jungen Leute später in den Ämtern sitzen, mit dieser Einstellung. So wie bei den 68er, die viel Schaden angerichtet haben. Indoktrinierung findet in den Schulen, Unis statt",0
"@Hartes_Geld Ja das sind Leute die von Propoga da https://t.co/2CEyrg79HO sehr gut ausgebildet sind ,bis in die höchste Ebene u.das schon jahrelang !!! Und dazu noch global!! Auch im Internet läuft ds genauso!!!! Die Menschen sind zu leichtgläubig u.unterschätzen d..Technologien .LEIDER 😂😂",0
"@Hartes_Geld da wird der untergang gezeigt. taschengeld sperren und fehlende schule nachsitzen, für jedeunvollständige woche 1 x",0
"@Hartes_Geld das ist alles ein ausgewachsenes Jugendprogramm, welches sich zu so einem entwickelt hat/geplant war es nicht..es zeigt nur: die Jugend will beschäftigt werden und an etwas glauben..egal an was..es hätten auch die Beatles sein können.",0
@Hartes_Geld @HeinrichLudger 😂,0
@Hartes_Geld IDODEN,0
"@Hartes_Geld Echt gut, meine Tochter hat auch zwei Zöpfe - aus 😍 .. nur das NaSa Shirt ist bissl doof, denn die erzählen nur Märchen - passt aber zu #FFF",0
"@Hartes_Geld @houelle_beck Schön, dass die Schöne Zöpfe trägt 😎",0
@Hartes_Geld Impfschäden in Massen!!!,0
"@Hartes_Geld Ich bekomm da Aggressionen, wenn ich nur das gelaber anhöre 😠",0
@Hartes_Geld Grüne Inzucht !,0
@Hartes_Geld Da muss man sich zwischen Kulturaustausch und CO2-Emissionen entscheiden? So ein Mist aber auch...,0
@Hartes_Geld Denen würde ich nicht mal eine Hundehütte anvertrauen geschweige denn eines Tages das Land,0
@Hartes_Geld https://t.co/tnThR6Jjy1,0
"@Hartes_Geld Love, Peace and ... eh,warum bin ich eigentlich hier? Ach ja, Klimaschutz. ( bis 14:30)",0
"@Hartes_Geld War ein Missverständnis, er wollte sie doch nur kulturell bereichern. Ihr Dummerchen!!",0
"@Hartes_Geld ... schreitet die Polizei jetzt in Deutschland bereits ein, wenn man etwas machen will ?",0
"@Hartes_Geld @hamaro777 Nicht, dass man von mir denkt, ich wäre ein Bot...     #Protest  #Ferkel  #Merkel https://t.co/6d3djfAc73",0
@Hartes_Geld @hamaro777 Aus Gründen des Protests werde ich die nächsten 40 Tage nur Dosenfleisch essen!    Habe schon zwei Dosen vorgelagert!    #Protest  #Ferkeldiskriminierung  #Regierung   #Ferkel ähh #Merkel,1
@Hartes_Geld ..  ..die #Schweine..,0
@Hartes_Geld und für so etwas schreitet die Polizei ein?Demnächst darf ich dann auch kein Kreuz mehr tragen wenn ein Muslime mir entgegen kommt.,0
"@Hartes_Geld .... eine Provokation JA, aber ein „Hass-Verbrechen“, das ist aber sehr, sehr hoch gegriffen; so sehen es wohl nur die Verfechter der These, dass der Islam zu Deutschland gehört. Wenn es dann noch um Chemnitz geht ist für Rot-Rot-Grün jede Maßlosigkeit gut genug !",0
"@Hartes_Geld Polizei scheitert ein?    'Mutti, schmeiß die Nackensteaks weg, sonst kommen die Bullen. Wir grillen heute Paprika.'",0
"@Hartes_Geld Diese Nazis, werden immer gefährlicher. Zunehmende Radikalisierung. Jetzt grillen die Nazis sogar schon Fleisch. Wo soll das noch hinführen? Geht in unserer linksgrünen Republik natürlich gar nicht.",0
@Hartes_Geld Warum das denn? Leben wir in Deutschland oder in Saudi-Arabien,0
"@Hartes_Geld Die Italiener sind halt schon länger aufgewacht und wählen richtig. Glückwunsch, Bella Italia!!    PS: Nicht nachlassen, holt Euch Euer Land zurück.",0
"@Hartes_Geld @AliceWo18626168 Und ja, bei uns spielen Gruene keine Rolle 💪🏻👍🏻",0
@Hartes_Geld @AliceWo18626168 Es stimmt!🇮🇹❤️👍🏻,0
"@Hartes_Geld @SoliDavidwache Also bloße Kritik an Mitbewohnern macht noch keinen Nazi aus. Das die nicht aus der Nase gezogen ist, war ja offensichtlich. Zudem erkennt man ja an Gestik und verbalen Reaktionen der Zigeuner was für ein Agressionspotential vorhanden ist.",1
@Hartes_Geld @AndreaSchlegel3 Wenn man recht hat... hat man recht.,0
"@Hartes_Geld @AndreaSchlegel3 ...und Frau KGE freut sich, da nun immer mehr Leute ihr Leben täglich neu aushandeln müssen.",0
"@Hartes_Geld Hmmm, die haben Geschmack. Hätten Sie keinen, hätten Sie nämlich so nen schrottigen veganen Beyond Meat Bürger gegrillt...",0
"@Hartes_Geld Ich musste gerade lesen das ich wahrscheinlich rechts bin. Ich hätte teilgenommen. Mich würde einmal interessieren: wieviele Menschen haben sich nicht getraut, ihren Unmut, über diese grausame Tat kund zu tun, um nicht als rechts diffamiert zu werden ? Das ist so krank.",0
"@Hartes_Geld Schwerer #sexuellerMissbrauch einer Neunjährigen in #Roßlau, tatverdächtig: ein #Afrikaner aus dem #Niger (94 Prozent Islam-Anhänger) https://t.co/ZO6PDgaSJj",0
@Hartes_Geld @Achgut_com ROFL!!,0
@Hartes_Geld @Joe130978 Die leben sowas von vom Drogendealen 😂    Typisch Frankfurt 😂    So muss das !   Der selbständige Mittelstand muss gefördert werden 💪,1
"@Hartes_Geld Du behinderter Hurensohn. Wäre das ein „nobler Patriot“ gewesen, hättest du deine minderwertige Stimme wegen des ach so repressiven Staatrs erhoben. Dreckiger Untermensch.",1
@Hartes_Geld . . . https://t.co/kq6wrAR5em,0
@Korrektheiten Der Schlußparagraph des Artikels bringt es auf den Punkt! https://t.co/W9vnqycqBJ,0
@Korrektheiten F,0
@Korrektheiten es könnten wahlen vor der tür stehen...,0
"@Korrektheiten Amir ist absolut Spitze! Ich habe einiges durch seine Videos lernen können, hat es mega drauf!!",0
"@Korrektheiten Korrekt ist, dass #Atom und #Kohle die wahren #Vogelkiller sind: https://t.co/h259urB2dY",0
@Korrektheiten Hab ich vorrausgesagt:  https://t.co/4bNZSKTs2F,0
"@Junge_Freiheit Das, was in der Freiluftklapse Schland praktiziert wird, kann nicht mehr verharmlosend als 'Einwanderung' bezeichnet werden. Umsiedlung paßt angesicht der Begleitumstände und Vorgehensweisen eher.",1
L.E.S.E.B.E.F.E.H.L.    Wohin führt die massenpsychotische Verklärung der Grünen?    https://t.co/C4t8HRwYWz,1
"'Die Kairoer Erklärung der Menschenrechte ist völliger Humbug.  Es gibt im #Islam keine #Menschenrechte!'  'Wenn Sie das nicht verstehen, dann haben Sie keine Ahnung, was #Menschenrechte sind'.  Dr. Michael Ley in der Expertenanhörung im Arbeitskreis #Menschenrechte des Bundestages. https://t.co/txdkCEadL7",1
"#DPolGHH Polizeipräsident Jacob: »Ich verwahre mich gg. die Beleidigungen in den sozialen Medien. Hier werden meine Beamten, die jeden Tag rd. 1.000 Einsätze für die Sicherheit der Bürger wahrnehmen, mit Nazis verglichen &amp; als dumm &amp; ekelhaft bezeichnet.« https://t.co/j6BjjoQsBH",0
"🤬 So ein feiges Dreckspack! 🤬  „In dem Bus saßen keine gierigen Makler o Miet-Haie, sondern eine Gruppe krebskranker Menschen, die zu einer privaten Veranstaltung nach #Oberschöneweide unterwegs waren.'  #Antifa - Terror von LINKS!  #AfD💙  https://t.co/2EqV7oIUtA @DrDavidBerger",1
@Korrektheiten @NightRalph Der Aufbau der Stasi schreitet voran....und alle machen mit...,0
"Wenn sich ein Frosch übergibt, kommt sein ganzer Magen mit heraus. Wenn der Magen leer ist, dann muss ihn der Frosch wieder runterschlucken. 🤢🤮  Mir geht's gerade wie dem Frosch in Phase 1.   https://t.co/ODdVJJSBYA",0
Ja so tierlieb sind die grünen https://t.co/MoD9lEFZlX,0
"... es ist die schönste Rose für 🇩🇪 Patrioten, teilt sie, wo Ihr könnt, zum Wohl unseres Vaterlandes 💙👍🇩🇪 ... https://t.co/ySNCiAcZLp",0
"🌏  „Schande“ über Deutschland: Bundestag lehnt Verbot der Terrororganisation Hisbollah ab: Was andere Länder verbieten, ist in Deutschland erlaubt. Was der Zentralrat der Juden fordert, wird von der Regierung abgelehnt. Dabei wollte die AfD mit ihrem… https://t.co/hXpQyQl5vF ET https://t.co/mFUieerJFD",0
"Auszug:'„In fünf arabischen Ländern gaben zwischen 31 und 64 Prozent der Männer an, Frauen sexuell belästigt zu haben. 40 bis 60 Prozent der Frauen berichteten von solchen Erfahrungen.“ '    Jetzt auch endlich bei uns. Danke #CDU #SPD #FDP #Migrationspakt    https://t.co/4EnoPkWJd8",0
"@hackenstad @Birdie51411736 Das ist ja der Hohn  , da können wir uns ja gleich alle Waffen kaufen ,Oder??? Sind wir im wilden Westen oder wo",0
@Birdie51411736 @MAXXBIKEde @LifeOfSchmirko @dieneranton @Hartes_Geld @HaraldBecker80 @ichbinkoelnerin @willnurschreibn @66Norweger66 @burger_ein @RolandTichy @Lebensformation @GudrunBecker11 @puffyka81 @NoctiDenktNach @Pegasia111 https://t.co/pcVlnmEE8Z,0
"Das ist mehr als menschenfeindlich! Deutsche Justiz, was ist nur aus Euch geworden?! https://t.co/Dg4AdGm0UD",0
"Die Ängste vor dem Staat, vor den Nachteilen die sich für jeden persönlich ergeben könnten, sind nicht anders als vor 40 Jahren in der DDR. Das Volk wurde indoktriniert u selbst unter den AfD Wählern, gibt es leider noch viele, die sich nicht öffentlich zur AfD bekennen würden.",0
'Schande' über Deutschland: Bundestag lehnt Verbot der Terrororganisation Hisbollah ab https://t.co/JLtGdNGk8v via @China_Welt_News,0
"@Lebensformation @Roland__Sorg @dieneranton @Hartes_Geld @HaraldBecker80 @ichbinkoelnerin @willnurschreibn @66Norweger66 @burger_ein @RolandTichy @Birdie51411736 @4Kolner @GudrunBecker11 @puffyka81 @NoctiDenktNach @Pegasia111 Ich kann nur empfehlen, bei politischen Personen und Themen auch die englische Wikipedia-Version zu lesen. Die ist lange nicht so ideologisch gesäubert wie die deutsche Version. Wikipedia ist in Deutschland zum linksideologischen Machtinstrument verkommen.  https://t.co/FJZLZREx43",0
"Dt. Beamtin entscheidet sich für die Plattform Twitter, um 1 Mitglied ihrer eigenen Partei zu attackieren, weil dieser eine unliebsame Meinung geäussert hat. Mal vom schlechten Stil abgesehen - so viel Geltungsdrang muss man auch erst mal aufbringen.",0
"Absolut richtig, dieser Einsatz! Ich möchte nicht, dass Einsatzkräfte erst auf die Bombe warten, bevor sie einschreiten. Umstrittener Polizei-Einsatz in Köln: Ein Kommentar https://t.co/O2IWbf8OQS",0
"Gestern war ich im #Edeka meiner Heimatstadt einkaufen:  2 Kopftuchfrauen, 2 Volltätowierte, ein junges Mädchen mit blauen Haaren, 1 Schwarzer mit Kind und eine Deutsche (nicht ich) im Öko-T-Shirt mit der Aufschrift: 'There is no planet B.'   Edeka ist jetzt also auch #bunt...??!!",0
"Heruntergesetztes Strafmaß, weil die Anfangsaggression beim verstorbenen Opfer gelegen haben soll. Da fällt einem nichts mehr ein. https://t.co/P0odk5pVY7",0
Es gab nur 37 Hinrichtungen in Saudi-Arabien im April diesen Jahres. Das Gewaltproblem des Islam wird aber auch sehr aufgebauscht. https://t.co/f464o6Hqs8,0
Was davon in unseren Medien gehört? https://t.co/blMuXSiqMp,0
"Wenn das so weiter geht, dann muss ich Hals umziehen....     https://t.co/OeFp99FBbm",0
Offene Grenzen fördern Biodiversität!😍😋 https://t.co/ZdthicBDws,0
"@dieneranton @pearwalts5 @Hartes_Geld @HaraldBecker80 @ichbinkoelnerin @willnurschreibn @66Norweger66 @burger_ein @RolandTichy @Birdie51411736 @Lebensformation @4Kolner @GudrunBecker11 @puffyka81 @NoctiDenktNach @Pegasia111 Libanesen? Vielleicht Hezbollah, die Merkel nicht als Terrororganisation ausweisen will, weil sie dicke fette Bankkonten haben u von Drogen u Geldwäsche leben, super macht das Deutschland.",1
"@DPolGBund @OLDMAN7715 Erschreckend zu sehen, dass der Rückhalt aus der Politik bei euch Polizisten genauso schwach ist wie bei uns Lehrern.",0
"@DPolGBund Ihr, die Polizei, eure Kolleginnen und Kollegen, macht  für uns Bürger einen tollen Job, Danke",0
@DPolGBund bleibt bitte wachsam...  aus Schaden wird man klug... ‼️  der scheinbar Klügere gibt so lange nach...  bis er selbst der Dumme ist👍,0
@DPolGBund Danke. Dafür daß ihr da seid. Dass ihr das recht beschützt. Lasst euch nicht unterkriegen. Wir brauchen euch. Ihr habt alles richtig gemacht. Danke.,0
"@DPolGBund Hier muss man auch fragen, ob eine Staatssekretärin @SawsanChebli noch auf dem Boden des Grundgesetzes steht, wenn sie die polizeilichen Pflichten derart herabwürdigt und die Beamten beleidigt. @AuswaertigesAmt #SPD #Bundestag #soisset #Köln",0
"@DPolGBund Die Polizei hat alles richtig gemacht, ich möchte nicht wissen was die Klugscheisser hier gesagt hätten, wenn die Polizei nichts unternommen hätte und es wäre etwas passiert.",0
"@DPolGBund @aheun2 @miriamozen  2. ..es wird zeit dass polizei so reagiert und nicht mehr durch die politik und linksgrüne politschreier  blockiert wird. sehr gut, polizei ! 👍",0
"@DPolGBund Höchstens anti-islamistisch. Und wenn, dann zurecht!  Denn die hassen und bekämpfen Christen, Deutsche, Europäer, Ungläubige!    Ihr braucht nur die Augen aufzumachen. Und nicht vergessen was euer eigentlicher Job ist. Ihr seid keine Bodyguards für Fanatiker und Intensivtäter.",1
"'Aus dem Vorgehen der Kollegen eine muslimfeindliche Haltung zu konstruieren ist bösartig und schäbig“, meint #RainerWendt, Chef der Deutschen Polizeigewerkschaft. https://t.co/Kv3RVjry6I",0
Oldenburg. Ein 25-jähriger Sudanese hat in einer Flüchtlingsunterkunft sein 28-jähriges Opfer bei lebendigem Leib skalpiert. Dazu musste er mehrmals nachschneiden. Der Mann aus Eritrea ist noch am Tatort verstorben. Urteil: Zweieinhalb Jahre Haft.,0
Milliardenprojekt: Bahn muss Notreserve von Stuttgart 21 anzapfen https://t.co/omzsySb8dU via @SPIEGELONLINE,0
"@dieneranton @NordischbyNatur @Hartes_Geld @HaraldBecker80 @ichbinkoelnerin @willnurschreibn @66Norweger66 @burger_ein @RolandTichy @Birdie51411736 @Lebensformation @4Kolner @GudrunBecker11 @puffyka81 @NoctiDenktNach @Pegasia111 Sie wird es auch, zwangsläufig, da die Dt. weniger werden.    Schaut euch die Zahlen in den Kindergärten u Schulen an.",0
Die Scharia Partei Deutschland - Jetzt wird es wahr  https://t.co/EjyLJJviiP   @Hartes_Geld  @HaraldBecker80  @ichbinkoelnerin  @willnurschreibn  @66Norweger66  @burger_ein  @RolandTichy  @Birdie51411736  @Lebensformation  @4Kolner  @GudrunBecker11  @puffyka81  @NoctiDenktNach  @Pegasia111,0
@Hartes_Geld  @HaraldBecker80  @ichbinkoelnerin  @willnurschreibn  @66Norweger66  @burger_ein  @RolandTichy  @Birdie51411736  @Lebensformation  @4Kolner  @GudrunBecker11  @puffyka81  @NoctiDenktNach  @Pegasia111 https://t.co/SMPTfcgIlp,0
@HalligMartin @dieneranton @Hartes_Geld @HaraldBecker80 @ichbinkoelnerin @willnurschreibn @66Norweger66 @burger_ein @RolandTichy @Birdie51411736 @4Kolner @GudrunBecker11 @puffyka81 @NoctiDenktNach @Pegasia111 Die wählen aber grün!🤭,0
@dieneranton @bernd471 @Hartes_Geld @HaraldBecker80 @ichbinkoelnerin @willnurschreibn @66Norweger66 @burger_ein @RolandTichy @Birdie51411736 @Lebensformation @4Kolner @GudrunBecker11 @puffyka81 @NoctiDenktNach @Pegasia111 Dank unserer Politiker lassen die die Sau raus.,0
"@Birdie51411736 @APatzwahl @and_smartie Genau! Das ist eine Verunglimpfung im höchsten Grade, da im Parlament geschehen!  Und was dort in den Reihen der Linken und Grünen für geistig unfähige Abgeordnete sitzen, hat man am Beifall gesehen, eine steht sogar auf👎Schäuble tat sich sichtlich schwer mit dem Ordnungsruf😡",1
"Endlich wird das Thema #Elektromobilität auf eine rationale Ebene gehoben. #Grüne, #Bundesregierung und deutsche Autoindustrie haben bisher offensichtlich frei nach dem Sankt-Floriansprinzip gehandelt: Was kümmert uns die Umwelt in anderen Ländern? https://t.co/uakcwND6LW",0
"@HeikoMaas Guten Tag Herr Mass, ich würde mich sehr über Quellenangaben bzgl. Ihrer Aussage freuen. Zudem haben wir keine Zeit mehr Sie, als Außenminister Deutschlands, weiter hinzunehmen! Dank auch Ihnen ist Deutschland zu einer weltweiten Lachnummer geworden!",0
2 1/2 Jahre für ein Menschenleben?! Für unsägliche Quälerei? https://t.co/pKktVP1vAi,0
"Auch auf die Gefahr hin das ich mich wiederhole,es war ein völlig korrektes Vorgehen seitens der Polizei. Wer provokant Allahu Akbar schreiend durch die Gegend läuft hat selbst schuld. Wer jetzt nicht durchgreift hat bei einem Terroranschlag keine Chance. Und das war gewollt! https://t.co/p5M0K1cvj1",0
"Was würde FJS wohl sagen,  wenn er sähe in welch erbärmlichen  Zustand sich seine CSU befindet! 😡  #CSU #CDU #Grüne #Bayern  #Merkel https://t.co/GMBebTtb6B",0
"Gestern Debatte über internationale Polizeimissionen: Grüne wollen Welt retten, vergessen aber Deutschland. Um anderen Staaten zu helfen, ihre Sicherheitslage zu verbessern, dürfen wir nicht die sicherheitspolitische Verantwortungslosigkeit der Grünen exportieren! #AfDimBundestag https://t.co/abAn3reb4U",0
@fackfellowat @Deutschland_77 Heute bei ALDI: Kopftuch in jeder Reihe. Es gibt kein Entrinnen.,0
Grüne zum ersten Mal stärkste Kraft im ARD-DeutschlandTrend. https://t.co/b7WBxYRQIq,0
AfD legt in Rheinland-Pfalz deutlich zu – SPD sackt ab https://t.co/pYFoeCWTP0,0
Deutschland Bonn 🇩🇪 Juni 2019 https://t.co/KTNBay4osC,0
Maybrit #lIIner war SED-Mitglied.    Quelle: Wikipedia.,0
Wahltag ist Zahltag. https://t.co/wrV3kvCVmg,0
"Heute wäre ein hervorragender Tag, Horst Seehofer als Innenminister zu entlassen. https://t.co/gFNGxAgN16",0
"@Hartes_Geld Die grüne Vollverblödung, sitzt ja auch im BT.Die haben es geschafft sich ihren eigenen dusseligen Nachwuchs zu züchten.",1
"@Hartes_Geld Eh alles Wurscht.Das Projekt evolutionärer Entwicklung scheint in D ja ohnehin gescheitert zu sein,wie man sieht.😂",1
@Hartes_Geld Die bei den Preussen sehr effektive Bestrafung des Spießrutenlaufens wäre das adequate Mittel Merkels 'Importtätern' westliche Lebensart zu vermitteln.,1
"@Hartes_Geld War wieder ein Kulturbereicherer auf Beteicherungstour. Hätten die „Nazis“ was drauf, wäre das Problem schon längst ohne die lächerliche deutsche Kuscheljustiz gelöst!!",1
@Hartes_Geld fastenzeit rum jetzt kann man wieder zuschlagen 😋,0
@Hartes_Geld Soviel Idioten ... Und zeigen das auch noch öffentlich.,0
"@Korrektheiten Das kann man ja nicht mal mehr mit zu viel Schnapps erklären, wie weit ideologische Spinnereien doch gehen können.",0
@Korrektheiten Glauben Sie eigentlich wirklich diese Fakes? Das hat jemand mit Google-Übersetzer erstellt.,0
"@Korrektheiten was haben Aktien, dieses psychologische Buchgeld, mit wirklicher Wirtschaft eines Landes zu tun.",0
@Korrektheiten Wette - Strafunfahig wegen Psyche. Der war nur geduldet - nun isser 'halt da',0
"@Korrektheiten Bin genauso sprachlos, es schweigen zu viele, es folgen zu viele, statt selbst zu denken",0
"@Korrektheiten @bernd471 Zum Judentum kann er auch gleich bei Treten,solche braucht ihr😭",0
"@Korrektheiten Titten bringen Menschen weiter. Selbst, wenn sie klein sind. Der beste Beweis. 😂",0
"@Sekina84 @polizei_nrw_k No victim, no crime. Die Polizisten initiieren hier Aggression und bestehlen die Männer anschließend noch. Was erwartet man auch von ihnen?",0
"Die Grünen werden genauso wie der Schulz-Zug auf die Fresse fallen, weil beides von den Medien künstlich aufgeblasene Hypes ohne Substanz sind. Selbst wenn die Grünen den Kanzler oder die Regierung stellen, die werden spätestens nach einer Legislaturperiode krachend scheitern.",0
"#soisset    Mein Vater war schon immer SPD Wähler...  Er sagt :'Die Nahles, der Lauterbach, Stegner, Kahrs, die Chebli etc. haben uns Wähler verraten'  'Ich wähle jetzt nur noch die AfD 🇩🇪, für ein freies Deutschland 🇩🇪!'    Bin ich stolz auf meinen Alten 👍🇩🇪👍✌️😁",0
"Die Grünen schießen von Umfrage zu Umfrage in neue Höhen. Vor dieser Zukunft müssen wir Angst haben‼️ Die Grünen werden von NGOs und den Mainstream-Medien immer weiter gepuscht. Wenn diese Entwicklung so weiter geht, droht uns eine grüne Kanzlerschaft 🙀 https://t.co/k90DdVSPxZ",0
"@LeCardinal20 @Lebensformation Tja, nun sind die Armenleuchter „gerettet“ und das passt ihnen auch wieder nicht😂Papiere haben sie bestimmt auch nicht mehr, denn deren entledigen sie sich ja vor oder während dem Bootstrip. Hat das Russische Fernsehen mal berichtet👍",0
"Ein #Bewohner der #Flüchtlingsunterkunft steht im #Verdacht GEZÜNDELT zu haben, wodurch die/seine #Gemeinschaftsunterkunft für #Flüchtlinge  abbrannte❗️    Für die #BKA-Statistik: Wieder ein #Brandanschlag von #Rechten bzw. #Rechtsradikalen auf eine #Asylunterkunft. #RechteGewalt https://t.co/gR3t1HKHjk",0
♨️Hohn &amp; Spott ♨️    Wenn nur ein Funken Wahrheit in dem Video steckt sollten mal dringend alle bescheide vom #JobCenter neu bewertet werden.    #CDU #SPD #dieGrünen #dieLinken #FDP #AFD https://t.co/OZ0ycu1e2I,0
https://t.co/QxBhjMY0aO,0
"Mit den Stimmen der #afd beschließt der #Bundestag härtere Regeln für Abschiebungen. Die Migrationsbefürworter #fdp stimmen nicht dafür, ebenso natürlich nicht die Linksradikalen #Gruene und #Linke !! https://t.co/CU22cspTww",0
»Sie sind für die grassierende #Armut in diesem Land verantwortlich!«  Der #AfD-Abgeordnete @Martin_Sichert spricht im #Bundestag zum Thema '#HartzIV'.  #Hartz4 #Altersarmut   ℹ️ https://t.co/WJCgenMKEn  https://t.co/tPj3E42Nc8,0
#Seehofer @BMI_Bund : Kein Land kann unbegrenzt #Fluechtlinge aufnehmen. So kann keine vernünftige Integration gelingen. Menschen ohne Bleiberecht müssen unser Land verlassen. Konsequente Durchsetzung des Rechts stärkt das Vertrauen in den Rechtsstaat. #migration #Migrationspakt https://t.co/NFzZfyxKBZ,0
@Hartes_Geld   @HaraldBecker80   @ichbinkoelnerin   @willnurschreibn   @66Norweger66   @burger_ein   @RolandTichy   @Birdie51411736   @Lebensformation   @4Kolner   @GudrunBecker11   @puffyka81   @NoctiDenktNach   @Pegasia111 https://t.co/Z5dWZbyzaN,0
"@Birdie51411736 @Brother__Ts @FrankSchwabe @ulfposh In einer Demokratie müssen Sie trotzdem damit leben, wenn Mehrheiten für etwas sind, was Sie für nicht erstrebenswert halten. Auch ist es albern, bei der Aussicht auf eine r2g-Bundesregierung gleich den Kommunismus auszurufen.",0
Die Grünen werden Deutschland als eine der führenden Industrienationen endgültig liquidieren ! Es tut weh sowas mitanzusehen!🧠🤯🛡♊🙄🤔😭😭😭😭😭 https://t.co/0N8HrWQZfs,0
"Vorwurf: „faktisches Einreiseverbot für viele ältere Fachkräfte“. Tatsache: wir wollen keine Einwanderung in Sozialsysteme. Also sollen nur diejenigen einwandern, die eine eigenständige Altersversorgung aufbauen können. Halte ich unter dem Strich für richtig #einwanderungsgesetz",0
Gauland: AfD macht 'Klimahysterie' nicht mit - Flüchtlingspolitik nach wie vor entscheidendes Thema https://t.co/lXTyV89H4w via @China_Welt_News,0
"@Georg_Pazderski Ein Sieg, der manipuliert wurde.",0
"Ach ja , sie streiken ! Na so was aber auch ! ? 🤔    'Unfaire Behandlung': Flüchtlinge treten in Hungerstreik  https://t.co/fTwoYHDJ10 via @staatsversagen",0
@Hartes_Geld @hamaro777 Ferkeldiskriminierung!!      So eine Schweinerei!!    Wo ist der Ferkelbeauftragte????    #Regierung ?  #Merkel ?    Sauereien sind in Merkelstan verboten!,1
"@Hartes_Geld Ausweisen, Gelder sperren und lebenslanges Aufenthaltsverbot in Deutschland.  PS.Gilt Prophylaxetisch aber auch für linke und Grüne Wähler, zusammen können sie sich ihr Schlaraffenland bauen.  Wenn man so etwas sieht fordere ich Waffenfreiheit für Deutsche",1
"Feine Sahne Fischfilet Konzert mit Unterstützung von Polizisten durchgesetzt. Zur Erinnerung, das ist die Band die singt: „Die Bullenhelme, die sollen fliegen. Eure Knüppel kriegt ihr in die Fresse rein!“ https://t.co/cxDDt5Sdgd",1
Anwalt kostet Geld !  Gerichtsverfahren kostet Geld ! Diese Person kostet den Steuerzahler Unsummen !  Warum schiebt man so etwas nicht umgehend ab ? 🤔    Syrer belästigt und misshandelt fünf Frauen und Mädchen  https://t.co/bjG4kuLg9e via @staatsversagen,1
"Wenn die #KlimaReligion die #Aufklärung auslacht:    #Ehrendoktor für ein Kind mit Hauptschulabschluss, welches regelmäßig die Schule geschwänzt hat ... lustiger wird es heute wohl nicht mehr?    #DummMenschen https://t.co/AeCeXftfFl",1
Warum wünschen unsere Politik-Clowns alles gute zum Ramadan aber nicht frohe Pfingsten?  #Pfingstfest,1
@GtzFrmming @Proteus93484191 @Junge_Freiheit 29 Menschen wollen was? Die sollen sich verbuddeln mit ihren undemokratischen Methoden!,0
"@npistcool @BerLindow @90Minjoker1 @polizeiberlin Nix #merkelmussweg, Merkel hätte nie passieren dürfen. Ich wünschte ich hätte eine Zeitmaschine und könnte das kaputte Kondom austauschen, aber auch die von anderen Vätern von Linken. Erst die DDR mit kaputt gemacht und jetzt ganz Deutschland und Europa. 😢    Teil-Satire by Wil",1
"Ich mache mal eine Zusammenfassung, um Lügen auszuräumen.  Router in Standardeinstellung speichert NUR das Anmelden, Telefonanbieter dürfen überhaupt KEINE Daten mehr speichern. Die Fahrt mit dem Twingo war VOR Rebeccas verschwinden ausgemacht. 😢  #findbecci #rebecca #freeflorian",0
"Fall Rebecca: Ich habe Informationen, damit die endlich diese unsinnige Suche abbrechen.  Geben sie das bitte auch weiter, damit endlich nach Rebecca gesucht wird. 😢  Danke...   Verteilen erwünscht. Danke.    #findbecci #rebecca #freeflorian #schwager #presse #medien @polizeiberlin https://t.co/BIpCC1IXiW",0
"@BertSchnelling1 Bringt nix, die haben sich auf den Schwager eingeschossen.  Ich hoffe sie gehen nicht so weit, um dieser Blamage zu entgehen, und erfinden eine gefundene Rebecca, die nur an DNS erkannt wurde und der Schwager bekommt lebenslänglich. Sorry, aber. 😢",0
"Instagram-Profil des Unbekannten sei zudem zwei Tage nach dem Verschwinden seiner Tochter gelöscht worden. Nach BILD-Informationen ging die Polizei der Spur nach, konnte aber keine Belege finden. 😢  https://t.co/vELuiBP6AN    #findbecci #rebecca #freeflorian #schwagerwars",0
"War vorherzusehen.  Denn die Fahrt war VOR Rebeccas verschwinden geplant,deshalb wird sie da nie zu finden sein. Es sei denn, er hat sie auf einem Zwischenstopp da hingebracht wo sie suchen! 😢    #findbecci sucht endlich #rebecca #freeflorian #schwagerwars    https://t.co/kQ8F7ly99Q",0
Endlich etwas Sinnvolleres. 😢    #findbecci #rebecca #freeflorian    https://t.co/2JgZUm3Ng0,0
"Glaubt doch einfach einmal das Unwahrscheinlichste, dem #Schwager die Unschuld, und lasst die Hunde an möglichen Ausstiegshaltestellen suchen und vielleicht vorher am Busdepot, um die Buslinie eingrenzen zu können. 😢  #findbecci #rebecca @polizeiberlin    https://t.co/7EUTPcL36p",0
"Interessanter Artikel. Aber am Interessantesten ist, was fehlt.  Die auffallende lila #Decke war aus dem #Schrank, die eingepackte #Sofortbildkamera und die Person hat ihr #Instagram-Profil am 20. gelöscht &amp; ist nicht mehr erreichbar. 😢  #findbecci #rebecca  https://t.co/CAOPukrD6N",0
Nur ne Frage an die Berliner Polizei &amp; Andere von einem Idioten. 😢    #findbecci endlich #rebecca #baqqu #instagram #bekanntschaft #freund #schwager #schwagerwars @polizeiberlin https://t.co/ozsyuYdxIx,1
Nur ne Frage an die Berliner Polizei &amp; Andere von einem Idioten. 😢    #findbecci endlich #rebecca #baqqu #schwager #schwagerwars @polizeiberlin https://t.co/4hJ76x4szl,1
"War vorherzusehen, wenn man der völlig falschen Spur nachgeht, bzw. nachgehen muss.     Sucht endlich auf Instagram, befragt die Freundinnen von Becci – geht übrigens auch online. @polizeiberlin Wer es im Kopf hat, muss😢    #findbecci endlich #rebecca #baqqu  https://t.co/OYddkEUZos",0
"„Sie glauben doch nicht ernsthaft, dass erfahrene Mordermittler Hinweise, die dabei helfen würden, ein 15-jähriges Mädchen wiederzufinden, nicht beachten würden.“  Wenn es nicht so traurig wäre, als Hinweisgeber, würde ich lachen. 😢  #findbecci #rebecca  https://t.co/M4Ocqv22oh",0
"Den Täter hätten sie, hättet ihr, am ersten Tag haben können.  Der sich mit Rebecca treffen wollte, löscht seinen #Instagram-Account – Mehr schreibe ich nicht. 😢    Holt den Täter ab. @polizeiberlin    https://t.co/M4Ocqv22oh    #findbecci #rebecca #täter #schwager #presse #hetze 😢",0
"„Rebecca soll ihn über Instagram im Internet kennengelernt haben. Das Profil des Unbekannten sei aber seit dem 20. Februar gelöscht, das haben wir auch der Polizei mitgeteilt.“ Noch irgendwelche Fragen?! 😢    #findbecci #rebecca    https://t.co/M4Ocqv22oh    https://t.co/3EilVhfUcC https://t.co/AdP4Svwra8",0
"Polizei verärgert,weil sie Details aus Instagram preisgibt,jedoch nicht ihnen.  Ist das nicht traurig. Das sagt mir,dass sie gar nicht erst ihren Account angeschaut haben &amp; ihre Konversationen gelesen haben,sondern nur Stur in eine Richtung ermittelt haben.     #findbecci #rebecca",0
"@WSeverina Vergiss das große Bild und das Haus. Es geht nur darum, dass dies ungefähr der Ort des kleinen Bild sein müsste, und dann noch ganz in der Nähe.",0
"Den letzten Chatkontakt und WhatsApp Lebenszeichen hatte Rebecca auch nicht um 0.06 Uhr mit ihrer besten Freundin, wie sie selbst glaubte. Sondern um 1.07 Uhr mit jemand anderem, welcher auch überhaupt nicht, in keinster Weiße irgendwie verdächtig wirkt. 😢    #findbecci #rebecca https://t.co/srQrqjIByq",0
@WSeverina War die Schwester mit zum Kindergarten und zur Schule unterwegs.,0
"Während die ganze Zeit dem falschen Täter hinter gerannt wird, habe ich, glaube ich, den Ort vom See (Am Schlachtensee), von dem gelöschten Bild &amp; Profil, gefunden. Eine Stunde Bus &amp; Bahnfahrt, bzw. 16 Kilometer, von dem Haus der Schwester entfernt. 😢  #findbecci #rebecca https://t.co/zGlksfJhmM",0
"Neue Woche neues Glück. Jetzt können wir uns endlich mal auf die Suche nach Rebecca machen, besonders 'liebe' #Polizei &amp; #Presse.    Bilderrahmen gekauft, Sofortbildkamera eingepackt, u.a für..., Decke weg, vor 7.10 Uhr aus dem Haus – bestes Licht ist morgens.   #findbecci #rebecca",0
"Laut Experten hat sie das Haus nicht verlassen, lebend.  Laut Bild war sie aber noch lebendig im Kofferraum.  Laut mir, würden dann aber auch Urinspuren im Kofferraum gefunden worden sein müssen – Ich glaube so tapfer wäre das arme Ding nicht gewesen. 😢    #findbecci #rebecca",0
"Sorry, aber dieser D… ist nicht mehr zu ertragen! 😢    Leichenhunde schlugen nicht an, als das Auto untersucht wurde… …Wer spielt denn im Kofferraum? Ohne Leiche kein Leichengeruch, lag Rebecca lebendig im Kofferraum?    https://t.co/xtoA7dRC4r    #findbecci #Rebecca #presse #bild",0
"Damit auch Diejenigen was davon haben, die den #Schwager für den Täter halten.  Wenn er der Täter wäre, wäre sie nicht 40 Minuten vom Haus entfernt, sondern 3 Minuten.    Sucht endlich den richtigen #Tatort, den #Täter und lasst die #Familie in Ruhe. Danke.    #Rebecca #findbecci 😢 https://t.co/Z3s7geOMKA",0
"Damit auch Diejenigen was davon haben, die den #Schwager für den Täter halten.  Wenn er der Täter wäre, wäre sie nicht 40 Minuten vom Haus entfernt, sondern 3 Minuten.    Sucht endlich den richtigen #Tatort, den #Täter und lasst die #Familie in Ruhe. Danke.    #Rebecca #findbecci 😢 https://t.co/HdZgw9PuQd",0
"Weil sie hinter dem falschen Täter gehetzt haben, haben sie Schwarzarbeit aufgedeckt &amp; Leben zerstört. Tolle Leistung.    Hat sich dafür eigentlich schon jemand bei der Polizei, Staatsanwaltschaft &amp; Presse bedankt? Ich tue es mal, &amp; bestimmt auch im Namen #Rebecca. 😢    #findbecci",0
"Ich komme wieder in Teufels Küche, denn für mich entlastendes ist unerwünscht, besonders bei einem bereits von der #Polizei, #Staatsanwaltschaft, #Presse #Verurteilten.    #findbecci #rebecca, den richtigen Tatort &amp; Täter &amp; lasst den #Schwager &amp; auch die Familie in Ruhe. Danke. https://t.co/XEFxJVR14E",0
"Warum fällt das nicht auf?  Fährt Montag 11 hin &amp; Dienstag zwischen 22 &amp; 23 Uhr – obwohl ich davon ausgehe, dass das in Richtung nach Hause ging. Um nachzuschauen in der Dunkelheit, ob man irgendwas sieht? Oder kann das vielleicht mit einem Job als Koch zu tun haben?     #rebecca",0
Bild wieder – Könnte wieder… 😢    Sucht und findet #Becci.    #rebecca #findbecci    https://t.co/EcWDHPXqqD https://t.co/dJLL4COYNt,0
@WSeverina Der war wohl nix. Hier gehts um Schwager nicht Schwanger. 😉,0
"Die ganze Nummer hängt mit einer ganz anderen Sache zusammen, die ich aber nicht sagen darf und ich hoffe das sich das jetzt aufklärt. Sagt der Vater von #Becci und appelliert an den #Schwager. 😢    #Rebecca #Findbecci #presse qualitäts- #medien #polizei     https://t.co/brE8kaRBgK",0
"Schwager ist zweimal gefahren um nochmal nachzuschauen oder kommt jetzt raus, dass er eine Affäre hat? Was die Qualitätsmedien verschweigen, siehe Bild oder Link.    Die Fehlerquoten liegen zwischen 93 und 98 Prozent.    https://t.co/8wNDvJCo6c    #Rebecca #Findbecci #presse #polizei https://t.co/DQpXqO2doc",0
"Der #Polizei ist es wichtig das Mädchen zu finden, deshalb in alle Richtungen.  Wer hat am Morgen des 18. Februar verdächtige Personen, Fahrzeuge gesehen oder Schreie gehört auf dem Maurerweg und Umgebung in Berlin Britz.  Bitte dies auch an die Polizei. Danke    #Rebecca #Findbecci",0
"Der Fall #Rebecca,der als der Fall in die Geschichte eingehen wird, der die Qualitätsmedien gerettet hat.   Noch nie wurden so viele #Bild+ &amp; #Welt+-Abos abgeschlossen.   Unverschämt,wie eine Minderheit junger Mädchen sagt. Dem kann ich mich nur anschließen. 😢    #Findbecci #presse",0
"Erstmal Entschuldigung an einige? Twitterer, dass ich auf der falschen Seite stehe. 😢  Florian rede einfach, damit das geklärt ist und in die ANDERE RICHTUNG ermittelt werden kann, damit #Becci endlich lebend gefunden werden kann.    https://t.co/bVlaVtEu5S    #Rebecca #Findbecci",0
"'Mir war einhundertprozentig klar, dass es Rebecca ist'  Zeugin will Rebecca noch am Tag ihres Verschwindens gesehen haben    #rebecca #findbecci #RTL    https://t.co/MuYp5nk2AM",0
"Wie sich die #Hetzer und #Rufmörder wieder drauf stürzen. Fasern von #Decke, #Jacke und #Haare im #Kofferraum gefunden,     Nur hatte der #Schwager zur Tatzeit gar kein Zugriff auf das Auto. und es gibt keine #Spuren IM HAUS.     Gebt den Schwager endlich frei.     #rebecca #findbecci",0
"Übrigens, das arme Ding ist ausgerechnet an dem Tag verschwunden als ihr Schwarm von #BTS Geburtstag hatte. Vielleicht als Lockmittel benutzt?     Geben 'wir' die Hoffnung nicht auf – nie. Danke!    #Findbecci #Rebecca    J-Hope  https://t.co/O1GbhQSLm1",0
"Was für eine #Hetzjagd gegen den #Schwager. Da braucht man gar nicht mehr weiter zu diskutieren, warum die lieber ihn im Knast sehen will, als jemand Anderes. Und das sogar ohne Voreingenommen zu sein. Mein Beileid. 😢  #Rebecca #Findbecci #grüne #linke    https://t.co/luIZlW3Yqs https://t.co/6rHNE70xRJ",0
"Ich halte zwar nicht viel von RTL, den MM-Medien, aber RTL ist mittlerweile besser als alle anderen zusammen. In RTL wird ab und zu die Wahrheit ausgesprochen, während bei den anderen immer nur verseuchenden Lügen verbreitet werden.    https://t.co/I8WNPbTtek     #Rebecca #findbecci",0
Die Zeitfenster wann die Tat begangen worden sein kann.    Sucht endlich den richtigen Täter und lasst den unschuldigen nicht ganz nüchtern gewesenen und verständlicherweise durcheinanderseienden Schwager und besonders auch die Familie in Ruhe. Danke. 😢  #Rebecca #findbecci https://t.co/JDIKVNuiJj,0
@WSeverina @polizeiberlin Das Bild hier drüber. Nach oben schauen oder hochscrollen. 😉,0
"#Berlin bei Nacht – #Strom ist nicht mehr alle.  Vielleicht haben durch den #Stromausfall mal Einige gemerkt, was passiert, wenn es nur noch #Windkrafträder gibt und der #Wind mal keine #Lust hat zu #blasen und die #Sonne nicht scheint. 😉     DANKE    #Merkel #Grüne #Linke #AfD",0
"Du, nicht mehr mein #Deutschland    ÜBERRASCHUNG! Arabische Kinder sollen die 11-Jährige in den Tod getrieben haben | Schul-Horror #5  https://t.co/4SYFC2EFe0    Mein Beileid und ruhe in Frieden kleine Ines    #mobbing #suizid #mord #Berlin #Reinickendorf #politik #medien #Ines #Gewalt https://t.co/ejISGfdHWT",0
Ich habe ein Video zu einer @YouTube-Playlist hinzugefügt: https://t.co/WdjMXCiMej 11.11.18 Die heimliche Geschichte: von Angela,0
Ich habe ein Video zu einer @YouTube-Playlist hinzugefügt: https://t.co/64RpufIhDg 'Sie sind ein Deutschland-Feind!' Prof. Meuthen,0
Ich habe ein Video zu einer @YouTube-Playlist hinzugefügt: https://t.co/YOOtg0bVoy 'Wählen wir die Idioten ab!' AFD TRAILER/TV SPOT,1
Aufgrund der Insolvenz wird das Gerry Weber Geschäft im Alstertal Einkaufszentrum in #Hamburg Poppenbüttel im November geschlossen  insgesamt 7 Modehäuser gibt es in #Hamburg   #futschi  https://t.co/yXXyfoSz7M,0
Das Allgemeine Krankenhaus (AKH) in #Celle und #Peine schließt seine Abteilungen Schreibdienste und Archiv und vergibt sie an externe Dienste  18 Mitarbeiter sind davon betroffen  #futschi  https://t.co/6pn9cRuQiK,0
Ein Großkunde des Autozulieferers iwis aus #Landsberg fordert die Produktion in die Nähe des Autoherstellers zu platzieren  deswegen wird Teil der Produktion von Steuerketten für Verbrenner nach Rumänien verlagert  für 120 Beschäftigte ist der Job #futschi  https://t.co/yRsejgkJXy,0
"Da hängt ein #futschi in der Luft  in Planung steht, sämtliche Zeitungen der Du Mont Gruppe zu verkaufen  Mitarbeiter befürchten, dass beim Wechsel des Besitzers die Print-Ausgabe der Boulevardzeitung MoPo aus Hamburg eingestellt werden könnte  https://t.co/VNKmgFjmov",0
Durch Überprüfung von Fingerabdrücken u Abgleich mit marokkanischen Behörden bei nach #Schweden illegal eingereisten Marokkanern steht fest:  nur jeder 10. von ihnen ist unter 18 Jahre  bei finden der Identität verpieseln sich die Marokkaner in andere Länder  https://t.co/V0vcorwpYk,0
"#Schweden  Bombenterror in Malmö geht weiter  allein 17 ‼️💣gab es allein dieses Jahr  Nachtclubs, Taxis, Restaurants, Fahrschule, Supermarkt  Türen, Balkone, Treppen in Wohnhäuser  Sicherheit geht anders, ist aber der sozialistischen Regierung komplett egal  https://t.co/zognpeoj6m",0
"Innerhalb 24 Stunden ist nun die 3. 💣in Malmö explodiert  Familien sind vom Knall wach geworden, der den Eingangsbereich ihres Wohnhauses in Rosengård komplett zerstörte  die organisierte Bandenkriminalität hat freie Bahn und läßt es ordentlich krachen  https://t.co/UIljVjoU3M",0
#Schweden  Die Sicherheitspolizei Säpo hat in den letzten Wochen 6 islamische Extremisten eingebuchtet und fordert die Abschiebung  die beiden darunter befindenden Imame werden nun abgeschoben  https://t.co/KVfNjL143c,0
Das ist gut und ich hoffe es werden noch mehr. https://t.co/5LwD1Hg4lx,0
"'Bulgare' Dimitri missbraucht seine 8-jährige Tochter seit Jahren, die  Mutter deckte den Missbrauch. Haftbefehl: Fehlanzeige. Schließlich  besteht beim 'Bulgaren' keine Fluchtgefahr - ist doch logisch!  https://t.co/fHujn5UhRH  https://t.co/5RYtECBcha",0
"Ich habe gerade mal die Tweets des Auswärtigen Amtes der letzten Tage durchgeschaut, ob es 1 Tweet zu Hongkong gab - wo bekanntlich  1 Million Menschen gegen das Auslieferungsgesetz  demonstrierten. Fehlanzeige. Aber u.a. einen zu Anne Frank (Maas bewältigt weiter die NS-Zeit).",0
CO2-Steuer und Stromeinspeisekosten für Euch. Luxus-Tesla für grüne Apparatschiks. #Verbotspartei https://t.co/4XAFMmB77e,0
#Fürstenberg: Afghane versucht in der Asylunterkunft die Türe zum Zimmer von zwei Syrern in Brand zu setzen - “nach ersten Erkenntnissen ist ein fremdenfeindlicher Hintergrund ursächlich für die Begehung der Tat gewesen”  https://t.co/rqwfzPSRo9,0
"Heidelberg hat Grün gewählt. Die Grünen im Stadtrat möchten, dass Autofahren so teuer wie der Nahverkehr wird. 1. Maßnahme,  Anwohner Parkausweise von jährlich 36 auf 504 Euro zu erhöhen. https://t.co/jhQQQI6Vxt",0
"Die Wissen­schaftler bewiesen, dass Klima­wandel kein Extrem­wetter verursacht – also gingen Poli­tiker zum Angriff über https://t.co/AAEKAShaIJ https://t.co/ZF4ipg8LDu",0
Das kommt sehr bald auch in D. Und die Muslimbrüderschaften werden sich dann dem Kaetoffelstaat zur Kontrolle des Phänomrns andienen und damit zur staatstragenden Kraft. So geht Taktik. https://t.co/jwB6EXhXrF,0
"Ich hätte gern meine #Meinungsfreiheit zurück. Warum darf man nicht mehr die gesellschaftlichen Entwicklungen hin zum #Islam mit all seinen menschenverachtenden Facetten ansprechen, ohne gesellschaftliche Ächtung und Brandanschläge fürchten zu müssen?     #unsereFreiheit https://t.co/hWlkMC2uqC",0
Berlin kann nicht nur Flughäfen nicht bauen. Auch mit 'Heizung und Kühlanlagen' für große Immobilien ist die Hauptstadt überfordert. Wie wäre es mit einem Preisschild für die ganze Stadt - und dann einstellen bei Alibaba? https://t.co/6otk0bSXiv.,0
Die ganze EU ist zu einem Eldorado für Straftäter und Terroristen und Sozialschmarotzern verkommen!   Shit hole-Kontinent https://t.co/UykkcicfNF,1
"Mutmaßlicher Terror-Helfer in Schleswig-Holstein verhaftet. Der Kosovare soll dem Ermittlungsrichter am Bundesgerichtshof (BGH) vorgeführt werden. Dieser entscheidet, ob er in Untersuchungshaft kommt. #Pinneberg https://t.co/8OnUUNPiVJ",0
"#Mittenwald: Syrer schleust per Auto einen Syrer und drei minderjährige Iraker ein, von denen einer vermutlich an Windpocken erkrankt ist #Einreise  https://t.co/Um5S8YGLll",0
@FinjaFinte Vermutlich will eine bestimmte Gruppe diese Gegend für sich beanspruchen und die Einheimische dort verdrängen. Besonders in Rosengard wohnen überwiegend Muslime. Anders kann ich mir das nicht vorstellen bei dem Terror der dort herrscht.,1
"@FinjaFinte Alleine wegen diesem Artikel hat es das Drecksblatt mehr als verdient, pleite zu gehen 'Von rund 1.000 [!!!] Personen bundesweit geht die Berliner Amadeu-Antonio-Stiftung aus' https://t.co/corECRuRWU",1
Vergewaltigung einer 9-Jährigen: Tat und Opfer interessieren nicht. Nur wer dagegen demonstriert. wie Framing wirkt. https://t.co/sBzC7uTgue,0
"twitter schlägt mir vor, Luisa Neubauer, der Klimaretterin mit worldwide fly- for-fun-experience zu folgen...  Spinnen die ?",0
"Musiklärm, Unterhaltungen störend, Schreie in der Nacht: Gericht befindet Flüchtlinge für zu laut. Die Standortentscheidung sei 'unglücklich gewesen', da lediglich ein Zweifamilienhaus genehmigt worden sei. Nun leben dort bis zu  23 Flüchtlinge. #Esslingen https://t.co/8Yq0Pio8zO",0
Bevormunden lassen die sich im Osten bestimmt nicht der Schuss geht nach hinten los 😉😉😉Sie fürchten AfD-Regierung: Hollywood-Stars schreiben Brief an Bewohner deutscher Stadt https://t.co/RhmIGIlJZG,0
Möglich machte das ein spezielles Förderprogramm vom Freistaat. Von den  435 000 Euro Sanierungskosten wurden 315 000 Euro gefördert. Die  Voraussetzung: In den ersten sieben Jahren dürfen nur anerkannte  Flüchtlinge in die Wohnungen ziehen.  https://t.co/yxFooOYbWD,0
"Die Musik aus der Flüchtlingsunterkunft sei zu laut, die Unterhaltungen  seien störend und es werde mitten in der Nacht geschrien. Dies habe das  Landratsamt Esslingen als Vertreter des Landes Baden-Württemberg zu unterbinden (Az.: 2 K 6575/16). https://t.co/P3CGqVg620",0
Die Kacke ist am dampfen... https://t.co/Wxe0dupvw1,0
"Tage nachdem die Regierung dessen bevorzugte offizielle Definition von Islamophobie abgelehnt hatte, forderte die größte islamische Organisation in Großbritannien, dass gegen die konservative Regierungspartei offiziell wegen Islamophobie ermittelt werde. https://t.co/uKMqq5Z2pI",0
Von der Schließung der Werke des US-Automobilzulieferer Dura in #Plettenberg und #Kirchhundem sind 970 Mitarbeiter betroffen  #futschi  https://t.co/lK1awAgOJ8,0
"Der Hemden- und Blusenspezialist Seidensticker aus #Bielefeld schließt seinen Laden in der Innenstadt von #Essen mit 6 Mitarbeitern  Textilhändler Desigual, Schiesser und Benetton haben bereits vor kurzem dicht gemacht, Billigläden sind eingezogen  #futschi  https://t.co/bB2XPqHE7b",0
Das DRK-Krankenhaus in #Luckenwalde ist seit mehreren Monaten insolvent  nach der Übernahme durch die KMG Kliniken war erst Personalabbau ausgeschlossen worden  nun flattert bei den Haustechnikern die Kündigung in den Briefkasten  #futschi  https://t.co/SnyB3DJp6V,0
"Die Süddeutsche Service GmbH ist spezialisiert auf Auslieferung, Montage von Elektrogroßgeräten, TV- und HiFi-Geräten  ein Hauptkunde gab neue Preise für Dienstleistungen vor, die unrentabel sind  von der Insolvenz sind 80 Mitarbeiter betroffen  #futschi  https://t.co/XkNpqlEwqV",0
"2 Tage vor der heftigen 💣Explosion in Linköping, gab es bereits eine weitere Detonation   Polizei geht davon aus, dass diese eine Probesprengung war  Terrorismus kann nicht ausgeschlossen werden  https://t.co/U4Q7AnqiKt",0
"Was für Überraschung in #Schweden  die zahnlosen Terrorgesetze lassen den islamischen Extremismus massiv anwachsen, berichtet die Sicherheitspolizei Säpo  die Sozialistische Regierung hält es immer noch nicht für nötig, entsprechende Gesetze zu entwerfen  https://t.co/dd0bN4Tdk7",0
"Clankrieg in der bunten Stadt Malmö in #Schweden  letzte Nacht 2 Detonationen innerhalb 1 Stunde  im bunten Viertel Rosengård wurde Haustür, Fenster durch Druckwelle zerstört  Innenstadt eine Explosion vor Nachtclub  auch mehrere Schießereien in letzten Tagen  https://t.co/oaAFgHduMB",0
"Nun ist es soweit.Ohne Angabe von Gründen hat #Twitter (nachdem es eine Offensive vom linken #Meldemob gab, bei der aber laut T.'kein Verstoß' festgestellt wurde!)mich gesperrt.Bitte teilen &amp; mir hier weiter folgen! Außerdem auf https://t.co/PCntObgHbK vernetzen!    #TwitterSperre https://t.co/LOuGVyqBwz",0
"#BadWildungen Täter mit dunkler Hautfarbe verfolgt junge Frau, attackiert sie von hinten, hält ihr ein Taschentuch mit einer betäubenden Flüssigkeit vors Gesicht, wodurch die junge Frau das Bewusstsein verliert https://t.co/C4tjs3ApC4",0
"Die spanische Rechtspartei VOX wurde von Cyberattacken getroffen. Nun sind ja nicht alle Angreifer so hell und man konnte ermitteln, woher die kamen.    Überraschung!    Trommelwirbel! 🥁🥁🥁    &gt;&gt; aus dem sozialistischen, spanischen Verteidigungsministerium!",0
"#Krefeld: #Homeinvasion - 'Südländer' dringt gewaltsam in die Wohnung einer Seniorin ein, nachdem diese ihm auf sein Klingeln öffnet, schlägt auf die betagte Dame ein lässt sie gefesselt zurück, nachdem mit ihrer Geldbörse wieder verschwindet  https://t.co/lMK4ouOAwT",0
Das in #Roßlau von einem Nigerianer vergewaltigte Mädchen ist 9 Jahre alt.  https://t.co/6lbBnY60gU  https://t.co/WJ8NInKuki,0
Asylbewerber belästigt Schulkind sexuell - ist wieder auf freien Fuß. #rechtlos  https://t.co/EQsxcGlKoW,0
Wieder 2 gesperrt!  @KHinnek und @NobileSeba  😡😡😡 https://t.co/Gfb1rLPvIi,0
"Denen muss ja der Arsch auf Grundeis gehen, wenn man sich anschaut, welshalb accounts gesperrt werden, die sich Sorgen um den Zustand unserer Demokratie machen. Auf der anderen Seite hetzen islam. accounts ungehindert und rufen zu Gewalt gegen Deutsche auf ! WAS ist da los ??? https://t.co/bvFSQd01Fo",0
Als erste Stadt Deutschlands hat das niedersächsische Hameln der #fridaysforfuture Bewegung ein Denkmal gesetzt. https://t.co/7R64cXgEn7,0
@lawyerberlin @Lebensformation Zwei weitere Sperrungen von wunderbaren Menschen.  @KHinnek @NobileSeba https://t.co/HvkWu4905Q,0
"Asylbewerberzahl in der EU steigt deutlich und mittlerweile kommt ein Viertel der Asylanträge von Staatsangehörigen eines Landes, dessen Bürger ohne Visum in die EU-Schengenzone einreisen können, wie Venezuela, Kolumbien, Albanien und Georgien #Einreise  https://t.co/4dUVcbHAiC",0
"Das alles wird von #Chinesen ersetzt werden und die #Gruenen werden es überwachen. Das wird ein #Habeck mit geistiger Gonorö dem identitäslosem Volk aka #Deutsche, schon aufzwingen. Selbst nach schwerster Zerstörung u verachtenden Beleidigungen wachen die #Deutschen nicht auf! https://t.co/twZI56TGsn",1
"Noch ein Opfer linksgrüner Ökopolitik  die Gie­ße­rei Küp­per pro­du­ziert Ab­gas­krüm­mer und Tur­bo­la­der für den Ver­bren­nungs­mo­tor in #Heiligenhaus  viele der 200 Mitarbeiter sind über 50 Jahre, bis Ende Juni stehen sie wohl auf der Straße  #futschi  https://t.co/9OYGWDqYQD",0
"Der 🇨🇭Chemie- und Pharmakonzern aus #Basel gliedert den Bereich Specialty Ingredients aus, der Nahrungs- und Futtermittelzusätze herstellt  damit verbunden ist ein Stellenabbau von 130 Mitarbeitern  #futschi  https://t.co/ZqtF4DdNwW",0
"In #Bremen sollen bei #Thyssen-Krupp System Engineering 220 Jobs von 860 wegfallen  gefertigt werden Komponenten für die Autoindustrie, u.a. für Karosserie und Antriebsstrang  wieder Arbeitsplätze #futschi wegen linksgrüner Ökopolitik  https://t.co/QJ5nqvPi4v",0
"Die Zensur kommt jetzt wohl auf alle Fälle.  Demokratie &amp; freie Meinungsäußerung ade!  Die Schlinge um den Hals der Bürger zieht sich immer weiter zu. Diese merken es nicht, weil die Freiheiten nur langsam in kleinen Schritten von ihnen genommen werden  #AfD    https://t.co/MSLgzthRIh",0
Dabei sollte jedem klar werden 'wieviel bzw wenig' UNBEKANNTE dafür aufbringen müssten um sich 'einer unliebsamen Person' zu entledigen‼️  ☝️ Wie wichtig..... mögl. ein gewisses umsichtiges  'Selfprotection/Security ...'  forward thinking ist/wäre ‼️ https://t.co/1ilqMcijUy,0
Das ist erst der Anfang.... die Deindustrialisierung läuft .... https://t.co/5m7tMMs0Ub,0
"Ich möchte mir nicht ausmalen, was wir nicht wissen, in Richtung tägliche Messerangriffe und Vergewaltigungen in DEUTSCHLAND!! Ich möchte nicht wissen, wie das derzeitige System vehement dafür sorgt, dass Opfer und Angehörige zu schweigen haben!     #Opferschweigen",0
"#Neulich mit einer Bekannten (#Grüne) im #Gespräch:    Ich:   'Ein Großteil der #Wohnungsnot &amp; der #Mietexplosion sind auf die 2-3 Mio #Neubürger zurückzuführen!'.    Sie:   'QUATSCH!, DIE wohnen NOCH ALLE in ihren #FLÜCHTLINGSUNTERKÜNFTEN❗️'.    Ich: 'ALLE 2-3 Mio⁉️'     Sie: 'JA ‼️'     🤦‍♂️",0
"Ja gut, wenn die Arbeitsplätze in #Bremen wegfallen, triffts ja nur die R2G Wähler!   ...da hält sich mein Mitleid in Grenzen! https://t.co/S9FFwao91A",0
"Wer wissen will, welche Agenda der öffentlich-rechtliche Rundfunk verfolgt, kann das bei Tilo Jung verfolgen. Das widerspricht nicht nur der #Neutralitätspflicht, das ist verfassungswidrig‼️ Unfassbar! #NoGEZ #GEZ https://t.co/l5befzCcmF",0
Deutschland 2019 - ein Irrenhaus:  Merkel und ihre Komplizen lassen  Millionen Illegale ins Land und verschärfen damit unter anderem die  Wohnungsknappheit. Linksextreme verüben Terroranschläge auf  Immobilieneigentümer und ...  https://t.co/tU2peAaVXx  https://t.co/JHeDhe74W7 https://t.co/gOqnX1EsgK,1
Die Herzchen vom #Jugendwiderstand machen angeblich Schluss. #Berlin  https://t.co/45zaJVSegi  https://t.co/H4R3SDEmgI,0
"Lust auf die volle Packung öffentlich-rechtliche Lügen?  Dann mal los, Andrej Reisin und 'Flüchtlingskriminalität: Kein Grund zur Dramatisierung'!  https://t.co/C39qSs5B0f  https://t.co/YfYH6Ko3RS",0
"Meine Prognose für 2021    Grüne/CDU/CSU -Regierung  - Habeck ist 'Bundeskanzler'  - Friedrich Merz 'Aussenminister'  - Das Wetter ist unverändert  - 1L Benzin kostet € 2,50  - Der Strompreis verdoppelt sich  - Stromausfälle sind 'Alltag'  - Der #Humankapitalimport  erreicht Höchststände https://t.co/8687xBt81y",0
Schlechte Nachrichten für 'Flüchtlinge': Deutschland benötigt plötzlich 100.000 'Fachkräfte' weniger. Die Arbeitsagntur korrigiert ihre gefakte Jobbörse. https://t.co/QvNPeH4Oyy,1
🤢Wirkt 🤮! https://t.co/MO3pA8oWhR,0
"#Offenburg: 'Die Polizei wollte wissen, ob unser Vater friedliebend ist. Und, ob er fremdenfeindlich ist. Dann hat der Polizist noch gefragt, wie viel Alkohol unser Vater trinkt. Unser Vater trinkt nicht. Der hat noch nicht einmal ein Bier im Kühlschrank.“  https://t.co/97ZcAtvTxm",0
"Festnahme und Staatsschutz für etwas Schimpfen.  Teilnehmer von Hochzeitskorsos, die Autobahnen blockieren und mit scharfen Waffen schießen, werden angebettelt, das zu unterlassen  Messermänner, die Autochthone abstechen, werden suf freien Fuß gesetzt. https://t.co/akfCTZVdyy",0
#Chemnitz: Syrer (18) geht nach Streit an Zentralhaltestelle mit einem #Messer auf einen Deutschen (41) los  https://t.co/JO0uD4QGmW,0
Daher umso wichtiger: Schland braucht noch mehr und vor allem neue Fachkräfte. https://t.co/PPumClxwvY,0
'Döner-Weltmarktführer Karmez ist insolvent – eine Pleite mit alles und scharf'  nix türkisch Döner mehr aus #Frankfurt  Vegetarier und Veganer sowie der BER Flughafen sollen Schuld sein an der Insolvenz  #futschi Arbeitsplatz für 100 Mitarbeiter  https://t.co/by6nJMTkVB,0
Bei Osram Opto Semiconductors in #Regensburg läuft der Stellenabbau auf Hochtouren  300 Mitarbeiter haben Abfindungen akzeptiert und verlassen das Unternehmen  2500 Beschäftigte bleiben übrig  #futschi  https://t.co/E2TcisAm6A,0
"Nach der Übernahme schließt Unisan Schlauchsysteme GmbH ihr Werk bis Ende Juli in #Dröschede und verlagert die Produktion ins unterfränkische #Ebern  betroffen sind 110 z.T. langjährige Mitarbeiter, von denen jeder eine Abfindung von 3000€ bekommt  #futschi  https://t.co/OABrWB99Pz",0
Der mittelständische Modefilialist Modepark Röther aus #Michelfeld verkaufte  10 Jahre lang „neueste Trends der angesagtesten Mode-Marken.“ in der #Bochum/er Innenstadt   nun schließt die Filiale und der Räumungsverkauf läuft  #futschi  https://t.co/5P8Jdcfqxz,0
"'Schweden scheint entschlossen zu sein, noch mehr Probleme zu importieren.'  Deutschland scheint fest entschlossen zu sein, das schwedische 'Erfolgsmodell' zu kopieren. https://t.co/bhPiL8O2uD",0
Wenn ich den sehe platzt mir die Halsschlagader  Merkel huldigen wie ein Unterwürfiger  mit allen Mitteln bei Merkel beliebt machen möchte 🤒😵  unsympathischer Politiker kein eigenes Profil   https://t.co/UKsjNf43KO via @TOnline_News,0
"Viele #Bundesbürger sind ja immer noch #skeptisch,   ob der #Islam und das #Kopftuch zu #Deutschland passt,  da ist es dann umso erfreulicher, dass #SaudiArabien der #Welt zeigt,  was der #Islam in Sachen #Toleranz und #Weltoffenheit zu alles #bieten hat! ♥️    https://t.co/dGy0zOeGkL",0
"Hollywood-Millionäre, die Kinder verführen, koksen, Pornos drehen , saufen wie Löcher, fünf Ehen hinter sich haben aber den Moralischen spielen wollen. Bah was für ein Dreck und solche Leute wollen Görlitzern sagen, wie sie wählen sollen? https://t.co/uEKNtsI9ta",0
"Wie Deutschland seine Standortvorteile verliert: Infrastruktur, Rechtssicherheit, Zuverlässigkeit und Pünktlichkeit - ein gesamtgesellschaftliches Phänomen einer Schildbürgerpolitik. https://t.co/9X4pVnMXW4",0
#Hamm: Ca. 9 hauptsächlich südländische Männer attackieren zwei junge Nachtschwärmer körperlich und rauben dem 22-Jährigen die Geldbörse  https://t.co/PF6bg5KmbM,0
"@Einzelfallinfos Bis vor einigen Jahren galt: Zwei junge Männer zusammen unterwegs, denen passiert nichts. Ausgeschlossen. Kriminelle Gangs, die in Mannschaftsstärke um die Häuser ziehen und den öffentlichen Raum terrorisieren, das gab es einfach nicht. Aber Dummmichel dämmert einfach weiter.",0
Qualität setzt sich immer durch. Was wohl immer so drin ist. Gewürze ueberdecken oft so einiges vom Kunden ungewollte. https://t.co/MuxK1LWvyt,0
"In sämtlichen Ländern der islamischen Welt gibt es Parteien, die mit der Muslimbruderschaft verbunden sind. In Ländern wie der Türkei, Tunesien oder Gaza sind sie sogar in der Regierung. Und in einigen Ländern haben sie auch immer wieder Gewalt angewendet. Ein Überblick: https://t.co/3Yw5sWMXIn",0
"@FinjaFinte @liebereinenHund Danke, dass Du Tweets über solche Aspekte der Wirtschaft einstellst. Kleine, mittelständische Unternehmen, deren Probleme sonst untergehen. Es hängen immer Arbeitsplätze, Familien dran.",0
"31-Jährige hat in #Attnang (Bezirk #Vöcklabruck) zwei Männer abgewehrt, die sie offenbar vergewaltigen wollten. Einer der beiden wird als #südländischer Typ beschrieben, zu dem andern lagen gar keine Angaben vor. Von den Tätern fehlt vorerst jede Spur. https://t.co/RquM3H46T9",0
"Das kommt davon, wenn die Grünen-Wähler*innen immer mehr werden: Vegetarier, Veganer, Essgestörte, denen aufgrund mangelhafter Ernährung die Haare ausfallen, dadurch noch unattraktiver werden, die Brüste nicht weiter wachsen. Die Kehrseite der Medaille. Keine schönen Aussichten. https://t.co/0Zt5dvHAQj",1
"Oh, das ist aber übel! Da muss sofort was unternommen werden. Das ist nicht zu vergleichen mit der Industrie. Hier geht es um Diversität, nicht um die Grundlage des Wohlstands. Hier brennt die Hütte! https://t.co/g41oxHkgZm",0
"Habe das hier einer Arbeitskollegin geschickt, die sich permanent über meine Einstellung aufregt!!  Die Antwort: 'Du solltest endlich damit aufhören, diese rechten Hetzseiten zu lesen, die nur Ängste u. Hass hervorrufen wollen!'😳  Und solche Leute sind überall...😩  #Lemminge https://t.co/zZKJ8nSroa",0
"#Gelsenkirchen: Zwei Männer springen vor einem Passanten aus einem Auto, schlagen ihm sofort die Faust ins Gesicht, während einer in gebrochenem Deutsch Handy und Geldbörse von dem 43-Jährigen fordert  https://t.co/w2eI4MMOZI",0
Für 450€ in den Wald 💩 ... kannst du dir nicht ausdenken? 😂 https://t.co/j6bJB3gAje,0
"Das 2 Grad-Ziel ist technologisch nicht erreichbar.^^   Also strebt es auch keiner an, außer die Deutschen.     Das CO2-Syndrom   https://t.co/rpMt2y9p1b https://t.co/EHS14NaLNU",0
Ich betrachte halal Schlachten als unnötige Tierquälerei. Daher erfreut mich diese Pleite. Gerne mehr davon. https://t.co/WmnktYDaVK,0
"@FinjaFinte Nieder mit dem #Döner, Freiheit für die #Currywurst.   Gammelfleisch am Spieß rühre ich nicht an, das soll essen wer will, ich garantiert nicht. Das sollen die Türken mal schön brav selber essen. Schon aus Prinzip ziehe ich ne ehrliche deutsche Bratwurst vor.",0
Und Tschüss...... https://t.co/KD3rpT1VPU,0
"(Henryk M. Broder) Die Berliner Staatssekretärin für bürgerschaftiches Engagement und ähnliches Gedöns leidet unter einem hypertrophen Mitteilungszwang, der in der Fachliteratur als Logorrhoe bezeichnet wird. https://t.co/ow80GYi8sd",0
Eine Zumutung! Diese Demonstration ist eine Provokation gegenüber uns 'Ungläubigen' wie sie uns nennen. https://t.co/bGv9gWzPDE,0
"'Betriebsblindheit: Unangemessene Wahrnehmungs- und Beurteilungstendenzen, die oft durch Routine verursacht sind.' @tagesschau #framing https://t.co/ZeQ4YrCqJO",0
"Wenn Negerkinder Kobalt schürfen  Und #Grüne grinsend Grüntee schlürfen  Wenn E-Busse beim Laden stehn  Fahrgäste in die Röhre sehn  Dann wissen alle, die nicht dumm  Wir sind im #Reichhauptstadtslum.  https://t.co/FaAe5teAcE",1
"Die Sodecia Powertrain in Oelnitz baut Komponenten für Schaltgetriebe, die bei E-Autos nicht mehr benötigt werden  dank linksgrüner Ökopolitik und zu hoher Lohnkosten werden 200 Mitarbeiter von 670 gekündigt, die Produktion nach Portugal verlagert  #futschi  https://t.co/w5VPBe091S",0
"Statt Germanistik, Anglistik, Sprachwissenschaft: 'Diversitätwissenschaft'. Wie an der Uni Dortmund Wissenschaft durch Gender und Gerede ersetzt wird. https://t.co/KBRjl8U0b0",0
Die GroKo und die SPD besonders feiern das Fachkräftezuwanderungsgesetz. Hinter der Jubelnebelwand wird deutlich: Noch mehr Einwanderung in die Sozialsysteme wird gefördert. Ein Seehofer-Bluff. https://t.co/1NrNW6NqYi,0
"Frau im Hofgarten von zwei Nordafrikanern vergewaltigt! Die 51-Jährige war gemeinsam mit einer anderen Frau im Park unterwegs, als sie von mindestens zwei Männern angesprochen worden sein soll. Dann sollen zwei der Männer sie vergewaltigt haben #Düsseldorf https://t.co/dFjE3Jih6s",0
"Bei den Mitarbeitern der 3 Warenhäuser von #Kaufhof in #Stuttgart geht die Angst um  87 Mitarbeiter müssen gehen, „Bis Juli gibt es freiwillige Abfindungsangebote“, danach Kündigungen  #futschi  https://t.co/G6D2s1YrVN",0
Die Beschäftigten des #Karstadt´s in #Hannover verzichten seit 2016 auf einen Teil ihres Lohnes  nach der Fusion geht es nun ihren Kollegen bei #Kaufhof an den Kragen  bis zu 93 Stellen der derzeit 375 sollen abgebaut werden  #futschi  https://t.co/9PBKBAXKEk,0
Klingt wie ein schlechter Film 🎞️  Haftprüfungstermin für Teenager im #Amtsgericht Stralsund.  Es fällt unerwartet ein Schuss.  Dem #Anwalt fällt eine #Waffe aus der Tasche.  Gerichtsleiter: 'Verteidiger hat Vorbildfunktion.' --&gt;stellte #Strafanzeige  https://t.co/f4EuzrYXj0,0
Nach der Fusion #Kaufhof - #Karstadt müssen am Standort #Essen 10 von 108 Mitarbeiter ihren Hut nehmen  befristete Stellen nicht verlängert  „Der Service wird weiter leiden. Wir schaffen jetzt schon kaum noch die Arbeit“  weitere Einschnitte drohen  #futschi  https://t.co/mfBpAnH9Hy,0
"Mitarbeiter bei #Kaufhof trauen dem Management nicht mehr über den Weg  fragen sich, wie es mit einem Verkäufer auf 1.250 qm2 Fläche noch funktionieren solle  es wollen mehr freiwillig gehen, als die 1000 abzubauenden Stellen  #futschi ist das Vertrauen  https://t.co/8wG5l9nc0g",0
#Wetzlar: Südländisch aussehender Mann lässt morgens vor einer Passantin die Hosen herunter  https://t.co/lAmKCjRdoZ,0
"1. In 2002 erhielt der Serienmörder Niels #Högel  ein von der Pflegedirektorin des Klinikums #Oldenburg ausgestelltes Arbeitszeugnis. Sie bescheinigt ihm darin, „umsichtig, gewissenhaft und selbstständig“ gearbeitet &amp; in „kritischen Situationen überlegt und sachlich richtig“...",0
"#Offenburg: Detlef J. (75) erkennt seine Söhne nach dem brutalen Angriff nicht mehr wieder, wird vermutlich zum Pflegefall - der Somalier hatte erst am Tag zuvor in #Freiburg auf einen Taxifahrer eingeschlagen, wurde aber wieder auf freien Fuß gesetzt  https://t.co/z5Zj58zFjy",0
"Derzeit sind in der Filiale von Galeria #Kaufhof in #Pforzheim noch 145 Mitarbeiter beschäftigt  der Standort bleibt erhalten, aber 30-40 Stellen müssen weg fallen  #futschi  https://t.co/AZghyE68fF",0
Auch die 200 Beschäftigten des #Kaufhof/s in #Kassel fürchten um ihren Arbeitsplatz  ' in „erheblichem“ Umfang sollen Jobs abgebaut  werden'  wie an anderen Standorten auch gibt es ab Juli betriebsbedingte Kündigungen  #futschi  https://t.co/QNvbcHIwRF,0
"Raus aus Deutschland? Daniel Stelters  vernichtenden Analyse der GroKo, die nicht in der Wirtschaftswoche erscheinen durfte. https://t.co/MtVKQd66ns",0
Trump  im Interview ✔️✔️✔️✔️  Das werden wir nie im öffentlich-rechtliche Rundfunk  zu sehen bekommen warum nur? Bloß keine negative Äußerungen über Merkel ⬇️⬇️⬇️⬇️⬇️⬇️👍 https://t.co/07xL4tWk9p,0
"BSI warnt: 4 Handys haben ab Werk einen #Trojaner: 'Besonders gefährlich sei es, das infizierte Smartphone zu nutzen, um das smarte Zuhause inklusive Fenstersicherung oder Alarmanlage zu steuern.' https://t.co/hgvKU9zeXG via @focusonline",0
"'..#Ramadan wichtig, auch für uns (..) Christen, die wir in diesen Tagen nicht fasten. Als Muslime erinnern Sie uns daran, allezeit dankbar zu sein für die guten Gaben, die Gott uns schenkt. In diesem Sinne tun Sie einen Dienst für die ganze Gesellschaft.' https://t.co/7gYI1OE71E",0
"Im Gepäck eines 23-Jährigen fanden sie zwei Sturmgewehre vom Typ  Kalaschnikow und eine Pumpgun. Außerdem entdeckten die Zöllner eine  Pistole, die eingewickelt in einem Pullover in dem Gepäckfach über  seinem Sitzplatz versteckt war. Der Verdächtige wurde auf freien Fuß gesetzt. https://t.co/LgcSqOI5wv",0
"Drei sexuelle Übergriff innerhalb weniger Tage in #Ahlen - aufgrund der Täterbeschreibungen muss davon ausgegangen werden, dass in der Stadt zur Zeit drei Sextäter aktiv sind     &gt; 1.6.19 https://t.co/hlhQZoU8Dg  &gt; 3.6.19 https://t.co/lTADGZJ9hL  &gt; 5.6.19 https://t.co/gkRuoFUoWb https://t.co/Q09GYsE4E8",0
In der Zentrale des Modekonzerns Gerry Weber haben 145 von rund 800 Mitarbeitern nun ihre Kündigung erhalten  von den 120 Filialschließungen sind bis zu 750 Mitarbeiter bis November betroffen  #futschi  https://t.co/hNLU1YU84t,0
"#Schweden  💣 Explosion morgens in Linköping zerstört viele Balkone und Fenster an mehreren Häusern  20 Verletzte, 15 Krankenwagen im Einsatz, ein Bombenkommando untersucht den Ort  mit einem schönen Gruß der organisierten Kriminalität  https://t.co/RaLuo5Otb5 https://t.co/mFQbSTcY6E",0
"Chemie Contract Service (CCS) aus dem Chemiepark in #Genthin stellt im Auftrag von Discountern Haushaltsreiniger her  da Aufträge wegbrachen, kann der Geschäftsbetrieb nicht mehr aufrecht erhalten werden  60 Mitarbeiter von Insolvenz betroffen  #futschi  https://t.co/Vc7ByYhfbX",0
"#Drensteinfurt: Südländisch wirkender Teenager bedroht einen BMX-Fahrer (16) an einer Skaterbahn mit einem #Messer, greift sich dessen Handy aus der Fahrradhalterung und türmt mit einem Kumpel - später kann ein 13-jähriger Tatverdächtiger ermittelt werden  https://t.co/7dOax3StDe",0
Uups. Da ist wohl leider eine Waffenlieferung an einen Berliner Clan aufgefallen. Aber kein Problem. Ganz #Berlin ist Clanland. Natürlich auch die Staatsanwaltschaft. Die sah Null Grund Anklage gegen den Waffenschmuggler zu erheben. Ach ja: Bei Rot Rot #Grün bald auch in #Bremen https://t.co/EouksFwN9L,0
"Wie Links- und Ökofaschisten alles zu Grunde richten.. In Berlin scheitert die Schulsanierung daran, dass kein Bau-Unternehmen geisteskranke Forderungen wie einen 'Frauenbeauftragten' erfüllen will...  https://t.co/Xoqu4OuoQy",1
#Gifhorn: Fremdsprachige 'Südländerin' legt sich auf dem #Flohmarkt über den Rollstuhl eines Senioren - eine weitere Person entreißt dem 81-Jährigen die Tasche samt 800 Euro Bargeld  https://t.co/NDP8F7pUv0,0
"Halle: 'Beschwerden von Anwohnern und Eltern, deren Kinder die Huttenschule besuchten, über Ärger mit Roma-Männern an der Schlosserstraße häuften sich.' Bei der simulierten Europawahl unter den Schülern zeigt sich ein interessantes Ergebnis  https://t.co/4BpDClNY4s",0
"#Siegburg: Stiernackiger 'Südländer' legt im nächtlichen Streit seine Brille und seine Armbanduhr ab, bevor er seinen Kontrahenten bewusstlos und ins Krankenhaus schlägt  https://t.co/0wHRgmk6vX",0
"#Hückeswagen: Vermutlich südosteuropäische Jugendliche setzt sich zu einem Senioren ins Auto, der nach einem Bankbesuch gerade losfahren will, bettelt ihn um eine #Spende an und greift sich unbemerkt Bargeld aus der Börse des 66-Jährigen  https://t.co/4Yify1jxSX",0
"Genialer Trick. #Grüne können nicht nur Wirtschaft und Sicherheit nicht.   Aber hoffen auf Wähler aus dem Kreis der Arbeitslosen. Nur logisch, dass sie viele neue Arbeitslose möchten!  #futschi   #Gehirnwäsche   @FinjaFinte https://t.co/iE3LlTQoqJ",0
Warum eine Zinserhöhung durch die EZB den sofortigen Herzstillstand der Wirtschaft nach sich ziehen würde. https://t.co/63MplLdAax,0
"Gibt's irgendwen der sagt: Geil, dass der Staat 50% meines Gehaltes raubt und ihn Leuten gibt, die ich eigentlich nicht im Land haben möchte? https://t.co/djGbQU0ONF https://t.co/ne8j3i0HgV",0
"Reisende unter Schock! 50 Linksradikale greifen Bus voller Krebs-Patienten in #Berlin- #Kreuzberg mit Eiern, Tomaten und mit Farbe gefüllten Bechern an #links #Antifa https://t.co/iMThZAWHGA",0
"#Niedersachswerfen: Afghane (18) 'flirtet' im Freibad ein Mädchen an und fordert die 14-Jährige zu sexuellen Handlungen auf - attackiert mit seinen Begleitern den eingreifenden Freund des Mädchens körperlich, wobei ein Schlichter (17) verletzt wird  https://t.co/BCDw9VFDUu",0
"Für muslimische Schüler in #Österreich gibt es die Möglichkeit, sich zusätzliche schulfreie Tage zu nehmen. Das Ministerium empfiehlt allen Bildungsdirektionen, 'die Erlaubnis zum Fernbleiben vom Unterricht zu erteilen'. #Islamisierung https://t.co/kvUWybBWNW",0
Tolle Aussichten...Schweden ist ja immer Vorbild für Links-#Grün🤮 https://t.co/eSQxtQhYii,0
In #Berlin hätten die #Polizisten schon eine #Strafanzeige dafür bekommen. https://t.co/ywA0PKRO1p,0
"#Schweden  💣Explosion in  Biskopsgården i Göteborg, ein Auto wurde in die Luft gejagt  soooo schööön buuunt in Schweden   https://t.co/5pU4YAMFbm",0
Wieder der Fachkräftemangel ... https://t.co/9Cgu9p1Ks6,0
Wo laden eigentlich E-Autobesitzer in Mehrfamilienhaus-Wohngegenden mit 'Straßengarage' ihre Schmuckstücke nachts auf ??? Mittels langer Verlängerungsschnur aus dem Wohnungsfenster ???? https://t.co/PgrrOMzdcX,0
"#Juncker 1999:„Wir beschließen etwas,stellen es in den Raum u warten ab, was passiert.Wenn es kein großes Geschrei gibt u. keine Aufstände,weil die meisten gar nicht begreifen, was da beschlossen wurde,machen wir weiter - Schritt für Schritt, bis es kein Zurück mehr gibt.“ #EU https://t.co/jVIic9B6RM",0
"🇩🇰 Schweine- und Milchviehhalter finanziell angeschlagen  „Unsere Landwirtschaft ist pleite. Rund ein Drittel der Betriebe steckt in den ‚roten Zahlen‘ oder ist unmittelbar vom Bankrott bedroht“, sagt landwirtschaftliche Unternehmensberaterin  #futschi  https://t.co/4G9SmhGFFn",0
"@FinjaFinte @liebereinenHund Überall in D gehen in Betrieben in besorgniserregender Geschwindigkeit die Lichter aus, während die Regierung trotzdem immer noch von Konjunktur faselt ... das hatten wir in der Endphase der DDR auch schon, wo bis zum Schluss in der AK immer von Planübererfüllung geplärrt wurde.",0
"Die Krise in der Automobilbranche bekommt auch der Metallbearbeiter Kromatec aus Neckarwestheim zu spüren, nun ist er insolvent  27 Mitarbeiter sind davon betroffen  #futschi  https://t.co/XJYWiPoxzJ",0
"Wer bei der Edelsteakhaus-Kette „Hohoffs 800° in #Hagen oder #Hamm gerne Essen gehen wollte, steht nun vor verschlossener Türe  die Gastronomie hat Insolvenz angemeldet wegen Pachtrückständen in knapp sechsstelliger Höhe  #futschi  https://t.co/8kk4WV0diG",0
#Messerattack in #Oslo   Allahu Akbar Schreier geht mit #Messer auf Passanten los und verletzt einen schwer dabei  Polizei legt den polizeibekannten Täter mit Elektroschocker lahm  https://t.co/pmivqR5VSG,0
Ofen aus für die Bäckereikette Lila Bäcker  64 Filialen in Berlin und Brandenburg werden ab Freitag geschlossen  bei weiteren 15 Filialen steht eine Schließung bevor  270 Beschäftigte sind davon betroffen und brauchen nicht mehr zur Arbeit kommen  #futschi  https://t.co/1fW2C2N8C4,0
Der Tiefkühl-Backwarenhersteller Aryzta will die Standorte #Mansfeld mit 180 Mitarbeitern und #Artern mit 25 Beschäftigten schließen  Grund ist eine Produktionsverschiebung  #futschi  https://t.co/i5SY5eqLjr,0
Bergsteiger auf dem Gipfel vom #Matterhorn🇨🇭#Alpen   *Selfie mit einer Drohne  🏔️ 4478m #Suisse #Zermatt #Alpes   https://t.co/pCS3ZXlTbb,0
"Mehr Ausländer in 🇦🇹 Gefängnissen als Österreicher selbst.  1990:  ▪️16,1% ausländische Häftlinge  2019:   ▪️54,9 % ausländ. Häftlinge  #Migration #Bereicherung #crime #RefugeesWelcome  https://t.co/M2oDqyG76r",0
? Minderjährig #underage  In #Schweden sind 90% der sich als #minderjährig ausgebenden Migranten/ Flüchtlinge aus #Marokko 🇲🇦 schon #Erwachsen. 🔞  #Sverige #Immigration #Mufl #fraud #deception #migrants #UmF #RefugeesWelcome   https://t.co/B2ipKGdEKW,0
"Täter (27j. #Asylbewerber) der 9jähriges Mädchen auf offener Wiese vergewaltigte, wurde in #Rosslau verhaftet.  Engagierte Frau &amp; Mutter half dem jungen Opfer u. bei der #Täter|suche.  #Dessau #Migrantengewalt #PKS #Deutschland #Sicherheit #RefugeesWelcome  https://t.co/Yw8YJOJD3u",0
"Wieder #Vergewaltigung:  Im #Düsseldorf|er #Hofgarten wurde eine Frau von 2 Nordafrikanern (24-26 Jahre, 1,70-1,85m, schwarzes krauses Haar) vergewaltigt und beraubt.  @Polizei_NRW_D hat DNA-Spuren gesichert, sucht Zeugen.  #Migrantengewalt #Maghreb  https://t.co/RUGWqPHeiV",0
"Der kanadische Premierminister 🇨🇦 @JustinTrudeau wurde gefragt, was er und seine Familie tun werden, um die #Umwelt zu schützen.  Das war ...ähm... seine Antwort:   😂😅😹  #CleanerFuture #Waterbottle #boxedWater #FridaysForFuture #Plastikverbot   https://t.co/Va8RemHwi8",0
https://t.co/H6WsYNnuIq,0
Kennt einer das längste deutsche Wort...??  -&gt;Donaudampfschifffahrtselektrizitätenhauptbetriebswerkbauunterbeamtengesellschaft   ⛴️🔌⚡️🏗️   *gegründet 1829  &gt;https://t.co/HuuOlX6JQ3  https://t.co/9u0pdFDqmz,0
27j. Asylbewerber aus 🇳🇪 Niger: Schweres Sexualdelikt gegen ein 9jähriges(!) Mädchen.  Spontandemo von Einwohnern: 'Schützt unsere Kinder' in #Dessau.  #Rosslau Keine #Dramatisierung bitte! [#Faktenfinder Gensing] @BMI_Bund  #abuse #Deutschland 2019 https://t.co/TliEfk1zId,0
Wow.  Nächstes Jahr wird 🛩️ #Airbus  5⃣0⃣ Jahre.   🎂 @Airbus @AirbusLIVE ✈️  https://t.co/ARS0udkbjq,0
👏👏 ! Glückwunsch aus 🇩🇪    ♥️ lieber @ThiemDomi 🇦🇹 zum Einzug ins 🎾#Finale #RG19  --&gt; 🥰 Viel Glück beim Kampf um den Pokal 🏆!!!  #FrenchOpen #RolandGarros #ATP @RafaelNadal   https://t.co/wZcmnSvRr2,0
"Rennende Männer in muslim. Gewändern laut #AllahuAkbar rufend  lösen Panik &amp; Anschlagsangst aus --&gt;@Polizei_NRW_K kontrolliert (🔪gefunden)  #NRW-Reul und #DPolG Wendt: Richtige Reaktion d #Polizei.👍  Sawsan #Chebli entdeckt derweil neue #Rasse,'antimuslim. #Rassismus'  +spaltet 🇩🇪. https://t.co/WgweTH91eK",0
Wie diskreditiere ich die polit. Gegner?  Kommunistische Partei 1943:  Betitele sie als  #Faschisten  #Nazis  #Antisemiten.  Nutze das Prestige #antifaschistisch|er &amp; toleranter Organisationen  So werden ihre Namen in Öffentlichkeit beschmutzt.  #Framing #Relotius  https://t.co/VAgk8oTrOQ,0
Recep Tayyip #Erdogan🇹🇷 =best man bei Mesut #Ozil's Hochzeit.  Bei #Amine Gülşe fehlen aber Schulter-u. Kopfbedeckung 👰🏻🧕🏼  #Oezil with #Dictator  https://t.co/PQGqyEUWIS,0
https://t.co/zPp0DfvhNa,0
"Leute  Macht eure Testamente.  Der #Weltuntergang hat ein Datum: 2050⏳  die Temp. steigt, 51-60°C, Erdoberfl. unbewohnbar, Mio. Menschen sterben--&gt;Ende  Mojib #Latif, der mit Schnee- und Frostabschaffung für 🇩🇪 falsch lag, bezeugt.  #Apocalypse #Klimahysterie  https://t.co/Y15YQyV3US",0
"Asylwerber Amadou B. (28) aus Guinea (seit 2017 im Paradies 🇩🇪) wollte #Bachelor-Kandidatin Lina Kolodochka brutal vergewaltigen, fixierte ihren Oberkörper gewaltsam, Hand würgend am Hals, mit heruntergelassener Hose  Alltag in #Deutschland #Migrantengewalt  https://t.co/VaRhSXpuCB",0
@a_watch .... nur die Spitze des Eisbergs. 🗻  https://t.co/RRZxH4Ddm9,0
https://t.co/p63tdMAZrv,0
https://t.co/QPrQmUylh0,0
Warum sehen alle Teilnehmer des 🇮🇳 Miss India #Schönheitswettbewerbs gleich aus?? 👸🏻👩🏻👸🏻👩🏻  !? No Diversity !!?? 🤔😮😂  https://t.co/QzhreQHxNp,0
"Merke:   Bist du Migrant und legst Autobahnen mit einem Hochzeitskonvoi lahm, ballerst in die Luft und blockierst den Stadtverkehr, bekommst du einen Flyer.   Bist du Deutscher und schreibst was böses im Internet, kommt das BKA zur Hausdurchsuchung https://t.co/0BhZN3R20c",0
Linker Mob blockiert AfD-   Polizei reagiert nicht wie sie sollte. Einige Beamten werde ich nie Verstehen.  #Europa #Deutschland #MerkelLand #Sicherheit #Merkel #AfD https://t.co/XWdE8ZuCsb,0
Warum ist Betrügerin giffey och im Amt? https://t.co/kEsnaoRW9x,0
"Ich kotze im Strahl🤬  Gesundheitssenatorin #Kalayci (#SPD) will den „anonymen Krankenschein“ an anonyme Illegale austeilen. Krankenhäuser und Ärzte werden verpflichtet, diesen Krankenschein zu akzeptieren. Die Rechnungen werden vom Steuerzahler beglichen.   https://t.co/C1j1dTmGpm",1
"Wer Allahu akbar ruft u lange Gewänder trägt, ja: Der darf damit rechnen, dass er polizeilich kontrolliert wird. Was denn sonst, Hr #Mazyek?! Keine Entschuldigung nötig! Aber #Chemnitz verdient die Entschuldigung. Zum 1000x: Es gab keine #Hetzjagdt! Alle wissen das!",0
"Wir alle wissen es: #Merkel lügt. Nicht nur bei der #Hetzjagd-Legende, die sie mittels eines #Antifa-Twitterers konstruiert hat. Sie lügt ständig. Beim „wir schaffen das“, der Energiewende, der Maut, dem „unverbindlichen“ Migrationspakt. Und 80 % der Wähler wollen das nicht hören",0
Einem in #Essen festgenommenen Flüchtling aus #Nigeria konnten 24 Identitäten nachgewiesen werden. 24 Identitäten bedeuten übrigens auch 24× Sozialgeld pro Monat. https://t.co/kUyK8BoaT3,0
"Wenn man sagt,'wir haben zwei Kinder',ne tut mir Leid!  Ja, ..und dann,die Wohnung Unbezahlbar für normale Familien!!!!  In welcher Welt leben wir eigendlich???  Wer ist in Deutschland überflüssig???  Unter'm Mindestlohn,jede Menge Überstunden,immer weniger Kollegen,und mehr Aufgaben",0
"Im Handwerk ausgebildeten Handwerkern,nicht Facharbeiter,sondern durch eine Deutschlandweite Einheitliche Gesellenprüfung,  Arbeitslos gewordene Hartz IV Empfänger,als Arbeitsscheue Menschen einzustufen,diese Gesellen in Minderbezahlte Job's zu bringen u zu Sanktionieren,ist Frech",0
"Sveja Schulze BUM   beim BDEW Kongress  Ja,die Regierung schleppt die Umsetzung der Energiewende,schon zu lange vor sich her,ich habe diese aus die Beratung genommen und zur Umsetzung eingebracht!  Frau Schulze,ist 'die Regierung' und Attestiert sich Selbst,   'Unfähigkeit'!",0
"Die SPD verstößt schon wieder gegen die Allgemeinen Grundsätze!Das lernt man schon in der Studienzeit,'nie Ungrade Gruppen bilden',da ist immer einer das 5.Rad am Wagen!Ganz klar,deshalb so Katastrophale Ergebnisse!",0
"Eine Frau aus Deinem Dorf und Möglichst noch eine mit einer großen Aussteuerung(nicht Bettwäsche ,sondern Vermögen) und aus der näheren Verwandtschaft (Mutter,Schwester)dann gehts Dir wie 'Tutsh et Amon' oder so mancher Adelsfamilie, (alle bekloppt) https://t.co/kQf5Pl2szE",0
"Die gelbe Ente bleibt drinnen,Herr Dr.Lüdenscheid!  Die Liberalen bleiben außen vor!  Toleranz hat mit Liberal nichts zu tun KKK.  Es lebe Lorio https://t.co/nb0bicqlUy",0
"@Mohrenpost oh Caroline,im Rethorikkurs der CDU,lernt man, das nach oben gucken,Hilflosigkeit,Ahnungslosigkeit,vermittelt!  Also nie nach oben schauen beim reden!  Die anschauen,die nicken,nur einen in der Mitte wählen,ein umherschauen ist auch nicht günstig!",0
"Irrenhaus #Deutschland🇩🇪  ? „Aktivisten in #Berlin setzen Zeichen gg Krebs“?  ? „Linksaktivisten überzeugen Besucher von linksgrüner #Klimapolitik'?  NEIN  Linksextreme attackieren Bus mit krebskranken Menschen, die zu Veranstaltung nach Oberschöneweide wollen  https://t.co/0BFK3K5efi",1
Illegale Parteienfinanzierung?  Finanzamt entzieht CDU-nahem Verein die Gemeinnützigkeit   https://t.co/iJJRJxuHBJ,0
Wir haben hunderte Lobbytreffen der #Groko zusammengetragen und durchsuchbar gemacht: 👇👇👇  https://t.co/8Z6O7NUV6S    Was uns dabei aufgefallen ist &gt; Thread https://t.co/R0pYMfO2WL,0
"Dänischer 🇩🇰 #Justiz-Minister Søren Pape Poulsen sagt:  'Kriminelle #Migranten sind ein großes PROBLEM' für das Land.  Somalier (größte +kriminellste Migrantengruppe) sind 4x so kriminell wie gleichaltrige dänische Männer, gefolgt von #Irak'ern und #Türken.  https://t.co/Oou7oMlPSb",0
Glückwunsch aus 🇩🇪 @ThiemDomi 🇦🇹👍   🥰 zum Einzug ins #Halbfinale🎾#Tennis #RG19!!!  👏👏   &gt;&gt; Viel Glück gegen @DjokerNole❗️&lt;&lt;  #Thiem #Djokovic #Semifinal #RolandGarros  #Austria 🇦🇹 #FrenchOpen @RolandGarros_FR      https://t.co/EOGPgxbggv,0
Congratulations 🎾 Björn #Borg to 63th birthday!! 🎉  #Sverige 🇸🇪_ 5x #Wimbledon _ 6x #RolandGarros _ 64 titles.  #DavisCup #LaverCup @Wimbledon #AustralianOpen @USopen   #ATP #FrenchOpen  #USOpen @DavisCup  https://t.co/d8DCfDE5LW,0
"#Windräder drehen sich 100 M/h u. erzeugen einen Niederdruck hinter ihnen,  der Vögel + Fledermäuse ansaugt.  Ein #Windpark in Kalifornien hat 10% der amerikanischen 🦅 #Steinadler-Population getötet (116 Adler, 300 Falken, 880-1300 Vögel).  @Windkraftfrei   https://t.co/Qfdw2TwsuL",0
Neuer Umfrageschock für die @CDU  Ab 10.05.2019  von   • #CDU 30% ==&gt; auf 27%  @Die_Gruenen dagegen von  • #Grüne 20% ==&gt; auf 26%  am 06.06.  Lt. Survey-Umfrage würden als #Kanzler:  43% --&gt; Habeck  21% --&gt; Kramp-Karrenbauer  34% --&gt; Keinen von beiden wählen.  &gt;https://t.co/prC1mBKNsU https://t.co/473AJCkQkc,0
"Ich kann nur staunen:  #Arktis 03. Juni 2019 mit Eis ❄️bedeckt.  Vorhergesagtes Abtauen im #Arctic Ocean, #Klimakrise, #Erderhitzung, #ClimateEmergency, #Klimakatastrophe, #GlobalWarming  -- Nicht zu sehen... 🤔  #Ice #FridaysForFuture  &gt;https://t.co/L45AbEhOL1  https://t.co/IIJ7RVwhA0",0
In Italien🇮🇹 bezeichnet man die linksrote #Justiz mit ihren unfairen Urteilen (Kuscheljustiz ggü #Migranten ähnlich wie in DE 🇩🇪)  inzwischen als 'Magistratura Rossa' 🔴  Das linksgerichtete Fernsehen als 'Circo Rosso'.  #Framing #GEZ @434italo @ItaliaRAI #TV  https://t.co/vAWRhvQoCT,0
"Die Schattenseiten der #Elektrobatterien:  -Rohstoffe (Kobalt, Lithium, Coltan, Neodym et.)  -CO₂-Ausstoß (Herstellung, Laden)  -Entsorgung/ Recycling  &gt; Kapitel 2, ab 5:43 min. 🚙 [Sendung 'auto mobil']  #EAutos #Emobility #ElektroAuto #Akku #ElektroMobilität  https://t.co/WXCfn8y3Od",0
11 (!) Verfassungsklagen greifen das deutsche Gesetz zur #Vorratsdatenspeicherung an.     Am 7.6. will die #Bundesregierung die Telefon- und Internetüberwachung auf EU-Ebene mit planen:   https://t.co/frzdFaEsNb /f https://t.co/vIX3L15IHC,0
"1/2  'Über ihre Websites liefern #Medien und Portale wie '#Bild', '#FAZ', 'Stern'   oder 'Brigitte' personalisierbare Daten an #Facebook –  OHNE  Einwilligung der Nutzerinnen und Nutzer.  Das ist rechtswidrig.'  https://t.co/7f428JMIzi",0
"#Threema (zu Recht) zu den Plänen:    'Wir sind nicht bereit, dabei irgendwelche Kompromisse einzugehen.' [...] Sollte Deutschland die Nutzung verhindern wollen, 'würde sich das Land nahtlos in die Reihen totalitärer Staaten wie China oder Iran einreihen'.  https://t.co/CpYpbfRLTo",0
#Diesel #Fahrverbote 🚙 in Hamburg =reine Luftnummer.  #grüne Symbolpolitik #Panikmache #Aktionismus ohne Wirkung.  Schilder 🚏 allein kosten 500.000 €.  #Hamburg #Klimakrise #Apokalypse  https://t.co/nkhJB2cd16,0
Ist das zu glauben?😲  Nachdem #Merkel eine ganze Stadt diffamierte  ein weltweites Presseecho erzeugte  den polit. Gegner diskreditierte  VS-Präsidenten schasste  {alles OHNE Recherche!}  -&gt; gesteht Regierung: 'beruhte auf #Medien-Berichten'  #Hetzjagd #Chemnitz  https://t.co/tBccy0lbQG,0
"@sabine_mueller1 Wettervorhersage in #ARD @DasErste  🔴Niedersachsen und Kiel mit  26 °C  DUNKELROT (!)🔴  ... Ich hoffe, Sie bemerken ein klein wenig wie  hier manipuliert wird (und das ist nur grafisch).  Sommertemperaturen, die in meiner Kindheit  [80er Jahre] ganz NORMAL waren (niemals dunkelrot). https://t.co/E0MjTzRWpj",0
Skandal um gefälschte #Parma-Schinken🍖  Das private Parma-Qualitäts-Institut (IPQ) wurde suspendiert.  2018: wurden 1 Mio. falsch deklarierte Schinken verkauft.  #Italy 🇮🇹#ParmaSchinken #JambonDeParme  #ham #Italia #ProsciuttoDiParma #ProsciuttoDiModena https://t.co/CSImPlVaQg,0
"Wachsende #Gletscher lassen Wissenschaftler staunen.  Hofsjökull, Langjökull, Vatnajökull (Island 🇮🇸), Jakobshavn (Grönland 🇬🇱)  dehnen sich ENTGEGEN Vorhersage aus.  ~45% mehr Eiszuwachs als „normal“ in letzten 3 Jahren  #Erderhitzung #Klima #FridaysForFuture  https://t.co/wtjZ0BE4PS",0
(Markus Kassel) Die Deutschen zahlen für die meist tendenziöse und oft antisemitische Berichterstattung ihrer öffentlich-rechtlichen Sender viel Geld. Rund acht Milliarden Euro sind es jährlich. Warum ist das alles so teuer? https://t.co/0sSftyizc0,0
https://t.co/PJiTlZXXtj,0
Tolles Bild vom #Maestro ....  der momentan im #Viertelfinale #Quarterfinal von #RolandGarros kämpft  #FrenchOpen #RG19   https://t.co/c9eH6dwk3c,0
Er hat keine ausgelassen.... 🖊️   😂  @RafaelNadal    https://t.co/t1Ctk6jQ37,0
#RolandGarros #FrenchOpen #RG19   https://t.co/VQ6SNFNawJ,0
"Der nächste Beinahe-#Blackout: 20. Mai 2019  Versorgungssicherheit =in DE inzwischen ein Fremdwort  #RenewableEnergy am Mo.20.05.: 10,1 GW  obwohl Leistung von 107 GW vorhanden🤔  Nach 14.12.2018 +10.01.2019=dritter kritischer Vorfall!  #EEG #Wind #Energiewende  https://t.co/khgsAW7sOa",0
"Herzl. Glückwunsch #Italien zum 🇮🇹 Nationalfeiertag!  2. Juni: #FestaDellaRepubblica 🎉 Gründung 1946  Parade, Präsident + Verteidigungsministerin #Italia🎺  (In DE würde man so eine prächtige Parade wegen CO₂   oder Feinstaub oder xy nicht zulassen.... 😂)  https://t.co/ST4oB7hJ2r",0
Chebli auf dem Weg zum Breitscheid Platz. https://t.co/aWUPppRsfc,0
"Ich glaube, da steht ....  🖊️ ladaN afaR  https://t.co/iGsGInxxnS",0
"#Bereicherung  Alltag in #Deutschland, den #Merkel +@GoeringEckardt genauso drastisch haben wollten:  4 Polizisten👮🏻‍♂️ im #Krankenhaus!  #Nigeria'nische #Flüchtlinge schlagen, werfen,treten auf #Polizisten ein, springen gegen #Polizei-Autos🚔  #Germany #migrants https://t.co/rgmZ8FyJXp",0
#SPD  ... fällt auf tiefsten Wert ever : 12% !!   Gratulation #Stegner #Kahrs #Chebli #Kühnert !! 👏👏   😅😆😂😭  &gt;https://t.co/jIWe5w2NTn  https://t.co/pjotgJ8VGl,0
"... OMG   ! Klappe - Relotius - Die Zweite !  Marie Sophie #Hingst ERFINDET 22 familiäre #Holocaust-Opfer.  Wird mit #Lügen bei #Zeit und @DLFnova veröffentlicht,  erhält Preise 🏆 von @FinancialTimes und @GoldeneBlogger.  #Journalismus in #Deutschland 🤦🏻‍♀️🤦‍♀️  https://t.co/BFc3RxNNbB",0
Vor welcher #Armee nimmt denn Annegret #KrampKarrenbauer  hier die #Parade ab..... ?? 😅😆😂  Stillgestanden!!  _ #Deutschland #CDU #Bundeswehr  &gt;https://t.co/9jVuBgeW0q https://t.co/rA1T9JIiMx,0
"Völker der Welt! Schaut auf diese Frau!  'Merkel beendet Dinge' ... eine Rede, deren intellektuelles Niveau man nur niederschmetternd nennen kann.   https://t.co/FyqD5JwR1P",1
Gute Fahrt! 🚂   'Rheingold-Express' von Basel (Badischer Bahnhof) nach Hoek van Holland zur England-Fähre (um 1952). https://t.co/r7hzOLgzRi,0
"@nachdenklich2 @HaraldNorth @MoritzMichelson @SilaStern Auf sie ist ein Kopfgeld von 5 Mio.$ ausgesetzt, für Auslieferung an USA. @FBIMostWanted  (🇯🇴 weigert sich)  In #Jordanien u. anderen arab. Ländern als 'Heldin' gefeiert.  #AhlamTamimi tötete 15, davon 7 Kinder.  via @ArnoldRoth, Vater eines Opfers: #Malki.  https://t.co/qogsr0yvKS",0
"Im Video beschreibt die arabische Terroristin Ahlam Tamimi, wie sie den Anschlag auf die Sbarro-Pizzeria in #Jerusalem, #Israel durchführte. Wie sie ihren Status als arabische 'Journalistin' nutzt, um 15 Menschen zu ermorden, darunter 7 Kinder und eine Schwangere. #Antisemitismus https://t.co/2CfSBGteeP",0
https://t.co/OcicBpjYuc,0
"Pst! Nicht weitersagen🤫  Daten der unverdächtigen #NASA GISS zeigen ein Sinken der globalen Oberfl.temperatur d. vergangenen 2 Jahre -0,56°C 📉 (was im Widerspruch zur vorhergesagten globalen Erwärmung steht)  #ClimateEmergency #Klimakrise #FridaysForFuture  https://t.co/0LVG40jl5p",0
"Während #Australien Ausländer, die Gewaltverbrechen an Frauen u. Kindern  begehen, aus dem Land werfen u. Wiedereinreise verweigern will,  dokumentiert #Deutschland nur noch die gesetzwidrigen 'unerlaubten' illegalen Einreisen (ob Straftäter o. nicht).  1/2  https://t.co/a61tzFCCzo",0
#Antisemitisch'er körperlicher Übergriff auf jüdischen Schüler durch  schulfremden Deutschtürken in #Berlin #Charlottenburg.  (Wieder als 'Rechts' eingeordnet???🤔)  @Report_Antisem #Antisemitismus ✡️ #Kippa #Deutschland  https://t.co/2dJIjF7Rep,0
"Bürgerinitiative legt erste, maßstabsgetreue Visualisierung der Windkraftvorhaben im Reinhardswald vor. Historiche #Sababurg offensichtlich auch betroffen https://t.co/Z651bMvygv",0
#Antisemitismus #Deutschland #Berlin  https://t.co/vuQKKWLUGg,0
"Franzosen nach #Lyon-Anschlag sauer.  Mr @NunezLaurent, Sekr. im 🇫🇷Innenministerium  will gegen #Radikalisierung (2500 Pers.) kämpfen  Nachdem #Deradikalisierung scheiterte.  Verbreitung v #Moscheen +islamischen Schulen im per Verfassung  säkularen #Frankreich:  https://t.co/Ma30LrMflv",0
"#Witz des Jahres  Europäischer Gerichtshof (#EuGH) wirft 🇩🇪#Staatsanwaltschaft'en mangelnde Unabhängigkeit vor.  Sie unterstehen den Justizministern + deren Weisungen, sind NICHT unabh. von EXEKUTIVE.  PS: Gen.Staatsanwaltschaft Litauen =unabh. Justizbehörde! https://t.co/uqoJeRk1L0",0
'Das Netz dient als Speicher' https://t.co/geI9O4cLH8,0
"Erzeugung +Verbrauch von elektr. Strom müssen sich die Waage halten.  D.h. der Strom der in diesem Moment verbraucht wird, muß genau zu diesem Zeitpkt erzeugt werden  Bei 'Fehlen' von Strom sinkt Sollfrequenz 50Hz --&gt;Lastabwurf (Abschaltung bei Konsumenten!) https://t.co/n2IFusqfb4",0
"Französischer 🇫🇷 Djihadist (37J.) aus #Toulouse in #Irak verurteilt:  Er wurde gemäß dem 'Gesetz Nr. 4 über den Terrorismus' wegen Zugehörigkeit zum #IS #IslamicState zum Tod durch Erhängen verurteilt.  Frankreich erklärte, nicht zu intervenieren.  @BMI_Bund  https://t.co/LUa1g8vCPy",0
"@Menschaffe Sie werden jetzt von militanten #FridaysForFuture Mini-#Aktivisten  aus der Vorschule unterstützt, die Rathäuser mit  Mundharmonika &amp; Luftballons🎈 beim Kampf gegen  #Klimakrise &amp; #Erderhitzung* beraten.👍  (*8-12 Meter Schnee❄️ in österr. +ital. Alpen im Mai)  https://t.co/Bi8ZraM5AG",0
"Es ist wichtig, daß Urteile wie zur #SchariaPolizei in #Deutschland gefällt werden!  Arabische Medien berichten darüber.  Ein #Freispruch von 7 #Salafisten, die sich mit #Uniform eine #Scharia-Kontrolle anmaßen--&gt; zeichnet verheerendes DE-Bild.  @AWidmannMauz  https://t.co/ddPOg2VYTp",0
Jugendliche = 65% der arabischen Bevölkerung (~200 Mio.)  59 % der arab. Jugendlichen sehen das Verhältnis zwischen #Sunniten und #Schiiten verschlechtert.  79% wollen Reform religiöser Institutionen.  #Muslime #Islam #Ramadan #ReligionDesFriedens #Toleranz https://t.co/aUqKIPLXaH,0
Vor ein paar Wochen:  - arab. Gürtelschläger #Berlin  - 2.Klässlerin von Muslimen bedroht  - 7 syrische Männer schlagen #Juden zusammen  - Kippa-Angriff auf Prof. in #Bonn  25.Mai 2019:  #Antisemitismus-Beauftragter &amp; @HeikoMaas warnen vor 90% rechtem Judenhass.  https://t.co/21HD09gYvS,0
"Kritischer Journalismus ist nötiger denn je. Warum wir – Stefan Korinth, Paul Schreyer und Ulrich Teusch – ein neues Online-Magazin gründen wollen und dafür um Unterstützung bitten: https://t.co/4XPpJNPZCe",0
Europäisches Parlament 2019 - 2024  #EuropeanParliament 2019 - 2024  #Europawahl2019 #EUelections2019  #ep2019 #Europee2019 vorläufiges Ergebnis 🗳️ https://t.co/yJZ1qiZg2o,0
Aufgrund Schneefalls in den #Alpen öffnen die österreichischen #SkiResorts  wieder (Saison eigentl am 7.4. beendet).  Ski Resorts in #Austria reopen as heavy snowfall hits the Alps.  #GlobalWarming #ClimateEmergency #KlimaKrise #Erderhitzung  #FridaysForFuture https://t.co/gKXLe1P8Kl,0
https://t.co/mBfsoJ3Cdw,0
die #Grünen  &gt;20% gewählt  Sehr überzeugend und glaubwürdig. 🤔  #KerosinKatha✈️ #LangstreckenLuisa✈️ #FidschiClaudia✈️ #DüsenDieter  #Glyphosat-Berninger #Heuchler hoch 3  #Verbotspartei #Bevormundung #Flugvervot #CO2Steuer  #HambacherForst-Abholzung zugestimmt  https://t.co/4PJSeMkHI1,0
Von 2006 bis 2017 wurden sie 🇮🇹 Staatsbürger:  -216.000 Marokkaner  -189.000 Albaner  -70.000 Rumänen  -42.000 Inder  -37.00 Bengalen  -34.000 Tunesier  -33.000 Pakistani  -32.000 Mazedonier  -26.000 Brasilianer  da fehlen sehr viele Afrikan. die heute 🇮🇹Bild prägen  https://t.co/BQVxQLn8q3,0
"Die Durchschnittseinkommen der Franzosen 🇫🇷 liegen UNTER denen in  den ärmsten #US-Bundesstaaten 🇺🇸.  Die #GiletsJaunes 🗣️ wissen, warum sie protestieren... 🤫  #Europee2019 #Macron #France #EuropaWahl2019 #ep2019  https://t.co/lhorpb53Zb",0
"Schweden 🇸🇪  1970:  0,95% Migranten  2017:  16,46%  - ' -  Prognose:  2020:  21,75% Migranten  2100:  67,74%  - ' -   #Migrationspakt #GlobalCompact #illegalImmigration #EUelections2019  https://t.co/DbXkXVhdQH",0
"Seit #Merkel biedert sich die #CDU bei den #Grünen förmlich an.  Dabei stimmt die #EU-Fraktion der CDU (@EVP) in  Wirtschaft/Währung, Außenpolitik, Umwelt &amp; Gesundheit am WENIGSTEN  mit der Fraktion der Grünen (@EuropeanGreens, #EFA, Verdi/ALE) überein:  https://t.co/H4jceZswZd",0
"#Salvini @MatteoSalviniMi hält die jüdisch-christliche Prägung, die Traditionen, Werte &amp; Identität der Italiener u. von #Europa hoch.  #Italien'ische Wähler 👥: Kein Priester, kein Bischof ✝️, kein #Papst hat diese Botschaft so intensiv &amp; emotional gebracht  https://t.co/Ull1O49uHE",0
"Fast 9 Mio. Italiener 🇮🇹 wählen Matteo #Salvini's #Lega:  34,46%  vor der #PartitoDemocratico #PD mit 22,71%   und #Movimento5Stelle  #M5S mit 17,01%.  #ElezioniEuropee #EUelections2019 #Europee2019 #ep2019 #EuropaWahl2019 #Italy #Italia https://t.co/F5XZ09gNAi",0
"In 🇫🇷 Frankreich gestiegene Wahlbeteiligung: 50,2%  #RassemblementNational #RN gewinnt vor #LREM von #Macron   und EELV.  #Europee2019 #EUelections2019 #ep2019 #France #Francia https://t.co/bSbEjq3Chm",0
🇩🇪 Erschreckende Verluste bei #CDU und #SPD seit 2000.  Massive Zugewinne bei #Grünen in 2019.  #EuropaWahl2019 #EP2019 #EUelections2019 #Europee2019 https://t.co/T6Yf8gHziw,0
🇩🇪 #Volkspartei'en #CDU und #SPD im Abwärtstrend.  Kleinere #Opposition'sparteien im Aufwind.  #Deutschland #EuropaWahl2019 #EUelections2019 #EP2019 #Germany https://t.co/aafrD6unX3,0
🇩🇪 Wählerwanderung #Deutschland #Germany   #Europawahl2019 #EUelections2019 #EP2019  https://t.co/meu7WFO3j1,0
WOFÜR stehen die '#Volkspartei'en' eigentlich....??  #EuropaWahl2019 #CDU #SPD # #EUelections2019 https://t.co/AKAZm0Zi0V,0
#Europawahl2019 #EUelections2019 #Deutschland #Germany https://t.co/fTT859sO5U,0
#Merkel's und @AKK's  #CDU punktet nur noch bei über 50-60jährigen:  https://t.co/WhgML4A64H,0
Parteien-Medien-Komplex:  Parteistiftung (#KonradAdenauerStiftung) kooperiert mit  Zeitung #FAZ (Wahrheitsmedium) um auf #Twitter  gesponserte #Wahlwerbung zu machen und beim Wähler  einseitig #Angst zu schüren ('Angriff') ....  #EuropaWahl2019 #EUelections2019 https://t.co/PraoyA6ti3,0
Hab grad Appetit auf Kartoffelsalat ... 🥔 LECKER!   'Mordversuch mit Kartoffelsalat'  .... nach Internet-Recherche über mögliche „Tötungsarten“  landete sie bei #Kartoffelsalat .... mit Glykol 🧪  https://t.co/GSrFLWzCgt,0
"Oh je  Das hatten wir in der #DDR bis zum Würgen.....  Karl #Marx, Kommunistisches Manifest, Abriss der Geschichte des #Marxismus-#Leninismus.  á la #FDJ-Studienjahr  Und das in der #Bundesrepublik 2019?? 🤔  #Deutschland 🇩🇪  https://t.co/V4lwroEY5l",0
"@p4fBerlin @PeterVorsmann Vor allem: WER sind die S4F-Wissenschaftler=KLIMA-Wissenschaftler?  Dabei sind Forschende, ergo Studenten, wiss. Mitarbeiter, Institutsangehörige,  Kabarettist\Zauberkünstler\Moderator E.v. Hirschhausen  =immer dicker werdender Diät-Papst &amp; Psychologen-Kenner https://t.co/z2ZJjLQ7XM",0
"'Wir brauchen #Windparks nicht für eine erfolgreiche Klimapolitik.  Ihre Effizienz für den Klimawandel lässt sich nicht messen.  Die finanziellen Vorteile landen bei einer kleinen Gruppe, aber die Belastungen bei fast allen Anwohnern.'  Anton Buijs, @GasTerra  https://t.co/U3CFbOlF2a",0
Reinhard Sebastian Zimmermann  Musikprobe auf dem Lande  1891 https://t.co/aizDiFt1hn,0
"Jüdische Bevölkerung in arab. Ländern dezimiert (Irak, Libyen, Marokko)  Die Aufnahme von 700.000 schlecht gebildeten, verarmten jüdischen #Flüchtlingen in #Israel =einmalige Integrationsleistung.  Heute 50% israel. Juden=Juden aus Afrika +Arabien [Mizrahim]  https://t.co/1XpAqIjhCS",0
"Gestern von Links als 'rassistisch' proklamiert.  Genetiker Prof.Plomin:  70% d akadem. Leistung =genetisch bestimmt  Bei der Intelligenz der Kinder spielt Genetik größere Rolle als Unterrichten:  Kognitive Fähigkeiten erbbar, am meisten genetisch beeinflusst.  https://t.co/AVuXDpCOXQ",0
"#Vertuschung, Manipulation bei #Flüchtlingskriminalität:  Mark #Harbers, Einwanderungsminister der #Niederlande 🇳🇱 soll der Öffentlichkeit schwere Straftaten durch #Asylbewerber verschwiegen haben – bis hin zu Mord.  Bei #Merkel denkbar??🤔  https://t.co/BJ8hQYvAf8",0
"@JaNuWatn  Hi. Ich wollte Bescheid sagen: beim Herumsurfen gesehen, daß  @ MTubeman  @ NoWehrMUC  @ Jaxxon2905  @ 8694sundance  @ JustNobody2018  Deine Tweets bei @ TwitterSupport melden, anschließend bei Erfolg  (Löschung) auf @ HetzlichenDank veröffentlichen  --&gt;am besten Blockieren! 😉",0
"@CenturioCis  Keine Aktivität seit 4.5.?  Wollte Bescheid sagen: Beim Surfen gesehen, dass  @ NoWehrMUC  @ Jaxxon2905  @ 8694sundance  @ JustNobody2018  Deine Tweets bei @ TwitterSupport melden. Anschließend bei Erfolg  (Löschung) auf @ HetzlichenDank veröffentl.  --&gt;am besten Blockieren!",0
"@AusKalte   Auch bei @ HetzlichenDank kucken  Dort findest du Screenshots u ganze Listen (wo dein Account auch drunter ist)  sowie die Meldeaccounts, die mit stalinistischem Eifer Säuberung betreiben.  DANKE @TwitterSupport @TwitterDE @TwitterSecurity für FreedomOfSpeech +Verfassung!",0
"@kvinna_hopp  Hi. Wollte Bescheid sagen: beim Herumsurfen gesehen, dass  @ NoWehrMUC @ Jaxxon2905  @ 8694sundance + @ JustNobody2018  Deine Tweets bei TwitterSupport melden, anschließend bei Erfolg  (Löschung od. Sperrung) auf @ HetzlichenDank veröffentlichen  --&gt;am besten Blockieren!",0
"Oh je  ...Die tektonische Eurasienplatte ist das Beste, was  die tektonische Eurasienplatte je geschaffen hat. 🌍  *Ohne #Europa kann man nicht frei leben, studieren, arbeiten. Ohne die Platte auch nicht. [#Baerbock]  Es leben die @Die_Gruenen 🙄🤦🏻‍♀️  #Europawahl  https://t.co/O2MWMgkHZI",0
Anti-Rechts- bzw. Anti-Extremismus-Vereine klagen:  F.Giffeys Ministerium @BMFSFJ will die Dachverbände ab 2020 nicht mehr fördern.  Es wurde von Schwesig ein aufgeblasener Popanz📢 von 50 --&gt; 106 Mio.€  Und: EINSEITIG❗️ (Extremismus ist nicht nur Rechts!!) https://t.co/byoszqPkxH,0
"@BraveMurron  Hi. Wollte Bescheid sagen, da ich beim Herumsurfen gesehen habe, daß  @ Jaxxon2905  @ 8694sundance + @ JustNobody2018  Deine Tweets bei Twitter-Support melden, sich anschließend bei Erfolg  (Löschung od. Sperrung) mit # HetzlichenDank abklatschen  --&gt;am besten Blockieren https://t.co/kzkypFDZ04",0
"@tqupre  Hi. Wollte Bescheid sagen, da ich beim Herumsurfen gesehen habe, dass  @ Jaxxon2905  @ 8694sundance + @ JustNobody2018  Deine Tweets bei Twitter-Support melden, sich anschließend bei Erfolg  (Löschung od. Sperrung) mit # HetzlichenDank abklatschen.  --&gt;am besten Blockieren 😉 https://t.co/mBjBLZEwNM",0
"@ArmesDeutschla6  Hi. Wollte Bescheid sagen, da ich beim Herumsurfen gesehen habe, daß  @ Jaxxon2905 @ 8694sundance @ JustNobody2018  Deine Tweets bei TwitterSupport melden, sich anschließend bei Erfolg  (Löschung od. Sperrung) mit # HetzlichenDank abklatschen  --&gt;am besten Blockieren https://t.co/I3rZw7yJkm",0
"@Mad_Max_63  Hi. Wollte Bescheid sagen, da ich beim Herumsurfen gesehen habe, dass  @ 8694sundance + @ JustNobody2018  Dich od. Deine Tweets bei Twitter-Support melden, sich anschließend bei  Erfolg (Löschung od. Sperrung) mit # HetzlichenDank abklatschen.  --&gt;am besten Blockieren 😉",0
"@9KU2d7vX4x6PEBM  Hi. Wollte Bescheid sagen, weil ich beim Herumsurfen gesehen habe, daß  @ 8694sundance + @ JustNobody2018  Dich o. Deine Tweets bei TwitterSupport melden, sich anschließend bei Erfolg (Löschung od. Sperrung) mit # Hetzlichen Dank abklatschen  --&gt;am besten Blockieren https://t.co/S4Q1On4Tmd",0
"Oh je  Ein Nigerianer wurde wegen Handel mit getrockneten Babys 👶🏽👶🏾 verhaftet.  Mit diesen in Stoff gewickelt u. für Rituale verwendet (in Nigeria bek.) wollte er Geld verdienen.  Seine Frau holte die Polizei, als ihr Baby (1 Monat alt) plötzlich verschwand. https://t.co/eS7pIfHzFY",0
"@Venum84839107  Hi. Wollte Bescheid sagen, da ich beim Herumsurfen gesehen habe, daß  @ 8694sundance + @ JustNobody2018  Tweets von dir + Venum-Zweitaccount an Twitter-Support melden.  Bei Erfolg (Löschung/Sperrung) klatschen sie sich mit '# HetzlichenDank' ab.  --&gt;am beste Blockieren",0
"@Gabriel08780473  Hi. Wollte Bescheid sagen, da ich beim Herumsurfen gesehen habe, daß  @ 8694sundance + @ JustNobody2018  Dich od. Tweets von dir gemeins. an TwitterSupport melden.  Bei Erfolg (Löschung/Sperrung) klatschen sie sich mit '# HetzlichenDank' ab.  --&gt;am beste Blockieren😉",0
"@ruthlissy  Hi. Wollte Bescheid sagen, da ich beim Herumsurfen gesehen habe, dass  @ 8694sundance + @ JustNobody2018  Dich od. Tweets von dir an TwitterSupport melden.  Bei Erfolg (Löschung/Sperrung) klatschen sie sich mit '# HetzlichenDank' ab.  --&gt;am beste Blockieren  😉",0
"@DetlefVoh7  Hi. Wollte Bescheid sagen, weil ich beim Herumsurfen gesehen habe,  dass @ 8694sundance + @ JustNobody2018  Dich od. Deine Tweets bei Twitter Support melden, sich anschließend  bei Erfolg (Löschung od. Sperrung) mit  # Hetzlichen Dank abklatschen --&gt;am besten Blockieren😉 https://t.co/KaSIAPjenP",0
"📺 DDR 1 , #DDR 2 + der sozialistische Bruderkanal #TVP schließen sich im ideologischen #Klassenkampf gegen imperialist. Bedrohung zusammen   👏👏👏  #ARD @ZDF + @ORF arbeiten ab sofort im Verbund gegen böse #populist'ische Angriffe.  #Framing #Relotiusmedien  https://t.co/rhBNbX4sbJ",0
"#WirSchaffenDas #Merkel  K. Schneidt: 'Sie können in #Deutschland jemand umbringen, Sie können in das Land Ihrer #Verfolgung reisen ... das ändert nichts an Ihrem Anspruch auf #Asyl-Verfahren.'  .... ['Das ist sehr befremdlich.']  #RefugeesWelcome #Seebruecke  https://t.co/S3GvMhiJZY",0
"Man kann den Namen jedes deutschen Aussenministers nehmen und ihn zusammen mit 'warnt' googeln. Das Ergebnis ist erschreckend. Die meinen das mit dem deutschen Wesen, an dem die Welt genesen soll, auch nach Millionen von Toten noch ernst. https://t.co/mj5qTvvnvK",0
20jähriger Syrer sticht 🔪 in S-Bahn auf 35jährigen Deutschen ein.  *Generalverdacht à la #Strache:  *Kontaktschuld    Syrer sticht mit 🔪 --&gt; ALLE #Syrer stechen mit #Messer --&gt; ALLE Syrer kriminell.  =Conclusio nach #Baerbock #Laschet #Stegner #Nahles 🤨😼  https://t.co/sF5Fhkabqh,0
Expertin Claudi #Roth: 'Die Türken 🇹🇷 haben Deutschland nach dem Krieg wieder aufgebaut.' https://t.co/Be3g7xmihg,0
"👮🏻‍♂️ Großrazzia bei #irak'ischer Organisation 'Aal Salam 313' in 🇩🇪  wegen Waffenhandel, Schleuserkriminalität &amp; Paßfälschung.  34 Beschuldigte.     #Essen #Dortmund #Siegburg  https://t.co/r3CPqD1sHl",0
📺 #ZDF verbreitet neben parteilicher tendenziöser Berichterstattung (und Bevormundung)  #FakeNews :  --&gt; 2067 statt behaupteter 78 Verordnungen durch #EU Regulierungsmonster.   #EuropaWahl2019 #EP2019  https://t.co/Cs7MQ72kan,0
Kehrwoche!  Anni &amp; Else in der Bln. Schreinerstr. müssen den Treppenabsatz allein wischen.  Der Hauswirt wurde republikflüchtig!  Aber die vorbildl. Hausgemeinschaft hat einen Vollpflegevertrag mit der Kommunalen Wohnungsverwaltung  Für ihre gute Arbeit: Nadel für patriot. Leistung🎖️ https://t.co/OMabU5LFs8,0
Wie bitte?  Die GEHEIMgespräche zw Kanzlerin u. #Presse hätten eine 'überragende Bedeutung' für die 'Funktionsfähigkeit des Kanzleramts'.  Die Preisgabe führe zu einem „NICHT wiedergutzumachenden ANSEHENSVERLUST der Bundesrepublik im In- und Ausland“  #EP2019 https://t.co/mgUT4WFhfL,0
Wenn die #Spezialeinheit'en #GSG9 u. sonstige Sicherheitskräfte  mal so engagiert &amp; MARTIALISCH wie in diesem Video  dieses Land (=ihre Heimat) u. seine Bürger SCHÜTZEN würden. 🙄  Wenn man die Grenze dieses Landes mal schützen würde...  @ BPol_11 #Deutschland  https://t.co/UKx4mQ5Euf,0
"Die Kriminalpolizei Essen #NRW sucht mit einem Phantombild  nach einem #Sexualstraftäter, der am 8. Juni 2018  ca. 11:50 Uhr ein  16 jähriges Mädchen auf dem Weg zur Schule sexuell belästigt hat.  #Essen, Katernberger Straße. #Übergriff #Triebtäter  &gt;https://t.co/c2bTybpwXF https://t.co/1bAGIUUvVt",0
Gestern: „Grüne liegen bei Schüler-Wahl weit vorne.“ Heute: (siehe unten) https://t.co/9gbdFQ4UT0,0
Januar 2019  ... Neuwahlen für Herbst 2019 werden vorbereitet 🤔🤔   #ÖVP 🇦🇹 #Strache #Medien https://t.co/SHvz7si2Vz,0
Neue Studie von Michael #Haller zu Berichterstattung über #Migrationspakt: ⁦@SZ⁩ und ⁦@tazgezwitscher waren „Propagandisten“ des Pakts-Projekts“. ⁦@tagesschau⁩ mit „moralisierendem Belehrungsjournalismus“.⁩ via @welt https://t.co/UBxBnyIGfg,0
#SPD-Bundestagsabgeordnete Petra #Hinz fälscht Lebenslauf.  #EuropaWahl2019 #EUelections2019 #Glashaus #Strache  https://t.co/pYvDY9WJDd,0
@InfoGrebin @KMarseille2 @Die_Gruenen @DorisBrehm Diese Aussagen sind BEKANNT. (siehe unten)  'Es gibt kein Volk.'  'Ich weiß mit #Deutschland nichts anzufangen.'    WO ist er denn bitte aufgewachsen und hat 50 Jahre gelebt????🤔🤔  WIE will er denn dieses Land gestalten (regieren)????  (Von Baerbock #NetzIstderSpeicher n. zu reden.) https://t.co/6aAWuy8Dgk,0
Die #Grünen.  Wollen gewählt werden. Versprechen: ... heiße 💨  Robert #Habeck faselt von #ZusammenhaltWählen  Sonst:  📢 'Es gibt kein Volk.'  'Mit #Deutschland weiß ich nichts anzufangen.' 🤔  Verbote + Bevormundung + Verbote  WER wählt sowas??👎#Europawahl2019 https://t.co/MYXIjuQlPW,0
"Die verfassungswidrigen Vorschläge von Herrn Schäuble sind eine Schande.  Denn:'Die Beschränkung der Meinungsfreiheit auf Äußerungen, die einem  bestimmten Individuum zugerechnet werden, ist mit Art. 5 GG nicht  vereinbar. (BGH, VI ZR 196/08).' https://t.co/PrvkEXPz05",0
Kirche in Sveti Tomaž (St. Thomas) #Slovenia  #Church #christian #Églises #Alpes  ©Aleš Krivec  https://t.co/NcbPSZsGUt,0
"Wenn #Koran, #Scharia und Hadithe sowie die 800 Kriegszüge   &amp; Judenprogrome #Mohammed's nicht mit Christi Botschaft vereinbar sind -  dann sind selbige Einschränkungen/Vorschriften (Viel-/Kinderehe, Frauenrechte) nicht mit unserer säkularen FDGO vereinbar.  https://t.co/17mRs0ZNm8",0
"@Daucus_aureus  Hi, ich habe eine Frage  Ich finde dieses Bild nicht { hab im www gesucht}  Diese Grün-Feministen Cl.Roth, Chris Kühn, Ulle PiPaPo,Özcan usw. in  Rosa-PussyMützen🎅🏼  Kannst du mir eine Quelle nennen od. Bild evtl. schicken?  Beim Ausschneiden ist Putin mit drauf. Danke! https://t.co/uFHq6kWs2G",0
"Verzerrte Darstellung von esoter. Siedlern, die aufs Land ziehen  #Bioanbau betreiben, sich im #Dorf kulturell betätigen, ans #Grundgesetz halten  u statt #MolotowCocktails💣  regional Gemüse🌱anbauen &amp; Familie pflegen.  Weil nicht rot: @rbb24 hyperventiliert!  https://t.co/rIJk6MUdMW",0
"Oops  Das US-Gerichtsjournal @CourthouseNews postete einen unvoreingenommenen Artikel über die Klage v 3,000 Architekten, Ingenieuren,Anwälten, Hinterblieb. gegen FBI, um der Wahrheit der Ereignisse vom 9/11 näher zu kommen.  2 Tage später: 🔎  #FBI911Lawsuit  https://t.co/WCCSH24t6K",0
"Yeah 🥳  Claudia #Roth: 'Die #Grünen &amp; grüne Wähler sind die am BESTEN AUSGEBILDETEN Menschen, die den HÖCHSTEN Bildungsstand haben.'🤥  (N24-Interview mit Schumacher &amp; Tiedje)  #SpeicherBaerbock: Strom🔌 verstopft die Netze.  🤔Künast verwechselt Lincoln +Washington, Polen+Slowakei. https://t.co/x2WSVYwS6R",0
Lieber ohne Merkel als ohne CSU!,0
😅😆😂😭  Manuela Schwesig (#SPD) 🤥 fordert: 📢 Kriminelle #Asylbewerber „SOFORT abschieben!'  🤔 *überleg* ...WER hat uns verraten??? Die ...🤢  https://t.co/eAo2aDxaER,0
J. Maliqi aus #Albania singt die neue #Refugees-Hymne 🎶  'Kehre in dein Land zurück'.  Dazu ruft die Global @Coalition aus 74 Staaten seit geraumer Zeit auf.  #Syrer und #Iraqi sollen zwecks #Wiederaufbau #Rebuilding in ihre #Heimat   zurückkehren. #Syria 🇸🇾 #Irak 🇮🇶👋🏽👋🏼  #Eurovision https://t.co/9mbWUa1lGV,0
"Beim #Eurovision Song Contest 2019  Slogan: #DareToDream  Wage-zu-träumen,  hat Großbritannien #UK #GreatBritain 🇬🇧 den #Brexit schon vollzogen...  musikalisch 🎶 jedefalls.  #ESC #Israel #TelAviv2019 #ESC2019  https://t.co/BK4vehigzp",0
Wo ist hier die Veröffentlichung??  Öffentliches Interesse??!  #Merkel's #Geheimgespräche bleiben geheim 👎 https://t.co/8zB05DVVnB,0
"Was macht unsere Regierung, wenn sie beim Lügen erwischt wird? Weiter wie bisher, es ist ja der Normalzustand. Aber für Steinmeier sind das alles Verschwörungstheorien...  https://t.co/W5x7IZ2PG6",0
Es wird böse enden. https://t.co/3zXF0GNw0t,0
.  💨💨... 💰💰 😅😂😭  https://t.co/E1EmqLtCCo,0
@AdivonPoes @reissmann @_donalphonso https://t.co/AvQZanaUBm,0
#chebli https://t.co/x3TR62NEeB,0
"Dass #Asylbewerber ihre Identität &amp; staatl. Herkunft fälschen/verschleiern, wissen wir und @BAMF_Dialog. 🔎  Verwaltungsrichter: 'Asylsuchende wechseln zum Schein die #Religion' !  #illegalimmigration #RefugeesWelcome #cheat #scammers #Betrug  https://t.co/frqKOfOTD3",0
'Doch anders als noch vor einem Jahr hat die Bundesregierung die Zahlen nun als geheime Verschlußsache '(VS) – nur für den Dienstgebrauch' eingestuft. Dies sei im 'Hinblick auf das Staatswohl' erforderlich.'    Aha. Würde es uns beunruhigen?    https://t.co/1weXSyO93T,0
😅😂😆😂  https://t.co/mZCPeqrcyg,0
... Meinungsfreiheit?  #NetzDG = schwerwiegender Eingriff in Grundrechte  #Verfassung #Grundgesetz Keine #Zensur #TwitterSperrt  https://t.co/jYIeUr6iuB,0
"#Lagebild #ClanKriminalität  (vor 5 Jahren unter #SPD noch unbekannt)  108 #Clans in #NRW - 59% Libanesen, Türken, Syrer  14.225 Straftaten  6450 Tatverdächtige  2 Clan-Familien --&gt; 20% aller Straftaten  Kriminell: Familie samt Kinder, jeder 5. Frau  #Rechtsstaat  https://t.co/vD0j8XQ77K",0
"🔪 Machtdemonstration auf der Straße  Durchsetzung des 'Recht des Stärkeren' mittels Messer ist eine 'Machtdemonstration'  Ob ein Verbot des INSTRUMENTS (mit #Messerverbot) etwas bei den TÄTERN ändert??  Kommt danach ein 🔨Hammer-, Scheren-, 🍳Pfannenverbot?   https://t.co/5ogjFtV84h",0
#Antisemitismus unter muslimisch-arabischen Jugendlichen: 'Du Jude!' als Schimpfwort https://t.co/W2HuNjNzto,0
"»Die internationale Kontinentaldriftkonferenz hat beschlossen  daß wir die Kontinentaldrift bis zum Jahr 2090 auf 2 Meter begrenzen müssen!  Wenn uns das nicht gelingt, werden wir alle störben.  Wir wollen, daß ihr in Panik geratet!  Gebt uns Money: Zum Abwenden d DriftNotstandes« 😉",0
"Eric Zemmour über Daniel Cohn-Bendit, Politiker v @Die_Gruenen, bis 2014 im #EuropeanParliament für @EuropeanGreens:  'Cohn-Bendit blieb, was er seit 50 Jahren ist: Ein Deutscher Anarchist.'  'DCB est resté ce qu'il était il y a 50 ans: Anarchiste Allemand.'  https://t.co/DL3msOEjjO",0
Zusendung einer #Pflegerin  Wachkoma #Patienten beteiligen sich an #Briefwahl    Weitere Infos folgen    #Wahlbetrug  #Wahlbeobachter  #Musterdemokraten    Quelle: https://t.co/QmBbp5k2dq https://t.co/gBhzQr7f3R,0
Wow  Deutsche 15%-Partei arbeitet an  💰 w e l t w e i t e r  Mindeststeuer. 😮😏  #EuropaNichtDieAntwort #EuropaIstDieAntwort #WasIstDieFrage ?  #EUelections2019 #EuropaWahl2019 #Europee2019  #EUisNotEurope 🌍  https://t.co/lFJt7z7ga5,0
"Ein #EU-Parlament zu wählen, das eigentlich überhaupt nichts zu melden hat, sondern von einigen von Banken gesteuerten Kommissaren, die weitgehend diktatorische Entscheidungsbefugnisse haben, ignoriert und verlacht wird, ist demokratischer Mummenschanz. Im Bild: #Juncker-Zitat. https://t.co/CBTGTWHm9x",0
Doris Day verstorben: Hollywood-Ikone stirbt mit 97 Jahren   https://t.co/hhhefGPcO4,0
#Klassenfoto der Klasse 2b  mit 16 Schülern ... ähm... 15 Gesichtern   und einem ...**** 🙄🤐 https://t.co/5UXRvuYEcE,0
Über dreieinhalb Jahre nach unserem Hinweis auf #Briefwahlfälschung bei der Bürgerschaftswahl 2015 wurde gegen den damaligen Wahlkampfkoordinator eines grünen Abgeordneten Antrag auf Erlass eines Strafbefehls wegen Urkunden- und #Wahlfälschung gestellt: https://t.co/EHJT1v3q9J,0
"Im Fall der von uns aufgedeckten #Wahlfälschung bei der Hamburger Bürgerschaftswahl konzentrieren sich die Ermittlungen der Staatsanwaltschaft laut BILD auf einen 23-Jährigen, der als Wahlkampfkoordinator für die Grünen im Einsatz war. #HHWahl #Briefwahl https://t.co/ByrBBvFmYk",0
"Enthaltsamkeit als 'Privatperson' auf Twitter  Keine Nanny-Bevormundung, keine Meinungs-Oktroyierung, kein tendenziöses Beeinflussen, kurz #Neutralität  =alles Fremdworte für Deutsche Journalisten  --&gt; Zeit für ethische Standards siehe #CodeOfConduct @NYTimes  https://t.co/7c61hPI8zQ",0
"Marilyn Monroe &amp; Marlene Dietrich, 1955. Photograph by Milton Greene. https://t.co/VtI0wV3kkF",0
Offenbar droht wieder ein Kinderkreuzzug zur Rettung der Welt vor den Ungläubigen.,0
Pianistin .... 🎹  Bankräuberin...? 🕵🏻‍♀️  Viel zu schön für    200 Jahre... https://t.co/pfbVDHXBSB,0
https://t.co/61nq332suw,0
🤭 historischer  M i n u s r e k o r d   😅😂🤣  #Spiegel #Relotiusmedien #SaschaLobo #Augstein @DerSPIEGEL   https://t.co/jeM4akxWaA,0
"@Manuela12788891 @renate_menges Klar u.deutlich gesagt, Danke 👍👍👍👍",0
https://t.co/Dvu0WJO47J,0
@wendt_joachim Sorry 😐 habe ich Fragezeichen getwittert?,0
"Facharbeiter sind im Betrieb ausgebildete Arbeiter!  Die Ausbildungszeit und der Prüfungsumfang ist Deutschlandweit nicht geregelt!  Meist sind die Firmen selbst für die Ausbildung und Prüfung zuständig,auch für die Bezeichnung des Gewerkes!",0
@FinjaFinte @BeaArep Stimmt! Nach DEUTSCHLAND 🤣🤣🤣🤣🤣🤣🤣🤣,0
@FinjaFinte Nach Deutschland 🤔,0
@FinjaFinte Bra.,0
@FinjaFinte @Deutschland_77 Bereicherung für Europa läuft auf vollen Touren....#NWO #IDEOLOGIE #WIRKT,0
@FinjaFinte @Kuddelmuddel9 Warum musste man sich auch das trojanische Pferd nach Europa holen.. ☝🏻😒😤,0
"@FinjaFinte @annevanhalen Da hilft nur , noch mehr unkultivierte Muslime ins Land zu lassen 🙈🙈🙈",1
@FinjaFinte Kann da nicht Greta...,0
@FinjaFinte @AufgewachteWelt So könnte ich schreien. Metal hört man lauter als man schreien kann. Gutes Ventil dieser tage. https://t.co/5JEw0WRfSm,0
@FinjaFinte Erschleichung von öffentlichen Leistungen ist strafbar.,0
@FinjaFinte @FritzvonSteiner Wen wundert das?,0
@FinjaFinte Bei diesem Blatt wäre auch ein vollständiges Ende nicht schlimm.,0
"@FinjaFinte @PauleHasi13 Weiter gehst mit dem Niedergang Deutschlands und was macht Merkel bestimmt irgendwo Auslandsreisen und verschleudert unser Geld....,",0
"@FinjaFinte Dankeschön Finja, für deine Fleißarbeit. 💐",0
@FinjaFinte @PauleHasi13 Weil sie es nicht wollen.,0
@FinjaFinte @PauleHasi13 Wer ist der Hauptkunde?,0
"@FinjaFinte @ThomasGBauer Super, dann gibt's ja bald neue Fertig-Döner-Schuppen, Shisha-Geldwäschebars, 'Wettbüros', Spielhallen und Handyläden, in denen #Männer 'ins Gespräch kommen' können. 👍",0
@FinjaFinte @PauleHasi13 Deutschland geht pleite gute Arbeit Frau Merkel.,0
@FinjaFinte Diese 12 Frsuen... sind das „Flüchtlingshelferinnen“?,1
@FinjaFinte @Deutschland_77 Die Schweden werden ihr Flüchtlingsbesoffenheit bitter bereuen.,1
@FinjaFinte @MolleKuel Der Beginn unserer Deindustriealisierung...wir sind am Arsch wegen dieser Öko-Kasper,1
"@FinjaFinte Geliefert wie bestellt, Bremen eben!",0
@FinjaFinte @Ofenschlampe Ja..die wollen doch rotrotgrün...so isses halt dann....alles geht nicht...auch nicht im grünrotromantischen kosmos,1
"@FinjaFinte @SebastianHampel Wenn die Menschen es nicht begreifen, kann man ihnen auch nicht helfen.Aber eins weiß ich wenn der Trend so weitergeht wird es in ein paar Jahren keine Renten mehr geben da können sie arbeiten bis sie umfallen!! In der Niederlande ist das schon im Gespräch.Die dummen GRÜNWÄHLER",1
@FinjaFinte @DrAndreaKahl1 Und jetzt? In Visp werden fast 3000 neue Stellen geschaffen!,0
@FinjaFinte @PauleHasi13 Die Grünen verbuchen das wohl eher als Erfolg. :/,0
"@FinjaFinte Beste Gelegenheit für Schnäppchenjäger. Opel Bochum hat schon 2014 dicht gemacht. Das sind die Auswirkungen des Kaufkraftverlustes. Das betrifft die ganze Büttelrepublik. Die Büttelrepublik ist Pleite. Aber noch nicht so, dass der schuldige Michel aufbegehrt! Zu Spät!",0
"@FinjaFinte Nicht etwa der kulturell bedingte Größenwahn, noooiiiiinnn!",0
@FinjaFinte meine Trauer hält sich in Grenzen....,0
@FinjaFinte Ich esse aus hygienischen Gründen seit jahren keine Döner mehr. Hab da schlechte Erfahrungen gemacht...,0
@FinjaFinte @SwitchAngel1975 Hauptsache weg.,0
@FinjaFinte @AegisBridge Statt Gammelfleisch Spieß gibt es jetzt an jeder Ecke Burger-Buden. Vermutlich ist die Gewinnspanne bei dem Frass größer.,0
@FinjaFinte @phoenix1108 Mich würde es nicht stören. Ich esse keinen Döner mehr.,0
"@FinjaFinte Es soll Menschen geben, die seit 2015 keinen Döner mehr essen, statt dessen Gyros vom Griechen, sagt mein Nachbar.",0
@FinjaFinte @Volkslobbyist ja vor allem der BER Flughafen in Berlin der noch Jahre braucht 😂hat Auswirkungen auf den Frankfurter Döner. in Berlin ist Kaplan der lässt ihn rein😂man sollte auch mal ehrlich zu sich selbst sein warum u. weshalb !! u. nicht versuchen die Leute für Dumm zu verkaufen,1
"@FinjaFinte Dann hätte ich jetzt gerne die Gyros zurück, die noch nach Fleisch schmeckten und nicht aus etwas mit unklarer Konsistenz mit Dönergewürz bestanden.",0
"@FinjaFinte @PauleHasi13 Ich kenne und liebe asiatische, italienische, mexikanische u.a. Küche, aber ich habe in meinem ganzen Leben noch keinen Döner angerührt. Und das ist auch gut so.",0
@FinjaFinte @RTerschl CURRYWURST STATT DÖNER,0
"@FinjaFinte Bei mir haben genau 2 Faktoren dazu geführt, keine Döner mehr zu essen. 1. wurden die Tiere geschächtet, was ich vor meinem Verzicht leider nicht beachtet und bedacht hatte. und 2. Gammelfleischmeldungen zuhauf. Da war mir klar, das alles aus dem Dönerladen nix mehr für mich ist",0
@FinjaFinte @RTerschl Fresse ich eh nicht! Nichts was mit Tierquälereiverdachts einhergeht,0
@FinjaFinte Wieder ein Gammelfleisch-Hersteller weniger. ❌🥙❌  🙋‍♂️👏,0
"@FinjaFinte @Graubaer1953 Wenn die schon Pleite gehen,dachte gefressen wird immer,na ja die #grünen ,Spinatdöner mit #Müsli gibt es eben noch nicht.😖",0
@FinjaFinte @PauleHasi13 Ich heul gleich...,0
@FinjaFinte @PauleHasi13 Der Autoindustrie in Deutschland wird es genau so gehen.,0
@FinjaFinte @TheRealJoe_1958 Was wird jetzt aus dem ganzen  Gammelfleisch?  Hoffentlich mischen die das jetzt nicht in mein Essen!,0
"@FinjaFinte @PauleHasi13 logisch, die Ernährungsapostel predigen ja stets, wie ungesund und klimaschädlich Kebab ist.",0
"@FinjaFinte @PauleHasi13 Hurra, meine Döneressverweigerung hat also gewirkt. 😂😂🤣🤣",0
@FinjaFinte @SwitchAngel1975 Da hat kein Deutscher äh Biodeutscher gearbeitet.,0
@FinjaFinte @leine_s Nein Schuld daran ist das Bewusstsein der Deutschen dass sie weder Schächtfleisch wollen noch den Djihad unterstützen möchten. Das ist der Grund!,0
"@FinjaFinte Ich dachte, gegessen wird immer...Lese gerade ' Machtbeben' von Dirk Müller. Wenn ich lese, wieviele Schulden die Amis haben, im Besonderen die Studenten, dann wird mir Angst und Bange. Dann war 2006/2007 eine leichte Brise...",0
"@FinjaFinte Tja, dann hört das Massaker an den geschundenen Rindern wenigstens bei diesem Frevel an der westlichen Kultur auf. Das betrübt mich nicht, nei das Gegenteil ist der Fall. Freudig werden auch unsere Mitgeschöpfe jauchtsen!",0
@FinjaFinte @Futureworldxxl ob erdogan da interveniert ?,0
@FinjaFinte @PauleHasi13 Online Handel wird viele Arbeitsplätze kosten.Erst der Anfang und als Autofahrer ist man auch nicht mehr gern gesehen.,0
@FinjaFinte So fingen die meisten Schließungen an....,0
@FinjaFinte @publizistikon Der Einzelhandel ist tot. Wer kann sollte sich einen anderen Job suchen. Leider werden es viele nicht mehr schaffen. In 2025 wird es keinen Einzelhandel mehr geben.,0
"@FinjaFinte @publizistikon Ja, man kann eine ganze Branche auch kaputt schreiben. Oder einen Bundespräsidenten. Oder ein ganzes Organtransplantations  System. Nur für Auflage. Gibt es noch einen Unterschied zwischen Journalismus und Boulevard?",0
@FinjaFinte 😤,0
@FinjaFinte @TheRealJoe_1958 ist das ein Vorort von Beirut?,0
"@FinjaFinte @PauleHasi13 Na ja, jahrelang haben sie auf Kosten der Tiere enorme Gewinne eingefahren.",0
"@FinjaFinte Die Leidtragenden sind schon seit jeher die Tiere. Diese werden unter perversesten Bedingungen herangezogen und neuerdings sogar in der Büttelrepublik geschächtet, weil irgend so ein perverser Wahnsinniger mit Sonnenstich es sich so ausgedacht hat. Es zählt nur der Preis im Aldi!",1
"@bearleenair Es sagt aus, dass der Trend heute dahin geht, dass die Menschen in die Großstädte ziehen, dort wo die großen Firmen sitzen und wo es die gut bezahlen Jobs gibt.    In Ostdeutschland gibt es relativ wenig Großstädte, im Prinzip ist das meiste tiefste Provinz. Geheimnis gelöst!",0
@bearleenair Die Propaganda der Verschwörungsopfer verhallt in deren eigenen Informationsblasen...,0
"@realJohr Gott, ist das albern!",0
@realJohr Also Kohlekraft abschaffen  Ist teuer und wird nur unnötig am Leben gehalten  Unsere Automarken dazu bringen umzurüsten auf saubere Motoren wie Brennstoffzellen und Elektroantrieb,0
"@realJohr @georgloesel Wer einen Dr. Titel der Kirchenlehre hat, hat von Glauben vielleicht AHNUNG, aber Wissen von Wirtschaft kaum.",1
"@realJohr Wenn man die Zukunft im Gestern wähnt, macht das doch Sinn?    Nein, auch dann nicht.",0
"@realJohr Wenn eine Partei keinen Plan hat, dann kann sie nur hetzen",0
@realJohr Super! Sie haben sich mittlerweile selbst erkannt und geben alles zu! https://t.co/yBeFfZrtBq,0
"@realJohr Immerhin gibt die AfD Berlin zu, dass sie selber die falschen Schlüsse ziehen 😅 ob man damit jetzt gleich werben soll, ist natürlich die Frage.",0
@realJohr Ekelhaftes Nazipack!,1
@realJohr Genau das habe ich auch die letzten Jahre gedacht... Und was hört man über arbeitsmarktpolitische Themen...? Und Umweltthemen...? #AfD ist ohnehin nicht wählbar für mich und wenn sie dann User bei Kritik gleich blocken zeigt das kein wahres Demokratieverständnis... 👍&gt;lächerlich,0
"@realJohr @Moritzbhg Seit diese Gestalten im Bundestag sind, müssen alle Anderen Abgeordneten auch im Bundestag Ihr Bodyguards dabei haben! 🤔🤔🤔",0
@realJohr @ArnIstBoehse Wozu auch? Die selbst sind doch versorgt.,0
@realJohr Eine #Spendenaffäre hat die #CDU auch,0
"@realJohr Sind also schwer beschäftigt, die 'Altparteien' bei allem zu überholen, was sie denen vorwerfen. Da bleibt für anderes leider keine Zeit. #NoAfD",0
@realJohr AfD-Konzept:    Deutsch - Gut 👍  Nix Deutsch - Nix Gut 🖕,0
@realJohr Die sind zu stark mit ihrem Hetzprogramm beschäftigt. #afdwirkt #NoAfD #NazisRaus,0
@realJohr @Mountaindream5 Die AfD hat für gar nichts durchdachte Konzepte.   Die können nur 'Ausländer raus!' brüllen und sich über ein 16 jähriges Mädchen echauffieren! Sonst ist da durch und durch nur heiße Luft!,0
"@realJohr Die AfD hat doch nur ein einziges Thema: Biodeutschsein und daraus Eliteableitung konstruieren. Ende. Wie soll sie sich denn bei Themen verhalten, bei denen Nachdenken gefragt ist? Eben! Gar nicht!",1
"@realJohr Übel, da scheint eine kritische Masse erreicht. Vielleicht doch Putin? ^^",0
@realJohr @Klaus90469 Gretas Ehrendoktor ist eine Massenware.  OB gibt es immer nur EINEN.,0
"@realJohr Ein Polizeikommissar, der wie Göbbels tönt!  Und einen Eid auf das GG abgelegt hat!  Und dieses verhöhnt und missbraucht 😡",0
@realJohr Also mit Vollgas in den Abgrund???   #Demokratiestirbt  #NazisRaus  #fckafd  #NoNeo,1
@realJohr Ekelhafte Nazis!,1
@realJohr Kann man einen Staatsbeamten wegen einer solchen Aussage entlassen?,0
"@realJohr Vielleicht einer von denen, dessen Lebensplanung nicht aufgegangen ist und jetzt einen Schuldigen braucht.",0
@realJohr @luciamertins So sieht eine gesinnungstechnische Abwärtsspirale aus.Und der ist Richter?keine gute Entwicklung.arme Sau.,1
@realJohr uff,0
@realJohr Nicht jeder wird im Alter weiser.🤔,0
"@realJohr Och nö!  Reicht schon, dass wir den Herrn Vogelschiss hier in Hessen hatten.🤢",0
"@realJohr Ich glaube es ist mal wieder überfällig davor zu warnen, es sich zur Lebensaufgabe zu machen, solche Idioten zu hypen. Ihr besorgt genau wie Talkshows und Politmagazine deren Werbung! Genau das wollen sie, was Ihr liefert. Maximale Empörung. Nennt sich Aufmerksamkeitsökonomie.",1
@realJohr @zueguesurfer Das sind doch keine Patrioten ! Sie stehen doch nicht zu demokratischen Grundordnung !,0
@realJohr Dr. Typ von Gehirnlos wird demnächst seine Doktorarbeit Unterdietfurt Lupe genommen.,0
"@realJohr Ach so, @MalteKaufmann findet das Vernichten neuwertiger Ware völlig ok. Gut zu wissen, wenn die noch mal von 'Naturschutz' reden oder von bedürftigen Menschen.  Dann wohl auch, dass Amazon trotz Milliardengewinn 0, 00 Steuern bezahlen muss.",0
@realJohr FCKAFD https://t.co/L6MyH1VXYQ,1
@realJohr Kretschmers CDU macht nichts anderes.,0
"@realJohr @StBrandner In seinem Kopf da wohnt ein Geist, der ständig ihm aufs Kleinhirn scheißt!",1
"@realJohr @StBrandner Au weia, da ist dem Brandner ein Fehler unterlaufen: Er hat aus Versehen #Deutschland #... #... geschrieben....es muss aber #Dank ... heissen.",0
@realJohr @StBrandner Schon wieder Sinnfreies von unserem Mr. Long Dong ?,0
"@realJohr @StBrandner Er spricht doch von seinem Verein. Wenn er Deutschland oder Vaterland meint, dann meint er seinen hohlen möchtegern Verein NSAfD!",1
@realJohr @StBrandner https://t.co/lO70b2HoXz,0
@realJohr https://t.co/AdzYsHMNqK,0
"@realJohr Na, jetzt greifen die Honks, unter der Führung ihrer braunen Hetz- und Hass- Schachtel an und kommen aus ihren rechtsversifften Ecken. Wenn dann noch die Dummheit der Flatrate-Nazis in der Dauerschleife des Hasses und der Hetze aufgeht, haben sie sich selbst als Nazis geoutet.",1
@realJohr Dushan hat mit Sicherheit nicht nur einmal zu heiß 'geduscht',0
@realJohr @schautnichtweg Armer #DushanWegner,0
@realJohr Zumal sich dat Erika besser mal entschuldigen sollte.,0
@realJohr @MalteKaufmann https://t.co/pbYmb1rDJm,0
"....Entschuldigung, es waren nur 3 deutsche Täter...!",0
@realJohr @LahmeMichaela oh Mann https://t.co/3l1LBboNkD,0
@realJohr Was der Alkohol aus den Menschen macht !,0
"@realJohr Hab sie ja schon gefragt, ob sie den falschen Artikel verlinkt hat. Anders ist das nicht zu erklären.",0
@realJohr 🤦‍♀️,0
@realJohr Die Alte ist total durchgeknallt...,0
@realJohr Wie bereits erwähnt: Hetzkrähe.,1
"@realJohr @Frohnmaier_AfD Die Abgeordnetenentschädigung liegt ja nur bei 9.780,28 Euro. https://t.co/vx8NHOl8cX",0
@realJohr Nutzt halt leider nichts.,0
@realJohr Doppelmoral ist deren einziger moralischer Standard.,0
@realJohr Wenn zwei das Gleiche machen...,0
@realJohr @zhbbibo Demokratie 👍.  #noafd,0
"@realJohr Ach, der Duschhahn....die Faschisten verwechseln immer kritische Berichterstattung mit Hetze und ihre eigene Hetze mit Kritik. Es ist ein Fakt, dass sie wiederholt ihre Follower aufgepeitscht hat, das ist keine Hetze.",0
@realJohr @SteinbachErika  ist eine Schande für jeden ehrlichen Pflegefall.  Mehr fällt mir zu dieser Person nicht ein.  #NiemalsAfD  #NiemalsRechts   #NazisRaus,0
@realJohr @MalteKaufmann ich lach mich kaputt wenn ich das gewusst hätte in meiner Schulzeit dann wäre ich auch Ehren DR. ohne was dafür zutun -lach das ist doch alles PR oder !!,0
"@realJohr @MalteKaufmann Greta setzt sich nicht für die Umwelt ein, sondern für den Umsatz der Energiebarone, die mit Windrädern Milliarden verdienen, obwohl damit Insekten und Vögel geschrottet werden. Und geltungsbedürftige Kids folgen ihr.",0
"@realJohr @LoveGuerillos @MalteKaufmann Das frag ich mich auch da stimmt doch was nicht. Aber ohne aufrechte Antifaschisten die mit Herzblut gegen den braunen Faschisten Verein AFD, Nazis kämpfen. Das unser buntes vielfältiges Deutschland nicht im braunen Faschismus versinkt hätte er seine 20.000 Follower nicht 😂😂😂",1
"@realJohr Ich werde diesen üblen Nazi @StBrandner , also den #Reichstagsbrandner, jetzt auch blocken.    Soll sich seine bekackte Reichweite woanders suchen.",1
@realJohr aus dem kommt eh nur Sinnfreies ...... Seine Auftritte im BT ist das reine Kabarett - Programm,0
"@realJohr Der Bundespräsident hatte nicht vor, sich mit Honks zu unterhalten.",0
@realJohr @foffo Frau Steinbach Demenz vorzuwerfen ist unredlich weil es alle Demenzkranken  beleidigt. Hirntod ist der richtige Ausdruck für die.,1
@realJohr @Klaus90469 Erika Steinbach ist faktoid. Sie wähnt sie wo keine sind.,0
"@realJohr Irr und wirr wie die gesamte Nazi - Bande, egal wie sie sich grade nennen...",1
@realJohr @foffo Wieviel Weitsicht die Polen schon vor zig Jahren hatten...,0
@realJohr @Baron_Snoopy Mehr als Totalschaden hat die,1
"......sorry, es waren nur 3 deutsche Täter...!",0
"@realJohr Der alten Frau will man am liebsten hinterher rufen: 'Oma, nimm dein Ritalin und leg dich schlafen - Aufmerksamkeit kriegst Du eh nicht, egal was Du machst'",0
"@realJohr Die Frau Steinbach ist ein Soziopath. Anders kann diese Reaktion nicht erklärt werden.  Ach ne, stimmt nicht. Sie könnte statt dessen auch eine notorische Lügnerin sein.",1
@realJohr Hassüberschuss! Hat wahrscheinlich 2 Tage verzweifelt nach 'passenden' Straftaten gesucht und nix gefunden.  #Steinbach,0
"@realJohr @aemwe3007 @Frohnmaier_AfD Gott, muss Sie ja hart getriggert haben, dass der Typ ein T-Shirt im BT kritisiert...",0
@realJohr Diese Form von Wahlkampfeinmischung aus dem Ausland geht scheinbar wohl klar. Sind ja immerhin keine Russen.,1
"@Ungebeten1 @Invictu53409591 Ich finde es widerlich . Sitze beim Arzt im Wartezimmer, und Schwule  stecken  sich die  Zunge in den Hals, und fummeln  sich gegenseitig an den Klöten .  ...mir kommt in der Merkel Diktatur  nur noch das  kotzen ...!!",1
@Ungebeten1 Hmh... eigentlich is es mir wurschd was die machen! Im Endeffekt ist dieses ganze Schwulen/Queer/Trans/Tschäääänder Gedöns unendlich laaangweilig! Es nervt total! Ich als Hetero schrei auch  nicht die ganze Zeit rum dass ich auf Pussys und Titten steh!,1
"@Ungebeten1 Eigene Meinung ist bei den Linken nicht angesagt. Sie wollen Schafe, wie ihre Wähler.",0
"@Ungebeten1 Im Tierreich wurde homosexuelles Verhalten bei 1500 Arten nachgewiesen.  So unnatürlich,wie von dir vermutet,kann es also gar nicht sein.  Homosexualität ist eine Variante der Sexualität, deren Bedeutung noch nicht nachgewiesen wurde.",0
"@Ungebeten1 Ob das wieder die Natur ist mag dahingestellt bleiben.Homosexualität gibt’s seit Anbeginn der Menschheit. Mal mehr mal weniger verpönt.Mir ist es egal zu welchem Geschlecht sich der einzelne hingezogen fühlt,wenn es nicht in der Öffentlichkeit provokant und zurSchau gestellt wird",0
@Ungebeten1 @Invictu53409591 Guck dir mal die GayPride-Paraden an. Dort nehmen die alle möglichen Drogen und laufen fast nackt rum und benehmen sich wie Irre. Irgendwie ist es schwierig einen normalen Homosexuellen zu finden. Die sind alle geistesgestört. Darum will man mir denen nichts zu tun haben.,1
@Ungebeten1 👍👍👍👍,0
"@Ungebeten1 Und bei Studenten heißt es 'Stadt/Land/Film', weil mit 'Fluss' zu schwer ist! 😂",0
@Ungebeten1 @_Luna_L0veg00d_ Die Kohle würde ich denen streichen.,0
"@Ungebeten1 Zukunft ohne Kohle, die kleinen bekloppten Scheißer💩. Dann aber auch ohne Smartphone, Mamis SUV und Flugreisen, auch Deutschland war mal schön, vor der Invasion🧐",1
@Ungebeten1 Zusammen gegen die neue #Religion die sich #Klimawandel benennt,0
@Ungebeten1 @HarrySchloemer Gemütlich grillen in der Natur ist dann aber auch nicht erlaubt.   Nur mit Elektrogrill!,0
@Ungebeten1 Die meisten Wahnsinnigen leben außerhalb geschlossener Anstalten!😜,0
"@Ungebeten1 @wolfssanguis Rutscht auf eurem Arsch hin, um die Umwelt zu schonen!",0
@Ungebeten1 Noch Fragen ❓ https://t.co/gP1AJRBcyG,0
@Ungebeten1 @ichbinkoelnerin #Verbotspartei #grüne,0
@Ungebeten1 https://t.co/QoqqQ1XVdC,0
@Ungebeten1 Die sind alle Irrsinn befallen. Wie kann man nur so blöd werden. Was trinken schlucken nehmen die ein??,0
@Ungebeten1 LOL,0
@Ungebeten1 @michael_seyfert Ist auch Unfug und Bevormundung. Wenn ein Schwuler sich freiwillig therapieren lassen will soll es also strafbar werden wenn ihm jemand diese Dienstleistung anbietet.,0
"@Ungebeten1 @nullachtk Na zumindest gegen schwul kann man nichts sagen. Wer das als Schimpfwort benutzt,ist ein geistiger Tiefflieger, der nichts gelernt  hat.",0
"@Ungebeten1 @dierrw Und jetzt? Bist trotzdem ein HS. Du bist der beste Beweis dass man keine Mutter braucht um ein Hurensohn zu sein. Frust bei dir izzda weil du unterlegen bist :). Und wir wissen alle, dass türkisch eine der schönsten Sprachen der Welt ist ❤️🙏🏼",1
"@Ungebeten1 @landhaustussy Anders kannste mit dem Türken auch garnicht reden,... und abgefüllte Vollscheisse Ballons hat nicht nur Europa in Unmassen.",1
"@Ungebeten1 @DeutschZuerst Um Himmels Willen wer wirft denn mit solchen Wörtern um sich? Primitivlinge sind es auf jeden Fall. Meine Güte, was für Armleuchter",1
"@Ungebeten1 @chris_98763 Wie jetzt? Nicht schwul? Biodeutsch? (Kurztelefonat mir grüner Jugend....ja, wusste ich es doch....) SIE SIND EIN NAZI!!! 😉",0
"@Ungebeten1 Meine Mutter ist vor 31 Jahren gestorben. Wäre heute 70! Na, dann viel Spaß, ihr Nekrophilen Leichenficker! 🤣🤣🤣",1
@Ungebeten1 @HastaLa40450101 Ein Bastard ist ein außereheliches Kind. So wie unser Willy Brandt sich damals als Bastard bezeichnen lassen musste.    Das ist egal ob Biodeutsch oder Rassenmischling.,1
"@Ungebeten1 Wenn einer zu mir sagt, 'ich ficke deine Mutter', antworte ich: du stehst wohl auf alte Weiber.",0
@Ungebeten1 🤣👏👍,0
@Ungebeten1 @frazionetoskana da kann man doch sehen welch kulturelle Bereicherung zu uns gekommen ist von der vornehmen Ausdrucksweise und so gebildet aber auch will ich erst gar icht reden,0
"@Ungebeten1 @SilviaHerrmann_ Ein immergrüner Halbschmarotzer!  Die Gastfreundschaft ist die Tugend, welche uns veranlasst, gewissen Menschen Nahrung und Obdach zu geben, die beides nicht nötig haben. https://t.co/eraQM93oK1 #Gruenen #Linke #SPD #Tuerken #Islam #hartzundherzlich",1
@Ungebeten1 🎖️,0
@Ungebeten1 @SebastianHampel 😂👍🏻👏🏻,0
"@Ungebeten1 @Ofenschlampe Söhne unmündiger Mütter  , eine Ehefrau von mehreren die geprügelt wird wenn sie ihr Recht fordert und nicht mehr als eine Gebärmaschine ist , deren.Söhne sind Hur....ne !!",1
@Ungebeten1 👍👍👍,0
@Ungebeten1 Ein super Tweet. 👍👍👍,0
@Ungebeten1 Deren wohl gewählte Ausdrucksweise  liegt wohl an den Ziegen Genen 🐐🚶🏾‍♂️,1
@Ungebeten1 👏👏👏,0
@Ungebeten1 @sheelockmaier 120 Leute hatten sich zu einer Spontandemo getroffen. Hoffentlich wird das von der Lügenpresse nicht wieder als Naziaufmarsch diffamiert!😠🤢😷👎👎👎,0
"@Ungebeten1 @BundesGockel Der Neger kann froh sein, dass ich nicht der Vater des Kindes bin...",1
"@Ungebeten1 @Ofenschlampe Wir müssen einfach toleranter werden, wie von Frau Merkel gewünscht",0
@Ungebeten1 @Platinmensch So kennt man sie und so mag man sie nicht.  Die Weiber sind noch' n Tacken gossiger.    PS: Ausnahmen bestätigen die Regel.,0
@Ungebeten1 @Platinmensch Ramadan schrumpft Hirn.,0
@Ungebeten1 @Platinmensch Muhahaha.  😂,0
"@Ungebeten1 Naja, für mich sind die Grünen tatsächlich Ausdruck deutscher bürgerlicher Spießigkeit die sich als Weltoffenheit tarnt. Die Engstirnigkeit und Regulierungswut für alles passt auch.",0
"@Ungebeten1 @Ofenschlampe Der #polenz_r soll sich mal mit seinen Parteifreunden aus #Bremen über 'bürgerliche #Grüne' unterhalten. 😂 Aber das zeigt: Gut ist, was vielleicht die Macht sichert. #charakterlos #CDU",0
@Ungebeten1 Der Sesselkleber biedert sich überall an.,0
"@Ungebeten1 ich sage nur Obama ,mehr muss man dann auch nicht mehr wissen",0
@Ungebeten1 @Yuma_lein Man sollte immer den nötigen Respekt vor anderen haben. Die wichtigste Frage ist eher: ist so ein brauner Abschaum wie du würdig als Mensch wahrgenommen zu werden ?,1
@Ungebeten1 @Yuma_lein Huhuhuhuu,0
@Ungebeten1 Und wie wir im Teuteburger Wald Willkommensdingsbums gezeigt haben,0
@Ungebeten1 Wir Sachsen zwangsweise! Mit Massenhinrichtungen und all so´n Scheiß!,0
"@Ungebeten1 Mit Gewalt, List und Tücke. Die Christen legten ihre Feierlichkeiten einfach mit den Festen der Germanen zusammen. So erreichten sie das christliche Feste mitgefeiert wurden. Und Bonifatius fällte die Donareiche hier in Hessen.",0
"@Ungebeten1 Die Vergangenheit können wir nicht verändern, jedoch die Gegenwart.",0
@Ungebeten1 ... mit Schwert und Blut ...,0
"@Ungebeten1 Fokussieren Sie  sich auf das Heute. Es sei denn, Sie ignorieren Erkenntnisprozesse. Die 1000 Jahre alte Situation rechtfertigt oder relativiert heute genau was???",0
"@Ungebeten1 @elke_roll Ja, vom Fleiss der hart arbeitenden Bevölkerung profitiert man (noch)!",0
@Ungebeten1 Einen wunderschönen Guten Morgen wünsche ich Dir - trotz Arbeit 😊. Heißen die Weihnachtsmärkte jetzt nicht #Jahresendmärkte? 🤔,0
"@Ungebeten1 Moin, wünsche dir trotzdem einen schönen Tag!",0
@Ungebeten1 @Ofenschlampe 😂,0
"@Ungebeten1 Wenn ich mir diese drei Figuren so betrachte, glaube ich inzwischen, dass dieses Kackwetter menschengemacht ist.",0
@Ungebeten1 Sind das die 3 von der Tankstelle?,0
"@Ungebeten1 Ich kann meine Schuhe selbstbinden , bin aber kein Feminist ,tut mir leid !🙂🙂♊👍♒😑🙄🙄🤔🧠🧠☕☕🛡 https://t.co/rPRoROHj7U",0
"@Ungebeten1 Ein Problem der heutigen Jugend: Sie fühlt sich sofort abgelehnt, wenn sie nicht pausenlos beklatscht wird.",0
@Ungebeten1 Dann sollten wir sie ganz schnell auf den Mars schießen! Dort ist die Klima-Erwärmung noch viel extremer als hier!,0
"@Ungebeten1 @Shiwa_Waltraud ... es gibt nur noch einen Zeitgeist und mit dem sind wir echt verloren, dann lieber den Urknall und wir fangen von vorn an ...",0
"@Ungebeten1 @RTerschl Man muss annehmen, dass das Niveau der politischen Bildung wirklich schon so gesunken ist,wenn sich erwachsene Menschen so verhalten.",0
"@Ungebeten1 @M_T_Franz Die “Kleine“ hat Glück, im Mittelalter wartete auf sowas der Scheiterhaufen....",0
@Ungebeten1 Die müssten alle mal öffentlich an einen Lügendetektor! Das gäbe eine Gaudi! 🤣,0
"@Ungebeten1 Ha, gestern habe ich gesehen, wie ein Baum CO2 aufgenommen hat!  Dabei hat der Baum sich leicht in Richtung Westen geneigt.  Echt krass, wie das aussieht! https://t.co/pLyP9b71OO",0
@Ungebeten1 😂... wenn es nicht zum weinen wäre.,0
@Ungebeten1 @Ofenschlampe #Ehrendoktor? Sicher in USA...,0
@Ungebeten1 Ha ha SUPER Geil,0
"@Ungebeten1 Psycho-Gräte ist für die Strippenzieher nur deshalb so interessant, weil man über sie an die Hirne der grundverblödeten Teenies rankommt, und zusammen mit der momentanen Klimahysterie, fast jeden Betrag an  Fördergeldern für irgendwelche Unsinnsprojekte an Land ziehen kann.",0
"@BlondJedi @Oemmes4 @annewill Hat sie vielleicht im Dezember 2017? Nebenbei: whataboutism, Relativierung und Fremdenfeindlichkeit in einem Tweet, wo lernt man das?",0
"@BlondJedi @annewill Anne will denkt oft nicht nach, die Doppelmoral in Person.Schlechter Journalismus wie bei allen Systementreuen Journalisten🤔",0
"@BlondJedi @FritzFizz @annewill Tja, selbst wenn Menschen mit der gleichen sexuellen Ausrichtung wie Frau Will Opfer schwerster Straftaten werden, aber so eine Meldung nicht in die eigene politische Ideologie passt, dann schweigt man aus angeblicher 'political correctness'. Ich nenne das Realitätsverweigerung.",0
"@BlondJedi @annewill Dann hätte sie ihren Job vermutlich nicht mehr lange, wegen der freien Meinungsäuserung (Die es nicht wirklich mehr gibt, besonders für Personen die im öffentlichen Leben stehen.",0
"@BlondJedi @annewill will selbst eine Dame ohne Nachommen ,weil ........😋",0
@BlondJedi @annewill Wir wollen doch den Rassismus nicht weiter anheizen. Lieber etwas leisetreten.,0
"@BlondJedi @annewill Vielleicht, weil es keine Rolle spielt?",0
@BlondJedi @annewill Es wird immer do weiter gehen,0
"@BlondJedi @annewill Anne Will ist eine journalistische Null, die jedes Mal über das Systemstöckchen springt, wenn sie auf Sendung geht. Kritisch, investigativ!? Nein, aber dafür manipulative, polarisierend 🤑",0
@BlondJedi @Lebensformation @annewill Hat sie wenigstens die AfD gelobt?,0
@BlondJedi @annewill https://t.co/iY28trfiZP Die Zukunft Europas #Islam,0
"@BlondJedi @annewill Tja, steht halt nicht jede auf Schwarze, auch wenn die das aus fehlender Bodenhaftung denken..",0
@BlondJedi @FrReschke @annewill Gibt es denn Weissafrikaner? Hihihi,0
"@BlondJedi @annewill Wie krank und Hinterweltlerisch  Immer noch viele Menschen sein können, wir haben zugelassen, das uns der tot holt, wenn wir nicht jetzt reagieren und diese Migration nicht rückgängig machen.",0
@BlondJedi @annewill Der Londoner Bus liegt natürlich näher.😀,0
@BlondJedi @annewill Die Hierarchie der Opfer steht dem wohl einfach in Weg. 🤨,0
@BlondJedi @annewill Oder 51jährige Frau in Hofgarten von mehreren Nafris vergewaltigt....,0
"@BlondJedi @Wieka16 @annewill Warum so umwegig? Ausland, 2017 ?Drei Rechte prügeln in 🇩🇪 Homosexuellen zu Tode, ganz aktuell. Und gilt nicht mal als 'rechte Straftat', obwohl die gerade wieder mächtig zunehmen, läuft also.  🇩🇪🙄🇩🇪    https://t.co/N1Ewaatt0w",0
@BlondJedi @annewill https://t.co/NsZwWOMiCC,0
@BlondJedi @annewill Armes Deutschland wir ordnen uns unseren Eroberer freiwillig unter,0
@BlondJedi @annewill Mal ehrlich - welche Frau will schon einen Schwarzafrikaner? Frau Anne Will bestimmt auch nicht!,1
@BlondJedi @IN_ROL_0815 @annewill Weil @annewill genauso zu dieser #Heuchler Szene gehört.,0
"@BlondJedi @annewill #GoldstückAlarm, also muslimischer Alltag in #London...",0
"@BlondJedi @annewill Hätten wir von vornerein das Thema anders behandelt wäre ja auch der bürgerliche Zuspruch bei unter 25% und das komplette Projekt gefährdet.. Heuchelei, mehr nicht von AnneWill",0
@BlondJedi @annewill Der Staatsfunk darf das doch nicht...,0
@BlondJedi @annewill Weil falscher Täter? 🧐,0
@BlondJedi Ey ich scheiße auf deinen 👻😁  Ich glaube als linksgrüner bin ich zu cool für den heiligen Geist,0
@BlondJedi Danke gleichfalls,0
@BlondJedi Ich bin Baujahr 1959 .Wir musten als Kinder das KZ Buchenwald  besuchen . Es war ganz schlimm so etwas zu sehen . Und mich heute als Nazi darzustellen nur weil ich AFD Wähler bin nein Danke,0
https://t.co/opezutyb6y,0
Sozialdemokraten haben die Themen von sogenannten Rechtspopulisten übernommen und können nun die Regierungsgeschäfte in.....?  übernehmen!Auch dies könnte die Deutsche SPD retten!Jedoch sind bei uns die jungen Menschen am Zug!  Stellen demnächst die Grünen den Bundeskanzler ?,0
https://t.co/bsOmR0MzED,0
"Offenbach &gt;80% Kinder und Jugendliche sind nicht Deutscher Herkunft,deshalb sollten Migranten ohne Deutschen Pass,in Deutschland wählen dürfen!  https://t.co/sHneGVXxNS",0
"Vielleicht lebst Du in eine Burg mit zugezogenen Rollos und kommst nie raus,ich wohne inzwischen auch in so einer Zone,indem der Kontakt mit den Nachbarn schwierig ist!  Wir benötigen hier auch keine Polizeistreife ! https://t.co/zIrPhjRYRx",0
"Wie ich Ihnen schon schrieb,ist die AfD erst seit 2013 tätig,und Sie den Spendensumpf für 1 Jahr bemängeln!  Ich bin vorher CDU Wähler und Mitglied gewesen,ich kann mich erinnern,das die Parteifinanzierung für alle Parteien ,ein Problem darstellt! https://t.co/UFAmWg9TPO",0
"@darksun666 Mit der Teilung derSende und Empfangs Station,so das speziell Vodaphon, O2 u debitel,die von Ihnen angepriesene Transferleistungen, nicht erbringen kann!Ich habe deshalb einen Vertrag mit dem Eigentümer geschlossen,der aber nur 10GB anbietet für 25 €/Monat",0
"@darksun666 Ich wohne hier in einem Dorf,das ganz leicht ersichtlich,einen Sende und Empfangs Masten zu stehen hat!  Es bieten hier Vodaphon/O2/debitel  Ihre Dienste an aber Sie müssen wohl Miete an den Eigentümer bezahlen!  Anscheinend gibt es aber doch Schwierigkeit..",0
"akquirieren Männer,die sich um die Kinder kümmern wollen! https://t.co/VfsjutDcS9",0
"Ja,schon seit Jahren!  Ich muß dran denken,das Sie jeden Frühling wiederkommen und die Türen zum Wohnbereich schließen,sonst nehmen Sie das ganze Haus in Beschlag! https://t.co/kUFULu1qFA",0
@Kurkamp @wendt_joachim @Schroeder_Live @lamnitzer @DerSPIEGEL @SZ Und von Neutralität außerdem.,0
"EU Wahlen!  AfD für Kindererziehungszeiten für den Vater,Versorgungsausgleich für Ausfall der Frau  durch Schwangerschaft und Niederkunft,sowie Erziehungsleistungen der Frau,der ersten drei Jahre!",0
"Es ist schon merkwürdig,da soll ein Wettstreit für den ESC stattfinden!  Plötzlich und unerwartet kommen zwei Schwestern,die keine sind,mit einen Song für den ESC und trotz hoher Unbekanntheit,werden Sie zum ESC geschickt!  Hat die Schwulen Szene zugeschlagen? https://t.co/SaCrM2SCvO",0
"Die Grüne Intelligenz Bestie 'Eckhardt', Prangert im Ticker,  Christen,sollen nicht die Moscheen anzünden?  Scheinbar sind  nach Ansicht von Eckhardt,nur Christen als Täter in Frage kommend?  ich wußte ja schon Immer,' die Christen sind Sünder'!",1
"Das Deutschlandlied,  Sinn und Unsinn  https://t.co/BIw9k6d1mH",0
#Eurovision  https://t.co/24T8fzUI44,0
"Unsere ESC Kandidatinnen haben selbst Schuld an die 0 Point vom Public,denn wer soll denn Junge Frauen mit Nutten Fingernägel  wählen!",1
"Scheinbar bekommt Sarah's Conner's Sohn Vincent,bei Mädchen keinen Hoch!",1
"#Bundeswehr  erst überzeugen Politische Linke,die Frau von der Gleichberechtigung,jetzt soll auch noch der Fachkräftemangel von der Frau ausgeglichen werden und womöglich auch noch die Führungsaufgaben,der Frau übergeben werden!",1
"Du bist ein Rassist,Du erhöhst Dich über andere,das ist außerdem nach dem Christlichen Glauben,einer der Todsünden! https://t.co/XPuTLAIkdC",1
Und genau das macht er und lässt sich Scheiden! https://t.co/4oLffHv5h1,0
Dann wird das Konto gesperrt und Du musst wieder für fremde Leute arbeiten! https://t.co/eHckGOkKPk,0
Dann bleib Single! https://t.co/TOP0spaU01,0
"Eben auf ZDF  Messerattacken 2017 3800  2018 3700?  Also ist die Kriminalitätsrate gesunken!  Was soll das?  Mich interessieren die  Messerattacken vor 2015  Na wenigstens haben Landespolitiker zugegeben ,'es ist kein AfD Thema',es ist ein alg Sicherheitsproblem!",0
"@EUDebate   Steuergerechtigkeit, Google,Facebook u d anderen,akquirieren durch Ihren Dienst viele Arbeitsplätze und damit zahlen die AN Steuern.  Die kleinen haben 3 AN die Sozialen viele 100.000 AN  Wenn Sie ohne die Sozialen Netzwerke ,Steuern erhalten wollen",0
"@EUDebate   Jugendarbeitslosigkeit, dafür ist eine Angleichung der EU Länder also Harmonisierung nötig!  Wenn dann Deutschland führend in der Ausbildung ist,sollten die EULänder von die Nur Theorie abgehen und Parallel die praktische Ausbildung mit anbieten!",0
"@EUDebate wir haben die Flüchtlinge nicht gerufen!Es waren die Arbeitgeber,wenn die Fachkräfte brauchen,sollen Sie für die sorgen,die sie gerufen haben!  Asylanten sind im geringen Umfang auf der Flucht,natürlich nehmen wir die auf!",0
"In Ostfriesland,hüpft man neuerdings am Ampel Übergang bei Grün,über die Straße!Ausgangspunkt war der Elefant von Otto,doch eine StVO,besagt,es muss ein Mensch sein,sonst gibt es Rechtliche Konsequenzen, jetzt ist auf der Ampel Otto hüpfend abgebildet!",0
"Dieses Thema,wird zur Zeit auch im Bundestag,in der Befragung der Bundesregierung, behandelt,! https://t.co/cBgiBUyikP",0
"Dann,Du vom Jobcenter,in Berufe und später in Tätigkeiten,die Deinen Beruf nicht entsprechen und immer Preiswerter(niedrigeren Stundenlohn)vermittelt wirst,weil die Regierung,das Recht der Zumutbarkeit abgeschafft,hatte!  Unterwirfst Du Dich dieser Entwertung? https://t.co/myv35ZlYRY",0
"Wenn Du Dir Deine von der Regierung garantierte freie Berufsbildung,einen Beruf erlent hast,in der Jugend auch dieser Tätigkeit nachgehen kannst,später im Alter kein Job in Deinen Beruf findest?  Du stellst Dich dem Jobcenter ,Arbeitsvermittlung zur Verfügung?",0
"Test,ob ich auch hier gesperrt bin,ich habe gelesen auch Twitter wurde von Facebook übernommen?",0
"Ach ja,den Eltern fehlt eine Schraube!",0
"Prinz Harry wankt noch zwischen Black Panther und John Bercow,  wir werden sehen welcher Name angesagt ist!  Megan denkt ja,es wurde eine Tochter,aber so genau kann man dies ja Heutzutage nicht mehr sagen!  Trotzdem herzlichen Glückwunsch!",0
"@Freemynded_ Alle Absolutistischen Religionen,wie Islam,Katholizismus, wollen mit Ihren Glauben,die Welt retten!  Das die Menschen nicht erkennen,welch Destruktive Lehre,hinter diesen Glauben,steckt!  Der Glaube wird in Schutz genommen,trotzt das Imame zur Gewalt aufrufen!",0
https://t.co/QQYUmTLfX5,0
"Aber dann nur mit der CGM,  24 Tage/Jahr Urlaub,den niedrigsten Stundentariflohn,eine gute Arbeitgeber Gewerkschaft! https://t.co/lRTTVBTX8b",0
"Nun zum Unmut der AfD,  war es kein Kantholz oder Knüppel,nach Videoaufzeichnung, war es einer der drei  der Ihm in den Rücken gesprungen ist!  Am Boden zog er sich die Verletzungen zu!!  Niemand trat nach,   also alles Normal ? https://t.co/yEp3EpuBJ8",0
In Ostfriesland? https://t.co/Pw9xvercCn,0
"Das immer der kleinste,die größte Schnauze hat!  Und starren kann er bei jeder Talkrunde,als ob er eine Giftschlange beschwören will! https://t.co/r84TDsQlDp",0
"Unserer   eigenen Überlegungen nachgehen,auf unsere eigenen Gedanken verlassend!  Denn wir alle sind ja nicht Doof,vielleicht ein bischen dumm,weil nicht gut informiert!  Lasst uns unsere Welt gestalten und unser Glück selbst bestimmen!  Prost 2019  Joachim wendt",0
"Prost Neujahr,verbunden mit den besten Wünschenzum Beispiel Gesundheit,Glück,  Zufriedenheit,Erfolg aber auch Geruhsame sowie Ereignisreiche Erlebnisse mit der Familie!  Vieles kommt nicht von allein,sondern man muss es schon anregen!  Joachim Wendt",0
"@AWidmannMauz   Zwar fand sowohl das Weihnachtsfest als auch das Chanukka-Fest in zeitlicher Nähe zur Wintersonnenwende statt  Weihnachten selbst galt als heidnisches Fest. Hinzu kam, dass Weihnachten zu jener Zeit oft in Verbindung mit ausgelassenen Feiern und Alkoholkonsum stand.",0
"Wieso ist eigentlich die Bevölkerungsschicht nicht an die Finanzierung an die EU Rente,Elternteilzeit,Kindergeld,Mütter Rente beteiligt,die nicht in die Sozialversicherungs Kassen einzahlen!  Also Beamte,Selbständige und Millionäre(Reiche)!",0
"Ist es nicht besser,Gfg Arbeitende nicht zu Entlohnen und Ihnen ein BE zu gewähren,auch über die Altersrente hinaus,da ja diese Rente eh unter dem Exm!  Dadurch wär diese Belastung aus Steuern und alle wären an die Finanzierung beteiligt!",0
"Mehrheit ist Mehrheit,eben Demokratisch gewählt!  Nehmen Sie sich in acht,   Neid frisst Seele auf und gibt sich in Falten und runtergezogene Mundwinkel,  zu erkennen!  Eine Positive Einstellung und Mut zur Wahrheit,würde auch Ihrer Partei guttun! https://t.co/B2s00jHLwJ",0
"Man kann die Wahrheit ganz tief unter einem Felsen vergraben. Aber sie ist immer in der Lage,sich langsam wieder hervor zu arbeiten. Und irgendwann kommt sie ans Tageslicht! https://t.co/sGbU5Nfkoi",0
"Dann scheint es ja den richtigen getroffen zu haben!  Wie wiederholt der Gutmenschen,die Asylanten(Antragsteller),  unterstützt und in Ihrem Haus,aufgenommenen haben,durch einen Totschlag oder Vergewaltigung,eines lieben Angehörigen,bitter erfahren müssen! https://t.co/7WBb1GmdV3",0
"Heinrich der Löwe,  158 cm klein!  Hitler hat den Sargcofark öffnen lassen und war enttäuscht, Heinrich war ein Zwerg,war nicht Blond und hinkte(war Gehbehindert)  Phoenix history",0
"Herr Stegner,  Sie können sagen was Sie wollen,die SPD hat schon lane den Status der Volkspartei verloren!  Sie dümmpeln um die 10%  Phoenix Prof.Görtemaker und Merkel,Forum Demokratie! https://t.co/6p3iBgCMPf",0
Das wurde auch Zeit!  Kita's in Berlin kostenlos!,0
Michael Müller: 'Seit heute sind alle Kita-Jahre unserer 170.000 Kita-Plätze für die Berliner Eltern kostenlos. Als erstes Bundesland schaffen wir die #Kita-Gebühren komplett ab und sind somit Vorreiter für mehr Chancengleichheit.“    https://t.co/IeaZc7WAVh,0
"@NDRinfo   Sie denken wohl,die Deutschen sind alle blöd!  Heute haben Sie ein Asyrer Interviewt,und seine Bedauernswerte Situation dargestellt, Familien Zusammenführung?  Dieser Vater lässt seine Frau und Kinder,in eine,wie er sagt,Gefährliche Situation für Ihr Leib und Leben,zurück",0
"Gestern bei Lanz,ehemalige Managerin,hat Ihr Geld in der Bank deponiert und kann jeden Monat über 1000€ bis zum 90.Lebensjahr verfügen!  Sie ist schon einmal um die Erde gewandert,wäscht sich selten,trägt keinen Slip und spült Ihr Kochgeschirr mit Ihrem Urin!",0
"Lanz und Schwarzer,  neuerdings AfD Befürworter?  Alice erzählt aus Ihren Buch,'meine Algerische Familie'!  Algerier fragen sich wie Merkel 'wir schaffen das', mit den aus Kriminellen u Patriarchalen Hintergrund,stammenden Flüchtlingen,Ihre Aussage,halten will!",1
Logisch!,0
"OPCW Experten nun Endlich nach Duma!  Russland hatte der OPCW aus Sicherheitsgründen den Zugang verwehrt!  Problem : Das Kampfgas ist sehr flüchtig,und soll nach 7 Tagen,nicht mehr nachzuweisen zu sein!  Nun wer das Normal findet,der kann nur ein Troll sein!",0
"Altmaier will Gründungsoffensive mit Kredite für junge Unternehmer von der KfW!  Problem,Banken haben keine Interesse,weil sie nur Gewinn generieren,wenn sie eigene Kredite vergeben!  Wer soll die Kontrolle ausüben,Deutsche Banken wohl nicht!",0
"@AndreZeven @krippmarie Nein er meint,ich glaub er heißt'Molath',die Ehefrau arbeitete bfi einem Finanzdienstleister,der Ihm angetraute Finanzen,auf sein Konto umleitete!  Herr M,zeigte seine Frau an und weil  höher Rangige involviert waren,landete dieser für 7 Jahre in der Klapse!",0
"@MichaelaKorte @chris_hiv @derCharlie_ @scheidenbub @MiriamOzen @BILD Das weibliche Geschlecht ist Promiskuitiv,also entgegen der Annahme das Männer notorische Fremdgänger sind,ist es umgekehrt!  Schwule haben eine hohe Partnerfrequenz, und da können auch Heteros dabeisein!,die sich verführen ließen!  Die Ehefrau verbreitet  HIV!",1
"Hochmut,kommt vor dem Fall!",0
"Durch die Nullzinspolitik der EZB,haben die EZ Banken an Investoren,die nicht Wirtschaftlich agieren,Kredite bezahlt, die diese nicht zurückzahlen können!  Mit anderen Worten,Groko positiv geneigte Firmen wurden bevorzugt, obwohl diese Firmen Luftkurorte sind;",0
"Deutschland ist Weltweit größter Warenexporteur aber die Deutsche Industrie hat mit hohen Aufwand im Ausland investiert und verkauft dort hergestellte Waren,deshalb trifft die Verzollungspolitik der USA, Deutschland imaginär!  Quelle Forum Wirtschaft Phoenix",0
"Deutschland ist https://t.co/4mpbtDivA5ößter Finanzexporteur nach Japan!  Durch die Null Prozent Politik der EZB hat Deutschland dadurch 600 Milliarden € Verlust,gegenüber der Hochzinsphase vor der Lehmannkrise!  Verlierer sind, Sparer u Anleger!  Quelle Forum Wirtschaft Phoenix",0
"Die angeblich Umweltfreundlichen Yutebeutel die beim Discounter statt der Plastikbeutel jetzt aus liegen,muss man 135 x benutzen um der Umweltverträglichkeit des Plastktasche gleichzukommen!  Haben Sie's gewusst, Quelle arte 'Karambolage'!",0
"@journalist_mike @tagesschau Es ist Unmöglich bei den drei Vetomächten,ein UN Mandat zu erreichen!",0
"Kein Wunder,er ist wahrscheinlich,ein Psychopath!  Wahrscheinlich ist er schon so tief im Korruptionssumpf verstrickt,das es gefährlicher ist aufzuhören und zur Wahl zu stellen!So wohl auch Putin! https://t.co/2MZ5YJ8s62",1
"„mitten in Europa geächtete chemische Waffen“ eingesetzt worden, und drohen „zu einem Bestandteil russischer Außenpolitik zu werden“  https://t.co/lzp9Bd9d2p",0
"@Kurzkommentar @manu_mie @Ralf_Stegner Die Zustimmung zu einer Anklageeröffnung kommt von den Mitgliedern des Strafgerichtshofes,das das sind die Nationen(Länder)!",0
"@Kurzkommentar @manu_mie @Ralf_Stegner eben weil de Ponte zurückgetreten ist,Sie wurde von den Maßgebenden Ländern blockiert,so das es zu keiner Verhandlung kam!  Nun Frage ich Dich wer ist Schuldig,der Anklagt oder der eine Anklage blockiert!  Russland bzw auch Sie,haben scheinbar eine eigeñe Logik",0
"@Kurzkommentar @manu_mie @Ralf_Stegner Sie stecken voller Vorurteile,wer sagt das Pontes Beweise Schlüssig sind,wenn es zu keiner Verhandlung und Anhörung der gefolterten Zeugen kommt!  Bei Ihnen hat wohl immer Russland recht?",1
"@Kurzkommentar @manu_mie @Ralf_Stegner Die Gründe Ihres Rücktritts wurde eben nochmal auf tagesschau 24, gezeigt!  So wie ich dies im letzten Post,genannt habe,ist richtig!  Ich Poste nur was ich belegen kann,Du scheint Deine Ansichten zu präsentieren, die mit Vorurteilen gespickt ist!",1
"@Kurzkommentar @manu_mie @Ralf_Stegner Das Völkerrecht wurde von Assad nicht unterzeichnet und von China,Iran und Russland Jahrelang blockiert!  Es ist also völlig Wertlos,deshalb ist auch die Chefanklägerin C.D.Ponti zurückgetreten!  Es existieren 1000 ende Stichhaltige Beweise!",0
"@Kurzkommentar @manu_mie @Ralf_Stegner Nun wir haben gerechtere Urteile ausgesprochen,natürlich nach Ausmaß der Tat,die meist die Höchststrafe nicht erreicht haben!  Schon allein,in Deinem Statement, erkennt man Deine Vorurteile und Überheblichkeit!  Es geht um ein Vergleich!",1
"@Kurzkommentar @manu_mie @Ralf_Stegner Bei uns in Deutschland wird der Hehler höher bestraft als der Täter!  Es ist wohl völlig egal,wer die Chemiewaffen eingesetzt hat!  Wäre Russland schon beim ersten Chemieeinsatz bereit gewesen,eine Warnung von der UN zu unterzeichnen,würden viele noch leben!",1
"@Kurzkommentar @manu_mie @Ralf_Stegner Lebst Du in Deutschland oder wo?  Recht haben und bekommen,ein altes Sprichwort!  Es gibt bei uns Indizien Prozesse, der Richter entscheidet!  Stell Dir die UN als Gerichtshof vor,50 Chemie Einsätze,12 Vetos auf Änderung und Ahndung!  Jedes Gericht verurteilt!",1
"@WolfgangNitzsc1 @Hessenschwabe @lawyerberlin @clydevpg Ach,Dein Wort in Gottes Ohr!  Wer richtet sich heute noch, nach einmal vereinbarte Verträge!  Politik ist ein andauernder Kampf,Mögliches, möglich zu machen!",0
"Echo2018,eine Auszeichnung der Schande! https://t.co/O42LxKhauK",1
"So,nun kann dann Russland Bomben werfen!  Dann wird wohl auch von uns und Russland nichts mehr übrigbleiben!  Konventionell würde ich mir an Russlands Stelle überlegen,Russland hat mal gerade soviel Militärausgaben wie die EU!  Gar nicht vs USA zu denken! https://t.co/qyyWUasqTf",0
"Assad hat nicht erst in Duma Chemiewaffen,sondern 50  x vorher schon gegen seine Bevölkerung,eingesetzt!  Russland hat auf diese Chemiewaffen die UN Resulotionen,verhindert!  Russland ergeht sich in Selbstmitleid und als Opfer!  Russland war aber Garantiemacht!",1
"UN Sicherheitsrat!  Russland und auch Syrien haben die Chemiewaffen Konvention,wie auch alle UN Mitglieder,zur nicht Einsetzung und völliger Vernichtung von Chemiewaffen,unterzeichnetRussland hat sich als Garantiemacht,das Syrien alle Chemiewaffen zerstört!",1
"@Menschaffe @Lauro_Doc Wer Bomben baut,der wirft sie auch!  Wer Gas entwickelt,setzt es auch ein!  Wenn Schuld,dann alle!  Aber mal nachgefragt,wer will denn Russland erobern?  Soll doch jede Nation dort bleiben,wo Ihre Heimat ist!  Begehrlichkeiten,entstehen doch nur aus Neid!",0
"Anerkannte Asylanten, flüchten zur Türkei!  Sie sind so Schlau wie auch die flüchtenden Deutsche!  Warum, Präkere Geringfügig bezahlte Arbeit!  Deutschland hat die geringste Entlohnung in EU!  Wir lassen uns nicht ausbeuten!Wir flüchten!",1
"Abrüstung:die Anstalt!  Aus den Gewehrläufen machen wir Abwasserrohre,  ja gut, dann können wir drauf scheißen!",0
"@Menschaffe @hessenbursche Ich würde mich an Deiner Stelle,dann auch rasieren,denn so kann man den Eindruck haben,Politisch bist Du Monarchist!",1
"Ungarn fehlen die Fachkräfte,Deutsche Fachkräfte bevorzugt und mit hoher Entlohnung und preiswerten Wohnraum gelockt!(zwar nach dem Ungarischen Preisniveau aber höher als in Deutschland zum Vergleich!  Quelle arte journal",0
"Plastikmüll in den Meeren,durch Unsorgfälltige Trennung in Bio Mülltonnen!  In den Biotonnen wurde von einer Forschungsgruppe ermittelt,Plastikmüll gefunden,das ohne Kontrolle,weil es ja Biomüll sein soll,klein geschriddert wrd und landet Tonnenweise im Meer!",0
"Oligarchen Enteignet!  Russen,die Ihr Geld in den USA und England gebunkert haben,sind nun Arm!  Trump,hat Russische Konten gesperrt!",0
"Insekten als Lebensmittel anerkannt!  Insekten am aussterben,wegen zuviel Unkrautvernichtungsmittel in der Landwirtschaft!  Wer gewinnt,die Landwirtschaft oder der Kakerlakenesser!",0
"An die Sonne in Deutschland,muss man sich erst wieder gewöhnen! https://t.co/h4FiQiWKVs",0
"Ich wäre auch für die Abschaffung von Plastikverpackungen, aber wer soll dann noch Obst und Gemüse kaufen wollen,wenn da die Migranten,jede Ware in der Hand nehmen und prüfen und womöglich noch mit der Linken!(mit der wischen diese, sich den Arsch ab)!",1
"Dreimal sagen,'Allah Akbars ' und dann noch 'ich glaube an Mohamed, er ist der Prophet Allahs'!  Schon ist man von der Kirchensteuer befreit!  Als die Türken,vor Wien lagen,wurden schnell alle Österreicher Moslems!",1
"Deutsche Unternehmer haben sich eingearbeitet!  Personalkosten senken,  Fusionieren,Immobilien kaufen,Mieten steigern,Unternehmer Mieter aufkaufen und gewinnbringend an Scheinfirmen verkaufen,in die Insolvenz gehen usw.  Im Ausland auch so Erfolgreich?Steuern ja",1
Ich habe da mal eine Frage?  Hat schon mal einer einen Kredit bei der Targo ohne Kreditausfall Versicherung erhalten!Targo früher City  Die Versicherung ist teurer als der Kredit Zins!  So hat früher die City Ihr Boni kassiert!,0
"16250 in Israel lebende Afrikanische Migranten, sollen nach Deutschland Kanada und Italien umgesiedelt werden!So hat sich Israel mit der UNHCR geeinigt!",0
Und was habt Ihr mit dem Finanzministerium vor!  Länderfinanzausgleich a la Deutschland? https://t.co/7x2tw2j5gR,0
Prost Neujahr 2018 https://t.co/OSsS7aXVvj,0
"Vorsicht,Roma Bande!",0
"So. Falls Dir schon bekannt sein sollte, Heiligabend alleine zu verbringen und Du was dagegen tun möchtest, melde dich unter diesem Tweet.    Wir finden schon jemanden der Gesellschaft leistet/anbietet. #keinertwittertallein    Und jetzt reicht diesen Tweet mal weiter. #followerpower",0
"Auf mich warteten schon die Nachbarn und schauten Pornofilme und alle incl.meiner Frau, schauten mich erwartungsvoll an? https://t.co/IPZeUnh4nZ",0
"@ZDFMarkusLanz  Lanz Du erzählt es und bringst es in die Medien  'die Rohingyars sind aus Bangladesch,nach Miramar geflüchtet und sind jetzt wieder in Ihr Herkunftsland zurückgeschickt worden!  Alles Rechtens,Ihr jagt den falschen Hasen!",0
"@BMI_Bund Wir haben eine sehr aktive Selbsthilfegruppe für Schwerbehinderte ins Leben gerufen, damit jeder zu seinem Recht kommt und die benötigten Informationen erhält. die ihm zustehen.   Die Behörden kommen ihrer Informations- und Beratungspflicht ja nicht nach.   #kaumzuglauben",0
"Nun für Euch ist dies ja kein Ehrenamt,sondern eine Soziale Erfahrung!  Ansonsten verhindert das Ehrenamt, staatliche Pflichtaufgaben! https://t.co/aCMSc2RAk3",0
"@BMI_Bund #WirsindEhrenamt, tun Gutes ohne es an die große Glocke zu hängen, reden nur darüber, wo uns tatsächlich zugehört wird und wir damit auch etwas bewirken können, und wir tun das bestimmt nicht, damit sich der Staat oder irgendein Arbeitgeber dann aus der Verantwortung zurückzieht.",0
"Ohne die Ehrenamtlichen würde dieser Staat zusammenbrechen. Zeit diesen Menschen nicht nur einmal im Jahr zu danken. Vielen davon gehört das Bundesverdienstkreuz verliehen und eine Prämie,statt das Geld woanders zu verschwenden! https://t.co/inoc8d1ZpD",0
"Das dritte Geschlecht ist die Zukunft!  Endlich alles in einer Hand!  Man kann sich selbst, Aufmerksamkeit und Blumen,schenken! https://t.co/By2lec53Ve",0
@maybritillner   https://t.co/5DGfrVAEAK,0
"1% Asylsuchende,deshalb brauchen wir keine Obergrenze,es sind viel zu wenig Asylsuchende,und nach der Genfer Konvention,nicht möglich!",0
"Lanz und Schröder auf der gleichen Welle,Popkultur mit Ferrari,ephon,Weltreisen,kommen aus der unteren Welle und sind jetzt Etablissement!",0
♥Zeit   die wir anderen schenken...  Ist immer die Zeit  ...die uns etwas gibt♥  ♥👄♥ https://t.co/E71ygWxmte,0
"@Ungebeten1 @Ralf__B Homosexualität ist ein Überdruckventil der Natur. - Wenn der Bevölkerungszuwachs zu gross wird,versucht die Natur dies durch mehr Homosexuelle zu regulieren und zu bremsen.",1
@Ungebeten1 Finde Homosexualität nicht 'gegen die Natur' und kenne einige sehr liebenswerte Menschen mit normaler Lebensführung. Schrille gehören nicht dazu; die zähle ich zu gestörten Exhibitionisten und finde ihr Benehmen in der Öffentlichkeit abstoßend.,1
"@Ungebeten1 Eigentlich sollte die Bundesregierung anordnen, das einen Monat lang in Deutschland nur Strom von regenerativen Stromerzeugern genutzt werden darf, idealer Weise im Winter. Mal sehen wie gut die Gutmenschen das finden werden!",0
@BlondJedi Auch der heilige Geist hat seine Grenzen...:o),0
"@BlondJedi zieh meinen Gott nicht rein, das sind vermutlich Islamanhänger oder Atheisten",0
"@BlondJedi Keine Chance.. Als der Herr das Hirn hat regnen lassen, haben die schon fleißig die Schirme aufgespannt.. 😐",0
@BlondJedi @akk Wie wahr!,0
@BlondJedi @akk Richtig 👍👍👍👏👏👏,0
"@BlondJedi @akk Damit man von vermeintlich 'Tugendhaften' noch leichter gedoxt werden kann? Die Tatsache, dass genug aus deren Ecke einzig deswegen Mehrfachaccounts führen, um andere Nutzer zu stalken (sollten sie bereits geblockt/bzw. gesperrt gewesen sein), beweist deren kriminelle Energie.",0
"@BlondJedi @akk Unmöglich, das wären dann 'Nazimethoden' ;)",0
@BlondJedi @michaela_bogner @akk gute  frage..👍  schliesse  mich  an..,0
@BlondJedi @akk Klasse Kommentar.,0
@BlondJedi @akk Aber das ändert doch nichts an den Risiken und Problemen die Anonymität im Netz mit sich bringt?,0
"@BlondJedi @akk Die Merkelgäste sollen ja auch weiter alles ungestraft machen dürfen. Wenn die Klarnahmenpflicht eingeführt wird , ist der Paragraph 5 im GG nicht mehr das Papier wert auf dem der steht. Dann werden Hausdurchsuchungen und Schikanen gegen anders denkende zur täglichen Routine.",0
"@BlondJedi @Willigender @akk Danke, dieser Kommentar trifft es auf dem Punkt ☑️👏👏",0
@BlondJedi @akk Das blonde Jedis nicht begeistert über Klarnamen Pflicht sind ist ja nachvollziehbar😂😂😂,0
@BlondJedi @akk Sehr guter Vorschlag! Am besten auch eine Ausreisepflicht für Kriminelle Merkel Gäste!,1
"@BlondJedi @akk Wie wäre es, mir weniger dummen Sprüchen? 🤔 Wie wäre es mit weniger Hetze? 🤔",0
"@BlondJedi @akk Ui, intellektuell maximal armselig.  Sie kennen offensichtlich weder das Recht noch denken Sie bevor Sie etwas schreiben. Aber Hauptsache wieder das eine Thema irgendwie genannt.",0
@BlondJedi @akk ... Wäre eine Maßnahme,0
@BlondJedi @akk https://t.co/4xHgCkrINr,0
"@BlondJedi @akk Es wird sie bald interessieren, spätestens wenn Beiträge für Soziales erhöht werden müssen. Bei absehbar steigender Arbeitslosigkeit wird das der Fall sein, es kommt nur darauf an ob und wann der Michel das begreift. Ja und das kann dauern, bekanntlich kann Michel lange leiden 🙈",0
"@BlondJedi @akk Klarnamen sind doch vollkommen OK. Schließlich heiße ich Fox Mulder und ich bin sicher, dass die Regierung das nicht bezweifeln wird. ^^",0
"@BlondJedi @akk Das geht nicht. Dann wäre ja keiner da. Kein Wohnungsmangel, genug Geld, dass keiner mehr aus Containern fressen muss, keine Mordopfer durch die Nerkelgäste, Polizisten mit normalen Schichtzeiten, Sicherheit, und was weiß ich noch. Wie sollen wir das bur verkraften? 😂",1
@BlondJedi @akk Welchen der 24/48/50 Identitäten nähme Frau @akk denn dann gerne? #dierichtigenfragen  #Klarnamenpflicht #CDU  #asylbetrug https://t.co/uw8hgapRRq,0
@BlondJedi @AfD_HD @akk 👍👍👍👍👍👍👍👍,0
@BlondJedi @akk Die bekommen dann VPN-Pässe,0
@BlondJedi .  Bitte unterzeichnet die #Petition  (Euer Name wird dort auch nicht veröffentlicht):    NEIN zur #Klarnamenpflicht im Internet!  .  👇🏻  https://t.co/PJ4tomtZFE,0
@BlondJedi @BellaGropp .  Bitte unterzeichnet die #Petition  (Euer Name wird dort auch nicht veröffentlicht):    NEIN zur #Klarnamenpflicht im Internet!   https://t.co/PJ4tomtZFE,0
"@BlondJedi @akk Bevor AKK Klarnamenpflicht fordert, sollte Sie lieber dafür sorgen, dass die medizinische Altersüberprüfung von Zuwanderern durchgeführt wird!",0
@BlondJedi @akk 👏👏👏👏👏👏👏👏👏👏👏👏👏👏👏👏👏👏👏👏,0
"@BlondJedi @akk Anonymität ist im Internet wichtig. Fälle, in denen Menschen mit Klarnamen nachdem Sie ihre Meinung gepostet haben physisch angegangen wurden, zeigen wie wichtig Anonymität ist. Der Staat kann Sicherheit des Einzelnen nicht garantieren und zeigt auch dafür kein Interesse!",0
@BlondJedi @akk Was soll man dazu sagen? 🤮🤮🤮,0
"@BlondJedi @Tinimaus1110 @akk Vor allem ist dieses Thema längst gesetzlich geregelt, aber darum schert sich dieses Politkriminellengesocks allerdings einen Dreck!!! Das GESAMTE Merkelregime muß weg!!!",0
"@BlondJedi @akk Die 'oben'haben von nix Ahnung...  Holen sich zum Grossteil den Abschaum der Menschheit uns Land...  Keine Kultur, Erziehung, Respekt, Anhänger einer wirren Ideologie etc pp  AKK hat Glück unter Schutz zu stehen und dazu noch mit der miesesten Optik gesegnet zu sein .",0
"@BlondJedi @akk fun fact, bei der Beantragung eines neuen Reisepasses musste ich meine Fingerabdrücke hinterlassen!",0
@BlondJedi @akk Nebelgranate. Um von den echten Problemen abzulenken,0
@BlondJedi @akk #NieMehrCDU,0
@BlondJedi @Deutschland_77 @akk Macht Euch schlau. Klarnamenpflicht ist verfassungswidrig.  #sarkasmus,0
"@BlondJedi @akk Auch Sie AKK hat vielleicht keine Ahnung, was wirklich läuft oder ist ebenso fleißig am Heucheln wie all die anderen 'Politiker'.  #Germany  #RedPill   https://t.co/sF7gX9akSu",0
@BlondJedi @akk Sowas gilt immer nur für die doofen Deutschen 😘,0
@BlondJedi @akk Klarnamen iVm #NetzDG klingt nach einer weiteren Aushöhlung der Meinungsfreiheit 😕,0
"@BlondJedi @akk Unkontrollierte Masseneinwanderung, daran kann sich d Union nicht mehr erinnern.  Wir haben in d Zeit, doch unser freundliches Gesicht gezeigt, und was wir alles geschafft haben .....",0
@BlondJedi @akk Sie würde Andersdenkende gerne verfolgen und einschüchtern lassen.,0
"@BlondJedi @akk Ich bin auch für Klarnamen. Deshalb habe ich größten Wert darauf gelegt, dass mein Name deutlich zu lesen ist.",0
@BlondJedi @akk Die sind doch wertvoller als Gold. #Platinmenschen,0
@BlondJedi @PPCGK Auch eine Maßnahme https://t.co/z5MWcaOrth,0
"@BlondJedi Kommt noch was Schlaues oder warte ich hier vergeblich?  Achso sie hat noch nie was von Demografie, Klimawandel, Gesellschaft, Grundgesetz und Menschlichkeit gehört ich vergaß",0
"@BlondJedi ...das ist nur zu unterstreichen, mittlerweile geht mir das Ganze mächtig auf den Sender; die benehmen sich, als gehörte ihnen schon seit Uhrzeiten dieses Land... ‼️u. wir sind nur noch Gäste..😠",1
@BlondJedi Die husten denen was..,0
@BlondJedi So ist es,0
"@BlondJedi Warum ist es für manche Menschen so schwierig zu verstehen, was Julia so leicht fühlt und sagt? Warum ist die Liebe zum Land, zu Traditionen, Bräuchen und Werten so aus der Mode gekommen?",0
@BlondJedi Wenn die hier nur Gutscheine für Lebensmittel z.B.und kein Bargeld oder nur 75 Euro im Monat wie in Italien bekommen würden dann wären die ganz schnell wieder weg oder 'flüchten' erst gar nicht über tausende Kilometer und durch 5 und mehr Länder hierher! #HauAbGesetz,0
@BlondJedi So dumm als Sozialamt der Welt jeden der hier illegal über die Grenze kommt und hier schon gem.16a GG kein Asylrecht hätte ins Land zu lassen und lebenslange Rente zu zahlen ist man weltweit nur in Deutschland! #Flüchtlinge #HauAbGesetz,0
@BlondJedi @Deutschland_77 Zu spät; ein Blick in die Innenstädte genügt.,0
"@BlondJedi In den betreffenden Ländern steckt aber nicht das ganze Geld, das man in Deutschland so leicht kassieren kann. Der Strom fließt dorthin, wo sich‘s am besten leben lässt.  Dieses Land geht langsam zu Grunde.",0
@BlondJedi Da frage ich mich:  Es gibt so viele islamische Staaten - die könnten doch ihre Glaubensbrüder alle liebevoll aufnehmen.   Da müsste der arme Afrikaner  a) nicht so weit laatschen  b) nicht über s Mittelmeer.  Problen gelöst !,1
@BlondJedi Recht haben Sie.,0
@BlondJedi machen sie aber nicht    Friedlich?nicht mit mir,0
"@BlondJedi Ich denke auch so, die Schreier mit Migrationshintergrund sollen in ihr Land gehen, dort schreien.Du gleich mit.Viele Deutsche haben die gleiche Meinung übrigens.",1
"@BlondJedi Naiv? Zum Glück gibt es in deinem Deutschland Menschen mit und OHNE Migratinshintergrund, die nicht so denken wie du.",0
@BlondJedi @PPCGK https://t.co/0Y7sZJLVhZ,0
@BlondJedi https://t.co/VO2Lq0hYZ5,0
@BlondJedi Von der Sorte Kühnert gibt es genug die im Bundestag sitzen und noch nie ehrlich mit Arbeit ihr Brot verdient haben.,0
"@Ralf64904117 @ab19868 Wer soll diese Lügen glauben - Dummichel, Rechte, Linke, Christen...❓❓❓👉Wurde der geschnappte Tunesier dann grundlos verhaftet❓❓❓👉Bei mir zieht der Musel-Opferstatus nicht mehr‼️👉Wenn dann bedaure ich echte Opfer - Christen, Frauen, Männer, Kinder...‼️‼️",1
"@Ralf64904117 Vor allem kann mir mal jemand verraten, wie 50 Bücher dort reinpassen sollen? ⬇︎ https://t.co/eRRR3FdTlB",0
@Ralf64904117 Sowas gehört zur SERO Sammelstelle.,0
"@Ralf64904117 @TNT26142414 Ich kenne einen guten Klemptner. Der zieht sich aber nicht die Schuhe aus,wegen Arbeitsschutz usw.. Da bleibt das Ding wohl dicht.",0
"@Ralf64904117 Hat so bissl was Unheimliches an sich, wie in einem Thriller - «Tangofranz schlägt zurück».     Die Römisch-Katholische Kirche startet im 21. Jahrhundert mglw. erneut die Christianisierung des Abendlandes.    Fazit: Nüscht jenauet wees'ma nich!     #FragenÜberFragen",0
@Ralf64904117 Die Umgebung der Klobürste finde ich aus sehr appetitlich.,0
@Ralf64904117 😍😍😍😍🐒🕋🐒👍,0
@Ralf64904117 Ist die 🚽jetzt verstopft ?🤔,0
"2/3   in´s Klo zu schmeißen !  (Als echte 'Nazies' kannten sie sich in der Moschee auch ganz gut aus und fanden direkt die Toiletten...)  Und um , „die Spirale von Hass und Gewalt gegen Muslime und ihre Moscheen“   zu belegen, wird auf einen Steinwurf auf eine Moschee in Dresden",0
2/2   Zwickauer 'Demokratie-Bündnis' in Zwigge irgendwann enden wird.  https://t.co/2tv5k3eL8m..,0
"@Ralf64904117 Sorry Folks ,für  den Müll habe ich nur eine Sprache 😂👍🏽So  einen Haufen 💩würde ich nicht auspinkeln wenn er in Brand steht 😳👏🏽👏🏽🤣🤣 🍻",0
@Ralf64904117 Elter1Land und Elter2Sprache.,0
@Ralf64904117 Eine Beleidigung für Kennedy !!,0
@Ralf64904117 Das gibt etwas Hoffnung https://t.co/pRivT7RCzz,0
@Ralf64904117 Hoffentlich haben die allesamt ihre Schlüssel verloren. Danach wirds mit 'extinction' einfach werden...,0
@Ralf64904117 Die sind so blöde 🤯🤯 es macht einen sprachlos 🤔 Schlüssel wegwerfen und gut is... 😂😂,0
"2/2   voll umweltschädlich Mit ihrer narzisstischen Hysterie vorm Tod versuchen sie nun das Fettmonster und deren Bundestags-Lakaien zu Zwangspolitik zu erpressen. Man muss wirklich jeden vor Deutschland und den Deutschen warnen,nirgendwo wird Wahn so extremistisch gelebt wie hier",0
@Ralf64904117 @Jeanett34822383 🙈🙈🙈🙈das tut weh🙈😂😂😂🙈,0
"2/2   und Hetze gewarnt wird.   Dass diese B-Promis selbst die Bürger stigmatisieren, die unseren Sebastian Wippel gerne als Oberbürgermeister sähen, kommt ihnen nicht in den Sinn    Sachsen stehen eben zu Deutschland👍  bald sind Wahlen da kommt es noch besser👏  Sebastian weiter SO👌",0
"2/3  Der Lutscher auf diesem Bild wohnt in Paris und Barcelona in den teuersten Wohngegenden und war wahrscheinlich noch nie in seinem Leben in Görlitz....wenn ich da an King abode, den Neubürger mit der sagenhaft großen fresse und 345 Anklagen, denke, dann sollte unbedingt https://t.co/aKnCsNvEac",1
2/2  endgültig zur Strunzenddummheit verurteiltes Kind bekommt nen Ehren-Doktortitel - das ist kaum noch zu toppen! 👏👏👏,0
"2/3  Maßnahmen frisches, arabisches Frischleisch beschafft zu haben,   Ach, eine Sache ist auch noch interessant: Der Anwalt, der Zenker verteidigt, ist ein alter Bekannter. Frank Hannig, ex-Stasi-Kader, ex-Pegida-Anwalt, Anwalt des angeblich 'mutig' durchgestochenen Haftbefehls https://t.co/ydpusW6G3W",0
2/2  vor Übernutzung und dem Klimawandel schützen. Feste im Grünen werden nicht mehr gestattet  Buhuuuuuuuuuuuuuu,0
@Ralf64904117 Ich versteh die Betonung 'weißer Brite' nicht?  Welche Hautfarbe sollte ein Brite den sonst haben ausser weiß? Ein Engländer ist weiß und rachitisch.,1
"2/2  Eiscremeverkäuferin eine islamische Frau mit Vollverschleierung  Der Halal-Fleischer der Stadt, die 2011 laut offiziellem Census 4033 Einwohner hatte, hat laut eigener Aussage in seinem ganzen Leben noch nie einen weißen Briten bedient, da es sie hier nicht mehr gibt.",1
@Ralf64904117 https://t.co/N5lfTbiOXO,0
2/2   Jedenfalls kamen mit etwa 150 Schülerinnen und Schülern deutlich weniger Teilnehmer wie zu den vorangegangenen Treffen.',0
@Ralf64904117 Geht jetzt beim Fressen auch schon dieses 'Zeichen setzen' los?,0
@Ralf64904117 @TNT26142414 Totaler KlimaBeschiss😂🤣😂,0
@Ralf64904117 Verschwulung,1
@Ralf64904117 Gefüllt mit Schokopaste von Nestle.,0
@Ralf64904117 Qualität statt Quantität...,0
"2/2   ja geplant, uns als Killer einen strammen, rechtsradikalen Reichsbürger zu präsentieren, der seit 2015 noch eine Rechnung offen habe mit dem Regierungsdirektor.   na mal schauen was wir noch alles vorgesetzt bekommen😡😡    https://t.co/4a4DfZkkUT..",0
@Ralf64904117 Da werden bei der 'Einlade' und  am 'Buffet' schon die Richtigen sitzen.,0
"@Ralf64904117 @friesenjens Ich frage mich eher, ob Grundschüler diesen Text geschrieben haben.",0
@Ralf64904117 Doch. Aber nicht im Bus.,0
@Ralf64904117 Absinth? Muss man sich denn völlig 'zuknallen'? Es geht doch auch mit Schönheit und entsprechender 'Hilfe'. https://t.co/izolIS6hlJ,0
@Ralf64904117 'Kevin ...allein zu Haus' 🤣😂 Fällt mir grad so ein.  Ich wäre da eher gelassen. Bei Kurz hats auch nicht lang gedauert.,0
@Ralf64904117 @Jeanett34822383 Erschreckend...,0
@Ralf64904117 Das ist eine Grundschule. Werden wohl nicht soviele mit dem Rad kommen,0
"2/2  Hauptbahnhof das bunte Fest des Fastenbrechens zum Ende des Ramadan, indem sie fröhlich 'Allahu Akbar' riefen. Die Feierlichkeiten wurden durch unsägliche Polizeigewalt rasch beendet. Einer der verhafteten Muslim*X musste sogar ein Messer zur Selbstverteidigung mitführen.💩💩",1
"@Ralf64904117 @BeaArep Smart guys 😂 der Staat ist nun mal so dumm wie er naiv ist. Warum sollten die Jungs ehrlicher Arbeit nachgehen, wenn das Leben so viel einfacher ist. Das nennt man Lebensqualität und wir zahlen dafür. Enjoy",0
2/2  bei Aldi alles umpacken kann och der arme Deutsche  na ja Hauptsache man kann mal im Internet einen auf dicke Hose machen mit lauter Luft drinnen  aber so sind sie eben  alles was man abgreifen kann wird mitgenommen🤮🤮,0
@Ralf64904117 Wir haben zwar keine Beweise aber wir haben sehr viel Phantasie und dazu politische Vorgaben zum Täterprofil.  :),0
"@Ralf64904117 Auf dem Frame (ich habe das Video nicht gesehen) sieht er (?) aus wie ein Trans-Dingens, bei dem nach etlichen Jahren  Testosteron-Behandung endlich der erste Bart sprießt....",1
@Ralf64904117 dieses etwas hat mir meinen Morgenkaffee versaut 😂,0
"2/3  das Bärtchen stimmt nicht so ganz. 🤔🤔    'Der' Miro ist bei Frau Kahane der Spezialist für Hass. Also, wenn Ihr was auf dem Herzen habt oder jemanden denunzieren wollt, ich bin sicher, 'der' Miro hat immer ein offenes Ohr für Eure Informationen:",0
"@Ralf64904117 das Wetter verkommt zum Geschäftsmodell, also läuft es eben jetzt wie in der Werbung..... das Wetter wird uns jetzt vermarktet !",0
@Ralf64904117 Das sind Dienstleiterinnen im MedienVerkehr. ;),0
"@Ralf64904117 @egon_dorge Morgens am Bahnhof in #FFM Dutzende von denen, in Schlappen ohne irgendwelche Taschen oder Mappen oder ähnlichem. Die stehen an den strategischen Ecken und lungern. Warten, dass die Lieferung kommt, oder das Wettbüro aufmacht. Wenigstens stehen sie auf.",0
@Ralf64904117 @FcmMicha1 Hoert sich schoener an als 75% der Fluechtlinge haben keinen Job gefunden oder 3 von 4 Fluechtlingen stuermen aufs Amt.,0
@Ralf64904117 Das kommt noch besser wartet mal ab wenn die Grünen Inzest legalisieren dann gehts richtig im Bundestag ab.......bunga....... bunga.....,0
2/3  Strafverfolgung führen........  Tja man sorgt eben schon mal vor und schwingt die ganz große Keule  sind eben doch nicht alle gleich wie es scheint😇😇  sage mal so Respekt sollte man habe das ist sicher    aber man muss sich nicht das Maul verbieten lassen wenn man was zu sagen,0
"@Ralf64904117 Das ist wieder so ein BestFollower-Müll. Einfach löschen. Auf keinen Fall anmelden, sonst versendet die App in Deinem Namen wiederum PMs an Deine Follower. https://t.co/ieTfD5r0Pw",0
@Ralf64904117 Lösche ich sofort....,0
@Ralf64904117 Mir ebenso! 🤔🤔,0
@Ralf64904117 In Bayern sagt man oft 'Der hat ein Schepperle',0
@Ralf64904117 @sheelockmaier Das sind 10 Mio zuviel,0
2/2   SO EINFACH IST BIN ICH AB HEUTE 25........    SEINE MUTTER HAT IHN MIT 12 HAHREN BEKOMMEN👏👏👏  VERARSCHT EUCH MAL SCHÖN SELBST.,0
@Ralf64904117 Wahnsinn.....,0
@Ralf64904117 Seh nichts... Nur Schwarz...    Sсhеiß Windenergie aber auch: Da kommen die Schwarzen des Nächtens gar nicht mehr zu ihrer gewünschten Geltung!?!    Mehr Licht!!!,1
@Ralf64904117 Sachsen wird immer attraktiver.. Schöne Landschaften und denkende Menschen.,0
@Ralf64904117 Hat die überhaupt ein anerkanntes Hochseepatent. Ansonsten frage ich ob Beszeichnungen wie 'Kapitän' Amtsanmaßungen sind?,0
"2/2  Gelegenheit so richtig in die Fresse zu treten !  Was unter der Sozentante Barbara Ludwig JETZT allerdings in Chemnitz passiert, schlägt jedem Fass den Boden aus !  Die Islamisierung von Karl-Marx-Stadt kommt ins Glühen....😡😡",1
"@Ralf64904117 @Joker19663 Auf dem unteren Bild werden die Temperaturen gaaaanz bestimmt in Fahrenheit angezeigt!    27 Fahrenheit = -2,78 Grad Celsius!     🤣🤣🤣",0
"@Ralf64904117 @TheRealJoe_1958 Sehr gut. Verblödung, wo man hinschaut.",0
@Ralf64904117 Demnächst schießen dann Flammen aus den roten Bereichen 🤣,0
@Ralf64904117 Hochgradig wissenschaftliches arbeiten hier.. X beliebige Tage mit einem Tag der grad ins Wunschdenken passt vergleichen. Und einzelne Wetterfluktuationen in Deutschland als Maßstab hernehmen...,0
@Ralf64904117 Alles eine Frage der Skalierung. 😁,0
"@Ralf64904117 @Jeanett34822383 Unglaublich. Die kannste nirgends hinlassen. Keine Sau glaubt,daß Deutsche (Daimler und Benz) das Auto erfunden haben. Wenn man die Kreatur betrachtet.",0
@Ralf64904117 @DavidMC978 Auch so ein kleines Windrad hat seinen Stolz!  'Von dir lass ich mich nicht drehen! Hexe',0
@Ralf64904117 Sollte man auf die Steuern erweitern. Du altparteien dürfen sich nicht mit nazigeld bereichern. Muss allea zurück an die Bezahler.,0
@Ralf64904117 Ich auch! Nönönö! Wenn die Gier größer ist als der Verstand ! 🤷‍♀️,0
"@Ralf64904117 Also mein Mitleid hält sich in Grenzen, Dummheit muss bestraft werden zumal es genügend Warnungen gab. Aber man wollte halt ein Guti sein, Pech gehabt👍",0
"@Ralf64904117 @blacklabel_76 Nöö, da hält sich mein Mitleid in Grenzen. Die wollten sich am Staat bereichernd und jetzt haben sie die Bescherung!",0
"@Ralf64904117 @SilviaHerrmann_ Fünf Jahre, - die jetzt kommen brauchen dazu nicht so lange. 😉",0
@Ralf64904117 @DavidMC978 https://t.co/YkgyAWbZmD,0
In derselben Sitzung hat man gemäß einem gemeinsamen Antrag von Rot-Blau dann noch Glyphosat verboten.,0
@mainwasser Gibts auch ein Foto von Kiesinger &amp; Filbinger et. al.?,0
@mainwasser Vorwärts auf dem Weg zur Sozialistischen Einheitspartei Deutschlands.,0
@mainwasser https://t.co/oUHF6CFPtv,0
Spoiler: es ist weder Blackrock-Friedrich noch die glücklose Saarländerin. https://t.co/ZPoNh1Vjk3,0
'Erz' käme in Frage.   'Blümchenkaffee' fände ich etwas zu lang.,0
@mainwasser 😂 😂,0
@mainwasser Verzweiflung pur! 🙄,0
Selbstführende Parteien. Es könnte alles so einfach sein.,0
@mainwasser Und wo sind die Dominosteine?,0
@mainwasser Oterhasi haben will! 🐰,0
@mainwasser Schön ne... 😂,0
@mainwasser Spekulatius auch schon gesichtet? 🥺,0
"Der Gabriel hat in letzter Zeit so viele gute Ideen. Ach, wenn er doch in seiner Partei je was zu sagen gehabt hätte!",0
@mainwasser Olaf hat das mit dem 'an sich glauben' ein bisschen falsch verstanden! 😄,0
@mainwasser '... liebe Kinder:  *deshalb* nimmt man keine Drogen!',0
"- Es ist kein sozialdemokratischer Wert, das eigene Land an die Welt zu verschenken.  - Wohlfahrtsstaat und offene Grenzen sind inkompatibel, man muss sich für eins entscheiden.    Die dänischen Sozis haben das verstanden. Darum gewinnen sie heute die Wahl.    https://t.co/smRR2H0083",0
"Zweimal vier gibt zwei runden Bier. Oder doppelt hält besser.    Der #EkelWilfred, alias das A…loch #Wiltewka, Papa #Wilberg von der Capitol, #WilayaWilanar &amp; O. #Wilke https://t.co/CkYLdgQ4RS",1
"Sie hat Deutschland FAST alleine zu klump gefahren, warum sollten wir ihr nicht was größeres anvertrauen. Sie hat auch beste Referenzen um Junker würdig zu sein.    Übrigens nichts gegen Frauen am Steuer. Sie sind die besseren Fahrerinnen.    Liebe Kinder #dontdrinkanddrive danke. https://t.co/wwpua6mTsE",0
"Diejenigen, welche die Regierenden zur Aufrechterhaltung ihrer Diktatur unterstützen, sind schwache Persönlichkeiten, die das Volk geradezu in die Falle geraten lassen.'  Wilal Wilatürk, hasser der neuen Türkei    Gib #Faschisten und #Faschismus keine Chance  https://t.co/3zwtq8Seds",0
"Also ihre und die HD-Videos der #Influencer z.B.. Ok, Energieumwandlungssatz ist Physik und Elektronik, und das liegt Mädels in der Regel nicht so sehr. 😉    #Molekülschwingung  https://t.co/sFpb4hiZrp    #Energieerhaltungssatz  https://t.co/iJyg2I2QPs",0
"Bushs Nachfolger Obama befürwortete das Gesetz. In den 8 Jahren der Regierung Obama wurde der Grenzschutz kontinuierlich ausgebaut.  https://t.co/NgQWDHLGVb    Apropos #Merkel &amp; Mauer.  Andere Länder, andere Einstellung.    Aufklärung von Jasinna  https://t.co/8RWYwkKtqW    #DerAufklärer",0
@Uwe_Junge_MdL Wie heißt der Zustand wenn man zu viel getrunken hat und deswegen wirres Zeug von sich gibt?  Blau eben😂😂,0
@Uwe_Junge_MdL expertentipp:  durch viele ausrufezeichen werden fehlende argumente für alle besser sichtbar.,0
@Uwe_Junge_MdL Wenn Hasardeure ohne Hirn das Geld anderer Menschen in die Hand nehmen!,0
"@Uwe_Junge_MdL Jüngelchen, wenn Sie schon Ihre Ängste hier kolportieren müssen, dann überlegen Sie doch, was Sie posten.  Aber vermutlich hätten Sie auch gegen die Eisenbahn und das Auto gewettert , wenn es ihre Zeit gewesen wäre.    Oh ich vergaß, da  leben sie ja immer noch.",0
"@Uwe_Junge_MdL Ach Übrigens: Schwarz, Rot und Gold sind die Farben der Deutschen Demokratie. Also definitiv nicht die Ihren.  Lassen Sie gefälligst die Finger davon!",0
@Uwe_Junge_MdL Die Brennstoffzelle wird die Zukunft sein. Nicht der extrem umweltschädigende Lithium-Akkumulator.,0
"@Uwe_Junge_MdL Die rechtsradikale AfD, ebenfalls extrem leistungsschwach und sehr teuer für den Steuerzahler.",0
"@Uwe_Junge_MdL Blöde Frage, wann sollte man ihrer Meinung nach anfangen alternativen für einen endlichen Rohstoff (Erdöl) zu suchen? Von den Erfahrungen der BVB werden alle Städte profitieren.     Man merkt halt das AfD nur von 12 bis Mittag 'denkt'.",0
@Uwe_Junge_MdL Das sagt ja genau der Richtige ... ;-),0
@Uwe_Junge_MdL Und wann gehen Sie?,0
"@Uwe_Junge_MdL Also Wirrköpfe gäbe es ja noch einige. Kümmern sie sich um alle rechtsradikalen und verfassungsfeinde. Oder lösen sie die Partei auf, das wird wohl einfacher.",0
@Uwe_Junge_MdL Wenn die AFD konsequent wäre gäbe es nicht mehr viel von ihnen.    Alao nur ein Bauernopfer.,0
@Uwe_Junge_MdL Wo denn sonst 😂 Die AfD besteht nur noch aus solchen.,0
"@Uwe_Junge_MdL Wirrköpfe wie sie dürfen sicher bleiben, oder? Eigentlich gut so. #AfDwürgt #NazisRaus #Kantholz",0
"@Uwe_Junge_MdL Ui wie geht der Spruch, die kleinen hängt man, die großen lässt man laufen. Wenn sie die Typen rauswerfen, die in #Chemnitz mit diesen #AdolfHitlerHooligans durch die Straßen gezogen sind, dann ja dann sind sie glaubwürdig ansonsten bleibt es beim Naziheucheln der #sogAfD",0
@Uwe_Junge_MdL Wann gehen Sie?,0
@Uwe_Junge_MdL Die AfD will das deutsche Volk also nicht retten.,0
"@Uwe_Junge_MdL Hauptsache stolz auf die Leistungen der deutschen Wehrmacht sein - die hat ja nie Unredliches getan, bis auf ein paar „kleinere Exekutionen“ an Zivilisten, Beachtung des sogenannten @Kommissarbefehls“, und dem gegen das Völkerrecht verstossenden Überfall auf Polen am 1.9.39. 🙄",0
"@Uwe_Junge_MdL Macht ihr gegen prominenter Mitglieder auch was, wenn die solchen Mist erzählen? Oder gegen die rechtsradikalen in der Partei?",0
@Uwe_Junge_MdL Unsere Kinder würden uns euch Nazis niemals verzeihen.,0
"@Uwe_Junge_MdL Ach Uwe... weisst Du eigentlich, was Sozialismus bedeutet?",0
@Uwe_Junge_MdL 1. Kein Sozialismus  2. Immer besser als die Alternative 🙈 für Deutschland #noafd  3. Mimimimi,0
"@Uwe_Junge_MdL Die Katze ist aus dem Sack! Wer #AfD wählt, wählt den #Faschismus zurück! Die Menschheit wird Euch verfluchen!",0
@Uwe_Junge_MdL Wählt bitte Sozialismus.  Die Grünen sind eindeutig der falsche Weg um dieses noble Ziel zu erreichen.,0
@Uwe_Junge_MdL Was soll der unfähige dicke Lars auch sonst sagen?,0
"@Uwe_Junge_MdL @MolleKuel Wie geil...die Ökofaschisten mit dem widerlichen Rest der DDR, bestehend aus Wendeverlierern und Altkommunisten...wir gehen alle vor die Hunde. Wie Berlin und bald auch Bremen",0
"@Uwe_Junge_MdL @Herb_Freising 3 mal linksverwirrte, das kann nicht gut gehen.",0
"@Uwe_Junge_MdL Unsere Nachfahren werden uns danken, dass wir sowas wie Sie und Ihresgleichen nicht zugelassen haben.",0
"@Uwe_Junge_MdL Ach bitte,, langweilen Sie uns doch nicht mit solchen Kommentaren.    Danke",0
"@Uwe_Junge_MdL Sie müssen jetzt ganz stark sein Herr Junge, ihr Nazipack will niemand in der Regierungsverantwortung ausser ihren 12-14% der Wähler.",0
@Uwe_Junge_MdL Marxismus ist Krebs.,1
"@Uwe_Junge_MdL Wer AfD wählt, wählt Stillstand, Nationalismus, Umweltverschmutzung, Kleingeisterei und abgehalfterte Politiker. Die ihre Ängste, vor Veränderungen, allen Leuten an den Hals hängen wollen.",0
@Uwe_Junge_MdL https://t.co/j6EbduV0Hm,0
@Uwe_Junge_MdL @loriotfehlt https://t.co/f8A8q1gdjm,0
@Uwe_Junge_MdL @Frank_Pasemann Die Junge Alternative fordert doch einen Wandel der AfD Klimapolitik. Die verfluchen euch jetzt schon für die stumpfsinnige Klimaleugnerei im Parteiprogramm. Bald gehn die zu den Grünen!😂😂,0
"Unser überalles geliebter Bundeskanzler,Wiedervereinigungs, EU,Inniator und Gründer,ist verstorben!Ich gedenke seiner Lebensleistung!",0
"Jedes Land hat seine Tradition,durch die heißen Mittagstemperaturen in Italien,verlegen die Italiener Ihre Familienaktivitäten auf den Abend",0
Dachschaden des Tages. https://t.co/LEzCSvFqZG,0
#TT4F   @ScarfaceQbc @VanessaNut20202   @MGWV1OO @VinBerger1   @kleinslag @Ahmad_Haif   @loversseIfie @BleuAnnRN   @exploradoryanez @TT4F_Elite1 https://t.co/EiC6U8mLIo,0
hat einen Link geteilt https://t.co/gWt0oIWyh9,0
Unsere Demokratie https://t.co/YC5B0G89aw,0
"Posten werden schon vergeben!  Gabriel Außenminister?Soll mal Vaterschaftsurlaub beantragen!  Ein Ende mit Schrecken,besser als Dauerschrecken",0
"Nicht nur für die SPD eine Überraschung,  sondern auch für die CDU/CSU  für die Bundeskanzlerin Merkel  Schulz der schreiende Politiker  !",0
"@XYEinzelfall @tantegerd1   Vorgeladen, wurde ich wegen versuchten Mordes!  Nach Anhörung der Zeugen u meiner Erklärung,' Einstellung'!",0
"@XYEinzelfall @tantegerd1   Ich schlug ein paarmal zu,Ober u Unter Kieferbruch,sowie zertrümmertes Nasenbein!",0
"@XYEinzelfall @tantegerd1   Ist mir auch schon passiert,  bei mir war die Frau,die Anbaggerin!  Der Mann riss mir mein gutes Hemd in Fetzen!",0
"@XYEinzelfall @tantegerd1   Ein Vater kann seinen Sohn nicht kidnappen!  Wenn schon dann wurde er wegen Entzug der Sorge,verurteilt!",0
@XYEinzelfall @tantegerd1   Unmöglich liebe Leute und auch Rüge an das Gericht!,0
"@ardmoma   Dieter Bohlen zum Beispiel sah neulich wie ein abgearbeiteter Maurer aus,jetzt ist sein Face länger und gestrafft!",0
"@ardmoma   Sie haben gerade die Schönheitsveränderungen Prominenter,meist Frauen gezeigt!  Mich interessieren aber d Männer,wie Dieter Bohlen!",0
@wendt_joachim aber durchdacht. ..wären dann ungefähr die Menge die uns der Sultan androht  😉,0
"Moschee vor der Villa von   Arbeitgeberchef Ingo Kramer,  der verlangt bis zum Jahr 2030       3 Millionen Zuwanderer!  Aber mit 6 Minarette!",0
"Inzwischen haben die Super Kapitalisten,die Merkel schont,soviel Mammon,das die nicht wissen,wohin damit!  Die Nachfrage regelt den Wert!",0
"Tatsache ist,  ohne die Flüchtlinge,hätten wir die Probleme,die die Flüchtlinge uns bereiten,wohl nicht!  D Argument, diese bräuchten wir?",1
"Polarisation!  Gewalt,gegen Frauen u Kinder!  Alle Männer!  Scheidungsursache,Männer!  Vergewaltigungen,Männer!  Also werden wir die abschaffen?",0
"Vernunft ist letztendlich das, was übrig bleibt, wenn alle Träume gegangen sind.",0
Unsere Regierung unterstützt Diktaturen und fördert den Waffenhandel!  Der Nahrungsmittelindustrie ebnet den Hof für ungehinderte Ausbeutung!,0
"Unserer Regierung,regiert nicht sondern ermöglicht den Konzernen ungezügelten Kapitalismus!  Weg mit den EU Fischfangflotten vor Ostafrika",0
"Zur Dresdner Montag Demonstration,sollten alte und junge vereint gegen diese Platzhaltende Regierung auf die Strasse Ihre Abscheu,kund tun!",0
"Regierungsparteien wollen uns mit der Renten Diskussion täuschen u zur Wahl d Rentner mobilisieren,diese unfähige Regierung wieder zu wählen",0
"Rentendiskusion von den Regierungsparteien vorgeschoben!  Nur 3% Rentner werden zur Zeit bezuschusst!  Viel schlimmeres Elend,'Kinderarmut'",0
"#illner   Die SPD,die dieses Elend verursacht hat,ändert Hartz IV und tut so, als ob die SPD, jetzt die Wohltäter sind!  Täuscher Schröder!!",0
"#illner   Als MANN   10 Jahre für die Frau  27 Jahre Versicherungspflichtig  18 Jahre Selbständig  13 Jahre Alleinerziehend,  700 € Rente aus 27J",0
@seniorcontent,0
"#MarkusLanz  Gerade unterhaltsame Konversation, gähn ............gähn!",0
"#illner   AfD ist nicht Rechtspopulistisch,haben keine Angst vor Abstieg,AfD Wähler sind Mittelstands burger,wollen keine Unkontrollierte EW",0
https://t.co/VEeZudCrJ1,0
Clever kombiniert mit der #GigaKombi von #Vodafone. Kannst du das Rätsel auch lösen?  https://t.co/aSjoHxwnsO,0
"#Medaillenspiegel  Die Grünen sind in den meisten Deutschen  Bundesländern in Koalitionen in der Regierung,!  'Und die wollen Massensport'",0
https://t.co/wscDOnkoCg,0
"Vermögende haben Angst,vor einer Selbstbewusten,Unabhängigen Bevölkerung!  Wer sollte dann noch für diese arbeiten!  Fachkräftemangel?",0
"Die Polizei hat Angst,vor einer friedlichen Bevölkerung!  Politiker haben Angst,vor fehlenden Themen!",0
"Der Imam hat Angst,das seine Gemeinde,etwas lernt,was in diesem Zweifel bewirkt!  D Arme hat Angst,d es dem noch Ärmeren,besser gehen könnte",0
"Der Chef hat Angst,das sein bester Mann/Frau im Lotto gewinnt!  Der/die Ehemann/frau hat Angst,das der Partner jemand anderes kennenlernt!",0
"@Sweety_4711   werden wir in Deutschland von der ähnlich großen Terrorwelle wie in Frankreich,verschont werden",0
"@Sweety_4711   die sich im eigenen Land,eine Medizinische Vorsorge ersparen,",0
"@Sweety_4711 .  Solange Bayern ein Medizinisches Centrum für Arabische Magnaten ist,!",0
wie wir uns selbst schützen können!,0
"Wenn deutsche Ordnungskräfte nicht in der Lage sind,Deutsche,Migranten und Asylanten,Waffenlos zu halten,müssen wir uns Überlegen",0
Lösung  alleinerziehende Väter!,0
"Nahezu 1 Millionen alleinerziehende,leben in Deutschland in Armut!  Die Väter bezahlen keinen oder nur sporadisch Unterhalt:",0
"Brexit?  Was muss sich in Deutschland andern,um d Negative Stimmung und das Gefühl der Ungerechtigkeit in eine Positive Stimmung umzuwandeln?",0
"Können sich einmauern und Ihren eigenen Käse essen!  Natürlich ist die EU nur vom Vorteil,für die,die auch Reisen wollen und auch können!",0
"Warum denn nicht gehen lassen,z Bsp Griechenland,Ungarn,Polen?  Sollen Sie doch Ihren eigen Laden in Schwung halten.Noch bekommen diese EU €",0
"Brexit Befürworter,sind der Meinung,'es gibt zu viel Ausländer in England'!  Dann jagt mal die vielen Illegalen Polen,raus!",1
"Achtung!  NDR Info,beim Wetter,wird die Temperatur in 'Helmstedt' angesagt!  Alle im Waldbad,jetzt bestätigen,wenn Ihr gerade twittert!  MfG JW",0
"Sie hat Ihn schon sonst wo,dann sagte Sie,'ne ich will nicht mehr'!  Ich zog meine Hose wieder an und sagte' na gut'! https://t.co/h3ZgAYMGe3",0
Da würde sich die AfD wohl freuen!  Soviel Aufmerksamkeit und Beweise gleich vor Ort! https://t.co/hWR4rNniw6,0
"So kann man mit uns gebildeten Bürgern nicht umgehen!  D SPD glaubt, wir wären alle blöd!  Vielleicht mit Neubürgern,d nicht Deutsch sprechen!",0
"Prof. Heiner Flassbeck: 'Die SPD hat alles falsch gemacht, was man falsch machen kann' https://t.co/q2GSnQ0OcB",0
"Guten Morgen 🇩🇪!  Das alles hat mit Journalismus nichts mehr zu tun, das ist Stimmungsmache für eine bestimmte pol. Richtung, die diesen Leuten privat am Herzen liegen mag.  Eine solche Stimmungsmache ist nichts weniger als Manipulation der Bürger.  #AfD  ➡️ https://t.co/cYTcAfBCk7 https://t.co/3vQeGPEeom",0
"Guten Morgen 🇩🇪 !  Ich möchte all denen, die uns gestern das Vertrauen geschenkt haben, von Herzen danken.  Zeit nun für uns, den Wählerauftrag umzusetzen. Zeit, mit den anderen Patrioten Europas die Reparatur der #EU anzugehen. #AfD  #EuropaWahl2019   ➡️  https://t.co/ne5b77DErV https://t.co/U3r7KDyrCM",0
"@dreher_ingrid @Joerg_Meuthen Ja, da sind ganz schlimme Verschwörungen im Gange. 🙄 In Wirklichkeit ist Frau Merkel vom Mars und plant eine Invasion der kleinen grünen Männchen. 😎 Kommen Sie mal in der Realität an.",0
💙liche Grüße aus #Mailand vom großen Treffen der europäischen Patrioten auf Einladung von @matteosalvinimi! 🇮🇹🇩🇪  #26maggiovotoLega #Europawahl2019 #EP2019 #EUWahl2019 #EUWahl #AfD #Lega https://t.co/wap6bam2TW,0
https://t.co/NxeCnIFDP3,0
"Vielen Dank, dass du mir geholfen hast, 100 Follower zu erreichen. Das hätte ich ohne dich nicht geschafft. 💖👍",0
https://t.co/nfclMQTZD1,0
"Die Frage stellt sich doch : Was ist überhaupt noch realistisch, was diese Regierung an Lippenbekenntnissen vermittelt! https://t.co/08ymGF77M4",0
Kanzlerindebatte: Konservative in der Union fordern Merkel zum Rücktritt auf https://t.co/NRMN7lDHzr via @SPIEGELONLINE,0
https://t.co/7eMdhpoloD,0
https://t.co/6WclAbyrMf,0
https://t.co/U9kgM5B9Gd,0
https://t.co/SCKCHwFxUv,0
https://t.co/dCKyLb8TtR,0
BUDAPEST https://t.co/2V4YXPyBK7,0
https://t.co/K77XgNVfgc,0
https://t.co/EL5vJUBL3V,0
Impressions https://t.co/qwqIs8nqVw,0
https://t.co/3SXTjRT5AU,0
https://t.co/1G5dcHOrdQ,0
https://t.co/UiuqzoMbqb,0
https://t.co/BJKudFgTgT,0
Sprüche App: https://t.co/eNFKXFX2oI https://t.co/cJa6hDvFWQ,0
"Bundesärztekammer: Satzstreichung - Blutspende Richtlinien „auf Männer, die Sex mit Männern haben“. https://t.co/h9tBQCMG9S via @ChangeGER",0
https://t.co/mfQuLv3sDu,0
Sprüche App: https://t.co/eNFKXFX2oI https://t.co/SgXOC4kS2g,0
https://t.co/VrOzMMOOnX,0
https://t.co/LEadw5AeWv,0
https://t.co/Ca5kjVsdyR,0
https://t.co/1lRGhGj5Ls,0
https://t.co/pi0UaeTjsg,0
@VfL_Wolfsburg Mannschaftsfoto,0
„Angela Merkel (CDU): Unsere Ozeane sind keine Müllkippe! Frau Merkel stoppen Sie diesen Irrsinn!”... https://t.co/zNpcawsa5P via @ChangeGER,0
"Hat jemand 'Talk im Hangar 7' gesehen? Sehr löblich, wie im österreichischen TV offen und ohne Nazi-Tourette über Gefahren und Probleme mit den Zugereisten gesprochen wird. Bin echt begeistert. In Deutschland ist das undenkbar. Und dann waren sich am Ende auch noch alle einig!",0
Hier zeigt der Islam sein wahres Gesicht!  Dieser Terror wird auch auf Deutschlands Straßen ankommen.  Der Großteil des deutschen Volkes wird hier eine Mitschuld tragen müssen für all die Toten die hier zu erwarten sind. https://t.co/d82rA1mwqW,1
Na also: Es braucht die EU gar nicht für vernünftige Regeln der Zuwanderung. Schweiz und Grossbritannien einigen sich ohne die herrschsüchtigen Bürokraten von Brüssel. Das ist die Zukunft. Bilateral auf Augenhöhe.  https://t.co/x19e6Ev7wB,0
Auf zur Schlachtplatte... https://t.co/gkWgBNPHdt,0
"@monettenom @IQ_Stimulator - Einwegpfand hat Mehrweg reduziert  - E10 hat Raps Monokulturen gefördert  - AKW Ausstieg, CO2-Reduktion vermindert  - EEG führte zu zweithöchsten Strompreisen in EU    darf ergänzt werden.",0
"Aus europäischer Sicht sicher alles andere als geschickt.   Moderne Kriegsführung, so würde ich das bezeichnen. https://t.co/TP1NNHVxko",0
"++ Wohlstandsvernichtung ohne Gnade: Geldtransfers aus Deutschland brechen alle Rekorde ++  Es ist eine schier gigantische Summe: 5,1 Milliarden € von Migranten flossen 2018 ins Ausland ab. Das ist eine Steigerung um über 40 % gegenüber 2015.  #AfD  ➡️ https://t.co/z8ZJGgE6Lt https://t.co/GQXKIpACwj",0
"⚠️Gewalt gegen Deutsche nimmt zu!⚠️    Ein Lagebild des #BKA zeigt, wie viel häufiger Deutsche Opfer einer schweren Straftat durch einen Flüchtling werden, als dies umgekehrt der Fall ist.    ⚠️Flüchtlinge werden vor allem von anderen Ausländern angegriffen⚠️    https://t.co/dBhAAnouVZ",0
"Sind doch nur Symptome, die Wirtschaft wird attackiert, darum geht's.  Kein Land in der Welt hat Probleme mit feinstaubverteufelten Öfen oder Dieselfahrzeugen, aber zum Teil niedrigere Grenzwerte. Die Nachbarn wie z.B. die Schweiz zeigen es. https://t.co/RXJbbu71he",0
"Was für eine widerliche Scheisse!    Ich hab noch keine einzige Doku gesehen, in der muslimische Kinder eine Kirche besuchen und mit gefalteten Händen vor dem Altar unseres Herrn beten und sich bekreuzigen.    Hier wird verharmlost, was unsere abendländischen Wurzeln später tötet! https://t.co/1LUrCBt4q2",1
"Zur Erinnerung: Tausende #Terroristen kamen (&amp; kommen!!!) über die mehr oder weniger ungesicherten, illegalen Migrantenrouten nach #Europa. Darunter #IS-Kämpfer. Jetzt haben wir alle Hände voll zu tun, um Terroranschläge zu verhindern. #Merkel sei Dank! 😠  https://t.co/J9NUhXbcyW",0
"Merkel wäre zwar verpflichtet, im Interesse Deutschlands zu handeln, handelt aber im Interesse anderer Länder - das nennt sie dann ‚Multilateralismus’. Dies preist sie als politische Tugend an, um selbst als Trägerin einer besseren Moral dazustehen.   https://t.co/rPaVA8HTOi",0
"Komisch, davon liest und hört man gar nichts bei Staatsfunk und linker Lügenpresse?    https://t.co/D9tCpc8iXC",0
"@helllud123 Nach dem Tritt in die Magengrube durch das Wahlverhalten der Niederländer, will man nicht den Eindruck erwecken, daß es in Italien ebenso läuft und sich der Stimmenanteil der Lega mal eben auf fast 34% verdoppelt. Immerhin ist bald #Europawahl.",0
"@Fuckologe @helllud123 dann retweetet die Wahrheit weiter:  Gretchens Verarsche ist für die Initiatoren d. Show ein hervorragendes Geschäft.  KLIMA-GRETA, 16, ist jetzt für Atom-Energie:  https://t.co/xQG3ocefxl https://t.co/HYtfcn8PZw",1
"@helllud123 Klar, weil wir mittlerweile im deutschen Nordkorea leben. Abgeschirmt von der Wirklichkeit. #Kimjongangela",0
@helllud123 @artep21 Ich hatte vor kurzem sogar irgendwo gelesen dass Salvini und Lega an Stimmen eingebüßt haben. Was ich persönlich verwunderlich fand weil Salvini gefeiert wird als wäre er Rockstar Boyband und ein Einhorn in einer Person,0
Versteht einer der linken Pinsel den Satz überhaupt? https://t.co/eGLxX7Yq9d,0
"Deutscher Rechtsstaat, wie von Kafka beschrieben. AfD ist vorm Tribunal öffentlicher Meinung angeklagt, Staats- und Haltungsjournalisten (selbst das Relotiusmagazin Spiegel!) haben die Anklageschrift vorliegen, nur der Angeklagte darf nicht hineinsehen. https://t.co/mOK7P5NFu9",0
"Die Slowakei erkennt den Islam nicht als Religion an: Keine Moscheen, kein Terrorismus https://t.co/muMXtICGbS",1
"Ich frage: Was wird auf den Straßen hier los sein, wenn wegen #Digitalisierung die einfachen Jobs knapp werden u wir die vielen sozialen Wohltaten nicht mehr finanzieren können. Scholz sagt jetzt schon eine Milliardenlücke voraus u will d Mittelschicht noch mehr ans 💴.#Migration",0
Wir haben jetzt schon aufgrund der Energiewende die höchsten Strompreise und eines der instabilsten Netze in ganz Europa. Der überstürzte Kohleausstieg wird das noch verschärfen. https://t.co/pcbK1MRyQM,0
"@c_muc @SPIEGELONLINE @nicolediekmann Oscar Wilde sagte „Wer schon nicht denkt, sollte wenigstens hin und wieder seine Vorurteile neu sortieren.“ Ich bin bereit: Die neuen Faschisten heißen Antifa. Der Islam bringt uns das Mittelalter zurück. Früher war mehr Lametta.",1
"@KubusSc7 @dushanwegner Dafür verliert die SPD massiv und die CDU auch nicht unerheblich. Konstant, trotz absolut unfairen Methoden, ist die AFD.  Die Deutschen sind nicht so minderbemittelt wie die Politik und ihre Helfershelfer, die Medien, es gerne darstellen.",0
"Die ehemalige Landessprecherin der Grünen Jugend SH Miene Waziri, vorgestern bei Twitter. Natürlich hat sie den Tweet gelöscht. Während hier ganz offen über die Auslöschung des Landes fantasiert wird, prüfen die (gefügig gemachten) VS-Ämter, ob die AfD beobachtet werden sollte. https://t.co/VoT6N6KTwD",0
Der steuerfinanzierte #WDR macht Werbung für Zuwanderung aus #Marokko und  informiert in arabischer Schrift über das #Fachkräfte-#Einwanderungsgesetz. https://t.co/Gt6SCnqU5J,0
"#Greenpeace versucht zu vertuschen, dass ihr eigenes Schiff, die #RainbowWarriorII in Bangladesch unter katastophalen Bedingungen (Giftstoffe gelangen in die Umwelt) abgewrackt wird! #umweltsünder    https://t.co/6l34bieDXY via @SPIEGELONLINE",0
"Kennt ihr noch das Buch 'die Welle'?  Die #Gutmenschen merken gar nicht, dass sie in ihrer hysterischen Jagd auf AfDler Hauptakteure im größten Manipulation-der-Massen-Experiment der Nachkriegszeit sind.",0
"Das intellektuelle Erbrechen eines Georg Restle, die geistige Diarrhoe einer Anja Reschke. Claas Relotius ist kein Einzelfall, wie Gerhard Strate exzellent herausarbeitet. https://t.co/wuqgyO4np5",1
Hat jemand etwas anderes erwartet? 🤔 https://t.co/wceTFF2t40,0
Der NO2-Jahresmittel-Grenzwert für die Außenluft beträgt 40 µg/m3.  Eine Zigarette hat 1.200.000 µg. #IchfahrDieselTagundNacht,0
"@webaxvita @ichbinkoelnerin + ich dachte der braune Spuk, von 1933-45 ,sei vorbei❓ Falsch gedacht ,die haben nur die Vorzeichen + Farben geändert ! Merke👉dieses diktatorische System verachtet das aufgeklärte Volk, auch Nazi genannt +wird es, für seine Ziele +den Machterhalt mit allen Mitteln verteidigen😠",0
"@maerker2011 @webaxvita @CorneliaNoack Machst Du nicht.Bin Wossi,Kölnerin'geflüchtet vor 24 Jahren aus der türkischen Besatzungszone' ins damals so herrlich unbesetzte Sachsen,die Realität hat mich eingeholt und schlimmer noch.Bin hier sensibilisiert worden. Wessis sind'Verarschung'so gewöhnt und halten es für normal.",1
@webaxvita https://t.co/EDgZv0Ck8K,0
"Heute sage ich, es war 89 falsch die Stasi-Unterlagen nicht zu veröffentlichen. Wir hätten heute nicht dieses dreckige, kranke linksfaschistoide Deutschland! Ja, es war falsch, wir hätten heute nicht täglich Tote zu beklagen! https://t.co/zUYuAiqZJQ",1
Wozu uns der Migrationspakt wirklich verpflichtet. Juristen fahren der Bundesregierung in die Parade. https://t.co/UK0sYwC1sh,0
"Man muss leider auf „Westmedien“ zurückgreifen, um einen halbwegs neutralen Blick auf die Vorgänge in Deutschland zu haben.  #Migrationspakt   https://t.co/3OF1yvrdq9",0
"Ich habe eine junge Frau (19) aus Syrien kennengelernt. Als ich sie fragte, warum sie nach 6 Monaten Aufenthalt in der Türkei unbedingt nach #Deutschland kommen wollte, sagte sie:'In der #Türkei musst du arbeiten, um Geld zu bekommen. In Deutschland bekommst du auch so Geld.'",0
Mittlerweile überall gelöscht von mir Gratis immer wieder gerne‼️#wirsindderSand https://t.co/gZtg7piEyM,0
'Auch in der Medienlandschaft haben viele offensichtlich ihre Karriere der eigentlich unangemessenen Nähe zur ... Bundeskanzlerin ... zu verdanken. Und das gilt insbesondere für das fälschlicherweise 'öffentlich-rechtlich' genannte Parteienfernsehen.'  #GEZ https://t.co/LaoztCTP7X,0
Der kleine Unterschied https://t.co/rDQxzFaRhX,0
"Sie jagen Menschen die eine andere Meinung haben. Drohen mit Gewalt, fordern das dir dein Chef kündigt, stecken dein Auto in Brand, bedrohen deine Familie &amp; beschmieren deine Wände &amp; merken nicht das sie selbst rote Faschisten sind.",0
"@helllud123 @QueeniePi @jreichelt @BILD Mir wollte dazu nichts einfallen, dann der Witz, seit 19 Jahren am UN-Migrationspakt: 'Recht auf TOTALE Flucht' gearbeitet wird, und ein @jreichelt von der @BILD nicht mal kurz vor der Unterzeichnung seine Leser unterrichtet.  ➡️https://t.co/vdHH7VwbZi  ➡️https://t.co/nTOqaZl6VV https://t.co/XRfBdhJXvc",0
"Ich sehe nicht ein weshalb AfD-Wähler zu den C-Parteien zurückkommen sollten - im Gegenteil. Die AfD ist schon allein vom Parteiprogramm her die weit bessere Alternative, denn sie will sogar mehr Demokratie für die Bürger. Aber der Schritt zur AfD benötigt etwas Mut... https://t.co/MaFgue83eQ",0
"@welt Schreibt ruhig dazu, dass das aber nur die internationale LINKE Lügenpresse denkt!    Merkel MUSS weg! Und zwar richtig weg! Nicht nur halb!",0
😲😲😲 https://t.co/lDRGgARxgf,0
Moin.Euch allen einen schönen Dienstag! ☕☕ 🌞    @WirtschaftDE @tbgstephen @crypt_ghost  @assassina36 @mahsti25metana1 @55Uli @hansalbers100 @m_aus_s @ditschi25 @webaxvita @Lars9596 @sabine_m_b @jaegermeisterl @MickDonner @Connybub  @Hundebrunomama @CroqiSunshine  @Ralf91249454 https://t.co/bym2zVnXpm,0
Dänemarks Regierung will nationale Asylpolitik grundlegend ändern. So sollen keine weiteren 'Flüchtlinge' aufgenommen werden und zukünftige Aufnahmen sollen mit ihrer schnellstmöglichen Rückkehr in ihre Heimatländer verbunden sein. Beneidenswert!   https://t.co/6QLQCKqXyj,0
So ist es! https://t.co/nL02t7AY88,0
#MeTwo  Alltagsrassismus  Eure Gäste https://t.co/utlf6DgMLT,0
"Am 14.10.2018 ist das alte, kluge Bayern gestorben. Bayern wird ein gewöhnliches Bundesland werden, zerstritten, wacklig und zukunftsblind. Schade, sehr schade. Pfüati Gott, Bayern – wir hatten dich lieb! https://t.co/sEGAMkNGk1",0
"@Uwe_Junge_MdL Wer Euch ( sog. AfD) wählt, der wählt Faschismus, KZ und Genozid. Trägt dann auch Schuld an neuen Kriegen. Dann doch lieber „libertad o muerte“",0
"@Uwe_Junge_MdL Was ein dummes Geschwätz, aber von Ihnen erwartet man nichts anderes...",0
"@Uwe_Junge_MdL Uwe, Junge! 😀 In Thüringen läuft das doch ganz gut!",0
@Uwe_Junge_MdL General Desaster redet Unsinn ☝🏽,0
"@Uwe_Junge_MdL Na, das hoffe ich doch...",0
"@Uwe_Junge_MdL Uwe lügt, er will nur vom Faktum ablenken, dass wenn man die #sogAfD wählt, man/frau #Tagx, also das #Hannibal Netzwerk und den Umsturz Deutschlands wählt und damit den Umsturz der freiheitlichen Demokratie.",0
"@Uwe_Junge_MdL Stellt sich die Frage was ist besser, euer #DrecksFaschismus ist es sicher nicht. https://t.co/94ZBSd3UVL",0
"@Uwe_Junge_MdL Sozialismus zurück?.... Hey Ex-Soldat und Politiksimulator, wann gab es mal echten Sozialismus in Deutschland?... kommen Sie mir jetzt aber nicht mit diesem Versuch der Russen in Ostdeutschland.... Was wäre für Sie denn eine echte Utopie.... Alkoholokratie, alle Macht dem Suff?",0
"@Uwe_Junge_MdL Junge, Sie labern von #Sozialismus, Sie wissen gerade wie das geschrieben wird aber sonst haben Sie keine Ahnung davon. Lesen Sie erstmal Marx und Engels und wenn Sie das gelesen haben können wir uns vielleicht über den #Sozialismus unterhalten!",0
"@Uwe_Junge_MdL Meine Kinder verfluchen euch Papnasen aus der braunen Ecke schon jetzt.    Jetzt erst mal Füße still halten, ein paar Dokus übers Ende des Dritten Reiches und die Sovietunion schauen, etwas überlegen und dann Tweet löschen. Klar soweit? Ok, dann hopp hopp los und Ausführung!",1
...und ist trotzdem Präsident geworden. Damals waren die Demokraten noch nicht ganz so streng mit ihrer Moral wie heute. #KavanaughHearings https://t.co/JiECo4Tq1C,0
"Nun soll noch einer behaupten, die #Merkel-Riege braucht den Verfassungsschutz nicht als willfähriges Instrument!     Da nennt dessen Chef die Dinge beim Namen und entlarvt Fake-News der Kanzlerin, schon soll er gehen. So funktioniert „linker Rechtsstaat“.    https://t.co/6drmR6Lsys",0
"@dushanwegner Es ist nicht meine Aufgabe, den BfV-Präsidenten zu verteidigen, aber wo ist die oft erwähnte AfD-Nähe? Seit seinem Amtsantritt gab es 237 Gespräche mit Politikern.  CDU/CSU 121 51%  SPD 69 29%  Bündnis 90/Die Grünen 23 10%  Die Linke 14 6%  FDP 5 2%   AfD 5 2%  https://t.co/7T5sj6R7Xm",0
"@AndreaSchlegel3 &lt;&lt;#HeikoMaas : Migranten sind Teil unserer Gesellschaft und eine Bereicherung &gt;&gt;  Was bildet sich dieser 3.klassige Provinzanwalt ein, was er ist? https://t.co/t7kaXGwFPT",1
"Araber macht deutschen Polizisten eindrucksvoll klar, wer in #Deutschland das Sagen hat!  Polizisten verstehen es, ziehen den Schwanz ein und hauen ab.  😂 https://t.co/FRJfDNE8Jq",0
"Witz zum Wochenende: der Mann, der nie vom Volk gewählt wurde, der Linksradikale Bands gutfindet, die Gewalt gegen Polizisten und Andersdenkende propagieren, der sich als Präsident nie neutral verhält, warnt vor Verachtung der Demokratie...  https://t.co/leH7G3zrmI",0
Der Mord in Chemnitz als Resultat der rhetorischen Aufrüstung der AfD? Das muss man erst einmal hinbekommen und dafür dann noch Standing Ovations abholen auf diesem Misthaufen eines ehemals stolzen Demokratieverständnisses einer ehemaligen Arbeiterpartei.   https://t.co/kkNzfFB90w,0
"Ein Verfassungsschutzpräsident, der einen gezielten Desinformationsversuch über die sozialen Netzwerke zu unterbinden versucht, verdient Lob, nicht Prügel. All seine Skalpjäger wären Schulterklopfer, hätte er sich nicht gegen linke Desinformation gewandt, sondern gegen rechte.",0
"Was für eine armselige Kreatur! Kein Mitgefühl für ermordete Menschen oder für deren Angehörige! Menschen, die gegen Gewalt still demonstrieren, sind natürlich alle Nazis! Klar! Und sowas nennt sich `Journalist´? Soviel Niedertracht an Wahrheitsverdrehung!!! #Verachtung für Dich! https://t.co/GJrfLLnE8l",1
"Ich Wette um eine gute Flasche Wein, dass es diese Meldung nicht in eine Hauptnachrichtensendung eines ÖR-Senders schafft. Wer hält dagegen?  In #Chemnitz gab es keine #Hetzjagd   https://t.co/tJUEQEgzOo",0
Neuerdings sind RAF Tattoos der letzte Schrei bei Nazis!   #c0109 #Chemnitz #ChemnitzIstDerAnfang #wirsindmehr #Chemnitz0109 https://t.co/h79huUMENk,0
"Der #QFD-Bann ist NICHT vorbei!  Beweis: Seht euch meinen gestrigen Tweet zu #Chemnitz an: Über 800 Retweets und Likes.  Wenn ihr den Hash #Chemnitz anklickt, ist er trotzdem unsichtbar.  Twitter blockiert weiterhin!  @Jack #Congress https://t.co/xHXK1Vu4GI",0
👺links-🐍 GESOCKSE - TANZ AUF DEN GRÄBERN - zur Huldigung der linkes-🐍                                                            IRRLEHREN  👺 https://t.co/xzYmHO8LaA,1
"Warum wird denn ein #AfDVerbot gefordert?  Weil die #Altparteien, allen voran die #Linken und die #Sozis, eines mehr fürchten, als der Teufel das Weihwasser.  Das #Deutschland nach 70J wieder aufsteht und eigene Wege geht. Ende der Zahlmeisterei für den Rest der Welt. https://t.co/yvzhP250aL",0
"Schaut euch mal die 'Gegendemonstranten' von #Chemnitz genau an! Überwiegend #Migranten, die schon gut Deutsch können: 'Nie wieder Deutschland', brüllen sie. https://t.co/jheNY4FNNm",0
"https://t.co/IGk5NO2jCy  Ramadan gehört zu deutschem Brauchtum,  genauso wie das Oktoberfest. ....Nun,  Crystal Meth schädigt bekanntlich das Hirn.  Trifft die Droge auf ein grünes Hirn,  bedeutet das Totalschaden. ...",0
"Wenn man in Deutschland Opfer einer Messerattacke mit tödlichem Ausgang werden sollte, weiß man wenigstens, dass es am Ort des Geschehens kurz darauf ein Gratiskonzert gibt. Welch tröstlicher Gedanke. #WirSindMehr #Chemnitz",0
"Mir liegt jegliche Ostalgie wirklich fern aber wenn ich seh wie mal wieder medial auf meine ganze Heimat eingeschlagen wird, dann geh ich automatisch in den Verteidigungsmodus und mir ist manch 'besorgter Ossi' weit näher als das grüne Bürgertum von drüben. Denkt mal drüber nach!",0
"Einschüchterung: Die Wohnung eines regimekritischen Bremer Landtagsabgeordneten, der den im Netz schon längst von anderen geleakten Haftbefehl auf Facebook nur geteilt hatte, wurde von der Staatsanwaltschaft rascher durchsucht als die Wohnung des Messerstechers von #Chemnitz.",0
"@SMIsachsen Ausreisepflichtig? Spinnt ihr alle etwas? Seit wann entscheidet ein illegaler über seine Ausreise? Ich Glaube ihr solltet euch in Island, Norwegen, Australien, USA mal Tipps holen wie man damit umgeht! Es kommen immer nur Ausreden, warum wir akzeptieren das Mörder frei rumlaufen",0
"Unglaublich: Da ermordet ein mutmasslicher Asylbewerber, den die Behörden längst hätten ausweisen müssen, einen Deutschen. Und die Regierungsparteien CDU/SPD wollen die AfD „beobachten“ lassen. Die sollten vielleicht ihre eigene lebensgefährliche Asyl-Politik genauer beobachten.",0
Vor 1-2 Jahren hat sich #Maas hier auf Twitter schon mal als Justizminister bei #FeineSahneFischfilet bedankt. Weil es gegen Rechts ging.     Seitdem verachte ich die #SPD. https://t.co/8ygl65gFXG,0
"#SPD zersetzt sich immer mehr. Nicht die Tat der Asylbewerber wird verurteilt, sondern die Menschen, die dagegen auf die Strasse gehen. Die SPD hat längst fertig und bereitet sich auf die 10%-Marke vor. Ein Politikwechsel muss zwingend her. #Chemnitz #wirsindmehr #AfDwirkt #AfD https://t.co/HzlNIujvFh",0
Linksextreme formieren sich und werden zusehends aggressiver. #C0109 https://t.co/hi6H1YnwG7,0
"Wenn Ostdeutschland so 'Nazi' ist, warum wandern dann immer mehr  bestimmte Kulturen sogar illegal ein und bleiben nicht in ihren eigenen 'fortschrittlichen' Ländern?  #Chemnitz",0
Das von der #Polizeigewerkschaft #Hamburg @DPolGHH gezeigte Bild ist laut #Twitter 'sensibles Material'. Ein schlechter Witz von Twitter. Schauen Sie selbst! #Justiz #Deutschland https://t.co/wkJkn48kO7,0
"Muss man nicht mehr kommentieren, was in diesem Land abgeht. 2 Stunden durch Linksextreme blockiert und 5 Minuten gelaufen. Dann bricht die Polizei den Trauermarsch ab. #Chemnitz #c0109 #Staatsversagen https://t.co/Pb34xsSP84",0
"Mein Gott ist das peinlich!    Hier erkennt man besonders gut und deutlich, was linke Agitation bei jungen Menschen anrichtet: totale politische Verblödung!  #AfD #NoAntifa https://t.co/05NqoKVbYj",0
Da die #Gez finanzierte #Tagesschau noch nicht einmal Berichtet und Herr #Gniffke sich rausredet gedenke zumindest ich dem in #Offenburg von einem #Migranten ermordeten #DrTüncher    Der 'Dank' geht an #Merkel welche mit #Rechtsbruch die Voraussetzungen geschaffen hat https://t.co/JqIx5pTk23,0
"Ein linker deutscher Bundespräsident wirbt für den Auftritt einer Band, die „Deutschland ist Scheisse“ singt. Noch Fragen zur Verfasstheit der Bundesrepublik? https://t.co/Mfpf2Kti8s",0
"Jetzt wischt euch mal die Tränen weg. In diesem Land werden inzw. zahlreiche Grundrechte &amp; Grundsätze mit Füßen getreten &amp; ihr deckelt das täglich kräftig mit &amp; diskreditiert in euren Beiträgen, fernab jedes journalistischen Standards jene, die das anmahnen. #zdf #pressefreiheit https://t.co/WHwgQ5GJxV",0
"Und weiter gehts: Sonntag um 6 Uhr morgens wurde eine Frau in Dresden von einem dunkelhäutigen vergewaltigt, Montag um 07:30 eine andere in Düsseldorf von einem Iraner erstochen.   Verflucht seien die, die das zu verantworten haben. #proborder https://t.co/qz76j3tTqC",0
"Selbst die New York Times berichtete darüber, aber Herr Gniffke spricht dem Vorfall 'nationale Relevanz' ab. Mir wird übel 🤮🤮🤬  @ARDde   https://t.co/67fuQ2Y3L9 via @welt",1
Da schlägt das deutsche sozialisten Herz bis zum Anschlag.Natürlich die Türkei mit Steuergeld bewerfen. Natürlich die Gold bringenen Flüchtlinge mit Steuergeld bewerfen.Natürlich kein Geld für arme d. Rentner.Natürlich kein Geld für arme Kinder.Eine Partei die kein Mensch braucht https://t.co/mLUoWMTae3,0
"Ich bin natürlich dafür, dass Sami A. zurückgeholt wird, wenn ein Gericht das beschliesst. Thing is, dann müssen im Gegenzug für die konsequente Erhaltung des gleichen Rechtsstaates auch diejenigen umgehend ausser Landes gebracht werden, die laut Gerichten ausreisepflichtig sind.",0
"Wie naiv muss man sein, wenn man ganze Gruppen von jungen Männern aus diesen Ländern bei uns in Deutschland unbefangen willkommen heißt? https://t.co/t62WGKKj2u",0
"'Seit 2015 sind 34.089 Flüchtlinge mit einer sogenannten „Wiedereinreisesperre“ nach 🇩🇪 gekommen. Das sind Personen, die sich „mit einem rechts- oder bestandskräftig abgelehnten Asylantrag in 🇩🇪“ aufhalten und wieder nach 🇩🇪 eingereist waren“.  https://t.co/eHWNdSwgAH",0
"Weiss noch jemand, wie sich die Medien letztes Jahr über den Trump Tweet zu Schweden, lustig gemacht haben? Damals wollte ihm irgendein schwedischer Politker erklären wie Integration funktioniert. https://t.co/kuUV0UKUyE",0
Thilo Sarrazin hat ein neues Buch geschrieben. Die ehemalige sozialdemokratische Partei versucht nun erneut ihr Mitglied Sarrazin auszuschließen. Herr Sarrazin hat dazu einen für die SPD sicher extrem verblüffenden Vorschlag: erst mal lesen!   https://t.co/fhWq5x629X,0
"2. #ThiloSarrazin hält in der #Weltwoche fest: Im 2018 wandern 200’000 #Asylbewerber PLUS Familiennachzug nach #Deutschland ein, was 2 Grossstädten an zumeist schlecht ausgebildeten Menschen muslimischen Glaubens entspricht! https://t.co/HzHRVxxpwY",0
"Retweet – wenn Sie auch keine Lust haben, für so was zu zahlen.   @tagesthemen @hrfernsehen https://t.co/YWI9JVLItd",0
Der deutsche Rechtsstaat wurde ganz bewusst abgeschafft.  https://t.co/lQiwSBgchJ  https://t.co/Kg8TjYMrX7  https://t.co/Vn0Frcd0ti,0
"Das ist die deutsche #Asylpolitik:    Jesidin trifft in Deutschland wieder auf den Araber, der sie bei ISIS gepeinigt und verkauft hat. Er ist hier 'Flüchtling'.    Wer alle arab. Männer aus Konfliktgebieten als '#Flüchtlinge' überhöht, hilft vor allem Tätern.  https://t.co/mwf4bkPPWx",0
"Merkelgold attackiert eine Joggerin, würgt und vergewaltigt sie.   Mittlerweile wurden tausende Frauen, Mädchen und Kinder vergewaltigt. Niemand zieht die Schuldige im Kanzleramt zur Verantwortung. Wie kann das sein?   https://t.co/FlgXAtiw21",0
😲😲 https://t.co/LM9bsnr3Iq,0
Einem Bericht zufolge sind mindestens 100 Flüchtlinge für einen kurzen Aufenthalt in ihre Herkunftsländer gereist. Ihr Schutzstatus als Asylbewerber blieb bestehen. Es geht vor allem um zwei Länder. https://t.co/TzjSAcMRvW,0
"Das Merkel-Regime veranstaltet inszenierte „Bürgerdialoge“, in denen handverlesene Bürger Fragen stellen, die vorher in einem Workshop geprobt wurden, damit die Gottkanzlerin nicht in Schwierigkeiten gerät! Gespielte Demokratie! Wir werden alle verarscht!  https://t.co/vAF4lXpqia https://t.co/XiAp7TJHjL",0
"Burkini und Vollverschleierung gehören in unserer westlichen Welt an keinen Strand, in kein Schwimmbad und in keine Einkaufsstraße – sie sind schlichtweg kein Teil unserer Gesellschaft, unserer Kultur und unserer Werte....",0
Die @bazonline legt mit dem feinen Skalpell eine Moralblase frei:    https://t.co/FaGxLHhvji,0
"Überall das gleiche Bild: Araber schlitzt Franzosen die Kehle auf, weil er ihn aufmerksam macht, dass Fahrräder nicht im Bus transportiert werden dürfen.  https://t.co/cPG0MdvIeh #Paris",0
Die Altparteien kehren solche Berichte über die  täglichen massiven Einschüchterungen durch Migranten unter den Teppich. Wer sich versucht zu wehren wird niedergebrannt und als Nazi/Rassist beschimpft.   #nomerkel   #noaltparteien https://t.co/bQ8KAXKwEY,0
#armesdeutschland https://t.co/FT8CDmbciQ,0
Mit seinem Bestseller #Deutschland schafft sich ab schlug #ThiloSarrazin vor 8 Jahren eine tiefe Schneise in das Dickicht der Politischen Korrektheit. Seine Vorschläge zur #Bevölkerungspolitik und zur Gesundung Deutschlands sind nach wie vor gültig.    https://t.co/hSzZMQbPuo,0
"https://t.co/itRIDZC4UU  Mir wird es ein ewiges Rätsel bleiben, wie sich dennoch  87% der Wähler  trotz der bekannten Entwicklung (inkl. der vielen Toten &amp; Vergewaltigten)  bei der #btw17 für die Fortsetzung der #Irrsinnspolitik von #Merkel und Co. entscheiden konnten.  #Kriminalität",0
"🚨Jetzt ist es raus! 🚨    + Enthüllungsbuch +    Laut #BKA-Statistik 853 000 Straftaten durch Flüchtlinge   -&gt; 853 000 Opfer!!!    »Deutschland ist sicherer geworden«  Ja nee, is klar....    #PKS  #LtwBy  #FestungEuropa!    Nur noch #AfD!    https://t.co/wlFDBaZu4w via @jouwatch",0
Noch fragen ???!!!! https://t.co/oM61rekhRA,0
"#Wenn jeder 5. der SPD die Stimme geben würde, sind immernoch 4, die das nicht tun wollen. Es wird Zeit, dass die 4 mal zusammenhalten und gemeinsam was tun! Eitelkeiten überwinden, Kräfte bündeln und verbinden! #fürDemokratie #Menschenrechte #Würde und #Humanität. #SED https://t.co/AGkPhowqBy",0
"Vier „Flüchtlinge“ überfallen einen Deutschen, der wehrt sich erfolgreich mit einer Schreckschusspistole.     Verhaftet wird das deutsche Opfer!    https://t.co/clDHfoGbUu",1
"'Deutschland wächst jährlich um 715.000 Migranten'    Wenn diese Zahlen stimmen sollten, sollte man dazu sofort ausrechnen, wieviele Großstädte einschließlich Infrastruktur jährlich dann gebaut werden müssen usw + wie ALLES finanziert werden soll.    https://t.co/FP3tuZZMyy",0
"«Die Europäer können es jedenfalls langfristig nicht hinnehmen, dass kriminelle Menschenhändler und Afrikaner auf der Suche nach einem besseren Leben sie moralisch erpressen.» https://t.co/LVDDfSu9Zm",1
Hier mal die Luftaufnahmen der angeblichen Rettung von Flüchtlingen...  Das ganze ist ein Groß angelegtes Schlepper Projekt.  Scheint ne Menge Kohle zu fließen   @AfD @Alice_Weidel   Italien macht zu Recht die Grenzen dicht !! Sollten wir auch.   #RefugeesnotWelcome https://t.co/lbLQhKuFMK,0
"„Das gab es so früher in Deutschland nicht“: JF-TV von der Mahnwache der #AfD in Mainz für die ermordete #Susanna und zur Doppelmoral von Claudia Roth, die 2015 selbst eine Gedenkminute im Bundestag abhielt - für gestorbene Flüchtlinge. https://t.co/GUMVuwlnlA",0
Gesehen im Edeka Markt Jung in Bad Bevensen. https://t.co/iUFZ4xBqxH,0
#DPolGHH #Zwickau #Justiz Wie bitte? »Als Ausländer leiden Sie unter erhöhter Haftempfindlichkeit!« (...) »Der algerische Intensivtäter Adel S. (28) lebte seit 2015 in #Plauen &amp; beging in sieben Monaten sechs Straftaten.« #Polizei  https://t.co/p5Swsn01A7,0
"Scheibchenweise wird das Desaster offenbar: Das Geld ist futsch. Weder Griechenland noch die anderen Club-Med-Länder werden zurückzahlen. Die größte Kapitalvernichtung der Weltwirtschaftsgeschichte, bezahlt vom deutschen Sparer. Das ist #Merkel   https://t.co/13smphgNIz",0
"Schweizer Medien das 'neue Westfernsehen'.  Das ist peinlich, oder @cducsubt @csu_bt ?   https://t.co/aWoPwJR2Oj",0
"Samstag Nachmittag. Die Sonne lacht. Münsteraner sitzen im Freien an den Tischen einer Gaststätte. Ein Mann fährt in die Gruppe, tötet und verletzt dabei viele Gäste. Anschließend erschießt er sich selbst. Und Onlinemedien schreiben 'Zwischenfall'. – Es ist zum Schreien! #Münster https://t.co/PJ2DUHS0bZ",0
"Warum bekommt Israel ausgerechnet vom #UNHCR Unterstützung, wenn sie 40000 Afrikaner loswerden wollen und Ungarn wird permanent gedroht, weil sie sich gg Zuwanderung entscheiden?",0
Hier soll definitiv alles über den Mord an dem Mädchen aus Berlin vertuscht werden ! Der Staat hat Angst vor einer aufgebrachten Bevölkerung... Es macht aber alles noch viel schlimmer... #WehrtEuch #120dB #Jetzt #KeiraGross #Berlin #Kandel #kandelistüberall https://t.co/edLO7viyUW,0
#ILLNER     #TafelEssen #Migranten https://t.co/2uWdzmELHm via @Rebellin70,0
"Was beim Messen rauskommen soll, steht vorher fest. Dafür müssen nur die richteigen Messpunkte gefunden werden.... https://t.co/HDMjsWLGRu",0
Wir lassen dann lieber die Grenzen offen und schließen dafür unsere Innenstädte.  #MachtSinn  PS neues aus #Buntland   #merkelmussweghamburg   #Merkelmussweg  https://t.co/IqO2AhQSOQ,0
"Die x. Maß ist nun leer aber der #Maas immer noch untauglich als Außenminister! Wie kann man nur meinen, dass ausgerechnet der dazu befähigt sei!?  Bitte die Referenzen vorlegen!!!",0
"#Maas soll neuer Außenminister werden. 🤔  Passt schon: Erst der Dicke, jetzt der Doofe. ✌️ https://t.co/ulTlv7smPU",1
"Heiko Maas wird Außenminister❗️Nun kann er ja dem Rest der Welt zeigen, wie Meinungsfreiheit funktioniert❗️❗️ https://t.co/LIP8RDV105",0
Die Ernennung von Heiko #Maas zum Außenminister hätte zwei Vorteile: 1) er könnte als Justizminister keinen Schaden mehr anrichten; 2) der jämmerliche Zustand des deutschen Politikbetriebes würde für das Ausland transparent. #allesgut,0
"Kleiner Hinweis an den neuen Außenminister, in New Jersey ist die Antifa als Terrororganisation gelistet.... https://t.co/7nffcpQI80",0
"Schauen Sie sich doch einfach mal das Miteinander an! Nur Mut, liebe Gutmenschen.  #hartaberfair https://t.co/xn7p6zOJnZ",0
Tief traurig: In #Schweden ging das multikulturelle Experiment etwas schief. Dafür sind die #Migranten offenbar echte Waffen-Freaks.  https://t.co/NEjer2ilVK,0
"Es gibt 57 islamische Länder, und ausgerechnet in Deutschland werden Lobeshymnen auf die Scharia ausgesprochen.  Solche Journalisten sollte man vom Hof - direkt in solch ein 'fortschrittliches Paradies' jagen!    https://t.co/TaojFyErRZ",0
"Private Bauherren werden vom Berliner Senat gezwungen, „bezahlbaren Wohnraum“ für 6,50 Euro netto kalt anzubieten. Und genau dieser Senat, der das erzwingt, baut Flüchtlingshäuser für 17 Euro Kaltmiete pro Quadratmeter!   https://t.co/htA3XDQXPO euro-warmmiete-pro-quadratmeter",0
"Die #Flüchtlinge gehen nicht zur #Tafel weil sie bedürftig sind, sondern weil sie neben der kostenlos erhaltenen Wohnung und kostenloser Krankenversicherung ihr monatliches Geld zurück in die Heimat schicken! Sehe das doch jeden Tag am HBF bei #WesternUnion! #hartaberfair",0
"Linkspropaganda verbreitende Internetplattformen wie t-online schäumen, weil #AfD-Politiker nach Syrien reisen!    'Der Besuch soll offenbar dazu dienen, das Bild eines Landes zu verbreiten, in dem das Leben bereits wieder seinen normalen Gang geht.    https://t.co/508C9Dmso2",0
"#Antifa-Idioten sind oft gescheiterte Existenzen, wie die Nazis. Antifa-Idioten uniformieren sich, wie die Nazis. Antifa-Idioten wenden Gewalt an und rotten sich zusammen, wie die Nazis. Antifa-Idioten werden von den Machthabern geduldet, wie die Nazis. Antifa-Idioten sind Nazis!",0
"...gestern @blondes_gift82, heute der @patriarchator - langsam werden wir ein Medium wie das Radio »Potterwatch« in »Harry Potter« brauchen, das die Verschwundenen verliest und über ihr Schicksal berichtet... https://t.co/5gzAyr0K3t",0
"Die SPD fordert das Wahlrecht für Ausländer, will keine Obergrenze bei Zuwanderung, reagiert allergisch auf Meinungsfreiheit, liebäugelt mit dem Gedanken das Grundgesetz zu verändern und möchte binnen 7 Jahren Deutschland aufgelöst sehen.    Wer wählt sowas?",0
Jetzt wird's brenzlig!  Polizei-Offizier in #Brüssel spricht das Unaussprechliche aus: 'Wir befinden uns im #Krieg mit Migranten'  https://t.co/obUEmFVxHe,0
Wer wagt es sich eigentlich im Namen Deutschlands einer Verlängerung von #Glyphosat zuzustimmen - so ganz ohne Regierung?,0
"Mein Mann vor 5 Minuten: 'Hast Du von dem Fall in Cuxhaven gehört?'  Ich: 'Ja, klar.'   Er: 'Woher?'  Ich: 'Twitter'  Er: 'Und wer war´s?'  Ich: 'Ein Syrer.'  Er: 'Echt? Steht in der deutschen Presse nichts zu.'    Tja, Twitter-Leser wissen halt mehr!!",0
"Laut Agrarminister stehen 5 weitere Jahre Glyphosat für die Stärkung der Rolle von Biodiversität u Tierschutz. Ja Mann, lass mal n paar Kohlekraftwerke für eine emissionsfreiere Luft bauen.",0
Im deutschen Staats-TV ist über die Dauerrandale aus #Brüssel nicht sonderlich viel zu erfahren. Passt nicht so sehr ins bunte Konzept der Medienfunktionäre. @ARD @ZDF https://t.co/TY7GDgvq1y,0
"Jamaika? Wollte sie.   GroKo? Will sie nun.   Minderheitsregierung? Wird sie bald wollen.   Hauptsache, an der Macht bleiben. Wie ist völlig egal.   Ihre Entschlossenheit, das Land unkenntlich zu machen, ist ungebrochen.   https://t.co/gTFCLfoQYU",0
Auch aus meiner Sicht als Halb-Französin besteht nicht der geringste Anlass zur Empörung. Und ich höre da ganz anderes aus Frankreich. Viele geben L. recht.  Ganz abgesehen davon daß er seine Meinung äußern darf.  - Sandrine https://t.co/TUMrv81e1A,0
"Wenn einem auf der Straße alle entgegen kommen, dann ist man selbst möglicherweise der Geisterfahrer. #merkel   https://t.co/XSwIklLlgd",0
"Kriminell &amp; auch noch dumm, aber in D trotzdem hofiert: Diese Diebe sind dümmer, als die Polizei erlaubt https://t.co/CxRQLxQGKW",0
"#Merkel sagt, dass sie sich über den Wahlerfolg von Sebastian #Kurz und der #ÖVP freut.    Jetzt wäre ich als #Österreicher ziemlich besorgt.",0
Bitte retweeten.Danke . https://t.co/AZe9TsO9QO,0
Na sowas?  Dalai Lama verbreitet AfD-Ansichten und bekommt für seine 'fremdenfeindlichen' und 'rassistischen' Aussagen auch noch Beifall! https://t.co/BWNSQ1kmAm,0
"Ich prognostiziere, das Werbung mit Schweinefleisch / Wurstwaren etc. bald als problematisch eingestuft werden wird.",0
"Wenn ich in Berlin so  rumspaziere denke ich, dass der Familiennachzug schon 5× stattgefunden hat.",0
#Frankreich nimmt in den nächsten 2 Jahren 10.000 Flüchtlinge auf. Merkel &amp; co. wollen uns das min. 20-fache pro Jahr zumuten. Einfach irre!,0
"Dalai Lama: Flüchtlinge sollten heimkehren, Verantwortung übernehmen und beim Wiederaufbau ihrer Heimat helfen https://t.co/R169J5G0oK",0
Politisch korrektes Schweigen https://t.co/qs7zWqs9oU via @bazonline,0
Das kann die #CDU nicht länger ignorieren. Keine Trendwende in Sicht. Selbst die @washingtonpost sorgt sich schon.  https://t.co/1jrFz8bfv4,0
"Ich versuche mir gerade vorzustellen wie es ist, wenn einer von den Grünen das Ministerium für Finanzen bekommt. https://t.co/Yx4hQ5qQvC",0
Freu mich schon auf #Neuwahlen am 4.Advent! #jamaika https://t.co/dgIh1mmnL0,0
"#Maischberger  Lassen Sie sich nicht verarschen! Die Genfer Flüchtlingskonvention gilt nur für Flüchtlinge, nicht aber für jeden Einwanderer!",0
Prioritäten kann #Merkel https://t.co/wQO7hCuoey,0
Und solche Gestalten lädt unser Staats-TV immer wieder in Talkshows ein. Eine unglaubliche Zumutung! https://t.co/HcGaGMWOxh,0
"Nach tagelanger Skandalisierung von #Gauland's 'jagen', verschweigen die Propagandisten der #ARD #tagesschau #Nahles 'auf die Fresse' https://t.co/yFqUeuR1bt",1
China entwickelt Afrika und erwirbt politischen Einfluss - Europa verschwendet Geld und afrikanisiert sich durch Massenimmigration. https://t.co/qcu52D7xlu,0
Red-Bull-Gründer Mateschitz startet Portal '#Addendum' als 'Antwort auf die viel zitierte Krise des Journalismus'  https://t.co/78uwYQ3mOi,0
"Dem Teil der #87Prozent, der sich täglich zur Arbeit schleppt um sich eine Mietwohnung leisten zu können, eine kleine Motivationshilfe. #btw https://t.co/irNKiqiPKu",0
Refugees Welcome – jetzt auch auf Rezept?   Oder werden wir demnächst alle chemisch zwangsbereichert?  #Orwell #Merkel  https://t.co/JnkGB7V7kr https://t.co/kETdCrYCPC,0
Türke vergewaltigt Deutsche vier Stunden lang: Freispruch!😠  ⚠Rücksicht wegen kultureller⚠ Eigenheiten⚠ des Täters 😠    https://t.co/6W6nY94eiU,0
Im Jahr des Dolches 2017 gab es in Deutschland schon über 1.600 Messerattacken in nur 5 Monaten #JahrdesDolches  https://t.co/Uzq02jDL0q,0
"Aldous Leonard #Huxley: „Tatsachen schafft man nicht dadurch aus der Welt, dass man sie ignoriert!' https://t.co/lDbmzUwrdj",0
Wenn man mal überlegt .. aus welch 'geringen' Gründen früher Politiker zurück getreten sind!  #Merkelsommer #Justdoit https://t.co/C8FbOJdfoG,0
Die CDU ist zu einer linksgrünen islamophilen Partei geworden.  https://t.co/zFvKNlMpL3,0
Vietnamesen kamen 1975-1979 aus der Hölle des Krieges nach Deutschland. Ohne zu morden u das mit Traumata zu entschuldigen.  #terroranschlag,0
Ausnahmefälle!  Hunderte Ausnahmefälle offiziell. Tausende inoffiziell. https://t.co/cdaRohcKI4,0
Der Zustrom von Flüchtlingen aus Afrika nimmt massiv zu.    Merkel: EU kann die doppelte Anzahl Migranten verkraften. https://t.co/qHvty4mibk,0
"Der NGO- Taxidienst, über den gerade alle Medien berichten, war bis vor wenigen Tagen übrigens noch eine 'rechte Verschwörungstheorie'.",0
@Beatrix_vStorch @PatMair1 Vollkommen richtig. Aber erklären Sie das mal dem GEZ-Gleichgeschalteten Durchschnittswähler. Der versteht nicht mal das Problem.,0
Flüchtlinge müssen nicht integriert werden. Weil sie ja in ihre Heimat zurückkehren werden. #TrauDichDeutschland https://t.co/YWFmO51cF5,0
"Keine Sorge, die reisen in Österreich nur durch und kommen alle ins Merkel-Land! https://t.co/dm1ZcPgmE2",0
"Im Kanzleramt zittert man, dass die neue Flüchtlingswelle, die gerade in Italien anlandet, Deutschland frühestens am 25. September erreicht.",0
Für Alle die es nicht verstanden haben: diese Gurke ist unser Außenminister. Er möchte gerne das sein Land aufhört zu existieren. https://t.co/qW9AqlwsfF,0
Welch Überraschung. 😅😅😅#Germanistan #MerkelMussWeg   https://t.co/pJMxvDXak6,0
Bei #Straftaten durch kriminelle #Nordafrikaner gibt es einen Anstieg von 150%! #Nafris  https://t.co/XGbliozyNq via @welt,0
"»„Echtjetzt“ wird von der Open Society Foundation finanziert.« &lt;= Gründer: George Soros!  Danke, mehr muss man dazu gar nicht wissen. https://t.co/Nlg2huDc1a",0
"CNN verbreitet begierig Merkels wiederholte Einladung an die Welt, in 🇩🇪 ihr Glück zu suchen. Danke Merkel. Danke CNN #TrauDichDeutschland https://t.co/qDfG1CgtY6",0
Polizistin behauptet: Flüchtlings-Probleme auf der Straße schlimmer als offizielle Zahlen! Nichts neues oder?  https://t.co/KUl9IYwe7U,0
"Über 20 Millionen Migranten packen gerade die Koffer. Und wir brauchen keine (Ober-)Grenzen, Fr. Merkel? #AfD #btw17 https://t.co/hm4YpFqxdk",0
Und Josef Strauss hatte recht❗️Schaut auf #Stegner #Maas allgemein auf die #SPD und #Grüne !  #Europa #AfD #Sicherheit #Deutschland #Btw17 https://t.co/WfMbiokvfc,0
"#München: Türkischer #Hochzeitskorso löst mit durchdrehenden Reifen den Rauchalarm im Petueltunnel aus, nebeln dann mit quietschenden und rauchenden Reifen den Opernvorplatz ein - Anzeigen gibt es trotzdem keine  https://t.co/REwzqyV0oQ",0
"In Nähe dieses Fischadler-Horst soll ein Wald-Windindustriegebiet entstehen. In Bayern gibt es nur 18 bekannte Paare. Seine Population in Süddeutschland befindet sich in einem fragilen Zustand. Vollkommen unverständlich für uns, dass die Planungen unbeirrt fortgesetzt werden. https://t.co/AsYiXbwb8d",0
"Keine U-Haft: 'Raschid K. ist eingestuft als islamistischer Gefährder der höchsten Risikoklasse. Obwohl Ermittler eine Waffe bei ihm fanden und er immer wieder kriminell wird, ist er frei.' Das Gebaren der #Justiz ist unglaublich, die Aussagen grotesk  https://t.co/2cFzv15NG9",0
#Schweden  Jugendliche Migranten und 12 z.T. weibliche Helfer begehen kaltblütig Auftragsmorde gegen Geld  erschießen ihre Opfer auf offener Straße  Strafrabatt aufgrund Jugendstrafrecht  https://t.co/t7LWKeq3TG,0
"#Arzberg: Geduldeter Asylbewerber aus Indien begrapscht ein 12-jähriges Mädchen am Busbahnhof - die Eltern informieren die Polizei, die den Mann festnehmen und nach der Identitätsfeststellung wieder auf freien Fuß setzen  https://t.co/XpAZ7Disnk",0
In #Bosnien an der Grenze zu #Kroatien stauen sich aktuell 70% mehr 'Flüchtlinge' als noch im Vorjahr. Folge: Extreme Kriminalität und Massenschlägereien wie hier in Velika Kladusa. Sechs der Schläger werden abgeschoben. https://t.co/sb4sylYAFx https://t.co/Es9VllFZ4F,0
"#Erding: Afghane begrapscht zwei Frauen im Whirlpool die dort mit ihren Freunden entspannen - Anwalt Waselzada erreicht mit Einspruch eine Strafmilderung, so dass er nicht mehr abgeschoben werden kann, das ist auch ganz im Sinne eines der Opfer #Justiz  https://t.co/KPD2sXO7PD",0
"#Deisenhofen 'Money Money!' unter Vorhalt eines Messers überfielen 2 'Arabische Phänotypen' einen Supermarkt, fesselten die 2 Angestellten und flüchteten mit mehreren Zehntausend Euro Beute.   https://t.co/E4sDJubzrr",0
"Menschenhandel und Sexsklaverei im großen Stil und mit mafiösen Strukturen in D und der Staat schaut weg: Eine Albanerin, die der Sexsklaverei in D entkam, stellte einem Kriminalbeamten die Frage: 'Warum kann und darf es so etwas in Deutschland geben?'  https://t.co/zlJXL9ke5d",0
#Düsseldorf - Männer vergewaltigen Frau im Hofgarten - Die Frau wurde ins Krankenhaus gebracht. Sie beschreibt die Täter als ungefähr 25 Jahre alt und nordafrikanisch aussehend.     https://t.co/SwQi2OEjDC via @rponline,0
"Berliner Zoll stellte in Bus von Serbien nach Schweden bei einem 23-Jährigem Kalaschnikow, Pumpgun und Pistole sicher, Staatsanwaltschaft lehnt Beantragung von Haftbefehl aber ab - er kann einfach weiterreisen, schwedischen Behörden wurden nicht informiert  https://t.co/KGkpAhYEJr",0
"Das ist der absolute Gipfel! Lächerliche 2,5 Jahre Haft für einen extremst  sadistischen Mord.   Ich fasse es nicht. Das sitzt der Killer auf der linken Arschbacke ab und lacht sich dabei kaputt.   Unsere Justiz ist nur noch zum Kotzen.   https://t.co/pGpCP8gXRV",1
"#Gießen: 'Wunsch nach einer Beziehung muss sehr groß gewesen sein': Syrer muss sich vor Gericht wegen fünf teils brutaler sexueller Übergriffe auf Frauen und Mädchen verantworten, er soll bei sämtlichen Taten schuldunfähig gewesen sein #Psychiatrie  https://t.co/pbaiVkrmiI",0
"Vermummte Linksradikale haben in Berlin einen Bus mit Krebspatienten angegriffen. Der Angriff sollte eigentlich Teilnehmern eines Immobilien-Kongresses gelten. Laut Polizei wurde der Bus aus einer Gruppe mit Eiern, Tomaten und Farbbechern beworfen.   https://t.co/ViQVw6906t",0
Der Evolutionsbiologe Ulrich Kutschera muß sich seit Mittwoch wegen Äußerungen über Homosexuelle vor dem Kasseler Amtsgericht verantworten. https://t.co/fCJ6PjZ0zz,0
"Fanatisierte linke Trump-Hasser werfen älteren Herrn zu Boden, wohl weil er ein kleines Pro-Trump-Plakat trägt. Man fragt sich, ob und welche NGOs diese gehirngewaschenen Demokratiefeinde anheizen, in London gibt es ja einige.  https://t.co/IYidz6ciQy",0
"Männliche 'Flüchtlinge' sind krimineller als männliche Einheimische.    Oder wie Prof. Bliesener es formuliert: 'Selbst wenn wir das Alter und das Geschlecht berücksichtigen stellen wir fest, dass #Flüchtlinge und #Zuwanderer häufiger kriminell werden als einheimische Personen' https://t.co/DLBevYbN4n",1
"Der Ruf einer ganzen Stadt wird ruiniert, ein weltweites Presseecho erzeugt, der politische Gegner diskriminiert und alles ohne Recherche. Man hat es gelesen. Den Akt finde ich verwerflicher als alles, was Strache je gemacht hat. #Hetzjagd   https://t.co/eAv4jSWtWA",0
#Bonn Brian der Kenianer mit deutscher Staatsbürgerschaft soll Elma in einem Flüchtlingsheim vergewaltigt und ermordet haben Nun behauptet er nicht 19 sondern 17 zu sein und seine Schwester ist seine Mutter Die #Justiz spielt die #Posse ohne Widerworte mit https://t.co/qErDBLqqyg,0
"Im Streit um den Zugang der Polizei zu Flüchtlingsunterkünften bei Abschiebungen ist Berlins Innensenator Andreas Geisel (SPD) eingeknickt. Nach dem Willen der Sozialverwaltung benötigen Beamte einen Durchsuchungsbeschluß, um Asylunterkünfte zu betreten.   https://t.co/toZVAhY7zD",0
"#Hamburg Der wegen Drogen,Raub und Betrug vorbestrafte Gökhan wollte mit seinem Transporter ein paar Polizisten umfahren. Die schossen auf das Fahrzeug, brachten es zum Anhalten. Im Fahrzeug fanden sie Haschisch,Crack,Kokain und Poppers https://t.co/5EO3Cfrryp",0
"„Eine Studie aus dem  Westghats-Gebirge in Indien zeigt, wie drei Viertel alle Raubvögel von den Rotoren eliminiert wurden. Dadurch geriet dort das gesamte Ökosystem durcheinander.“ - #grünwirkt   https://t.co/ePynvO9HTk",0
In Dresden brennen bald wieder die Bücher. https://t.co/9gX3j2W1BK,0
Diese 1:27 Minuten machen mich total fassungslos!    Kann man doch nüchtern garnicht aushalten!    Teile es bitte mit deinen Followern! https://t.co/ivdrL1Q1bU,0
"Die 300.000 Haushalte, denen wegen der hohen Strompreise der Saft abgedreht wurde sollen zukünftig wenigstens aus der Mülltonne essen dürfen, fordert grüner Justizsenator. https://t.co/QvCAH1A4hY",0
"Und die nächste Autorin, die herzerwärmende Geschichten erfunden hat, ist aufgeflogen.    Hier eine gefälschte Geschichte über den Sexualkundeunterricht mit Migranten. Da hat wohl doch kein Migrant gefragt, ob Menstruationsblut ein Aphrodisiakum sei. #Hingst  https://t.co/OHzLtRdQN6",0
"Ich stelle eine ernstgemeinte Frage: darf jemand wie Mario Sixtus, der hier offensichtlich einen diktatorischen Umschwung fordert, tatsächlich für das @ZDF arbeiten? Seine ideologische Nähe zu China ist bekannt, aber das hier ist besorgniserregend. https://t.co/LSgidvyxFo",0
"Der Berliner Clan-Chef 'Miri' kassiert Hartz4, hat 10 Alias Identitäten und ist jetzt plötzlich #Syrer  Die Ausländerbehörde hat daran keinerlei Zweifel, jetzt muss Miri keine Angst mehr vor Abschiebung haben und darf bei uns bleiben. https://t.co/FwMXXC12JR",0
"Wie etablierte europäische Parteien islamistische Positionen übernehmen, weil sie das für 'offen' halten. Kluges von der Journalistin Maya Khadra. Sozialhilfe wird als Steuer gesehen, die Nicht-Muslime an Muslime zahlen müssen. #Europawahl2019 #Europa #Islamismus #Antisemitismus https://t.co/RCnEVVDFtu",0
"Über 85.000 mal gelesen inzwischen. Läuft. Eine kleine Aufklärungswelle, die sich ihren Weg schlägt, trotz Drosselung und Shadowban. #Fridays4Future #GretaThunberg @FridayForFuture @GretaThunberg https://t.co/0TAQKF5q8l",0
"'Wo sind die Kinder?“  “Auf der AfD-Demo: Strom für alle.“  “Bei den Nazis…!?“  “ Halt's Maul, Habeck, halt einfach mal dein Maul...' https://t.co/v5qXHAHphK",1
"#Wiesbaden Ali #Bashar der mutmaßliche Mörder von #Susanna und Vergewaltiger einer 11 Jährigen wollte auch einen 22 Jährigen Mann vergewaltigen 'Fick Deutschland, ich ficke die Polizei' soll er bei seiner Tat gesagt haben. #Bereicherung https://t.co/MHi6Ax9RjZ",1
"Brandstiftung an Autos in #Berlin auf 446 Fälle gestiegen: In 27 wird politisches Motiv vermutet, davon 23 Fälle linksextremistisch motiviert, wie z. B. an Autos des Ordnungsamtes oder bei Firmen, 'die den Kapitalismus symbolisieren' wie Bahn oder Telekom  https://t.co/OtBzXV24e3",0
"#Muenchen Iraner und 2 Afghanen belästigen 18 Jährige aufs übelste in Sexueller Weise. Ihr einschreitender Begleiter wird ins Krankenhaus geprügelt, die 18 Jährige wird verletzt. Bei der Festnahme leisten die Täter erheblichen Widerstand. #Folklore https://t.co/aJRNHUi1NJ",0
Ist in Deutschland die Demokratie gefährdet? Warum berichten die Medien so regierungstreu? Warum so einseitig positiv über die Grünen? Eine polnische Journalistin über den deutschen Sonderweg und Belehrungen aus Berlin. https://t.co/9DUEf0Wd1H,0
"Das Video des Mädchens hat ihr Vater aufgenommen, bevor er sie ermordete.   'Sprichst du mit Jungen' - 'Ja'   'Du hörst nie auf deinen Vater?' - 'Ja'   'Du kommst direkt in die Hölle' - 'Ja'   Sie wurde 10 Jahre alt.   Religion des Friedens....... https://t.co/8XMAv0jEzm",1
"Potzblitz! Der jüdische Schüler der in #Berlin #Charlottenburg verprügelt wurde, wurde von Muslimen angegriffen Angreifer (15) ist unbeschulbar. Der Direktor sagt Muslimischer Antistemitismus sei an seiner Schule ein latentes Problem, schon ab Kindergarten https://t.co/HaSXgrYjSQ",0
"Josephine (5. Klasse Gymnasium, #FridaysForFuture Demonstrantin): 'Es  bringt ja auch nichts, nur zur Schule zu gehen, wenn wir in ein paar  Jahren dann tot sind, weil der #Klimawandel so weit vorangeschritten ist.' 🤯#GretaThunberg #GenerationGreta https://t.co/1d2jffCJA0",0
"#Dresden Am Montag kam der unbegleitete Minderjährige Flüchtling und syrische Rapper Mohammed in Gucci Klamotten aus dem Jugendarrest, am Freitag stach er dann 2 Menschen ab. https://t.co/X109W1sFUr",0
"Die ersten Prognosen deuten an, dass es bei der nächsten BTW eine/n GRÜNEN Kanzler geben könnte.    Ca. 22% finden also folgende Punkte gut:    Spritpreise auf 5 Euro/l  Kinderehen  Noch mehr Migranten  Klimalüge  usw.    Wir sind echt am Arsch.",1
Es ist mal wieder Ramadan. Also übt man sich hierzulande vielerorts in Rücksicht auf moslemische Kinder: Schulen sagen ihre Sommerfeste ab und Kita-Feiern müssen ohne Grillwürstchen auskommen.  https://t.co/UHnqPXu3ae,0
Im Landratsamt @StadtLandsberg wird in der Ausländerbehörde jetzt ein Sicherheitsdienst für 96.000€ im Jahr eingesetzt. Aussendienstmitarbeiter fahren zu Zweit oder zu Sechst zu Flüchtlingen und mit Schutzwesten die vor Messerattacken schützen. https://t.co/ijw6xP7BNr,0
"Offenburg: SOMALISCHER MIGRANT PRÜGELTE RENTNER HALB TOT‼️Die Söhne: ' Vater erkennt uns nicht mehr !“ Der Anblick ist nicht zu ertragen: Detlef J. (75) liegt auf der Intensivstation. Das Gesicht zertrümmert, am Hals ein riesiges Hämatom, das linke Auge ausgeschlagen ‼️ https://t.co/UcS5GZM3FD",0
"Ein iranischer Flüchtling soll in Teheran einen Mann erschossen und nach Deutschland geflohen sein. Der #Iran beantragt die Auslieferung des Täters, Deutschland lehnt ab. Der Täter darf in Deutschland als anerkannter Flüchtling frei rumlaufen https://t.co/TUcaE9K7KX",0
"Iraner soll in Teheran einen Mann ermordet und sich danach nach D abgesetzt haben, Iran beantragt Auslieferung, D verweigert das, weil ihm für die Tat die Todesstrafe drohe - so lebt der mutmassliche Täter hier unbehelligt als anerkannter Flüchtling  https://t.co/WPGp1xKrEu",0
"#München: Pakistanischstämmige Hina R.(27) bringt ihr Baby nach einer Partynacht samt One-Night-Stand in einem Gebüsch zur Welt, beißt die Nabelschnur durch und geht abends weiter feiern - Passantin rettet den schwerverletzten Säugling vor dem Tod #Prozess  https://t.co/bJcc5o2V1m",0
"ER HAT SCHÜLERIN (16) BEGRAPSCHT UND GEKÜSST‼️Polizei fahndet mit diesem Phantombild nach Straftäter. Essen: die Jugendliche wurde auf dem Schulweg sexuell belästigt, ins Gebüsch gezerrt, schamlos berührt und geküsst.  Als das Opfer nach Hilfe schrie, ließ der Täter von ihr ab‼️ https://t.co/u94H3tef1V",0
"@Uwe_Junge_MdL Sie wirken wie ein brüllende Filmfigur aus der Stummfilmzeit. Dass Leute Sie und diese ganze verzerrte, rechtsradikale Weltsicht der #AfD wählen ist bizarr - und selbstzerstörerisch. Die Zukunftspolitik sieht reflektierter und verantwortlicher aus - nämlich #Grün.",0
"@Uwe_Junge_MdL Sie labern schon wieder im Suff, oder, Junge?  Wer heute blau wählt, wacht in Braunland wieder auf.  #AfDVerbot jetzt #afdmachtdumm",0
@Uwe_Junge_MdL Auch im Programm der AfD sind sozialistische Inhalte zu finden.,0
@Uwe_Junge_MdL Deshslb haben die Deutschen lieber Hunde. Die haben einen lieb egal wie blöd man ist! 😀,0
"@Uwe_Junge_MdL Hätte er jetzt gesagt Rot-braun(sorry blau)-rot würde er nicht ausschließen, wäre dann der AFD Verein sozialistisch?  Wenn Du jetzt nein sagst ist dein Tweet wiedermal nicht mehr als populistischer Müll🤷‍♂️",0
"@Uwe_Junge_MdL Dann kann man ja nur hoffen. Mit Sarah könnte dann ja evtl. eine attraktive und beredsame Frau Bundeskanzlerin werden. (Frau Roth schließe ich aus fachlichen Gründen aus),Kevin Kühnert als Finanzminister, Ralf Stegner als Innenminister, usw.usw.  Schöne neue Zukunft in Deutschland",0
@Uwe_Junge_MdL @VSefzat Ja wer eine kommunistische Diktatur nicht erlebt hat kann sich so etwas vorstellen.  Die SPD ist völlig unwählbar. Als nächstes werden sie für die Inhaftierung  und Enteignung von Gegnern plädieren.,0
@Uwe_Junge_MdL Uwe der Träumer.....Da wünscht sich wohl der Bundeswehronkel sein altes Feindbild zurück.,0
@Uwe_Junge_MdL Die Kinder wählen die doch selber zuhauf..,0
"@Uwe_Junge_MdL Bla bla bla es kommt von den Nazis nur Bla bla bla nichts weiter! Wo sind die Hinweise auf Programme dieser sog. AfD? Achso, nichts da, klar dann müssen sie ablenken,indem sie hetzen und lügen.....gähn",0
@Uwe_Junge_MdL Deine Kinder verfluchen dich jetzt schon. #fckafd,0
"@Uwe_Junge_MdL Aber geh, diese Katze war nie im Sack - alle was Grün ist, ist Sozialismus pur. Das war immer schon deutlich klar..",0
"@Uwe_Junge_MdL @kardasiapat Wer Kinder hat. Geburtenunterdrückung bei Weißen ist Ihnen geläufig, Herr Junge? Positionieren Sie sich. #AfD #WhiteGenocide",0
@Uwe_Junge_MdL Was für ein Blödsinn. Kann die AFD ein einziges Mal mit Fakten argumentieren oder wirklich nur unsinniges Rumgebülle?,0
"@Uwe_Junge_MdL Lächerlich und plump, fällt ihnen nichts besseres ein? Ts ts ts...",0
"@Uwe_Junge_MdL Nein, DICH werden sie verfluchen. Denn WIR erziehen sie, also keine Sorge 😎",0
@Uwe_Junge_MdL Die Wiedergeburt der SED.,0
"@Uwe_Junge_MdL Nach dem der Neoliberalismus  und Lobbyismus der letzten 40 Jahren alles ordentlich an die Wand gefahren hat, kann uns ein wenig Sozialismus gar nicht schaden. Ein Depp, wer auf diese plumpe Scheiße reinfällt.",1
@Uwe_Junge_MdL @Empfehlung1 Na ja... Dann wird Bautzen und Berlin Hohenschönhausen wiedereröffnet für andersdenkende Menschen die nicht dem Rot - Rot Grünen Weltbild entsprechen...eindeutig Demokratie und Meinungsfreiheit. 👍🏻,0
"@Uwe_Junge_MdL Welche Katze?  Das ist doch genau, was gewünscht ist - und was denn auch sonst?!  Jamaika mit den Lobbyistenkuschlern?  Grün-rot-gelb? Dann hat man wieder die Lobbyisten-FDP dabei, die alles blockiert.  Und euch braune will eh keiner. Am ehesten die CDU aber, ihr+die=keine Mehrheit🤷‍♂️",0
"@Uwe_Junge_MdL @Frank_Pasemann Herr Junge, für eine solche Annahme gibt es schlichtweg keinen Grund. Wenn Sie doch noch einen finden sollten, teilen Sie ihn mir bitte mit.",0
"@Uwe_Junge_MdL @Frank_Pasemann Hilfe Sozialismus! Ich habe Angst, bitte kämpft für den freien Weltmarkt! Schützt unser amerikanisiertes Deutschland! Ein verwestlichtes Europa ist voll patriotisch alternativ!",0
"@Uwe_Junge_MdL #Volksverhetzung? #AfD-MdB Stefan Keuter verschickte Nazibilder über WhatsApp, wie ich mit @MarcusBensmann für @sternde u. @correctiv_org  aufgedeckt habe. Heute ist in Würzburg ein Mann für Posten eines Nazibildes verurteilt worden – wegen Volksverhetzung  https://t.co/GK9Bujksge",0
@Uwe_Junge_MdL Schwimmen da Felle?  #afdwürgt #NazisRaus #Kantholz,0
"@Uwe_Junge_MdL Ist doch toll, alle die von der SPD zur den noch größeren Spinnern den Grünen geflüchtet sind, werden dann wieder den Sozis unterworfen. Ich gönne den Das ! https://t.co/UIGPS9XNz7",0
@Uwe_Junge_MdL besser als blau schwarz!! #noafd,0
@Uwe_Junge_MdL @PauleHasi13 Verfluchen?Geht es ne Nummer kleiner?,0
"@Uwe_Junge_MdL Der SPD ist doch mittlerweile alles recht, kein Rückgrat mehr.",0
@Uwe_Junge_MdL Ich hoffe der Wähler schließt das aus. Und verbannt die SPD auf die Oppositionsbank,0
"@Uwe_Junge_MdL Wer #AfD wählt, bekommt #NsDAP",0
@Uwe_Junge_MdL Die Katze war doch hier schon aus dem Sack. #Habeck will das chinesische Herrschaftssystem etablieren. #sozialismus #Grün  https://t.co/Cw3EZ58Xls,0
@Uwe_Junge_MdL @raknanordmann Sozialismus reloaded?Wie oft denn noch? Jegliche Ausprägung ist bis jetzt krachend gescheitert und hat Millionen Menschen auf dem Kerbholz.,0
"@Uwe_Junge_MdL Zum Machterhalt verkaufen die Sozis ihre Mütter. Von Rot erwarte ich nichts anderes,die Fahne WHT in die Richtung, die den Bonzen genehm ist.",0
@Uwe_Junge_MdL Warten wir bis das erste italienische Schiff havariert und keiner die Besatzung retten will da sich keiner die Strafe leisten kann.    Das es den Uwe anscheinend freut wenn Menschen elendig ertrinken ist ja nichts Neues.,0
@Uwe_Junge_MdL warum so verbitterte mitbürger immer ausrufezeichen brauchen?    würde beim lächeln lernen gerne helfen.,0
"@Uwe_Junge_MdL Wann werden andere europ, Länder und vor allem Deutschland wach und folgen dem ital. Vorbild?",0
"@Uwe_Junge_MdL Mal gespannt, wie die ihre Finanzen regulieren wollen.   Ob Salvini da wohl auch zeigt wie's geht...auf Ramsch Niveau Kredite aufzunehmen",0
"@Uwe_Junge_MdL Und wie man Schulden macht, in der Annahme die EU zwingen zu können sie zu übernehmen haben sie auch ganz toll drauf.",0
@Uwe_Junge_MdL Starke Worte für eine Partei die permanent die Meinungsfreiheit und andere Grundrechte verletzt und einschränken will.,0
"@Uwe_Junge_MdL Junge,Junge, es ist alles besser als ihr Schlechtmenschterror!",0
@Uwe_Junge_MdL Sie bevorzugen ein totalitäres System! Also: Wegtreten! #fckafd,0
"@Uwe_Junge_MdL Herr Junge, wir wissen doch alle, dass gerade die rechtsradikale AfD demokratische Grundrechte beschneiden will.",0
@Uwe_Junge_MdL Sagt einer aus einer Partei die deutsche Staatsbürger ungleich behandeln möchte. Ist das die Demokratie die ihr wollt?,0
"@Uwe_Junge_MdL Gutmenschenterror? Das würde ja bedeuten, dass in den regierenden Parteien gute Menschen regieren würden. Ich sehe da kaum jemanden!",0
"@Uwe_Junge_MdL Ja, Schutz vor euch drecks Faschos. Ich finde es immer so köstlich wenn die EkelhAfDe wieder keinen Platz im Restaurant bekommen oder Filme über die Nazizeit for free sehen dürfen. Einfach nur herrlich!😬🎉🎊",1
"@Uwe_Junge_MdL Sagt der Typ, der andere bedroht nur weil sie nicht seiner #RechtsNAZIonalen #Sekte folgen, einer der Anführer des Marsches von #AdolfHitlerHooligans durch #Chemnitz. Genau mein Humor. https://t.co/lBQHG8RiDQ",0
@Uwe_Junge_MdL https://t.co/ydBKTLmPNF,0
@Uwe_Junge_MdL höchstwahrscheinlich beides,0
"@Uwe_Junge_MdL Die Gesetze und die Anreizstruktur ist das Problem. hab noch nie gehört dass bspw. Ungarn, Japan, Singapur oder viele andere ein Problem mit 'Gefährdern' haben. Kein vernünftiger Gefährder würde überhaupt auf die Idee kommen in so ein Land einzureisen.",0
"@Uwe_Junge_MdL Was ist das für ein Lumpenstaat! Unglaublich wie Menschen und deren Angehörige behandelt werden, die dem Staat gedient haben.",0
"@Uwe_Junge_MdL Ja, und auch die Rechten und die Reichis nicht vergessen...",0
@Uwe_Junge_MdL Das weitaus größere Problem sind Sympathisanten Ihrer Partei mit fehlender Abgrenzung nach rechts. Schon mal von Seda Basay-Yildiz gehört?,0
@Uwe_Junge_MdL Bei der Bundeswehr hätte man früher auch vielleicht mal etwas genauer schauen sollen. Schon interessant wer da so alles Stabsoffizier war...,0
"@Uwe_Junge_MdL Genau Junge! Deswegen wir es hoechste Zeit, dass die AfD wegen ihrer rechtsradikalen Umtriebe und Mitglieder verboten wird. Dann koennen auch konsequent unsere Staatsorgane von Rechtsradikalen und natürlich auch anderen Extremisten befreit werden. Islamisten in der Polizei ???",0
@Uwe_Junge_MdL @IlonaAbels Will blabla fordere blabla bin hohl blabla,0
"@Uwe_Junge_MdL so ist es....auch Liberal-Extremismus, Konservativ-Extremismus, Grün-Extremismus usw usw haben bei der #Polizei nichts zu suchen....",0
"@Uwe_Junge_MdL Und nicht Ihre eigenen Gessinungsbrüder vergessen wie Rechtsextremisten, Reichsbürger etc., denn die größte Gefahr kommt ganz klar von RECHTS!",0
@Uwe_Junge_MdL Aha  Reichsbürger...  Was ist mit linksradikalen   Antideutschen Gutmenschen??,1
"@Uwe_Junge_MdL Man sieht wiedereinmal, wie leichtfertig die Merkel-Parteien mit der inneren Sicherheit umgehen.",0
"@Uwe_Junge_MdL @pearwalts5 @Junge_Freiheit Es werden täglich mehr, zu beobachen in Dörfern und Städten. In 10 Jahren sind die Kinder der Muslime bereits 16 Jahre. Sie werden in allen Organen und Strukturen der Deutschen Gesellschaft eingreifen, wie schon in der Politik zu beobachten ist. Grüne fungieren als Staatsfeinde! https://t.co/1NQkUWf6a2",1
"@Uwe_Junge_MdL @Junge_Freiheit Aber bitte fangen wir doch mit den EkelhAfDen an.Die glauben nämlich, dass nur weil sie hier auf die Welt geschissen wurden, dürfen die alles hier und das Land würde denen gehören. Wie etwas was sie erworben haben und es Ihnen rechtlich zusteht. Nicht weil sie etwa Glück hatten.",1
@Uwe_Junge_MdL @Junge_Freiheit Anreize... Der größte Anreiz ist ja eigentlich 'ich will nicht elendig sterben!' für diese Menschen.   Aber das interessiert unseren Uwe ja nicht.,0
@Uwe_Junge_MdL @Junge_Freiheit Die Anzahl der Asylanträge ist wesentlich geringer als die Anzahl der Zuwanderer. Man täuscht mit den Asylzahlen über die wahren Zuwandererzahlen hinweg.,0
@Uwe_Junge_MdL @BeaArep @Junge_Freiheit Alle schieben die ja ab! Aus der Heimat nach Deutschland 👅👅👅👅,0
@Uwe_Junge_MdL @HellerNorden @Junge_Freiheit Grenzen wieder schliessen und Visum einführen.,0
"@Uwe_Junge_MdL @Junge_Freiheit Natürlich, denn nur hier in Deutschland kriegt man alles in den Arsch gesteckt(Das gilt natürlich nicht für Deutsche). Du hast eine Straftat begangen? Kein Problem die korrupte Deutsche Justiz dreht es für dich wieder zum Guten.",1
@Uwe_Junge_MdL @FlugdesAlbatros @Junge_Freiheit Nicht ' Europa'- nur EU!!!!!!!,0
"@Uwe_Junge_MdL @Junge_Freiheit Sie sollten mal arbeiten. Konsequent denken. Oops, Sie waren ja Offizier https://t.co/G2B9YQtHxE",0
@Uwe_Junge_MdL @Junge_Freiheit Mit deiner Abschiebung könnt man mal anfangen.,0
@Uwe_Junge_MdL @Junge_Freiheit Als allererstes sollte komplett auf Sachleistungen umgestellt werden. Jemand der wirklich Schutz sucht freut sich über ein Dach über dem Kopf etwas zu essen und den Schutz vor der Verfolgung.  Der Großteil wird dann sehr schnell von selbst verschwinden wenn es kein Geld mehr gibt,0
"@Uwe_Junge_MdL @Junge_Freiheit Konsequent auf Sachleistungen umstellen. Ankerzentren. Und alles was nicht im Land sein darf, sofort raus. Nicht bis nach hause. EU Aussengrente reicht. Sollen selbst klarkommen.",0
"@Uwe_Junge_MdL Nur dumm, dass es keine muslimische Massenzuwanderung  gibt.",0
"@Uwe_Junge_MdL Spielen Sie doch nicht den Saubermann, am liebsten würden Sie die Homosexuellen doch selbst verfolgen 👎",0
@Uwe_Junge_MdL @ichbinkoelnerin https://t.co/ADTBhuYu4e,0
"@Uwe_Junge_MdL @Eure_LeylaBilge Ist denen doch egal, die gehen ja nicht unters Volk.",0
@Uwe_Junge_MdL Von eurer Hetze und homophoben Haltung wird halb Deutschland schlecht.     #FCKNZS   #fckafd,0
@Uwe_Junge_MdL LGBTI-Rechte Thema im Bundestag  AfD will junge Menschen zu Hetero-Beziehungen 'ermutigen'  https://t.co/HaMsdWdrDo    Gegen Vielfalt  AfD Sachsen will 'Werbung für Homosexualität' in Schulen verbieten  https://t.co/UXjvYIM2dz,0
@Uwe_Junge_MdL So Typen wie Beck wünsche ich das: https://t.co/7BIfTQzPEy,0
@Uwe_Junge_MdL https://t.co/hZB49sDXQS,0
"@Uwe_Junge_MdL Erzähl mir mehr davon, wie du dich für die Rechte von Homosexuellen stark machst. https://t.co/2b9K0wFZwP",0
"@Uwe_Junge_MdL Tja, wenn Leute wie Sie an der Macht sind, wird es Ihnen so wie dem Herrn Röhm gehen, denn hässliche Steigbügelhalter zur Macht, wie Sie es einer sind, waren nach der langen Nacht der Messer schnell weg vom Fenster.  Daran schon mal gedacht?",1
@Uwe_Junge_MdL Homophobie ist (genau wie Islamophobie) das falsche Wort. Es war nie eine Angst um die es ging.   Das der Staat eine damals noch anerkannte psychische Störung als Straftat gesehen hat ist das wirkliche Verbrechen. Und heute die Schuld auf die Christen schieben. LGBTQ bleibt krank.,1
@Uwe_Junge_MdL Ach Kamerad Junge entwickelt auf einmal ein Herz fuer Homosexuelle? Dann sind Sie aber wirklich in der falschen Partei. Die AfD ist die homophobe Partei schlechthin!,0
"@Uwe_Junge_MdL ...ist das nicht der Schwule dem das Koks aus der Hosentasche bei einer Polizeikontrolle gefallen ist, der auch so gerne kleine Jungs mag ? Ein ekelhafter Zeitgenosse......",1
"@Uwe_Junge_MdL Alles nette Schwule, die nie einen Strichjungen im Bahnhofsklo benutzt haben, damit der sich seinen nächsten Stich setzen konte.  Alles Gutmenschen, die nie irgendwo Sex hatten, mit Menschen, die garnicht so scharf auf ihren Sex waren? Alle,immer einvernehmlich?",1
@Uwe_Junge_MdL @ichbinkoelnerin Der Kaiser sah nur Haft für Schwule vor - der Koran sieht für Homosexualität die Todesstrafe und so wird das auch in den islamischen Staaten vollzogen!,1
"@Uwe_Junge_MdL muß man lassen, die wollen das so und sind zur Differenzierung nicht in der Lage. Die müssen es einfach erleben",0
"@Uwe_Junge_MdL Das denkt die graue Eminenz Höcke, nach dessen Pfeife die AfD tanzt,  über Schwule und Lesben. https://t.co/3RzysGmvUl",0
@Uwe_Junge_MdL Feindlichkeit gegen Homosexualität begegnet man mit Aufklärung. Das Religionen schon immer unaufklärerisch Handeln ist auch klar.  Da nimmt sich der homosexuellen feindliche Papst nicht viel vom homosexuellenfeinflichen Imam.,0
@Uwe_Junge_MdL Wenn ich mir das exaltierte und provakante Benehmen der Teilnehmer an LGBT-Paraden so anseh wünsch ich mir den §175 zurück.,1
@Uwe_Junge_MdL Paranoide Wahnvorstellungen @Uwe_Junge_MdL  ?,0
@Uwe_Junge_MdL Ein bisschen an der Spitze naschen lassen und Kristalle geben.,0
@Uwe_Junge_MdL Jetzt ist der Zeit die Patrioten von ganze Welt Aktiv werden und nicht mehr zu lassen die Globalsten für uns entscheiden .leider unsere Regierung bis jetzt haben die Radikalsten unterstützt Beispiel islamische Republik Iran die habe 40 Jahre Auge zugedrückt und jetz...,0
"@Uwe_Junge_MdL Massenzuwanderung ...... Aluhüte, neue Aluhüte ....",0
"@Uwe_Junge_MdL War da nicht mal was in deinem Standort Mayen, mit einer Soldatin, du brauner Islamist",1
"@Uwe_Junge_MdL Um die AfD zu zerstören, juckt die ein paar Homos nicht",1
"@Uwe_Junge_MdL Und wenn du nicht endlich dein eingestaubtes Hirn einschaltest, wirst du sehr sehr dumm sterben. Schon mal darüber nachgedacht? https://t.co/qQTZZ7dY1D",0
@Uwe_Junge_MdL Sie leben auch nach dem Motto was kümmert mich mein Gesülze von gestern oder ? schon mal wirkliche Politik gemacht oder immer nur die 3 bekannten Themen ?  #fckafd #noafd #nazisraus,0
"@Uwe_Junge_MdL Herr Junge , wie können sie nur so öffentlichen die Wahrheit sagen? Widerlich 😂😂😂",0
"@Uwe_Junge_MdL erst waren es 'unsere frauen', 'unsere kinder' und 'unsere mädchen' - nun 'unsere homosexuelle'.    welch wandlung.    da entdeckt grade jemand seinen weichen kern.    👍 https://t.co/elS7VqSkJ3",0
"@Uwe_Junge_MdL Wartet mal ab, gebaut wird nicht nur im Iran. 🏗 Wir beobachten das einmal, ist wie bei den Clans, das konnte ja keiner ahnen.",0
@Uwe_Junge_MdL @WilhelmTell77 Er soll bitte wieder in Russland demonstrieren 😂🤣😂,0
"@Uwe_Junge_MdL Für den Herrn auf dem Bild ist das nur eine Etappe, sein Ziel ist ein ganz anderes.",0
"@Uwe_Junge_MdL Nee. Denken ist da nicht mehr. Das Gehirn ist woanders hingerutscht. Ist die einzige Erklärung.    Meine Mutter sagte immer, wer nicht  hören will, muss fühlen.    Wird ein kurzes Erleuchtungsgefühl. Je nach Höhe des Hochhauses halt.",0
"@Uwe_Junge_MdL Junge, Junge...schon wieder sturzbesoffen auf der Maus ausgerutscht? Iss doch Euer Programm, was du da so schlecht redest. Aber sauf ruhig weiter..bis ins Koma!",0
@Uwe_Junge_MdL Andere Probleme hat der Typ bzw die AfD wohl nicht? Die sollten sich mal besser um den Klimaschutz bspw Gedanken machen.,0
@Uwe_Junge_MdL Volker Beck hat das auch selbst schon oft öffentlich angeprangert. Er ist einer der wenigen die da auch auf sowas und den Antisemitismus von moslemischen MitbürgerINNEN hinweist. Er ist da echt ein aufrechter ehrlicher Mann der Respekt verdient,0
"@Uwe_Junge_MdL Da erkenne ich eine deutlich größere Gefahr, falls Ihre homophobe Partei jemals mehr Macht erlangen könnte!",0
"@Uwe_Junge_MdL Mein Freund ist zum Glück sehr tolerant und offen, wenn es um andere Meinungen geht. Insbesondere meinen teils sehr konträren Ansichten. Aber ich werde trotzdem nicht verstehen, warum er lieber die Partei wählt, die seine Henker willkommen heißt. Zum Glück bin ich bi. Galgenhumor",0
"@Uwe_Junge_MdL Gerade die AfD, mit ihrer Homophobie. Kommt nun mit sowas 😅.    Wenn die AfD an die Macht kommt. Haben homosexuelle auch nichts mehr zu feiern.",0
"@Uwe_Junge_MdL AfDler sind nun wirklich die Letzten, denen die queere Community am Herzen liegt.",0
"@Uwe_Junge_MdL als wenn es menschen, die nicht eurer norm entsprechen, besser ergehen würde #noafd",0
@Uwe_Junge_MdL Uns wurde es eher mit der AfD schlecht. Was euresgleichen von LGBTQ Menschen hält habt ihr ja schon oft genug deutlich gemacht.,0
"@Uwe_Junge_MdL Weil es Leute wie Sie, Ihre Faschisten-Sekte und Ihre Rechtsterror-SA gibt, geht es uns bereits jetzt schlecht. Hier und im Ausland. https://t.co/MH3JciaAVM",0
"Niederlande: Minister tritt wegen Bericht zu Flüchtlingskriminalität ab❗️Mord und Todschlag, sowie Sexualdelikte unter „Anderes“ verbucht. Normalität für Gutmenschen Regierungen‼️  https://t.co/hRePfptphH",0
Eine der traurigsten Storys dieser Tage: Schwarz-Grün hat das Todesurteil über einen der letzten Naturwälder in Deutschland gesprochen. Wie CDU/Grüne den Reinhardswald vernichten. Schauen Sie sich die Bilder an. Biden Sie sich IHR Urteil. https://t.co/B6qBoyDIPd,0
Die AfD ist laut Zahlen der Bundesregierung Hauptopfer politischer Gewalt. Sie ist nahezu so häufig Ziel von Attacken wie alle anderen Parteien zusammen. https://t.co/xNjIw8JZre,0
Auch die Jusos NRW sind für Dialog und demokratischen Diskurs. https://t.co/PJ3eZsz7WC,0
"Eine der schönsten Waldlandschaften, der sagenumwobene Reinhardswald, wird für die bislang höchsten Windradanlagen zerstört. Grüne und CDU befördern Zerstörung der Natur in Nordhessen.    https://t.co/MrriYVxUTt",0
"@TichysEinblick Es ist wirklich ein zauberhafter Ort und ein Verbrechen, was man dort vor hat 🤬 https://t.co/b9r6UVlynI",0
Wofür Deutschland so Geld ausgibt: Die Bundesregierung förderte 2018 in Nicaragua ein Projekt für „Gendersensible Männerarbeit“ und in Kolumbien eines für „Gendergerechtigkeit im Kontext des Friedensprozesses“. (BT Drucksache 19/10277),0
"#Hamburg: Ibrahim C. sticht auf St. Pauli mit einer #Messer seiner Freundin in den Oberschenkel, so daß sie viel Blut verliert und nur durch eine Not-OP gerettet wird - dafür, sowie für das Verprügeln an Weihnachten gibt es zwei Jahre auf Bewährung #Justiz  https://t.co/A6erjBB1G4",0
"+++Claudia Roth und die „Altparteien“!+++  Wenn sich geschichtliche Ahnungslosigkeit, moralische Überheblichkeit und Vergesslichkeit mischt...  #Bundestag #AfD https://t.co/LmAMjHUpLM",0
+++ Stoppt den Großen Austausch! +++    Aktionsvideo zur Antwortaktion auf die linksradikale Großdemo #1EuropaFürAlle am 19.05. in #Berlin. Unser #Europa ist nicht eure Union!    https://t.co/3eJP9KMaiT,0
"Weil heute Montag ist, bereichern Ali, Mohammed, Serkan und die Gang eine Kleinstadt mit dem Spiel 'Fang den Lukas' Verlierer bei dem Spiel wie immer, die hilflose Polizei und natürlich der deutsche Bürger, der immer mehr öffentliche Plätze meiden muss. https://t.co/CPtNu2h9cV",1
"#Dortmund: Serkan (16) ist mit seinen Noten so unzufrieden, dass er den Chemie- und Deutschlehrer mit zwei Komplizen in einem #Hinterhalt lockt, um ihn mit Hämmern zu erschlagen - der Plan misslingt, da der Lehrer dem Trio nicht den Rücken zuwendet  https://t.co/4znu8mhR1C",0
Gewalt und die Drohung damit ist für Linke zum Standardmittel in der politischen Auseinandersetzung geworden. Zwischen #Antifa und #jusos passt kein Blatt. Wann distanziert sich die #SPD von ihrer Jugendorganisation? #WirPackenAn #AfD https://t.co/ZColrqKRfn https://t.co/GKq2Jokbr2,0
"Tja liebe Bessermenschen, was nun? Schulunterricht, indem Vorurteile gegen Homosexuelle, Trans*+ etc. mit Motto #NoOutsider abgebaut werden sollten, wurden in Manchester+#Birmingham wegen massiver Proteste moslemischer Eltern (u.a. auch Schwarze+Mädchen mit Kopftuch) abgebrochen. https://t.co/UfY7RO26Di",0
"Gerade steht irakischer 'Flüchtling' #AliB wegen Mord an #Susanna vor Gericht.  Seine Antwort wie eine Frau sein soll:  -arbeitet nicht, putzt+kocht  -hat keinen Kontakt zu Männern  -geht nicht auf die Straße  -ist Jungfrau  Tja, was nun liebe BessermenschInnen? #aufschrei oder #metoo?",0
"Huch, ausgerechnet in Murksels Heimat #Uckermark gab es jetzt eine echte #Hetzjagd: 4 Syrer+ Algerier, bei Bessermenschen auch unter 'Geflüchtete' bzw. 'Fluchtsuchende' bekannt, verprügeln 2 deutsche Jugendliche. Kommentar dazu @regsprecher?  https://t.co/sZOLzPnF0V",0
"4 ermordete Frauen in 2 Wochen! Wo? Dritte Welt? Slum? Nein, in  Österreich. Das wird Bessermenschen nicht passen:'Auffällig ist, dass sich unter den Verdächtigen überproportional viele Ausländer und Asylbewerber befinden.'   #ThingsThatAreBadForYourHealth  https://t.co/RKkO5MBvFf",0
"Der #Brexit wurde durch eine demokratische Abstimmung des britischen Volks  beschlossen.  Auf der ganzen Welt wird das akzeptiert.  Nur in D kommen empörte, demokratiefeindliche, vertrottelte Bessermenschen zusammen und fordern ein weiteres Referendum.  😂  #hartaberfair",0
"Warum wird der Hauptgrund des #Brexit nicht genannt? Es war die unkontrollierte Massenmigration, die die Mehrheit in GB ablehnte. @Beatrix_vStorch weist darauf hin, dass das Votum demokratisch passiert ist, aber Bessermenschen wollen das Ergebnis immer noch kippen.  #hartaberfair",0
"Unbesorgt+ mit Nachwuchs durch die Gegend schlendernd habe ich in der letzten Zeit nur Goldstücke + bestimmte Rechtgläubige gesehen. Restdeutsche schleppen sich blass, sorgenvoll, überarbeitet durch die Straßen, junge Frauen bewegen sich schnell+ weichen bestimmten Gruppen aus.",0
"Bessermenschen wollen, dass wir halbe Welt aufnehmen, Migranten sind für sie die besseren Menschen, obwohl sie oft frauenfeindlich, homophob, wissenschaftsfeindlich+radikal religiös geprägt sind.   Deal: Liebe Bessermenschis, zieht doch zu den 'besseren Menschen'+lasst D in Ruhe!",1
"Kölns Bürgermeister Hamma+Reker haben sich mit naiver Einschätzung:'Die Moschee wird eingekölscht!'+'Jeder Jeck ist anders' verschätzt: Großmoschee in #Ehrenfeld wird radikal-arabischen Islam vertreten. Bessermenschen, schaut mal nach Saudi Arabien+Shariah, sowas ist gemeint. https://t.co/8jOTdP2M8i",0
"Bessermenschen regen sich über Kinder auf, die #Sternsinger sind - aber finden sexualisierendes Kopftuch bei kleinen Mädchen bereichernd.",0
"Bunte+Bessermenschen nennen Amokfahrt in #Bottrop Rassismus. Warum haben sie sich nicht beim rassistischen Anschlag im Zug bei #Würzburg zu Wort gemeldet, bei dem  4 Chinesen durch Beilangriff schwer verletzt wurden? Täter war MUFL der Allahu Akbar rief.  https://t.co/GhjaAv7USR",0
"Bessermenschen wollen   #Feuerwerksverbot in Innenstädten. Toll, aber daran würde sich eh nur der brave Michel halten. Wie soll das in Berlin Mitte, Hamburg Jungfernstieg, Köln Ehrenfeld etc. und auch sonst gegen knallende Goldstücke durchgesetzt werden?   Gar nicht!",0
"Der ist #Trump.  Was haben Deutschwurzelige und 'Christliche', besonders Mädchen &amp; Frauen der Freundin der Clintons &amp; Obama (Grenzzaun Mexiko) nur angetan? Schutzmauer für Saudis &amp; Israelis, aber nicht Amerikaner. Übrigens, es gibt Grenzübergänge &amp; Asyl.  https://t.co/5PhgUwFqRS",0
"Der Sarg wird mit der Hessen-Fahne bedeckt. Hoffentlich ist die Merkel nicht in der Nähe.     RIP. Trotz des Satzes: Wem die Werte eines Landes nicht passen, kann es verlassen. Selbst vertriebener durch Regierung. 🙁  Linke Merkel oder ich, beides geht nich.  https://t.co/7jaug30sPi",0
https://t.co/4BWc47uqIb,0
https://t.co/ii9vvH3OBS,0
"Traurig, traurig, traurig, so ein Gesocks, was sich nur aufspielen will.    Und auch noch eine Leiche soll es gewesen sein. Das #Rebecca tot sei, besonders auch noch vom Schwager, das glauben nur Idioten. Ehrlich. #findbecci    Mein Mitleid mit den Familien.   https://t.co/QPRNE1wUoR",0
"Eine Message mit musikalischer Untermalung von Christina Stürmer an die Berliner Staatsanwaltschaft, Polizei und auch Presse-Leute.    #findbecci, #rebecca, #freeflorian, investigative #medien #presse-Leute. Die noch nicht mal lesen können was sie schreiben, aber verurteilen. 🙁 https://t.co/7yLOnI4l2F",0
"Gibt es auf der Erde jetzt nur noch 33% Männer? Wenn dann Duo oder Quartett. Aber nix Trio, liebe #SPD.  Wiles: „Die Hälfte der Welt gehört Männern – und damit auch die Sitze“  Für #Männerquote bzw. #Frauenquote    Das A…loch #Wiltewka, alias #EkelWilfred   https://t.co/O4OxafjY2J",0
"Haben die Parteien eine Produktwerbeagentur? Da werden ja nur attraktive Frauen gegen andere ersetzt.  Trauriger Tipp an intellektuelle Frauen. Geht nie in die Politik, da habt ihr keine Chance. Siehe #Wagenknecht &amp; #Weidel.  A…loch #Wiltewka, #EkelWilfred  https://t.co/AmGEALvKjT",1
https://t.co/bf2M8RLwjo,0
"Man sollte natürlich zu den Klatschis auch erwähnen, dass die nie für ihren Lebensunterhalt gearbeitet haben &amp; je werden, billige Lakaien zum Ausnutzen brauchen. Sowie alle auf Privatschulen gehen &amp; Bodyguards haben. Auch die Sprecherin.  Der #EkelWilfred  https://t.co/M37UOyRbEE",0
"Top, dass was getan wird. Denn die alten Bienen überleben #5G nicht.  Damit auch Morgen noch Bienen kraftvoll rumfliegen. #TOP5G    Das A…loch #Wiltewka, alias der #EkelWilfred, Papa #Wilberg von der Capitol, #WilayaWilanar &amp; O. #Wilke  https://t.co/qfwpjpu8De",1
"Nichts von Deutschland gelernt?!  Aber es hat auch sein Gutes. Egal was sie macht, besser als die #Merkel wird sie sowieso. 😀  Das A…loch #Wiltewka, alias der #EkelWilfred, Papa #Wilberg von der Capitol, #WilayaWilanar &amp; O. #Wilke  https://t.co/Xp10zqT6LI",1
"Wenn du glaubst, es könnte nicht mehr schlimmer stinken.  Entschuldigung, aber da platzt mir echt der Kragen. Und muss hiermit leider mein Krebsgeschwür loswerden. Was ich übrigens auch empfehle – Die Krebsgeschwüre endlich loszuwerden.  Mein Beileid besonders #Rebecca.  #findbecci https://t.co/h4FltCPafi",0
"Ist Merkel doch Diktatorin oder ist Merkel CDU?  Merkel SOLL übrigens Physikerin sein,worüber wir uns jedes Mal fast totlachen.  Lieber Herr Merz. Ich bin auch so alt, aber ich habe was IN DIE Birne bekommen. 🙁  Das A…loch #Wiltewka, alias der #EkelWilfred  https://t.co/hGhs1Kxgvp",1
"SPD du driftest nach Mann, und was für Mann. Gute Nacht SPD. Und wo sind hier die 50% Frauen? Vielleicht, aber nur vielleicht, wäre da was Anständiges dabei. Ach geht nicht, Sahra Wagenknecht ist woanders, wenn überhaupt noch. 🙁    Das A…loch #Wiltewka    https://t.co/2hKFg7xGxG",1
"Meine lieben nicht nur Sozis. So was passiert nun mal in einem Land wo seit Jahren, über einem Jahrzehnt nur noch Politik für die Vernichtung der Werte, statt Steigerung oder zumindest Erhaltung der Werte geführt wird und Soros mitmischt.  Der #EkelWilfred  https://t.co/eq6BbzNfzQ",1
https://t.co/eAvJj7oN1R,0
"Unser Bester hat wieder aufgedeckt. Der GUTE Oliver Janich.    #Faschistenmüssenweg. Egal ob links, rechts oder weiter nahöstlich.    Der #EkelWilfred, alias das A…loch #Wiltewka, Papa #Wilberg von der Capitol, #WilayaWilanar &amp; O. #Wilke  https://t.co/cKPTqQuLGG",1
"Der Durchschnitts-IQ von Berlin hatte sich letztens auf meinem IQ-„Meter“ fast verdoppelt. Jetzt weiß ich auch warum diese Anomalie aufgetreten ist. #CharlesKrüger &amp; #Hyperion waren in #Berlin.     Das A…loch #Wiltewka, alias #EkelWilfred, #Wilberg &amp; Co.    https://t.co/4R8LIcPBck",1
"Hoffentlich ist der bald weg, der die österreichische Kultur zerstören wollte. Böse Zungen sagen sogar wieder aufblühen lassen wollte.    #Faschistenmüssenweg. Egal ob links, rechts oder weiter nahöstlich.    Der #EkelWilfred, alias #Wiltewka, #Wilberg &amp; Co.  https://t.co/dqVFVSb98W",1
"Ein Statement von 80+ Youtubern + ich.  Denn Merkel ist CDU &amp; CDU ist Merkel, und auch AKK war/ist die rechte Hand von ihr.  Wer falsch wählt(e), steht auch dahinter.  Das A…loch #Wiltewka, alias der #EkelWilfred, Papa #Wilberg, #WilayaWilanar #Wilke  https://t.co/2NRNhUnTR4",1
"Wenn die Umweltschützer nicht zu allem den Senf dazugeben müssten und was zu meckern haben, könnte die Welt sooo schön sein. 😀    Das A…loch #Wiltewka, alias der #EkelWilfred, Papa #Wilberg von der Capitol, #WilayaWilanar und O. #Wilke  https://t.co/vlMyPVp3hJ",1
"Deutschland sei stark in der Entwicklung, aber auf der Produktionsseite „nicht wettbewerbsfähig“.    Was nutzen die klügsten Köpfe, wenn man dank Dummköpfen keine anständigen Hände hat. Bzw. nicht mehr hat, weil man sie rausgeekelt hat. 🙁    https://t.co/YzPdpTr1oH",0
"Eine Frage hätte ich da noch.  Wo war Rebeccas Handy während es die WhatsApp-Nachricht empfangen hat?  Gebt endlich den Schwager frei &amp; fangt endlich an nach #Rebecca zu suchen. An den richtigen Orten, richtigen Täter. Denn das Handy hat das Haus viel zu früh verlassen.  #findbecci https://t.co/PnSr0ZvO4x",0
"Was ist denn mit der sonst verkehrten 'Welt' los?  Alleine für die Headline gehört der Abtrünnige schon achtkantig rausgeschmissen!    Das A…loch #Wiltewka, alias der #EkelWilfred, Papa #Wilberg von der Capitol, #WilayaWilanar und O. #Wilke  https://t.co/IvAaj9ZRT6",1
"Eine Neubewertung des Falls Rebecca mit dem Wissen vom bereits 7. Tag, wie es Axel Petermann forderte.  Gebt endlich den Schwager frei &amp; fangt endlich an nach Rebecca zu suchen.  Danke auch im Sinne der Mutter, Schwester, Vater, Familien, Freunde, &amp; #Rebecca natürlich. #findbecci https://t.co/3j93y5BUza",0
"#Wilfuzius sagt: Wer noch nicht verstrahlt ist, wird es bald sein.  Nach (Viel-)Ehe für alle (Gleichbehandlungsgesetz), jetzt Parkinson für alle.  'Man sorgt für das Problem, reagiert und hat auch schon die Lösung, per Chip.'    Nichts gegen allerart Ehen!  https://t.co/HSdILrs7MN",0
"Toller Kommentar.  Merkel hat das Land 14 Jahre lang durch 'Nichtstun' verkommen lassen.  Was haben alle 'westlichen' Staatsoberhäupter &amp; Merkel gemeinsam? Alle hassen Deutschland!  #merkelmussweg  Das A…loch #Wiltewka, #EkelWilfred, #Wilberg, #WilayaWilanar  https://t.co/I0v4YM7Lfw",0
"„Sie glauben alles, was in der Zeitung steht.“ 👍    Die Weisheit des #Wilfuzius: Wenn die Wahrheit zu sagen, rechtes Gedankengut ist. Dann ist aber auch zu Lügen, linkes Gedankengut.  Das A…loch #Wiltewka, alias #EkelWilfred, #Wilberg, #WilayaWilanar  https://t.co/rmLSfRsrDz",1
"Warum legalisiert man das nicht alles, wie es in Berlin legalisiert wird (u.a. Görlitzer Park), und man könnte sich um Kriminelle kümmern und müsste auch nicht immer nach mehr Personal im Polizeidienst schreien.    Das A…loch #Wiltewka, alias #EkelWilfred  https://t.co/8odY0sdoY7",1
"Die haben wohl ihre Meinungsinstitute nicht im Griff. Aber keine Angst, hinter den Wahlautomaten von George Soros sieht das dann schon besser aus. Keine Macht den Abtrünnigen. 👍  https://t.co/gg1nEsR0TX  Das A…loch #Wiltewka, alias der #EkelWilfred, Papa #Wilberg, #WilayaWilanar",1
"Das sehe ich als ganz großen Fehler an.  Das A…loch #Wiltewka, alias der #EkelWilfred, Papa #Wilberg von der Capitol, #WilayaWilanar, O. #Wilke und zweitbester Freund der #Merkel und besten Kanzlerin die das Land je hatte.   Habe nichts gegen Frauen, Gute!  https://t.co/HRDC2QjSLc",1
"Wenn es hier nicht um ein Mädchenleben, zwei Menschenleben, Familienleben gehen würde, mit denen gespielt wird bzw. zerstört wurde, wäre es lustig.    Teil 2 – Fortsetzung    #findbecci, sucht endlich nach einer lebendigen #Rebecca an den richtigen Orten. Danke. https://t.co/wgvQZJsPt7",0
"Traurig, dass es offensichtlich immer noch hirnl… Volli… gibt, bzw. seit dem 7. Tag ihres Verschwindens noch gab (Erklärung ist im Bild zu finden).  Mein Beileid.😢    #findbecci, sucht endlich nach einer lebendigen #Rebecca an den richtigen Orten. Danke.  https://t.co/hEtiptcC0p",0
"Vielleicht sollte man mal Werbung schalten in anderen Ländern um Fachkräfte ins Land zu locken oder sich einfach neue Steuern ausdenken oder einfach Gesundschrumpfen lassen. Nur so drei Tipps.😆    Der #EkelWilfred, alias #Wiltewka, #Wilberg, #WilayaWilanar  https://t.co/kaSwmuPNa7",1
"Wenn es hier nicht um ein Mädchenleben, zwei Menschenleben, Familienleben gehen würde, mit denen gespielt wird bzw. zerstört wurde, wäre es lustig. 😢  (Überarbeitet)    Quellen: RTL &amp; Bunte    #findbecci, sucht endlich nach einer lebendigen #Rebecca an den richtigen Orten. Danke. https://t.co/kbJqPO4KQs",0
"Wenn es hier nicht um ein Mädchenleben, zwei Menschenleben, Familienleben gehen würde, mit denen gespielt wird bzw. zerstört wurde, wäre es lustig. 😢    Quellen: RTL &amp; Bunte    #findbecci, sucht endlich nach einer lebendigen #Rebecca an den richtigen Orten. Danke. https://t.co/ZNW3WvSGHi",0
Dabei ist das um 10:47 Uhr durch KESY erfasst worden zu sein doch eher ein weiteres Indiz für seine Unschuld. Denn er muss dann vor 8:41 Uhr losgefahren sein. Weil #Rebecca‘s Handy hat die Whatsapp-Nachricht um 8:42 Uhr außer Haus bekommen.  #findbecci  https://t.co/zZr1fOjmfH,0
"#Wilfuzius sagt:  Liebe #Abi-Schüler, Bildung wird sowieso überschätzt.  Schaut euch nur die Politiker an. Desto mehr 'Ahnung' sie haben, desto dümmer sind sie. 😉 😆😆😆    Der #EkelWilfred, alias A…loch #Wiltewka, Papa #Wilberg, #WilayaWilanar &amp; O. #Wilke  https://t.co/LNn7YWpQ94",1
"Altes Sprichwort:  Hast du die einmal im Haus, bekommst du die nie wieder raus.      Deshalb immer Achtung vor getarnten Faschisten &amp; Faschismus.  Türkei kann man auch gegen Deutschland ersetzen. 😢    Der #EkelWilfred, alias #Wiltewka, #Wilberg, #WilayaWilanar  https://t.co/wftJUD839j",1
"#Wilfuziusine fragt:  Ist es denn wirklich so schwer ein Quadrat mit zwei Buntstiften auszumalen?   Als ich noch #Abi gemacht hab, musste ich die Sahne von einem komplizierten Körper lecken. 😆  Das A… #Wiltewka, alias #EkelWilfred, #Wilberg, #WilayaWilanar  https://t.co/TK5TUKAiWp",1
"#Wilfuzius fragt:  Ist es denn wirklich so schwer ein Quadrat mit zwei Buntstiften auszumalen?   Als ich noch #Abi gemacht hab, musste ich das Volumen von einem komplizierten Körper berechnen.    Das A… #Wiltewka, alias #EkelWilfred, #Wilberg #WilayaWilanar  https://t.co/TK5TUKAiWp",1
"#Wilfuzius sagt:  Ist das Abi zu schwer, ist die Birne wohl zu hohl und leer.  Tipp, liebe Bayern u.a.: Zieht nach Berlin, dort reicht offensichtlich schon die Grundschule fürs Abitur.    Das A…loch #Wiltewka, #EkelWilfred, #Wilberg, #WilayaWilanar &amp; #Wilke  https://t.co/i0fapZ1k75",1
"Ich liebe das Mädel &amp; Twitter genauso. Du Twitter bist Top.   Der cheblige und genauso lustige Ekel Wilfred. Ist denn heut schon wieder #Weltlachtag. 😆  Der #EkelWilfred, alias das A…loch #Wiltewka, Papa #Wilberg von der Capitol, #WilayaWilanar &amp; O. #Wilke  https://t.co/vfCWG6QT7g",1
"Als Kind wohl einmal zu viel geimpft. Will Eltern zwingen ihre Kinder Krank oder gar Tod zu spritzen. 😢  Finger weg vom Krankspritzen der Kinder, sonst haut Papa auf die Finger.  Papa #Wilberg, alias #EkelWilfred, #Wiltewka, #Wilke  https://t.co/QULcYItg7y    https://t.co/IF0ZlYZc35",1
"Mein geistiger Vater lacht sich wieder lebendig. R.I.P.    Der #EkelWilfred, alias das A…loch #Wiltewka, Papa #Wilberg von der Capitol, #WilayaWilanar und O. #Wilke    Kein Wunder...  Analyse: Arbeiterpartei AfD, Rentnerpartei FDP  https://t.co/ED52MlzC68    https://t.co/ECYY2ZJIBQ",1
"Der merkt wohl gar nicht, dass er selbst hinter Faschismus (arabischen/islamischen) steht und betreibt. Dunning Kruger Effekt. Traurig.  #DerAufklärer    https://t.co/eWtEUFjw54    https://t.co/nXXTqhvZKR",0
"War klar. Aber dass nicht in die richtige Richtung geschaut und ermittelt werden darf und auch immer noch nicht wird (Insiderinfo von einem 'Kaffeetrinker'), deshalb will sie ihnen nicht an den Kragen. 😢    #findbecci sucht #Rebecca an den richtigen Orten.  https://t.co/ww0C61AQOE",0
"Noch die Hälfte zu wenig. Denn wer nicht nur mehr hinter seinen christlichen Anhängern steht, außer sie hatten und haben einen bei Kindern stehen, hat auch keine Anhänger verdient. 😢  Der #EkelWilfred, alias #Wiltewka, #Wilberg, #WilayaWilanar &amp; O. #Wilke  https://t.co/xMAetfH0ZH",1
"Nicht gleich 'den Bettel hinschmeißen' – Bettel, bedeutet Nutzloses. Und diese Einstellung ist das einzige Problem was dieses Land hat.    Kohl, Schmidt &amp; Strauß (R.I.P.) müssen schon wieder im Grab umgedreht werden. 😢    Der #EkelWilfred    #merkelmussweg    https://t.co/oTt1HFrhgy",1
"„Heute sind mutige Soldaten, mutige Patrioten, mutige Männer, die die Verfassung unterstützen, unserem Aufruf gefolgt.“ Juan Guaidó    Das sollte sich mal einer in Deutschland erlauben. Dann würde bestimmt 'Nazis, Nazis, Nazis', gebrüllt.    Der #EkelWilfred    https://t.co/HLxQ5ZFyJ7",1
"So wie die linke Merkel ihre Antifa-Truppen hat, hat Oppositionsführer Leopoldo López seine Soldaten.  Nur eben verkehrte Welt, leider. Denn Linksfaschismus ging noch nie gut aus.    Der #EkelWilfred alias #Wiltewka, Papa #Wilberg, #WilayaWilanar O. #Wilke  https://t.co/E5Oy74Dhkv",1
"Jetzt fahren schon die Rentner in Deutschland Amok.   Liebe Rentner, das ist doch keine Lösung. FDP wählen ist die Lösung.    Gute Besserung/Genesung    O. #Wilke, alias der #EkelWilfred, das A…loch #Wiltewka, Papa #Wilberg von der Capitol oder #WilayaWilanar  https://t.co/gasapBf27c",1
"Ich kann die Kinder so gut verstehen. Denn die Zeiten gerne zur Schule zu gehen oder was zu lernen sind lange vorbei.😢    Der #EkelWilfred,alias A…loch #Wiltewka,Papa #Wilberg,#WilayaWilanar,O. #Wilke  Grund ihres Verschwindens ist (für Verblendete) kurios  https://t.co/ckcpMaglIv",1
"Welche #Demokratie? Entweder man ist für #Merkel oder man ist Nazi.  Ich glaub das hat sogar schon mein 'Papi' Alfred gesagt.    Hoch lebe die #Einheitspartei 😢    Der #EkelWilfred, alias A…loch #Wiltewka, Papa #Wilberg, #WilayaWilanar und O. #Wilke    https://t.co/mMlRRKKcAk",1
"Und direkt ab nach Guantanamo damit oder in ein Land von den Königen die sie so vergöttert z.B. Jordanien.    #merkelmussweg #hätteniepassierendürfen    Der #EkelWilfred, alias das A…loch #Wiltewka, Papa #Wilberg von der Capitol, #WilayaWilanar und O. #Wilke  https://t.co/QMsdjG1PER",1
"Kann Mann besser sagen  57 Länder/Staaten die mal christlich waren, 57 Länder/Staaten wo Frauen nichts mehr zu sagen haben, und es sich heute wünsch(t)en. Man was bin ich froh ein anpassungsfähiger kleiner aber aufrichtiger Mann zu sein.😢  Der #EkelWilfred  https://t.co/PG4EQNwrEf",1
"Für Pipi in de Augen.  Das #EkelWilfred kann auch schön – Nicht für alle.    Der #EkelWilfred, alias das A…loch #Wiltewka, Papa #Wilberg von der Capitol, #WilayaWilanar und O. #Wilke    https://t.co/3bgBQYj4WU",1
"Das hätte sich mal einer im „Deutschland verrecke! Deutschland Du mieses Stück Sch…“ leisten sollen. Großen Respekt &amp; Hochachtung vor diesem Mädel.    Der #EkelWilfred, alias das A…loch #Wiltewka, Papa #Wilberg von der Capitol, #WilayaWilanar &amp; O. #Wilke  https://t.co/lW2HvPZmK2",1
"#Wilfuzius sagt:  Wenn die jüdischen Mitbürger das Land verlassen, stirbt kurz danach das Land.  Ich kann das arme Ding so verstehen. Für mich ist es auch schon gestorben. 😢     https://t.co/MW7i4i00Ca  (Abo Aber die 'Welt' ist nur gut mit Geld)    Der #EkelWilfred #NichtmehrmeinLand",1
"Wenn die #Windkraft das Gehirn weggeblasen hat.   Wenn es leider nicht so lustig wäre, wäre es traurig. 😢    Erst vertreiben sie die Intelligenten und jetzt die Adler.    #Berlin da muss man einfach fliehn.    Der ganz #linke #grüne #merkel-fan #EkelWilfred.    https://t.co/3wwsrciMqU",1
"Ich habe ihn verstanden, spreche die Sprache. Denn ich bin bald Rentner und nicht Grün. 😆    Der #EkelWilfred, alias das A…loch #Wiltewka, Papa #Wilberg von der Capitol, #WilayaWilanar und O. #Wilke    #grüne #rentner #rentnerpartei #FDP    https://t.co/en8n5zwiRK",1
"In Deutschland geht man also sozusagen in den Knast, weil man u.a. die Schleckerfrauen &amp; -Männer so lange wie möglich vor der schlimmeren Armut, Altersarmut und Bedeutungslosigkeit bewahrt hat. Ich bin für Orden. 👍    Der #EkelWilfred     #NichtmehrmeinLand    https://t.co/n3uzM3VmyV",1
"Den anderen Parteien gehen die Lügen aus, sollte man vielleicht noch als Headline darüber stellen. 😆    Der #EkelWilfred, alias das A…loch #Wiltewka, Papa #Wilberg von der Capitol, #WilayaWilanar und O. #Wilke    Den anderen Parteien gehen die Lügen aus !!!  https://t.co/LaZLJlM0Tu",1
"Neues aus 'Schlag die Merkel'  Mit einem angeblichen Lügenbaron soll also im nicht so farbenfrohen Dunkeldeutschland Wahlkampf gemacht werden. Wahrscheinlich noch für die rechte Hand Merkel &amp; ihren ver… Pressesprecher.    Das A…loch #Wiltewka, #EkelWilfred  https://t.co/K3Evd2H2FH",1
"Auf Fehler &amp; Mängel darf auch nicht hingewiesen werden. Weder bei toten Geräten noch bei Lebenden. Und bei Systemen &amp; gestrigen bis mittelalterlichen Ideolog(i)en schon gar nicht.😢    Der #EkelWilfred, alias das A…loch #Wiltewka #WilayaWilanar &amp; O. #Wilke  https://t.co/TSs01QvPdr",1
Wem er wohl auf die Füße getreten ist oder sollte das einem nicht zu denken geben?    Mein aufrichtiges Beileid allen oder einigen Opfern von Gewalttaten. Je nach Ideologie oder ob ich dafür jetzt in den Himmel oder die Hölle komme. 😢    Der #EkelWilfred    https://t.co/lj6Nw9wZfQ,1
"Das wird auch langsam Zeit. Denn wenn eins das Land nicht brauchen kann, dann sind es welche die es wagen die Wahrheit zu sagen. Ob nun dieser Abgrünige, der sich Anmaaßende oder die Einzelsitzende. Und die kompletten Alternativvollen.😆    Der #EkelWilfred  https://t.co/qgxqeajAFt",1
"Muss ich mich jetzt mit der Mehrheit oder der Minderheit solidarisieren? Ne aber wer trägt denn die ganze Schuld? Ja wohl die, die nur reden und nichts gegen Illegalität &amp; ausufernde Kriminalität tun, und beides legalisieren wollen. 😢    Der #EkelWilfred     https://t.co/Hl4HrCU36A",1
"Ich mag Kim Jong Un. Denn der liebt die Umwelt, fährt mit dem Zug, teils sogar mit sauberem Ökostrom auf die Leute zu, während die meisten Grünen immer fortfahrend das Umfeld verpesten. Und besser reiten kann er auch. 😆    Der eklige #grüne #EkelWilfred     https://t.co/XRpG3148cY",1
"Wer mir mit ihrer Politik die und das Liebste nimmt – Aber nicht nur die Autos – Der bekommt von mir auch nur noch den A…tritt. 😢    Der #EkelWilfred, alias das A…loch #Wiltewka, Papa #Wilberg von der Capitol, #WilayaWilanar und O. #Wilke    https://t.co/dQqJeRI0vb",1
"@Uwe_Junge_MdL Ach Junge, hast Du Angst, dass Euch radikale Muslime die Homophobie wegnehmen? Wenn Ihr an die Macht kommen solltet (was nie passierern wird), ergeht es Schwulen und Lesben auch nicht besser https://t.co/5BZDcWXYGx",0
@Uwe_Junge_MdL @Beatrix_vStorch  @lsvd  @Nicole_Hoechst  @Volker_Beck  Meine Rede seit langem:  https://t.co/pW6pcd0iQG,0
"@Uwe_Junge_MdL Ihr streitet es zwar immer ab, aber gibt es in D eine Gruppierung, die mehr gegen Homosexuelle, Juden, Muslime, usw. hetzen als die AfD?",0
@Uwe_Junge_MdL Oh die AFD als Vertreter der Homosexuellen!?Muss ich mir merken.,0
@Uwe_Junge_MdL 🤣,0
@Uwe_Junge_MdL Vergiss es... von den Trotteln überlegt keiner mehr!  Nach ausnehmen der Bürger ist im Kopf ende!,1
"Das hoffen wir alle – zumindest die GUTEN unter uns – Sogar der #EkelWilfred (meiner einer).  #Tag24 top, wie RTL. 👍    #findbecci endlich, sucht endlich nach einer lebenden #rebecca an den richtigen Orten. #freeflorian #schwagerwars #medien #presse #RTL    https://t.co/1dgK4oZo1D",1
"Besser ein #echter #Komiker als #Führungsspitze der #Ukraine. Als unfreiwillig #falsche Komiker-/innen, wie in den meisten anderen #Ländern.  😉    Das A…loch #Wiltewka, alias der #EkelWilfred, Papa #Wilberg von der Capitol, #WilayaWilanar und O. #Wilke    https://t.co/8pchVSPICz",1
"Der/die/das große E ruft seine Mops wegen Untauglichkeit zurück.   Nur wurde bis jetzt noch keiner zurückgeben.    #WilayaWilanar, alias #EkelWilfred, A…loch #Wiltewka, Papa #Wilberg von der Capitol und O. #Wilke    #DerWahrePräsident, auch von #Deutschland    https://t.co/nqw1BuwXaX",1
"#Erdogan ruft seine Mops wegen Untauglichkeit zurück.   Nur wurde bis jetzt noch keiner zurückgeben.😀    Der #EkelWilfred, alias das A…loch #Wiltewka, Papa #Wilberg von der Capitol &amp; O. #Wilke    #DerWahrePräsident, auch von #Deutschland &amp; Kemal-ismus-Fan.    https://t.co/nqw1BuwXaX",1
"Ich würde der Linken Chefin Kipping die 1.000 Euro Arbeitslosengeld geben. Die wären bedeutend besser angelegt als die Diät. 😀    Der #EkelWilfred, alias das A…loch #Wiltewka, Papa #Wilberg von der Capitol und O. #Wilke    #Linke #Berlin #kannweg #mussweg    https://t.co/UY9b136czO",1
"Ausländer sind Top &amp; Trumpf  Schon aufgefallen, dass nur Ausländer was zu sagen haben. Oliver Janich (Philippinen), Oliver Flesch (Spanien), Hagen's (Ungarn), Ich (Bulgarien, Niederlande) usw. usf. Nur wers Land verlassen hat, machts Maul auf, und Ausländer in D. 😀    #EkelWilfred",1
"Wie der Regierungsjet die Regierungsflieger wiederspiegelt.  Hatte Probleme mit der Steuerung, legte eine Bruchlandung hin, kippte nach rechts ab, linker &amp; rechter Flügel irreparabel beschädigt.  Ein Spiegelbild #Deutschland‘s, #Berlin's.    Der #ekelWilfred  https://t.co/l9V11RBrsG",1
"#guteMütter  sind heutzutage gut ausgebildete Fachkräfte,die den derzeitigen Fachkräftemangel aufhalten!Durch Ihre Einstellung zur Familie,sind Sie Prädestiniert, Führungsaufgaben zu erfüllen!  Sie kommen,wenn überhaupt, dem Wunsch des Kinderkriegen nach und ..",0
